codigo_curso,periodo_academico,semestre_pensum,area_academica,tipo_curso_configurado,requiere_laboratorio,componente_practico,curso_obligatorio,curso_base,cantidad_cursos_dependientes,nivel_bloqueo_curricular,cohorte_ingreso,zona_ordinaria,cupo_ofertado_oferta,tasa_ocupacion_cupo,curso_abierto_periodo_siguiente,curso_abierto_siguiente_periodo,necesito_recuperacion,perdida_definitiva,riesgo_retraso_potencial,riesgo_retraso_potencial_amplio
028,S1,1,Ciencias Basicas y Complementarias,teorico,No,bajo,Si,No,1,medio,2024,56.0,20,0.1,False,False,False,False,False,False
028,S1,1,Ciencias Basicas y Complementarias,teorico,No,bajo,Si,No,1,medio,2024,40.0,20,0.1,False,False,True,True,True,True
028,S1,1,Ciencias Basicas y Complementarias,teorico,No,bajo,Si,No,1,medio,2024,35.0,20,0.15,False,False,True,True,True,True
028,S1,1,Ciencias Basicas y Complementarias,teorico,No,bajo,Si,No,1,medio,2024,61.0,20,0.15,False,False,False,False,False,False
028,S1,1,Ciencias Basicas y Complementarias,teorico,No,bajo,Si,No,1,medio,2024,57.0,20,0.15,False,False,False,False,False,False
028,S1,1,Ciencias Basicas y Complementarias,teorico,No,bajo,Si,No,1,medio,2024,47.0,20,0.25,False,False,False,True,True,True
028,S1,1,Ciencias Basicas y Complementarias,teorico,No,bajo,Si,No,1,medio,2024,63.0,20,0.25,False,False,False,False,False,False
028,S1,1,Ciencias Basicas y Complementarias,teorico,No,bajo,Si,No,1,medio,2024,40.0,20,0.25,False,False,True,True,True,True
028,S1,1,Ciencias Basicas y Complementarias,teorico,No,bajo,Si,No,1,medio,2024,48.0,20,0.25,False,False,False,False,False,False
028,S1,1,Ciencias Basicas y Complementarias,teorico,No,bajo,Si,No,1,medio,2024,67.0,20,0.25,False,False,False,False,False,False
028,S1,1,Ciencias Basicas y Complementarias,teorico,No,bajo,Si,No,1,medio,2024,46.0,20,0.1,False,False,True,True,True,True
028,S1,1,Ciencias Basicas y Complementarias,teorico,No,bajo,Si,No,1,medio,2024,52.0,20,0.1,False,False,False,False,False,False
028,S1,1,Ciencias Basicas y Complementarias,teorico,No,bajo,Si,No,1,medio,2024,49.0,20,0.45,False,False,False,False,False,False
028,S1,1,Ciencias Basicas y Complementarias,teorico,No,bajo,Si,No,1,medio,2024,37.0,20,0.45,False,False,False,False,False,False
028,S1,1,Ciencias Basicas y Complementarias,teorico,No,bajo,Si,No,1,medio,2024,40.0,20,0.45,False,False,False,False,False,False
028,S1,1,Ciencias Basicas y Complementarias,teorico,No,bajo,Si,No,1,medio,2024,58.0,20,0.45,False,False,False,False,False,False
028,S1,1,Ciencias Basicas y Complementarias,teorico,No,bajo,Si,No,1,medio,2024,50.0,20,0.45,False,False,False,True,True,True
028,S1,1,Ciencias Basicas y Complementarias,teorico,No,bajo,Si,No,1,medio,2024,50.0,20,0.45,False,False,True,False,False,False
028,S1,1,Ciencias Basicas y Complementarias,teorico,No,bajo,Si,No,1,medio,2024,54.0,20,0.45,False,False,False,False,False,False
028,S1,1,Ciencias Basicas y Complementarias,teorico,No,bajo,Si,No,1,medio,2024,63.0,20,0.45,False,False,False,False,False,False
028,S1,1,Ciencias Basicas y Complementarias,teorico,No,bajo,Si,No,1,medio,2024,49.0,20,0.45,False,False,False,True,True,True
028,S1,1,Ciencias Basicas y Complementarias,teorico,No,bajo,Si,No,1,medio,2024,48.0,20,0.2,False,False,False,False,False,False
028,S1,1,Ciencias Basicas y Complementarias,teorico,No,bajo,Si,No,1,medio,2024,55.0,20,0.2,False,False,False,False,False,False
028,S1,1,Ciencias Basicas y Complementarias,teorico,No,bajo,Si,No,1,medio,2024,57.0,20,0.2,False,False,False,False,False,False
028,S1,1,Ciencias Basicas y Complementarias,teorico,No,bajo,Si,No,1,medio,2024,35.0,20,0.2,False,False,True,True,True,True
072,S1,2,Ciencias Basicas y Complementarias,teorico,Si,bajo,Si,No,1,medio,2024,31.0,30,0.5333333333333333,False,False,False,True,True,True
072,S1,2,Ciencias Basicas y Complementarias,teorico,Si,bajo,Si,No,1,medio,2024,36.0,30,0.5333333333333333,False,False,True,False,False,False
072,S1,2,Ciencias Basicas y Complementarias,teorico,Si,bajo,Si,No,1,medio,2024,50.0,30,0.5333333333333333,False,False,True,True,True,True
072,S1,2,Ciencias Basicas y Complementarias,teorico,Si,bajo,Si,No,1,medio,2024,37.0,30,0.5333333333333333,False,False,False,False,False,False
072,S1,2,Ciencias Basicas y Complementarias,teorico,Si,bajo,Si,No,1,medio,2024,49.0,30,0.5333333333333333,False,False,True,True,True,True
072,S1,2,Ciencias Basicas y Complementarias,teorico,Si,bajo,Si,No,1,medio,2024,57.0,30,0.5333333333333333,False,False,False,False,False,False
072,S1,2,Ciencias Basicas y Complementarias,teorico,Si,bajo,Si,No,1,medio,2024,34.0,30,0.5333333333333333,False,False,True,False,False,False
072,S1,2,Ciencias Basicas y Complementarias,teorico,Si,bajo,Si,No,1,medio,2024,36.0,30,0.5333333333333333,False,False,False,False,False,False
072,S1,2,Ciencias Basicas y Complementarias,teorico,Si,bajo,Si,No,1,medio,2024,55.0,30,0.5333333333333333,False,False,False,False,False,False
072,S1,2,Ciencias Basicas y Complementarias,teorico,Si,bajo,Si,No,1,medio,2024,63.0,30,0.5333333333333333,False,False,False,False,False,False
072,S1,2,Ciencias Basicas y Complementarias,teorico,Si,bajo,Si,No,1,medio,2024,41.0,30,0.5333333333333333,False,False,False,False,False,False
072,S1,2,Ciencias Basicas y Complementarias,teorico,Si,bajo,Si,No,1,medio,2024,43.0,30,0.5333333333333333,False,False,True,True,True,True
072,S1,2,Ciencias Basicas y Complementarias,teorico,Si,bajo,Si,No,1,medio,2024,42.0,30,0.5333333333333333,False,False,False,False,False,False
072,S1,2,Ciencias Basicas y Complementarias,teorico,Si,bajo,Si,No,1,medio,2024,51.0,30,0.5333333333333333,False,False,False,False,False,False
072,S1,2,Ciencias Basicas y Complementarias,teorico,Si,bajo,Si,No,1,medio,2024,63.0,30,0.5333333333333333,False,False,False,False,False,False
072,S1,2,Ciencias Basicas y Complementarias,teorico,Si,bajo,Si,No,1,medio,2024,53.0,45,0.8444444444444444,False,False,False,False,False,False
072,S1,2,Ciencias Basicas y Complementarias,teorico,Si,bajo,Si,No,1,medio,2024,47.0,45,0.8444444444444444,False,False,False,False,False,False
072,S1,2,Ciencias Basicas y Complementarias,teorico,Si,bajo,Si,No,1,medio,2024,51.0,45,0.8444444444444444,False,False,False,False,False,False
072,S1,2,Ciencias Basicas y Complementarias,teorico,Si,bajo,Si,No,1,medio,2024,49.0,45,0.8444444444444444,False,False,False,False,False,False
072,S1,2,Ciencias Basicas y Complementarias,teorico,Si,bajo,Si,No,1,medio,2024,45.0,45,0.8444444444444444,False,False,False,False,False,False
072,S1,2,Ciencias Basicas y Complementarias,teorico,Si,bajo,Si,No,1,medio,2024,56.0,45,0.8444444444444444,False,False,False,False,False,False
072,S1,2,Ciencias Basicas y Complementarias,teorico,Si,bajo,Si,No,1,medio,2024,56.0,45,0.8444444444444444,False,False,False,False,False,False
072,S1,2,Ciencias Basicas y Complementarias,teorico,Si,bajo,Si,No,1,medio,2024,37.0,45,0.8444444444444444,False,False,True,False,False,False
072,S1,2,Ciencias Basicas y Complementarias,teorico,Si,bajo,Si,No,1,medio,2024,39.0,45,0.8444444444444444,False,False,True,False,False,False
072,S1,2,Ciencias Basicas y Complementarias,teorico,Si,bajo,Si,No,1,medio,2024,51.0,45,0.8444444444444444,False,False,False,True,True,True
072,S1,2,Ciencias Basicas y Complementarias,teorico,Si,bajo,Si,No,1,medio,2024,45.0,45,0.8444444444444444,False,False,False,True,True,True
072,S1,2,Ciencias Basicas y Complementarias,teorico,Si,bajo,Si,No,1,medio,2024,49.0,45,0.8444444444444444,False,False,False,False,False,False
072,S1,2,Ciencias Basicas y Complementarias,teorico,Si,bajo,Si,No,1,medio,2024,49.0,45,0.8444444444444444,False,False,False,False,False,False
072,S1,2,Ciencias Basicas y Complementarias,teorico,Si,bajo,Si,No,1,medio,2024,33.0,45,0.8444444444444444,False,False,True,False,False,False
072,S1,2,Ciencias Basicas y Complementarias,teorico,Si,bajo,Si,No,1,medio,2024,66.0,45,0.8444444444444444,False,False,False,False,False,False
072,S1,2,Ciencias Basicas y Complementarias,teorico,Si,bajo,Si,No,1,medio,2024,39.0,45,0.8444444444444444,False,False,False,False,False,False
072,S1,2,Ciencias Basicas y Complementarias,teorico,Si,bajo,Si,No,1,medio,2024,58.0,45,0.8444444444444444,False,False,False,True,True,True
072,S1,2,Ciencias Basicas y Complementarias,teorico,Si,bajo,Si,No,1,medio,2024,66.0,45,0.8444444444444444,False,False,False,False,False,False
072,S1,2,Ciencias Basicas y Complementarias,teorico,Si,bajo,Si,No,1,medio,2024,33.0,45,0.8444444444444444,False,False,False,True,True,True
072,S1,2,Ciencias Basicas y Complementarias,teorico,Si,bajo,Si,No,1,medio,2024,40.0,45,0.8444444444444444,False,False,False,False,False,False
072,S1,2,Ciencias Basicas y Complementarias,teorico,Si,bajo,Si,No,1,medio,2024,42.0,45,0.8444444444444444,False,False,False,False,False,False
072,S1,2,Ciencias Basicas y Complementarias,teorico,Si,bajo,Si,No,1,medio,2024,49.0,45,0.8444444444444444,False,False,False,True,True,True
072,S1,2,Ciencias Basicas y Complementarias,teorico,Si,bajo,Si,No,1,medio,2024,42.0,45,0.8444444444444444,False,False,True,True,True,True
072,S1,2,Ciencias Basicas y Complementarias,teorico,Si,bajo,Si,No,1,medio,2024,62.0,45,0.8444444444444444,False,False,False,False,False,False
072,S1,2,Ciencias Basicas y Complementarias,teorico,Si,bajo,Si,No,1,medio,2024,39.0,45,0.8444444444444444,False,False,False,True,True,True
072,S1,2,Ciencias Basicas y Complementarias,teorico,Si,bajo,Si,No,1,medio,2024,33.0,45,0.8444444444444444,False,False,True,True,True,True
072,S1,2,Ciencias Basicas y Complementarias,teorico,Si,bajo,Si,No,1,medio,2024,43.0,45,0.8444444444444444,False,False,False,False,False,False
072,S1,2,Ciencias Basicas y Complementarias,teorico,Si,bajo,Si,No,1,medio,2024,53.0,45,0.8444444444444444,False,False,False,True,True,True
072,S1,2,Ciencias Basicas y Complementarias,teorico,Si,bajo,Si,No,1,medio,2024,34.0,45,0.8444444444444444,False,False,True,True,True,True
072,S1,2,Ciencias Basicas y Complementarias,teorico,Si,bajo,Si,No,1,medio,2024,43.0,45,0.8444444444444444,False,False,False,False,False,False
072,S1,2,Ciencias Basicas y Complementarias,teorico,Si,bajo,Si,No,1,medio,2024,41.0,45,0.8444444444444444,False,False,True,False,False,False
072,S1,2,Ciencias Basicas y Complementarias,teorico,Si,bajo,Si,No,1,medio,2024,39.0,45,0.8444444444444444,False,False,False,False,False,False
072,S1,2,Ciencias Basicas y Complementarias,teorico,Si,bajo,Si,No,1,medio,2024,42.0,45,0.8444444444444444,False,False,False,False,False,False
072,S1,2,Ciencias Basicas y Complementarias,teorico,Si,bajo,Si,No,1,medio,2024,51.0,45,0.8444444444444444,False,False,False,False,False,False
072,S1,2,Ciencias Basicas y Complementarias,teorico,Si,bajo,Si,No,1,medio,2024,55.0,45,0.8444444444444444,False,False,False,False,False,False
072,S1,2,Ciencias Basicas y Complementarias,teorico,Si,bajo,Si,No,1,medio,2024,47.0,45,0.8444444444444444,False,False,False,False,False,False
072,S1,2,Ciencias Basicas y Complementarias,teorico,Si,bajo,Si,No,1,medio,2024,34.0,45,0.8444444444444444,False,False,False,True,True,True
077,S1,5,Ciencias Basicas y Complementarias,teorico,No,bajo,No,No,0,bajo,2022,51.0,30,0.6,False,False,True,False,False,False
077,S1,5,Ciencias Basicas y Complementarias,teorico,No,bajo,No,No,0,bajo,2021,38.0,30,0.6,False,False,False,False,False,False
077,S1,5,Ciencias Basicas y Complementarias,teorico,No,bajo,No,No,0,bajo,2022,45.0,30,0.6,False,False,False,True,False,True
077,S1,5,Ciencias Basicas y Complementarias,teorico,No,bajo,No,No,0,bajo,2022,53.0,30,0.6,False,False,False,False,False,False
077,S1,5,Ciencias Basicas y Complementarias,teorico,No,bajo,No,No,0,bajo,2022,35.0,30,0.6,False,False,True,True,False,True
077,S1,5,Ciencias Basicas y Complementarias,teorico,No,bajo,No,No,0,bajo,2022,32.0,30,0.6,False,False,True,False,False,False
077,S1,5,Ciencias Basicas y Complementarias,teorico,No,bajo,No,No,0,bajo,2022,53.0,30,0.6,False,False,False,False,False,False
077,S1,5,Ciencias Basicas y Complementarias,teorico,No,bajo,No,No,0,bajo,2022,51.0,30,0.6,False,False,False,False,False,False
077,S1,5,Ciencias Basicas y Complementarias,teorico,No,bajo,No,No,0,bajo,2022,57.0,30,0.6,False,False,False,False,False,False
077,S1,5,Ciencias Basicas y Complementarias,teorico,No,bajo,No,No,0,bajo,2021,49.0,30,0.6,False,False,False,False,False,False
077,S1,5,Ciencias Basicas y Complementarias,teorico,No,bajo,No,No,0,bajo,2021,55.0,30,0.6,False,False,False,False,False,False
077,S1,5,Ciencias Basicas y Complementarias,teorico,No,bajo,No,No,0,bajo,2022,68.0,30,0.6,False,False,False,False,False,False
077,S1,5,Ciencias Basicas y Complementarias,teorico,No,bajo,No,No,0,bajo,2022,49.0,30,0.6,False,False,False,False,False,False
077,S1,5,Ciencias Basicas y Complementarias,teorico,No,bajo,No,No,0,bajo,2022,38.0,30,0.6,False,False,True,True,False,True
077,S1,5,Ciencias Basicas y Complementarias,teorico,No,bajo,No,No,0,bajo,2022,40.0,30,0.6,False,False,False,False,False,False
085,S1,4,Ciencias Basicas y Complementarias,teorico,No,bajo,No,No,0,bajo,2022,49.0,45,0.8888888888888888,False,False,False,False,False,False
085,S1,4,Ciencias Basicas y Complementarias,teorico,No,bajo,No,No,0,bajo,2023,38.0,45,0.8888888888888888,False,False,True,False,False,False
085,S1,4,Ciencias Basicas y Complementarias,teorico,No,bajo,No,No,0,bajo,2023,57.0,45,0.8888888888888888,False,False,False,False,False,False
085,S1,4,Ciencias Basicas y Complementarias,teorico,No,bajo,No,No,0,bajo,2023,68.0,45,0.8888888888888888,False,False,False,False,False,False
085,S1,4,Ciencias Basicas y Complementarias,teorico,No,bajo,No,No,0,bajo,2023,34.0,45,0.8888888888888888,False,False,True,False,False,False
085,S1,4,Ciencias Basicas y Complementarias,teorico,No,bajo,No,No,0,bajo,2023,49.0,45,0.8888888888888888,False,False,True,True,False,True
085,S1,4,Ciencias Basicas y Complementarias,teorico,No,bajo,No,No,0,bajo,2023,41.0,45,0.8888888888888888,False,False,False,True,False,True
085,S1,4,Ciencias Basicas y Complementarias,teorico,No,bajo,No,No,0,bajo,2023,49.0,45,0.8888888888888888,False,False,False,True,False,True
085,S1,4,Ciencias Basicas y Complementarias,teorico,No,bajo,No,No,0,bajo,2023,46.0,45,0.8888888888888888,False,False,True,True,False,True
085,S1,4,Ciencias Basicas y Complementarias,teorico,No,bajo,No,No,0,bajo,2023,45.0,45,0.8888888888888888,False,False,False,False,False,False
085,S1,4,Ciencias Basicas y Complementarias,teorico,No,bajo,No,No,0,bajo,2022,51.0,45,0.8888888888888888,False,False,False,False,False,False
085,S1,4,Ciencias Basicas y Complementarias,teorico,No,bajo,No,No,0,bajo,2022,44.0,45,0.8888888888888888,False,False,True,True,False,True
085,S1,4,Ciencias Basicas y Complementarias,teorico,No,bajo,No,No,0,bajo,2023,48.0,45,0.8888888888888888,False,False,False,False,False,False
085,S1,4,Ciencias Basicas y Complementarias,teorico,No,bajo,No,No,0,bajo,2023,49.0,45,0.8888888888888888,False,False,False,False,False,False
085,S1,4,Ciencias Basicas y Complementarias,teorico,No,bajo,No,No,0,bajo,2023,53.0,45,0.8888888888888888,False,False,False,False,False,False
085,S1,4,Ciencias Basicas y Complementarias,teorico,No,bajo,No,No,0,bajo,2022,48.0,45,0.8888888888888888,False,False,False,False,False,False
085,S1,4,Ciencias Basicas y Complementarias,teorico,No,bajo,No,No,0,bajo,2022,48.0,45,0.8888888888888888,False,False,False,False,False,False
085,S1,4,Ciencias Basicas y Complementarias,teorico,No,bajo,No,No,0,bajo,2022,32.0,45,0.8888888888888888,False,False,False,True,False,True
085,S1,4,Ciencias Basicas y Complementarias,teorico,No,bajo,No,No,0,bajo,2023,59.0,45,0.8888888888888888,False,False,False,False,False,False
085,S1,4,Ciencias Basicas y Complementarias,teorico,No,bajo,No,No,0,bajo,2022,46.0,45,0.8888888888888888,False,False,False,True,False,True
085,S1,4,Ciencias Basicas y Complementarias,teorico,No,bajo,No,No,0,bajo,2023,54.0,45,0.8888888888888888,False,False,False,True,False,True
085,S1,4,Ciencias Basicas y Complementarias,teorico,No,bajo,No,No,0,bajo,2023,37.0,45,0.8888888888888888,False,False,False,False,False,False
085,S1,4,Ciencias Basicas y Complementarias,teorico,No,bajo,No,No,0,bajo,2023,66.0,45,0.8888888888888888,False,False,False,False,False,False
085,S1,4,Ciencias Basicas y Complementarias,teorico,No,bajo,No,No,0,bajo,2023,36.0,45,0.8888888888888888,False,False,False,False,False,False
085,S1,4,Ciencias Basicas y Complementarias,teorico,No,bajo,No,No,0,bajo,2023,48.0,45,0.8888888888888888,False,False,True,False,False,False
085,S1,4,Ciencias Basicas y Complementarias,teorico,No,bajo,No,No,0,bajo,2022,35.0,45,0.8888888888888888,False,False,False,True,False,True
085,S1,4,Ciencias Basicas y Complementarias,teorico,No,bajo,No,No,0,bajo,2022,62.0,45,0.8888888888888888,False,False,False,False,False,False
085,S1,4,Ciencias Basicas y Complementarias,teorico,No,bajo,No,No,0,bajo,2022,67.0,45,0.8888888888888888,False,False,False,False,False,False
085,S1,4,Ciencias Basicas y Complementarias,teorico,No,bajo,No,No,0,bajo,2023,48.0,45,0.8888888888888888,False,False,False,False,False,False
085,S1,4,Ciencias Basicas y Complementarias,teorico,No,bajo,No,No,0,bajo,2023,39.0,45,0.8888888888888888,False,False,False,False,False,False
085,S1,4,Ciencias Basicas y Complementarias,teorico,No,bajo,No,No,0,bajo,2022,41.0,45,0.8888888888888888,False,False,False,True,False,True
085,S1,4,Ciencias Basicas y Complementarias,teorico,No,bajo,No,No,0,bajo,2023,58.0,45,0.8888888888888888,False,False,False,False,False,False
085,S1,4,Ciencias Basicas y Complementarias,teorico,No,bajo,No,No,0,bajo,2023,50.0,45,0.8888888888888888,False,False,False,False,False,False
085,S1,4,Ciencias Basicas y Complementarias,teorico,No,bajo,No,No,0,bajo,2023,45.0,45,0.8888888888888888,False,False,False,False,False,False
085,S1,4,Ciencias Basicas y Complementarias,teorico,No,bajo,No,No,0,bajo,2023,68.0,45,0.8888888888888888,False,False,False,False,False,False
085,S1,4,Ciencias Basicas y Complementarias,teorico,No,bajo,No,No,0,bajo,2023,36.0,45,0.8888888888888888,False,False,False,False,False,False
085,S1,4,Ciencias Basicas y Complementarias,teorico,No,bajo,No,No,0,bajo,2022,34.0,45,0.8888888888888888,False,False,True,False,False,False
085,S1,4,Ciencias Basicas y Complementarias,teorico,No,bajo,No,No,0,bajo,2023,68.0,45,0.8888888888888888,False,False,False,False,False,False
085,S1,4,Ciencias Basicas y Complementarias,teorico,No,bajo,No,No,0,bajo,2022,54.0,20,0.7,False,False,False,False,False,False
085,S1,4,Ciencias Basicas y Complementarias,teorico,No,bajo,No,No,0,bajo,2022,49.0,20,0.7,False,False,False,False,False,False
085,S1,4,Ciencias Basicas y Complementarias,teorico,No,bajo,No,No,0,bajo,2022,53.0,20,0.7,False,False,True,False,False,False
085,S1,4,Ciencias Basicas y Complementarias,teorico,No,bajo,No,No,0,bajo,2023,39.0,20,0.7,False,False,False,False,False,False
085,S1,4,Ciencias Basicas y Complementarias,teorico,No,bajo,No,No,0,bajo,2023,42.0,20,0.7,False,False,False,False,False,False
085,S1,4,Ciencias Basicas y Complementarias,teorico,No,bajo,No,No,0,bajo,2023,55.0,20,0.7,False,False,True,False,False,False
085,S1,4,Ciencias Basicas y Complementarias,teorico,No,bajo,No,No,0,bajo,2023,37.0,20,0.7,False,False,False,True,False,True
085,S1,4,Ciencias Basicas y Complementarias,teorico,No,bajo,No,No,0,bajo,2023,67.0,20,0.7,False,False,False,False,False,False
085,S1,4,Ciencias Basicas y Complementarias,teorico,No,bajo,No,No,0,bajo,2022,46.0,20,0.7,False,False,False,False,False,False
085,S1,4,Ciencias Basicas y Complementarias,teorico,No,bajo,No,No,0,bajo,2022,36.0,20,0.7,False,False,False,False,False,False
085,S1,4,Ciencias Basicas y Complementarias,teorico,No,bajo,No,No,0,bajo,2023,45.0,20,0.7,False,False,True,True,False,True
085,S1,4,Ciencias Basicas y Complementarias,teorico,No,bajo,No,No,0,bajo,2022,58.0,20,0.7,False,False,False,False,False,False
085,S1,4,Ciencias Basicas y Complementarias,teorico,No,bajo,No,No,0,bajo,2022,53.0,20,0.7,False,False,True,True,False,True
094,S1,5,Ciencias Basicas y Complementarias,teorico,No,bajo,No,No,1,medio,2022,65.0,20,0.3,True,True,False,False,False,False
094,S1,5,Ciencias Basicas y Complementarias,teorico,No,bajo,No,No,1,medio,2022,54.0,20,0.3,True,True,False,True,False,False
094,S1,5,Ciencias Basicas y Complementarias,teorico,No,bajo,No,No,1,medio,2022,45.0,20,0.3,True,True,False,False,False,False
094,S1,5,Ciencias Basicas y Complementarias,teorico,No,bajo,No,No,1,medio,2021,68.0,20,0.3,True,True,False,False,False,False
094,S1,5,Ciencias Basicas y Complementarias,teorico,No,bajo,No,No,1,medio,2022,53.0,20,0.3,True,True,True,True,False,False
119,S1,1,Ciencias Basicas y Complementarias,teorico,No,bajo,Si,No,0,bajo,2024,54.0,20,0.65,False,False,True,False,False,False
119,S1,1,Ciencias Basicas y Complementarias,teorico,No,bajo,Si,No,0,bajo,2024,36.0,20,0.65,False,False,True,True,False,True
119,S1,1,Ciencias Basicas y Complementarias,teorico,No,bajo,Si,No,0,bajo,2024,45.0,20,0.65,False,False,False,False,False,False
119,S1,1,Ciencias Basicas y Complementarias,teorico,No,bajo,Si,No,0,bajo,2024,63.0,20,0.65,False,False,False,False,False,False
119,S1,1,Ciencias Basicas y Complementarias,teorico,No,bajo,Si,No,0,bajo,2024,33.0,20,0.65,False,False,True,True,False,True
119,S1,1,Ciencias Basicas y Complementarias,teorico,No,bajo,Si,No,0,bajo,2024,51.0,20,0.65,False,False,True,False,False,False
119,S1,1,Ciencias Basicas y Complementarias,teorico,No,bajo,Si,No,0,bajo,2024,57.0,20,0.65,False,False,False,False,False,False
119,S1,1,Ciencias Basicas y Complementarias,teorico,No,bajo,Si,No,0,bajo,2024,54.0,20,0.65,False,False,False,False,False,False
119,S1,1,Ciencias Basicas y Complementarias,teorico,No,bajo,Si,No,0,bajo,2024,52.0,20,0.65,False,False,True,True,False,True
119,S1,1,Ciencias Basicas y Complementarias,teorico,No,bajo,Si,No,0,bajo,2024,59.0,20,0.65,False,False,False,False,False,False
119,S1,1,Ciencias Basicas y Complementarias,teorico,No,bajo,Si,No,0,bajo,2024,67.0,20,0.65,False,False,False,False,False,False
119,S1,1,Ciencias Basicas y Complementarias,teorico,No,bajo,Si,No,0,bajo,2024,60.0,20,0.65,False,False,False,False,False,False
119,S1,1,Ciencias Basicas y Complementarias,teorico,No,bajo,Si,No,0,bajo,2024,57.0,20,0.65,False,False,False,False,False,False
119,S1,1,Ciencias Basicas y Complementarias,teorico,No,bajo,Si,No,0,bajo,2024,35.0,20,0.15,False,False,True,True,False,True
119,S1,1,Ciencias Basicas y Complementarias,teorico,No,bajo,Si,No,0,bajo,2024,50.0,20,0.15,False,False,False,False,False,False
119,S1,1,Ciencias Basicas y Complementarias,teorico,No,bajo,Si,No,0,bajo,2024,38.0,20,0.15,False,False,False,False,False,False
119,S1,1,Ciencias Basicas y Complementarias,teorico,No,bajo,Si,No,0,bajo,2024,54.0,20,0.45,False,False,False,False,False,False
119,S1,1,Ciencias Basicas y Complementarias,teorico,No,bajo,Si,No,0,bajo,2024,37.0,20,0.45,False,False,False,False,False,False
119,S1,1,Ciencias Basicas y Complementarias,teorico,No,bajo,Si,No,0,bajo,2024,51.0,20,0.45,False,False,False,False,False,False
119,S1,1,Ciencias Basicas y Complementarias,teorico,No,bajo,Si,No,0,bajo,2024,50.0,20,0.45,False,False,True,True,False,True
119,S1,1,Ciencias Basicas y Complementarias,teorico,No,bajo,Si,No,0,bajo,2024,45.0,20,0.45,False,False,True,False,False,False
119,S1,1,Ciencias Basicas y Complementarias,teorico,No,bajo,Si,No,0,bajo,2024,59.0,20,0.45,False,False,False,False,False,False
119,S1,1,Ciencias Basicas y Complementarias,teorico,No,bajo,Si,No,0,bajo,2024,54.0,20,0.45,False,False,False,False,False,False
119,S1,1,Ciencias Basicas y Complementarias,teorico,No,bajo,Si,No,0,bajo,2024,64.0,20,0.45,False,False,False,False,False,False
119,S1,1,Ciencias Basicas y Complementarias,teorico,No,bajo,Si,No,0,bajo,2024,52.0,20,0.45,False,False,True,True,False,True
119,S1,1,Ciencias Basicas y Complementarias,teorico,No,bajo,Si,No,0,bajo,2024,61.0,20,0.3,False,False,False,False,False,False
119,S1,1,Ciencias Basicas y Complementarias,teorico,No,bajo,Si,No,0,bajo,2024,39.0,20,0.3,False,False,True,True,False,True
119,S1,1,Ciencias Basicas y Complementarias,teorico,No,bajo,Si,No,0,bajo,2024,63.0,20,0.3,False,False,False,False,False,False
119,S1,1,Ciencias Basicas y Complementarias,teorico,No,bajo,Si,No,0,bajo,2024,43.0,20,0.3,False,False,False,False,False,False
119,S1,1,Ciencias Basicas y Complementarias,teorico,No,bajo,Si,No,0,bajo,2024,58.0,20,0.3,False,False,False,False,False,False
119,S1,1,Ciencias Basicas y Complementarias,teorico,No,bajo,Si,No,0,bajo,2024,38.0,20,0.3,False,False,False,True,False,True
119,S1,1,Ciencias Basicas y Complementarias,teorico,No,bajo,Si,No,0,bajo,2024,40.0,20,0.25,False,False,False,True,False,True
119,S1,1,Ciencias Basicas y Complementarias,teorico,No,bajo,Si,No,0,bajo,2024,46.0,20,0.25,False,False,False,False,False,False
119,S1,1,Ciencias Basicas y Complementarias,teorico,No,bajo,Si,No,0,bajo,2024,44.0,20,0.25,False,False,False,False,False,False
119,S1,1,Ciencias Basicas y Complementarias,teorico,No,bajo,Si,No,0,bajo,2024,59.0,20,0.25,False,False,False,False,False,False
119,S1,1,Ciencias Basicas y Complementarias,teorico,No,bajo,Si,No,0,bajo,2024,43.0,20,0.25,False,False,True,True,False,True
146,S1,3,Ciencias Basicas y Complementarias,teorico,Si,bajo,Si,No,1,medio,2023,64.0,45,0.6222222222222222,True,True,False,False,False,False
146,S1,3,Ciencias Basicas y Complementarias,teorico,Si,bajo,Si,No,1,medio,2023,52.0,45,0.6222222222222222,True,True,True,False,False,False
146,S1,3,Ciencias Basicas y Complementarias,teorico,Si,bajo,Si,No,1,medio,2023,52.0,45,0.6222222222222222,True,True,True,False,False,False
146,S1,3,Ciencias Basicas y Complementarias,teorico,Si,bajo,Si,No,1,medio,2023,49.0,45,0.6222222222222222,True,True,False,False,False,False
146,S1,3,Ciencias Basicas y Complementarias,teorico,Si,bajo,Si,No,1,medio,2023,54.0,45,0.6222222222222222,True,True,False,False,False,False
146,S1,3,Ciencias Basicas y Complementarias,teorico,Si,bajo,Si,No,1,medio,2023,43.0,45,0.6222222222222222,True,True,True,False,False,False
146,S1,3,Ciencias Basicas y Complementarias,teorico,Si,bajo,Si,No,1,medio,2023,47.0,45,0.6222222222222222,True,True,False,False,False,False
146,S1,3,Ciencias Basicas y Complementarias,teorico,Si,bajo,Si,No,1,medio,2023,64.0,45,0.6222222222222222,True,True,False,False,False,False
146,S1,3,Ciencias Basicas y Complementarias,teorico,Si,bajo,Si,No,1,medio,2023,46.0,45,0.6222222222222222,True,True,False,True,False,False
146,S1,3,Ciencias Basicas y Complementarias,teorico,Si,bajo,Si,No,1,medio,2023,38.0,45,0.6222222222222222,True,True,False,False,False,False
146,S1,3,Ciencias Basicas y Complementarias,teorico,Si,bajo,Si,No,1,medio,2023,46.0,45,0.6222222222222222,True,True,False,False,False,False
146,S1,3,Ciencias Basicas y Complementarias,teorico,Si,bajo,Si,No,1,medio,2023,59.0,45,0.6222222222222222,True,True,False,False,False,False
146,S1,3,Ciencias Basicas y Complementarias,teorico,Si,bajo,Si,No,1,medio,2023,35.0,45,0.6222222222222222,True,True,True,True,False,False
146,S1,3,Ciencias Basicas y Complementarias,teorico,Si,bajo,Si,No,1,medio,2023,66.0,45,0.6222222222222222,True,True,False,False,False,False
146,S1,3,Ciencias Basicas y Complementarias,teorico,Si,bajo,Si,No,1,medio,2023,64.0,45,0.6222222222222222,True,True,False,False,False,False
146,S1,3,Ciencias Basicas y Complementarias,teorico,Si,bajo,Si,No,1,medio,2023,36.0,45,0.6222222222222222,True,True,False,False,False,False
146,S1,3,Ciencias Basicas y Complementarias,teorico,Si,bajo,Si,No,1,medio,2023,42.0,45,0.6222222222222222,True,True,False,True,False,False
146,S1,3,Ciencias Basicas y Complementarias,teorico,Si,bajo,Si,No,1,medio,2023,45.0,45,0.6222222222222222,True,True,False,False,False,False
146,S1,3,Ciencias Basicas y Complementarias,teorico,Si,bajo,Si,No,1,medio,2023,34.0,45,0.6222222222222222,True,True,True,True,False,False
146,S1,3,Ciencias Basicas y Complementarias,teorico,Si,bajo,Si,No,1,medio,2023,57.0,45,0.6222222222222222,True,True,False,False,False,False
146,S1,3,Ciencias Basicas y Complementarias,teorico,Si,bajo,Si,No,1,medio,2023,35.0,45,0.6222222222222222,True,True,False,True,False,False
146,S1,3,Ciencias Basicas y Complementarias,teorico,Si,bajo,Si,No,1,medio,2023,44.0,45,0.6222222222222222,True,True,True,True,False,False
146,S1,3,Ciencias Basicas y Complementarias,teorico,Si,bajo,Si,No,1,medio,2023,40.0,45,0.6222222222222222,True,True,True,True,False,False
146,S1,3,Ciencias Basicas y Complementarias,teorico,Si,bajo,Si,No,1,medio,2023,56.0,45,0.6222222222222222,True,True,False,False,False,False
146,S1,3,Ciencias Basicas y Complementarias,teorico,Si,bajo,Si,No,1,medio,2023,43.0,45,0.6222222222222222,True,True,False,False,False,False
146,S1,3,Ciencias Basicas y Complementarias,teorico,Si,bajo,Si,No,1,medio,2023,46.0,20,0.7,True,True,False,False,False,False
146,S1,3,Ciencias Basicas y Complementarias,teorico,Si,bajo,Si,No,1,medio,2023,45.0,20,0.7,True,True,False,False,False,False
146,S1,3,Ciencias Basicas y Complementarias,teorico,Si,bajo,Si,No,1,medio,2023,46.0,20,0.7,True,True,False,True,False,False
146,S1,3,Ciencias Basicas y Complementarias,teorico,Si,bajo,Si,No,1,medio,2023,31.0,20,0.7,True,True,False,True,False,False
146,S1,3,Ciencias Basicas y Complementarias,teorico,Si,bajo,Si,No,1,medio,2023,42.0,20,0.7,True,True,False,False,False,False
146,S1,3,Ciencias Basicas y Complementarias,teorico,Si,bajo,Si,No,1,medio,2023,46.0,20,0.7,True,True,True,False,False,False
146,S1,3,Ciencias Basicas y Complementarias,teorico,Si,bajo,Si,No,1,medio,2023,37.0,20,0.7,True,True,False,False,False,False
146,S1,3,Ciencias Basicas y Complementarias,teorico,Si,bajo,Si,No,1,medio,2023,43.0,20,0.7,True,True,False,False,False,False
146,S1,3,Ciencias Basicas y Complementarias,teorico,Si,bajo,Si,No,1,medio,2023,45.0,20,0.7,True,True,False,False,False,False
146,S1,3,Ciencias Basicas y Complementarias,teorico,Si,bajo,Si,No,1,medio,2023,32.0,20,0.7,True,True,False,True,False,False
146,S1,3,Ciencias Basicas y Complementarias,teorico,Si,bajo,Si,No,1,medio,2023,57.0,20,0.7,True,True,False,False,False,False
146,S1,3,Ciencias Basicas y Complementarias,teorico,Si,bajo,Si,No,1,medio,2023,50.0,20,0.7,True,True,False,False,False,False
146,S1,3,Ciencias Basicas y Complementarias,teorico,Si,bajo,Si,No,1,medio,2023,37.0,20,0.7,True,True,False,True,False,False
147,S1,4,Ciencias Basicas y Complementarias,teorico,Si,bajo,Si,Si,3,medio,2022,54.0,45,0.6222222222222222,True,True,False,False,False,False
147,S1,4,Ciencias Basicas y Complementarias,teorico,Si,bajo,Si,Si,3,medio,2022,50.0,45,0.6222222222222222,True,True,False,False,False,False
147,S1,4,Ciencias Basicas y Complementarias,teorico,Si,bajo,Si,Si,3,medio,2023,57.0,45,0.6222222222222222,True,True,False,False,False,False
147,S1,4,Ciencias Basicas y Complementarias,teorico,Si,bajo,Si,Si,3,medio,2023,55.0,45,0.6222222222222222,True,True,False,False,False,False
147,S1,4,Ciencias Basicas y Complementarias,teorico,Si,bajo,Si,Si,3,medio,2023,37.0,45,0.6222222222222222,True,True,True,True,False,False
147,S1,4,Ciencias Basicas y Complementarias,teorico,Si,bajo,Si,Si,3,medio,2022,51.0,45,0.6222222222222222,True,True,False,False,False,False
147,S1,4,Ciencias Basicas y Complementarias,teorico,Si,bajo,Si,Si,3,medio,2023,40.0,45,0.6222222222222222,True,True,True,False,False,False
147,S1,4,Ciencias Basicas y Complementarias,teorico,Si,bajo,Si,Si,3,medio,2023,57.0,45,0.6222222222222222,True,True,False,False,False,False
147,S1,4,Ciencias Basicas y Complementarias,teorico,Si,bajo,Si,Si,3,medio,2022,60.0,45,0.6222222222222222,True,True,False,False,False,False
147,S1,4,Ciencias Basicas y Complementarias,teorico,Si,bajo,Si,Si,3,medio,2022,36.0,45,0.6222222222222222,True,True,False,True,False,False
147,S1,4,Ciencias Basicas y Complementarias,teorico,Si,bajo,Si,Si,3,medio,2022,35.0,45,0.6222222222222222,True,True,True,True,False,False
147,S1,4,Ciencias Basicas y Complementarias,teorico,Si,bajo,Si,Si,3,medio,2023,41.0,45,0.6222222222222222,True,True,True,True,False,False
147,S1,4,Ciencias Basicas y Complementarias,teorico,Si,bajo,Si,Si,3,medio,2023,63.0,45,0.6222222222222222,True,True,False,False,False,False
147,S1,4,Ciencias Basicas y Complementarias,teorico,Si,bajo,Si,Si,3,medio,2023,54.0,45,0.6222222222222222,True,True,False,True,False,False
147,S1,4,Ciencias Basicas y Complementarias,teorico,Si,bajo,Si,Si,3,medio,2023,39.0,45,0.6222222222222222,True,True,True,False,False,False
147,S1,4,Ciencias Basicas y Complementarias,teorico,Si,bajo,Si,Si,3,medio,2023,66.0,45,0.6222222222222222,True,True,False,False,False,False
147,S1,4,Ciencias Basicas y Complementarias,teorico,Si,bajo,Si,Si,3,medio,2022,66.0,45,0.6222222222222222,True,True,False,False,False,False
147,S1,4,Ciencias Basicas y Complementarias,teorico,Si,bajo,Si,Si,3,medio,2022,31.0,45,0.6222222222222222,True,True,True,False,False,False
147,S1,4,Ciencias Basicas y Complementarias,teorico,Si,bajo,Si,Si,3,medio,2023,35.0,45,0.6222222222222222,True,True,False,True,False,False
147,S1,4,Ciencias Basicas y Complementarias,teorico,Si,bajo,Si,Si,3,medio,2023,52.0,45,0.6222222222222222,True,True,True,True,False,False
147,S1,4,Ciencias Basicas y Complementarias,teorico,Si,bajo,Si,Si,3,medio,2022,55.0,45,0.6222222222222222,True,True,False,False,False,False
147,S1,4,Ciencias Basicas y Complementarias,teorico,Si,bajo,Si,Si,3,medio,2023,46.0,45,0.6222222222222222,True,True,False,False,False,False
147,S1,4,Ciencias Basicas y Complementarias,teorico,Si,bajo,Si,Si,3,medio,2022,57.0,45,0.6222222222222222,True,True,False,False,False,False
147,S1,4,Ciencias Basicas y Complementarias,teorico,Si,bajo,Si,Si,3,medio,2023,50.0,45,0.6222222222222222,True,True,False,False,False,False
147,S1,4,Ciencias Basicas y Complementarias,teorico,Si,bajo,Si,Si,3,medio,2023,39.0,20,0.6,True,True,False,False,False,False
147,S1,4,Ciencias Basicas y Complementarias,teorico,Si,bajo,Si,Si,3,medio,2023,44.0,20,0.6,True,True,True,True,False,False
147,S1,4,Ciencias Basicas y Complementarias,teorico,Si,bajo,Si,Si,3,medio,2023,32.0,20,0.6,True,True,False,True,False,False
147,S1,4,Ciencias Basicas y Complementarias,teorico,Si,bajo,Si,Si,3,medio,2022,32.0,20,0.6,True,True,True,False,False,False
147,S1,4,Ciencias Basicas y Complementarias,teorico,Si,bajo,Si,Si,3,medio,2023,42.0,20,0.6,True,True,True,True,False,False
147,S1,4,Ciencias Basicas y Complementarias,teorico,Si,bajo,Si,Si,3,medio,2022,33.0,20,0.6,True,True,False,True,False,False
147,S1,4,Ciencias Basicas y Complementarias,teorico,Si,bajo,Si,Si,3,medio,2023,54.0,20,0.6,True,True,False,False,False,False
147,S1,4,Ciencias Basicas y Complementarias,teorico,Si,bajo,Si,Si,3,medio,2023,66.0,20,0.6,True,True,False,False,False,False
147,S1,4,Ciencias Basicas y Complementarias,teorico,Si,bajo,Si,Si,3,medio,2023,39.0,20,0.6,True,True,False,False,False,False
147,S1,4,Ciencias Basicas y Complementarias,teorico,Si,bajo,Si,Si,3,medio,2023,39.0,20,0.6,True,True,False,False,False,False
147,S1,4,Ciencias Basicas y Complementarias,teorico,Si,bajo,Si,Si,3,medio,2023,39.0,20,0.6,True,True,False,False,False,False
147,S1,4,Ciencias Basicas y Complementarias,teorico,Si,bajo,Si,Si,3,medio,2023,44.0,20,0.6,True,True,False,False,False,False
169,S1,1,Ciencias Basicas y Complementarias,teorico,No,bajo,Si,Si,2,medio,2024,55.0,20,0.65,True,True,True,False,False,False
169,S1,1,Ciencias Basicas y Complementarias,teorico,No,bajo,Si,Si,2,medio,2024,54.0,20,0.65,True,True,False,True,False,False
169,S1,1,Ciencias Basicas y Complementarias,teorico,No,bajo,Si,Si,2,medio,2024,68.0,20,0.65,True,True,False,False,False,False
169,S1,1,Ciencias Basicas y Complementarias,teorico,No,bajo,Si,Si,2,medio,2024,57.0,20,0.65,True,True,False,False,False,False
169,S1,1,Ciencias Basicas y Complementarias,teorico,No,bajo,Si,Si,2,medio,2024,38.0,20,0.65,True,True,False,False,False,False
169,S1,1,Ciencias Basicas y Complementarias,teorico,No,bajo,Si,Si,2,medio,2024,37.0,20,0.65,True,True,True,True,False,False
169,S1,1,Ciencias Basicas y Complementarias,teorico,No,bajo,Si,Si,2,medio,2024,41.0,20,0.65,True,True,False,False,False,False
169,S1,1,Ciencias Basicas y Complementarias,teorico,No,bajo,Si,Si,2,medio,2024,51.0,20,0.65,True,True,False,False,False,False
169,S1,1,Ciencias Basicas y Complementarias,teorico,No,bajo,Si,Si,2,medio,2024,39.0,20,0.65,True,True,False,True,False,False
169,S1,1,Ciencias Basicas y Complementarias,teorico,No,bajo,Si,Si,2,medio,2024,54.0,20,0.65,True,True,False,False,False,False
169,S1,1,Ciencias Basicas y Complementarias,teorico,No,bajo,Si,Si,2,medio,2024,66.0,20,0.65,True,True,False,False,False,False
169,S1,1,Ciencias Basicas y Complementarias,teorico,No,bajo,Si,Si,2,medio,2024,60.0,20,0.65,True,True,False,False,False,False
169,S1,1,Ciencias Basicas y Complementarias,teorico,No,bajo,Si,Si,2,medio,2024,60.0,20,0.4,True,True,False,False,False,False
169,S1,1,Ciencias Basicas y Complementarias,teorico,No,bajo,Si,Si,2,medio,2024,61.0,20,0.4,True,True,False,False,False,False
169,S1,1,Ciencias Basicas y Complementarias,teorico,No,bajo,Si,Si,2,medio,2024,50.0,20,0.4,True,True,True,True,False,False
169,S1,1,Ciencias Basicas y Complementarias,teorico,No,bajo,Si,Si,2,medio,2024,36.0,20,0.4,True,True,True,True,False,False
169,S1,1,Ciencias Basicas y Complementarias,teorico,No,bajo,Si,Si,2,medio,2024,43.0,20,0.4,True,True,True,False,False,False
169,S1,1,Ciencias Basicas y Complementarias,teorico,No,bajo,Si,Si,2,medio,2024,56.0,20,0.4,True,True,False,False,False,False
169,S1,1,Ciencias Basicas y Complementarias,teorico,No,bajo,Si,Si,2,medio,2024,45.0,20,0.4,True,True,False,False,False,False
169,S1,1,Ciencias Basicas y Complementarias,teorico,No,bajo,Si,Si,2,medio,2024,55.0,20,0.4,True,True,False,False,False,False
169,S1,1,Ciencias Basicas y Complementarias,teorico,No,bajo,Si,Si,2,medio,2024,47.0,45,0.8666666666666667,True,True,False,False,False,False
169,S1,1,Ciencias Basicas y Complementarias,teorico,No,bajo,Si,Si,2,medio,2024,33.0,45,0.8666666666666667,True,True,False,True,False,False
169,S1,1,Ciencias Basicas y Complementarias,teorico,No,bajo,Si,Si,2,medio,2024,41.0,45,0.8666666666666667,True,True,True,True,False,False
169,S1,1,Ciencias Basicas y Complementarias,teorico,No,bajo,Si,Si,2,medio,2024,63.0,45,0.8666666666666667,True,True,False,False,False,False
169,S1,1,Ciencias Basicas y Complementarias,teorico,No,bajo,Si,Si,2,medio,2024,40.0,45,0.8666666666666667,True,True,True,False,False,False
169,S1,1,Ciencias Basicas y Complementarias,teorico,No,bajo,Si,Si,2,medio,2024,54.0,45,0.8666666666666667,True,True,True,False,False,False
169,S1,1,Ciencias Basicas y Complementarias,teorico,No,bajo,Si,Si,2,medio,2024,31.0,45,0.8666666666666667,True,True,False,True,False,False
169,S1,1,Ciencias Basicas y Complementarias,teorico,No,bajo,Si,Si,2,medio,2024,54.0,45,0.8666666666666667,True,True,False,False,False,False
169,S1,1,Ciencias Basicas y Complementarias,teorico,No,bajo,Si,Si,2,medio,2024,48.0,45,0.8666666666666667,True,True,False,False,False,False
169,S1,1,Ciencias Basicas y Complementarias,teorico,No,bajo,Si,Si,2,medio,2024,50.0,45,0.8666666666666667,True,True,True,False,False,False
169,S1,1,Ciencias Basicas y Complementarias,teorico,No,bajo,Si,Si,2,medio,2024,68.0,45,0.8666666666666667,True,True,False,False,False,False
169,S1,1,Ciencias Basicas y Complementarias,teorico,No,bajo,Si,Si,2,medio,2024,63.0,45,0.8666666666666667,True,True,False,False,False,False
169,S1,1,Ciencias Basicas y Complementarias,teorico,No,bajo,Si,Si,2,medio,2024,64.0,45,0.8666666666666667,True,True,False,False,False,False
169,S1,1,Ciencias Basicas y Complementarias,teorico,No,bajo,Si,Si,2,medio,2024,57.0,45,0.8666666666666667,True,True,False,False,False,False
169,S1,1,Ciencias Basicas y Complementarias,teorico,No,bajo,Si,Si,2,medio,2024,36.0,45,0.8666666666666667,True,True,False,False,False,False
169,S1,1,Ciencias Basicas y Complementarias,teorico,No,bajo,Si,Si,2,medio,2024,48.0,45,0.8666666666666667,True,True,True,True,False,False
169,S1,1,Ciencias Basicas y Complementarias,teorico,No,bajo,Si,Si,2,medio,2024,41.0,45,0.8666666666666667,True,True,False,False,False,False
169,S1,1,Ciencias Basicas y Complementarias,teorico,No,bajo,Si,Si,2,medio,2024,42.0,45,0.8666666666666667,True,True,True,False,False,False
169,S1,1,Ciencias Basicas y Complementarias,teorico,No,bajo,Si,Si,2,medio,2024,51.0,45,0.8666666666666667,True,True,False,False,False,False
169,S1,1,Ciencias Basicas y Complementarias,teorico,No,bajo,Si,Si,2,medio,2024,48.0,45,0.8666666666666667,True,True,True,True,False,False
169,S1,1,Ciencias Basicas y Complementarias,teorico,No,bajo,Si,Si,2,medio,2024,61.0,45,0.8666666666666667,True,True,False,False,False,False
169,S1,1,Ciencias Basicas y Complementarias,teorico,No,bajo,Si,Si,2,medio,2024,49.0,45,0.8666666666666667,True,True,False,False,False,False
169,S1,1,Ciencias Basicas y Complementarias,teorico,No,bajo,Si,Si,2,medio,2024,48.0,45,0.8666666666666667,True,True,False,False,False,False
169,S1,1,Ciencias Basicas y Complementarias,teorico,No,bajo,Si,Si,2,medio,2024,42.0,45,0.8666666666666667,True,True,True,True,False,False
169,S1,1,Ciencias Basicas y Complementarias,teorico,No,bajo,Si,Si,2,medio,2024,64.0,45,0.8666666666666667,True,True,False,False,False,False
169,S1,1,Ciencias Basicas y Complementarias,teorico,No,bajo,Si,Si,2,medio,2024,55.0,45,0.8666666666666667,True,True,False,False,False,False
169,S1,1,Ciencias Basicas y Complementarias,teorico,No,bajo,Si,Si,2,medio,2024,60.0,45,0.8666666666666667,True,True,False,False,False,False
169,S1,1,Ciencias Basicas y Complementarias,teorico,No,bajo,Si,Si,2,medio,2024,46.0,45,0.8666666666666667,True,True,False,False,False,False
169,S1,1,Ciencias Basicas y Complementarias,teorico,No,bajo,Si,Si,2,medio,2024,38.0,45,0.8666666666666667,True,True,False,False,False,False
169,S1,1,Ciencias Basicas y Complementarias,teorico,No,bajo,Si,Si,2,medio,2024,49.0,45,0.8666666666666667,True,True,False,False,False,False
169,S1,1,Ciencias Basicas y Complementarias,teorico,No,bajo,Si,Si,2,medio,2024,63.0,45,0.8666666666666667,True,True,False,False,False,False
169,S1,1,Ciencias Basicas y Complementarias,teorico,No,bajo,Si,Si,2,medio,2024,37.0,45,0.8666666666666667,True,True,False,False,False,False
169,S1,1,Ciencias Basicas y Complementarias,teorico,No,bajo,Si,Si,2,medio,2024,41.0,45,0.8666666666666667,True,True,False,True,False,False
169,S1,1,Ciencias Basicas y Complementarias,teorico,No,bajo,Si,Si,2,medio,2024,34.0,45,0.8666666666666667,True,True,True,True,False,False
169,S1,1,Ciencias Basicas y Complementarias,teorico,No,bajo,Si,Si,2,medio,2024,48.0,45,0.8666666666666667,True,True,False,False,False,False
169,S1,1,Ciencias Basicas y Complementarias,teorico,No,bajo,Si,Si,2,medio,2024,36.0,45,0.8666666666666667,True,True,True,True,False,False
169,S1,1,Ciencias Basicas y Complementarias,teorico,No,bajo,Si,Si,2,medio,2024,68.0,20,0.15,True,True,False,False,False,False
169,S1,1,Ciencias Basicas y Complementarias,teorico,No,bajo,Si,Si,2,medio,2024,45.0,20,0.15,True,True,True,True,False,False
169,S1,1,Ciencias Basicas y Complementarias,teorico,No,bajo,Si,Si,2,medio,2024,56.0,20,0.15,True,True,False,False,False,False
169,S1,1,Ciencias Basicas y Complementarias,teorico,No,bajo,Si,Si,2,medio,2024,55.0,30,0.7333333333333333,True,True,False,False,False,False
169,S1,1,Ciencias Basicas y Complementarias,teorico,No,bajo,Si,Si,2,medio,2024,52.0,30,0.7333333333333333,True,True,False,False,False,False
169,S1,1,Ciencias Basicas y Complementarias,teorico,No,bajo,Si,Si,2,medio,2024,54.0,30,0.7333333333333333,True,True,False,False,False,False
169,S1,1,Ciencias Basicas y Complementarias,teorico,No,bajo,Si,Si,2,medio,2024,38.0,30,0.7333333333333333,True,True,False,False,False,False
169,S1,1,Ciencias Basicas y Complementarias,teorico,No,bajo,Si,Si,2,medio,2024,44.0,30,0.7333333333333333,True,True,True,False,False,False
169,S1,1,Ciencias Basicas y Complementarias,teorico,No,bajo,Si,Si,2,medio,2024,40.0,30,0.7333333333333333,True,True,False,False,False,False
169,S1,1,Ciencias Basicas y Complementarias,teorico,No,bajo,Si,Si,2,medio,2024,46.0,30,0.7333333333333333,True,True,True,True,False,False
169,S1,1,Ciencias Basicas y Complementarias,teorico,No,bajo,Si,Si,2,medio,2024,50.0,30,0.7333333333333333,True,True,True,False,False,False
169,S1,1,Ciencias Basicas y Complementarias,teorico,No,bajo,Si,Si,2,medio,2024,47.0,30,0.7333333333333333,True,True,False,True,False,False
169,S1,1,Ciencias Basicas y Complementarias,teorico,No,bajo,Si,Si,2,medio,2024,50.0,30,0.7333333333333333,True,True,False,True,False,False
169,S1,1,Ciencias Basicas y Complementarias,teorico,No,bajo,Si,Si,2,medio,2024,60.0,30,0.7333333333333333,True,True,False,False,False,False
169,S1,1,Ciencias Basicas y Complementarias,teorico,No,bajo,Si,Si,2,medio,2024,37.0,30,0.7333333333333333,True,True,False,False,False,False
169,S1,1,Ciencias Basicas y Complementarias,teorico,No,bajo,Si,Si,2,medio,2024,44.0,30,0.7333333333333333,True,True,False,False,False,False
169,S1,1,Ciencias Basicas y Complementarias,teorico,No,bajo,Si,Si,2,medio,2024,34.0,30,0.7333333333333333,True,True,True,False,False,False
169,S1,1,Ciencias Basicas y Complementarias,teorico,No,bajo,Si,Si,2,medio,2024,37.0,30,0.7333333333333333,True,True,False,True,False,False
169,S1,1,Ciencias Basicas y Complementarias,teorico,No,bajo,Si,Si,2,medio,2024,52.0,30,0.7333333333333333,True,True,False,True,False,False
169,S1,1,Ciencias Basicas y Complementarias,teorico,No,bajo,Si,Si,2,medio,2024,43.0,30,0.7333333333333333,True,True,False,False,False,False
169,S1,1,Ciencias Basicas y Complementarias,teorico,No,bajo,Si,Si,2,medio,2024,43.0,30,0.7333333333333333,True,True,False,False,False,False
169,S1,1,Ciencias Basicas y Complementarias,teorico,No,bajo,Si,Si,2,medio,2024,68.0,30,0.7333333333333333,True,True,False,False,False,False
169,S1,1,Ciencias Basicas y Complementarias,teorico,No,bajo,Si,Si,2,medio,2024,41.0,30,0.7333333333333333,True,True,False,False,False,False
169,S1,1,Ciencias Basicas y Complementarias,teorico,No,bajo,Si,Si,2,medio,2024,42.0,30,0.7333333333333333,True,True,False,False,False,False
169,S1,1,Ciencias Basicas y Complementarias,teorico,No,bajo,Si,Si,2,medio,2024,50.0,30,0.7333333333333333,True,True,False,False,False,False
169,S1,1,Ciencias Basicas y Complementarias,teorico,No,bajo,Si,Si,2,medio,2024,38.0,20,0.5,True,True,True,True,False,False
169,S1,1,Ciencias Basicas y Complementarias,teorico,No,bajo,Si,Si,2,medio,2024,58.0,20,0.5,True,True,False,False,False,False
169,S1,1,Ciencias Basicas y Complementarias,teorico,No,bajo,Si,Si,2,medio,2024,49.0,20,0.5,True,True,False,False,False,False
169,S1,1,Ciencias Basicas y Complementarias,teorico,No,bajo,Si,Si,2,medio,2024,55.0,20,0.5,True,True,False,False,False,False
169,S1,1,Ciencias Basicas y Complementarias,teorico,No,bajo,Si,Si,2,medio,2024,50.0,20,0.5,True,True,True,False,False,False
169,S1,1,Ciencias Basicas y Complementarias,teorico,No,bajo,Si,Si,2,medio,2024,37.0,20,0.5,True,True,True,True,False,False
169,S1,1,Ciencias Basicas y Complementarias,teorico,No,bajo,Si,Si,2,medio,2024,63.0,20,0.5,True,True,False,False,False,False
169,S1,1,Ciencias Basicas y Complementarias,teorico,No,bajo,Si,Si,2,medio,2024,57.0,20,0.5,True,True,False,False,False,False
169,S1,1,Ciencias Basicas y Complementarias,teorico,No,bajo,Si,Si,2,medio,2024,45.0,20,0.5,True,True,False,False,False,False
170,S1,2,Ciencias Basicas y Complementarias,teorico,No,bajo,Si,Si,6,alto,2024,58.0,30,0.7,True,True,False,False,False,False
170,S1,2,Ciencias Basicas y Complementarias,teorico,No,bajo,Si,Si,6,alto,2024,45.0,30,0.7,True,True,False,False,False,False
170,S1,2,Ciencias Basicas y Complementarias,teorico,No,bajo,Si,Si,6,alto,2024,53.0,30,0.7,True,True,False,False,False,False
170,S1,2,Ciencias Basicas y Complementarias,teorico,No,bajo,Si,Si,6,alto,2024,44.0,30,0.7,True,True,False,True,False,False
170,S1,2,Ciencias Basicas y Complementarias,teorico,No,bajo,Si,Si,6,alto,2024,43.0,30,0.7,True,True,False,False,False,False
170,S1,2,Ciencias Basicas y Complementarias,teorico,No,bajo,Si,Si,6,alto,2024,62.0,30,0.7,True,True,False,False,False,False
170,S1,2,Ciencias Basicas y Complementarias,teorico,No,bajo,Si,Si,6,alto,2024,35.0,30,0.7,True,True,False,True,False,False
170,S1,2,Ciencias Basicas y Complementarias,teorico,No,bajo,Si,Si,6,alto,2024,37.0,30,0.7,True,True,False,False,False,False
170,S1,2,Ciencias Basicas y Complementarias,teorico,No,bajo,Si,Si,6,alto,2024,44.0,30,0.7,True,True,False,False,False,False
170,S1,2,Ciencias Basicas y Complementarias,teorico,No,bajo,Si,Si,6,alto,2024,43.0,30,0.7,True,True,False,False,False,False
170,S1,2,Ciencias Basicas y Complementarias,teorico,No,bajo,Si,Si,6,alto,2024,33.0,30,0.7,True,True,False,True,False,False
170,S1,2,Ciencias Basicas y Complementarias,teorico,No,bajo,Si,Si,6,alto,2024,49.0,30,0.7,True,True,False,False,False,False
170,S1,2,Ciencias Basicas y Complementarias,teorico,No,bajo,Si,Si,6,alto,2024,36.0,30,0.7,True,True,False,True,False,False
170,S1,2,Ciencias Basicas y Complementarias,teorico,No,bajo,Si,Si,6,alto,2024,37.0,30,0.7,True,True,False,False,False,False
170,S1,2,Ciencias Basicas y Complementarias,teorico,No,bajo,Si,Si,6,alto,2024,63.0,30,0.7,True,True,False,False,False,False
170,S1,2,Ciencias Basicas y Complementarias,teorico,No,bajo,Si,Si,6,alto,2024,36.0,30,0.7,True,True,False,True,False,False
170,S1,2,Ciencias Basicas y Complementarias,teorico,No,bajo,Si,Si,6,alto,2024,48.0,30,0.7,True,True,True,False,False,False
170,S1,2,Ciencias Basicas y Complementarias,teorico,No,bajo,Si,Si,6,alto,2024,39.0,30,0.7,True,True,True,False,False,False
170,S1,2,Ciencias Basicas y Complementarias,teorico,No,bajo,Si,Si,6,alto,2024,48.0,30,0.7,True,True,False,False,False,False
170,S1,2,Ciencias Basicas y Complementarias,teorico,No,bajo,Si,Si,6,alto,2024,60.0,30,0.7,True,True,False,False,False,False
170,S1,2,Ciencias Basicas y Complementarias,teorico,No,bajo,Si,Si,6,alto,2024,68.0,20,0.75,True,True,False,False,False,False
170,S1,2,Ciencias Basicas y Complementarias,teorico,No,bajo,Si,Si,6,alto,2024,53.0,20,0.75,True,True,False,False,False,False
170,S1,2,Ciencias Basicas y Complementarias,teorico,No,bajo,Si,Si,6,alto,2024,68.0,20,0.75,True,True,False,False,False,False
170,S1,2,Ciencias Basicas y Complementarias,teorico,No,bajo,Si,Si,6,alto,2024,56.0,20,0.75,True,True,False,False,False,False
170,S1,2,Ciencias Basicas y Complementarias,teorico,No,bajo,Si,Si,6,alto,2024,54.0,20,0.75,True,True,False,True,False,False
170,S1,2,Ciencias Basicas y Complementarias,teorico,No,bajo,Si,Si,6,alto,2024,62.0,20,0.75,True,True,False,False,False,False
170,S1,2,Ciencias Basicas y Complementarias,teorico,No,bajo,Si,Si,6,alto,2024,50.0,20,0.75,True,True,True,False,False,False
170,S1,2,Ciencias Basicas y Complementarias,teorico,No,bajo,Si,Si,6,alto,2024,38.0,20,0.75,True,True,False,False,False,False
170,S1,2,Ciencias Basicas y Complementarias,teorico,No,bajo,Si,Si,6,alto,2024,39.0,20,0.75,True,True,True,False,False,False
170,S1,2,Ciencias Basicas y Complementarias,teorico,No,bajo,Si,Si,6,alto,2024,50.0,20,0.75,True,True,False,False,False,False
170,S1,2,Ciencias Basicas y Complementarias,teorico,No,bajo,Si,Si,6,alto,2024,46.0,20,0.75,True,True,True,True,False,False
170,S1,2,Ciencias Basicas y Complementarias,teorico,No,bajo,Si,Si,6,alto,2024,33.0,20,0.75,True,True,False,True,False,False
170,S1,2,Ciencias Basicas y Complementarias,teorico,No,bajo,Si,Si,6,alto,2024,66.0,20,0.75,True,True,False,False,False,False
170,S1,2,Ciencias Basicas y Complementarias,teorico,No,bajo,Si,Si,6,alto,2024,42.0,30,0.8333333333333334,True,True,False,False,False,False
170,S1,2,Ciencias Basicas y Complementarias,teorico,No,bajo,Si,Si,6,alto,2024,42.0,30,0.8333333333333334,True,True,False,False,False,False
170,S1,2,Ciencias Basicas y Complementarias,teorico,No,bajo,Si,Si,6,alto,2024,44.0,30,0.8333333333333334,True,True,False,True,False,False
170,S1,2,Ciencias Basicas y Complementarias,teorico,No,bajo,Si,Si,6,alto,2024,38.0,30,0.8333333333333334,True,True,False,False,False,False
170,S1,2,Ciencias Basicas y Complementarias,teorico,No,bajo,Si,Si,6,alto,2024,59.0,30,0.8333333333333334,True,True,False,False,False,False
170,S1,2,Ciencias Basicas y Complementarias,teorico,No,bajo,Si,Si,6,alto,2024,41.0,30,0.8333333333333334,True,True,False,True,False,False
170,S1,2,Ciencias Basicas y Complementarias,teorico,No,bajo,Si,Si,6,alto,2024,55.0,30,0.8333333333333334,True,True,False,False,False,False
170,S1,2,Ciencias Basicas y Complementarias,teorico,No,bajo,Si,Si,6,alto,2024,51.0,30,0.8333333333333334,True,True,True,False,False,False
170,S1,2,Ciencias Basicas y Complementarias,teorico,No,bajo,Si,Si,6,alto,2024,61.0,30,0.8333333333333334,True,True,False,False,False,False
170,S1,2,Ciencias Basicas y Complementarias,teorico,No,bajo,Si,Si,6,alto,2024,49.0,30,0.8333333333333334,True,True,True,False,False,False
170,S1,2,Ciencias Basicas y Complementarias,teorico,No,bajo,Si,Si,6,alto,2024,54.0,30,0.8333333333333334,True,True,False,False,False,False
170,S1,2,Ciencias Basicas y Complementarias,teorico,No,bajo,Si,Si,6,alto,2024,46.0,30,0.8333333333333334,True,True,True,True,False,False
170,S1,2,Ciencias Basicas y Complementarias,teorico,No,bajo,Si,Si,6,alto,2024,39.0,30,0.8333333333333334,True,True,True,True,False,False
170,S1,2,Ciencias Basicas y Complementarias,teorico,No,bajo,Si,Si,6,alto,2024,43.0,30,0.8333333333333334,True,True,False,False,False,False
170,S1,2,Ciencias Basicas y Complementarias,teorico,No,bajo,Si,Si,6,alto,2024,56.0,30,0.8333333333333334,True,True,False,True,False,False
170,S1,2,Ciencias Basicas y Complementarias,teorico,No,bajo,Si,Si,6,alto,2024,48.0,30,0.8333333333333334,True,True,False,False,False,False
170,S1,2,Ciencias Basicas y Complementarias,teorico,No,bajo,Si,Si,6,alto,2024,66.0,30,0.8333333333333334,True,True,False,False,False,False
170,S1,2,Ciencias Basicas y Complementarias,teorico,No,bajo,Si,Si,6,alto,2024,31.0,30,0.8333333333333334,True,True,True,True,False,False
170,S1,2,Ciencias Basicas y Complementarias,teorico,No,bajo,Si,Si,6,alto,2024,56.0,30,0.8333333333333334,True,True,False,False,False,False
170,S1,2,Ciencias Basicas y Complementarias,teorico,No,bajo,Si,Si,6,alto,2024,46.0,30,0.8333333333333334,True,True,True,False,False,False
170,S1,2,Ciencias Basicas y Complementarias,teorico,No,bajo,Si,Si,6,alto,2024,51.0,30,0.8333333333333334,True,True,False,False,False,False
170,S1,2,Ciencias Basicas y Complementarias,teorico,No,bajo,Si,Si,6,alto,2024,38.0,30,0.8333333333333334,True,True,False,False,False,False
170,S1,2,Ciencias Basicas y Complementarias,teorico,No,bajo,Si,Si,6,alto,2024,53.0,30,0.8333333333333334,True,True,False,False,False,False
177,S1,1,Ciencias Basicas y Complementarias,teorico,No,bajo,No,No,1,medio,2024,66.0,20,0.15,False,False,False,False,False,False
177,S1,1,Ciencias Basicas y Complementarias,teorico,No,bajo,No,No,1,medio,2024,43.0,20,0.15,False,False,False,True,True,True
177,S1,1,Ciencias Basicas y Complementarias,teorico,No,bajo,No,No,1,medio,2024,60.0,20,0.15,False,False,False,False,False,False
177,S1,1,Ciencias Basicas y Complementarias,teorico,No,bajo,No,No,1,medio,2024,40.0,20,0.2,False,False,False,True,True,True
177,S1,1,Ciencias Basicas y Complementarias,teorico,No,bajo,No,No,1,medio,2024,43.0,20,0.2,False,False,False,False,False,False
177,S1,1,Ciencias Basicas y Complementarias,teorico,No,bajo,No,No,1,medio,2024,65.0,20,0.2,False,False,False,False,False,False
177,S1,1,Ciencias Basicas y Complementarias,teorico,No,bajo,No,No,1,medio,2024,64.0,20,0.2,False,False,False,False,False,False
177,S1,1,Ciencias Basicas y Complementarias,teorico,No,bajo,No,No,1,medio,2024,62.0,20,0.05,False,False,False,False,False,False
177,S1,1,Ciencias Basicas y Complementarias,teorico,No,bajo,No,No,1,medio,2024,66.0,20,0.15,False,False,False,False,False,False
177,S1,1,Ciencias Basicas y Complementarias,teorico,No,bajo,No,No,1,medio,2024,41.0,20,0.15,False,False,False,False,False,False
177,S1,1,Ciencias Basicas y Complementarias,teorico,No,bajo,No,No,1,medio,2024,32.0,20,0.15,False,False,False,True,True,True
216,S1,1,Ciencias Basicas y Complementarias,teorico,Si,bajo,Si,No,1,medio,2024,39.0,20,0.25,False,False,True,True,True,True
216,S1,1,Ciencias Basicas y Complementarias,teorico,Si,bajo,Si,No,1,medio,2024,36.0,20,0.25,False,False,True,True,True,True
216,S1,1,Ciencias Basicas y Complementarias,teorico,Si,bajo,Si,No,1,medio,2024,57.0,20,0.25,False,False,False,False,False,False
216,S1,1,Ciencias Basicas y Complementarias,teorico,Si,bajo,Si,No,1,medio,2024,57.0,20,0.25,False,False,False,False,False,False
216,S1,1,Ciencias Basicas y Complementarias,teorico,Si,bajo,Si,No,1,medio,2024,46.0,20,0.25,False,False,False,False,False,False
216,S1,1,Ciencias Basicas y Complementarias,teorico,Si,bajo,Si,No,1,medio,2024,42.0,20,0.15,False,False,False,True,True,True
216,S1,1,Ciencias Basicas y Complementarias,teorico,Si,bajo,Si,No,1,medio,2024,47.0,20,0.15,False,False,False,False,False,False
216,S1,1,Ciencias Basicas y Complementarias,teorico,Si,bajo,Si,No,1,medio,2024,39.0,20,0.15,False,False,False,False,False,False
216,S1,1,Ciencias Basicas y Complementarias,teorico,Si,bajo,Si,No,1,medio,2024,46.0,20,0.4,False,False,False,True,True,True
216,S1,1,Ciencias Basicas y Complementarias,teorico,Si,bajo,Si,No,1,medio,2024,47.0,20,0.4,False,False,True,False,False,False
216,S1,1,Ciencias Basicas y Complementarias,teorico,Si,bajo,Si,No,1,medio,2024,68.0,20,0.4,False,False,False,False,False,False
216,S1,1,Ciencias Basicas y Complementarias,teorico,Si,bajo,Si,No,1,medio,2024,64.0,20,0.4,False,False,False,False,False,False
216,S1,1,Ciencias Basicas y Complementarias,teorico,Si,bajo,Si,No,1,medio,2024,45.0,20,0.4,False,False,False,False,False,False
216,S1,1,Ciencias Basicas y Complementarias,teorico,Si,bajo,Si,No,1,medio,2024,46.0,20,0.4,False,False,False,False,False,False
216,S1,1,Ciencias Basicas y Complementarias,teorico,Si,bajo,Si,No,1,medio,2024,57.0,20,0.4,False,False,False,False,False,False
216,S1,1,Ciencias Basicas y Complementarias,teorico,Si,bajo,Si,No,1,medio,2024,55.0,20,0.4,False,False,False,True,True,True
216,S1,1,Ciencias Basicas y Complementarias,teorico,Si,bajo,Si,No,1,medio,2024,34.0,20,0.2,False,False,True,True,True,True
216,S1,1,Ciencias Basicas y Complementarias,teorico,Si,bajo,Si,No,1,medio,2024,50.0,20,0.2,False,False,False,False,False,False
216,S1,1,Ciencias Basicas y Complementarias,teorico,Si,bajo,Si,No,1,medio,2024,51.0,20,0.2,False,False,True,True,True,True
216,S1,1,Ciencias Basicas y Complementarias,teorico,Si,bajo,Si,No,1,medio,2024,48.0,20,0.2,False,False,False,False,False,False
216,S1,1,Ciencias Basicas y Complementarias,teorico,Si,bajo,Si,No,1,medio,2024,52.0,20,0.1,False,False,True,True,True,True
216,S1,1,Ciencias Basicas y Complementarias,teorico,Si,bajo,Si,No,1,medio,2024,46.0,20,0.1,False,False,False,False,False,False
216,S1,1,Ciencias Basicas y Complementarias,teorico,Si,bajo,Si,No,1,medio,2024,60.0,20,0.15,False,False,False,False,False,False
216,S1,1,Ciencias Basicas y Complementarias,teorico,Si,bajo,Si,No,1,medio,2024,68.0,20,0.15,False,False,False,False,False,False
216,S1,1,Ciencias Basicas y Complementarias,teorico,Si,bajo,Si,No,1,medio,2024,39.0,20,0.15,False,False,False,True,True,True
2666,S1,1,Ciencias Basicas y Complementarias,teorico,No,bajo,Si,No,0,bajo,2024,50.0,20,0.2,False,False,False,False,False,False
2666,S1,1,Ciencias Basicas y Complementarias,teorico,No,bajo,Si,No,0,bajo,2024,64.0,20,0.2,False,False,False,False,False,False
2666,S1,1,Ciencias Basicas y Complementarias,teorico,No,bajo,Si,No,0,bajo,2024,55.0,20,0.2,False,False,False,False,False,False
2666,S1,1,Ciencias Basicas y Complementarias,teorico,No,bajo,Si,No,0,bajo,2024,54.0,20,0.2,False,False,True,True,False,True
2666,S1,1,Ciencias Basicas y Complementarias,teorico,No,bajo,Si,No,0,bajo,2024,45.0,20,0.2,False,False,False,True,False,True
2666,S1,1,Ciencias Basicas y Complementarias,teorico,No,bajo,Si,No,0,bajo,2024,50.0,20,0.2,False,False,False,False,False,False
2666,S1,1,Ciencias Basicas y Complementarias,teorico,No,bajo,Si,No,0,bajo,2024,37.0,20,0.2,False,False,False,False,False,False
2666,S1,1,Ciencias Basicas y Complementarias,teorico,No,bajo,Si,No,0,bajo,2024,61.0,20,0.2,False,False,False,False,False,False
2666,S1,1,Ciencias Basicas y Complementarias,teorico,No,bajo,Si,No,0,bajo,2024,61.0,20,0.3,False,False,False,False,False,False
2666,S1,1,Ciencias Basicas y Complementarias,teorico,No,bajo,Si,No,0,bajo,2024,34.0,20,0.3,False,False,False,True,False,True
2666,S1,1,Ciencias Basicas y Complementarias,teorico,No,bajo,Si,No,0,bajo,2024,56.0,20,0.3,False,False,False,False,False,False
2666,S1,1,Ciencias Basicas y Complementarias,teorico,No,bajo,Si,No,0,bajo,2024,37.0,20,0.3,False,False,True,True,False,True
2666,S1,1,Ciencias Basicas y Complementarias,teorico,No,bajo,Si,No,0,bajo,2024,66.0,20,0.3,False,False,False,False,False,False
2666,S1,1,Ciencias Basicas y Complementarias,teorico,No,bajo,Si,No,0,bajo,2024,42.0,20,0.3,False,False,False,False,False,False
2666,S1,1,Ciencias Basicas y Complementarias,teorico,No,bajo,Si,No,0,bajo,2024,53.0,20,0.25,False,False,True,True,False,True
2666,S1,1,Ciencias Basicas y Complementarias,teorico,No,bajo,Si,No,0,bajo,2024,62.0,20,0.25,False,False,False,False,False,False
2666,S1,1,Ciencias Basicas y Complementarias,teorico,No,bajo,Si,No,0,bajo,2024,46.0,20,0.25,False,False,False,False,False,False
2666,S1,1,Ciencias Basicas y Complementarias,teorico,No,bajo,Si,No,0,bajo,2024,39.0,20,0.25,False,False,False,True,False,True
2666,S1,1,Ciencias Basicas y Complementarias,teorico,No,bajo,Si,No,0,bajo,2024,61.0,20,0.25,False,False,False,False,False,False
2666,S1,1,Ciencias Basicas y Complementarias,teorico,No,bajo,Si,No,0,bajo,2024,58.0,20,0.05,False,False,False,False,False,False
2667,S1,2,Ciencias Basicas y Complementarias,teorico,No,bajo,Si,No,1,medio,2024,39.0,60,0.75,False,False,False,False,False,False
2667,S1,2,Ciencias Basicas y Complementarias,teorico,No,bajo,Si,No,1,medio,2024,46.0,60,0.75,False,False,False,False,False,False
2667,S1,2,Ciencias Basicas y Complementarias,teorico,No,bajo,Si,No,1,medio,2024,52.0,60,0.75,False,False,False,False,False,False
2667,S1,2,Ciencias Basicas y Complementarias,teorico,No,bajo,Si,No,1,medio,2024,47.0,60,0.75,False,False,False,False,False,False
2667,S1,2,Ciencias Basicas y Complementarias,teorico,No,bajo,Si,No,1,medio,2024,38.0,60,0.75,False,False,False,False,False,False
2667,S1,2,Ciencias Basicas y Complementarias,teorico,No,bajo,Si,No,1,medio,2024,63.0,60,0.75,False,False,False,False,False,False
2667,S1,2,Ciencias Basicas y Complementarias,teorico,No,bajo,Si,No,1,medio,2024,65.0,60,0.75,False,False,False,False,False,False
2667,S1,2,Ciencias Basicas y Complementarias,teorico,No,bajo,Si,No,1,medio,2024,61.0,60,0.75,False,False,False,False,False,False
2667,S1,2,Ciencias Basicas y Complementarias,teorico,No,bajo,Si,No,1,medio,2024,48.0,60,0.75,False,False,False,True,True,True
2667,S1,2,Ciencias Basicas y Complementarias,teorico,No,bajo,Si,No,1,medio,2024,34.0,60,0.75,False,False,True,True,True,True
2667,S1,2,Ciencias Basicas y Complementarias,teorico,No,bajo,Si,No,1,medio,2024,56.0,60,0.75,False,False,False,False,False,False
2667,S1,2,Ciencias Basicas y Complementarias,teorico,No,bajo,Si,No,1,medio,2024,56.0,60,0.75,False,False,False,False,False,False
2667,S1,2,Ciencias Basicas y Complementarias,teorico,No,bajo,Si,No,1,medio,2024,36.0,60,0.75,False,False,False,True,True,True
2667,S1,2,Ciencias Basicas y Complementarias,teorico,No,bajo,Si,No,1,medio,2024,47.0,60,0.75,False,False,False,False,False,False
2667,S1,2,Ciencias Basicas y Complementarias,teorico,No,bajo,Si,No,1,medio,2024,53.0,60,0.75,False,False,False,False,False,False
2667,S1,2,Ciencias Basicas y Complementarias,teorico,No,bajo,Si,No,1,medio,2024,53.0,60,0.75,False,False,False,False,False,False
2667,S1,2,Ciencias Basicas y Complementarias,teorico,No,bajo,Si,No,1,medio,2024,37.0,60,0.75,False,False,False,False,False,False
2667,S1,2,Ciencias Basicas y Complementarias,teorico,No,bajo,Si,No,1,medio,2024,63.0,60,0.75,False,False,False,False,False,False
2667,S1,2,Ciencias Basicas y Complementarias,teorico,No,bajo,Si,No,1,medio,2024,54.0,60,0.75,False,False,False,True,True,True
2667,S1,2,Ciencias Basicas y Complementarias,teorico,No,bajo,Si,No,1,medio,2024,66.0,60,0.75,False,False,False,False,False,False
2667,S1,2,Ciencias Basicas y Complementarias,teorico,No,bajo,Si,No,1,medio,2024,52.0,60,0.75,False,False,False,False,False,False
2667,S1,2,Ciencias Basicas y Complementarias,teorico,No,bajo,Si,No,1,medio,2024,41.0,60,0.75,False,False,False,False,False,False
2667,S1,2,Ciencias Basicas y Complementarias,teorico,No,bajo,Si,No,1,medio,2024,48.0,60,0.75,False,False,True,False,False,False
2667,S1,2,Ciencias Basicas y Complementarias,teorico,No,bajo,Si,No,1,medio,2024,37.0,60,0.75,False,False,True,True,True,True
2667,S1,2,Ciencias Basicas y Complementarias,teorico,No,bajo,Si,No,1,medio,2024,67.0,60,0.75,False,False,False,False,False,False
2667,S1,2,Ciencias Basicas y Complementarias,teorico,No,bajo,Si,No,1,medio,2024,65.0,60,0.75,False,False,False,False,False,False
2667,S1,2,Ciencias Basicas y Complementarias,teorico,No,bajo,Si,No,1,medio,2024,49.0,60,0.75,False,False,False,True,True,True
2667,S1,2,Ciencias Basicas y Complementarias,teorico,No,bajo,Si,No,1,medio,2024,44.0,60,0.75,False,False,False,False,False,False
2667,S1,2,Ciencias Basicas y Complementarias,teorico,No,bajo,Si,No,1,medio,2024,33.0,60,0.75,False,False,True,False,False,False
2667,S1,2,Ciencias Basicas y Complementarias,teorico,No,bajo,Si,No,1,medio,2024,53.0,60,0.75,False,False,True,False,False,False
2667,S1,2,Ciencias Basicas y Complementarias,teorico,No,bajo,Si,No,1,medio,2024,47.0,60,0.75,False,False,True,True,True,True
2667,S1,2,Ciencias Basicas y Complementarias,teorico,No,bajo,Si,No,1,medio,2024,64.0,60,0.75,False,False,False,False,False,False
2667,S1,2,Ciencias Basicas y Complementarias,teorico,No,bajo,Si,No,1,medio,2024,37.0,60,0.75,False,False,True,True,True,True
2667,S1,2,Ciencias Basicas y Complementarias,teorico,No,bajo,Si,No,1,medio,2024,53.0,60,0.75,False,False,True,False,False,False
2667,S1,2,Ciencias Basicas y Complementarias,teorico,No,bajo,Si,No,1,medio,2024,33.0,60,0.75,False,False,False,True,True,True
2667,S1,2,Ciencias Basicas y Complementarias,teorico,No,bajo,Si,No,1,medio,2024,37.0,60,0.75,False,False,True,False,False,False
2667,S1,2,Ciencias Basicas y Complementarias,teorico,No,bajo,Si,No,1,medio,2024,66.0,60,0.75,False,False,False,False,False,False
2667,S1,2,Ciencias Basicas y Complementarias,teorico,No,bajo,Si,No,1,medio,2024,64.0,60,0.75,False,False,False,False,False,False
2667,S1,2,Ciencias Basicas y Complementarias,teorico,No,bajo,Si,No,1,medio,2024,52.0,60,0.75,False,False,False,True,True,True
2667,S1,2,Ciencias Basicas y Complementarias,teorico,No,bajo,Si,No,1,medio,2024,42.0,60,0.75,False,False,False,False,False,False
2667,S1,2,Ciencias Basicas y Complementarias,teorico,No,bajo,Si,No,1,medio,2024,57.0,60,0.75,False,False,False,False,False,False
2667,S1,2,Ciencias Basicas y Complementarias,teorico,No,bajo,Si,No,1,medio,2024,61.0,60,0.75,False,False,False,False,False,False
2795,S1,3,Ciencias de la Computacion,teorico,No,bajo,Si,Si,3,medio,2023,59.0,60,0.8333333333333334,False,False,False,False,False,False
2795,S1,3,Ciencias de la Computacion,teorico,No,bajo,Si,Si,3,medio,2023,50.0,60,0.8333333333333334,False,False,True,False,False,False
2795,S1,3,Ciencias de la Computacion,teorico,No,bajo,Si,Si,3,medio,2023,58.0,60,0.8333333333333334,False,False,False,False,False,False
2795,S1,3,Ciencias de la Computacion,teorico,No,bajo,Si,Si,3,medio,2023,42.0,60,0.8333333333333334,False,False,False,False,False,False
2795,S1,3,Ciencias de la Computacion,teorico,No,bajo,Si,Si,3,medio,2023,54.0,60,0.8333333333333334,False,False,True,False,False,False
2795,S1,3,Ciencias de la Computacion,teorico,No,bajo,Si,Si,3,medio,2023,35.0,60,0.8333333333333334,False,False,False,True,True,True
2795,S1,3,Ciencias de la Computacion,teorico,No,bajo,Si,Si,3,medio,2023,53.0,60,0.8333333333333334,False,False,False,False,False,False
2795,S1,3,Ciencias de la Computacion,teorico,No,bajo,Si,Si,3,medio,2023,65.0,60,0.8333333333333334,False,False,False,False,False,False
2795,S1,3,Ciencias de la Computacion,teorico,No,bajo,Si,Si,3,medio,2023,61.0,60,0.8333333333333334,False,False,False,False,False,False
2795,S1,3,Ciencias de la Computacion,teorico,No,bajo,Si,Si,3,medio,2023,39.0,60,0.8333333333333334,False,False,False,False,False,False
2795,S1,3,Ciencias de la Computacion,teorico,No,bajo,Si,Si,3,medio,2023,54.0,60,0.8333333333333334,False,False,False,True,True,True
2795,S1,3,Ciencias de la Computacion,teorico,No,bajo,Si,Si,3,medio,2023,37.0,60,0.8333333333333334,False,False,True,True,True,True
2795,S1,3,Ciencias de la Computacion,teorico,No,bajo,Si,Si,3,medio,2023,40.0,60,0.8333333333333334,False,False,False,False,False,False
2795,S1,3,Ciencias de la Computacion,teorico,No,bajo,Si,Si,3,medio,2023,49.0,60,0.8333333333333334,False,False,False,True,True,True
2795,S1,3,Ciencias de la Computacion,teorico,No,bajo,Si,Si,3,medio,2023,59.0,60,0.8333333333333334,False,False,False,False,False,False
2795,S1,3,Ciencias de la Computacion,teorico,No,bajo,Si,Si,3,medio,2023,68.0,60,0.8333333333333334,False,False,False,False,False,False
2795,S1,3,Ciencias de la Computacion,teorico,No,bajo,Si,Si,3,medio,2023,67.0,60,0.8333333333333334,False,False,False,False,False,False
2795,S1,3,Ciencias de la Computacion,teorico,No,bajo,Si,Si,3,medio,2023,54.0,60,0.8333333333333334,False,False,False,False,False,False
2795,S1,3,Ciencias de la Computacion,teorico,No,bajo,Si,Si,3,medio,2023,46.0,60,0.8333333333333334,False,False,True,False,False,False
2795,S1,3,Ciencias de la Computacion,teorico,No,bajo,Si,Si,3,medio,2023,53.0,60,0.8333333333333334,False,False,False,False,False,False
2795,S1,3,Ciencias de la Computacion,teorico,No,bajo,Si,Si,3,medio,2023,64.0,60,0.8333333333333334,False,False,False,False,False,False
2795,S1,3,Ciencias de la Computacion,teorico,No,bajo,Si,Si,3,medio,2023,62.0,60,0.8333333333333334,False,False,False,False,False,False
2795,S1,3,Ciencias de la Computacion,teorico,No,bajo,Si,Si,3,medio,2023,40.0,60,0.8333333333333334,False,False,True,True,True,True
2795,S1,3,Ciencias de la Computacion,teorico,No,bajo,Si,Si,3,medio,2023,64.0,60,0.8333333333333334,False,False,False,False,False,False
2795,S1,3,Ciencias de la Computacion,teorico,No,bajo,Si,Si,3,medio,2023,42.0,60,0.8333333333333334,False,False,True,True,True,True
2795,S1,3,Ciencias de la Computacion,teorico,No,bajo,Si,Si,3,medio,2023,43.0,60,0.8333333333333334,False,False,False,False,False,False
2795,S1,3,Ciencias de la Computacion,teorico,No,bajo,Si,Si,3,medio,2023,37.0,60,0.8333333333333334,False,False,True,False,False,False
2795,S1,3,Ciencias de la Computacion,teorico,No,bajo,Si,Si,3,medio,2023,46.0,60,0.8333333333333334,False,False,False,True,True,True
2795,S1,3,Ciencias de la Computacion,teorico,No,bajo,Si,Si,3,medio,2023,40.0,60,0.8333333333333334,False,False,False,False,False,False
2795,S1,3,Ciencias de la Computacion,teorico,No,bajo,Si,Si,3,medio,2023,45.0,60,0.8333333333333334,False,False,False,False,False,False
2795,S1,3,Ciencias de la Computacion,teorico,No,bajo,Si,Si,3,medio,2023,40.0,60,0.8333333333333334,False,False,False,False,False,False
2795,S1,3,Ciencias de la Computacion,teorico,No,bajo,Si,Si,3,medio,2023,43.0,60,0.8333333333333334,False,False,False,False,False,False
2795,S1,3,Ciencias de la Computacion,teorico,No,bajo,Si,Si,3,medio,2023,40.0,60,0.8333333333333334,False,False,True,True,True,True
2795,S1,3,Ciencias de la Computacion,teorico,No,bajo,Si,Si,3,medio,2023,51.0,60,0.8333333333333334,False,False,False,False,False,False
2795,S1,3,Ciencias de la Computacion,teorico,No,bajo,Si,Si,3,medio,2023,66.0,60,0.8333333333333334,False,False,False,False,False,False
2795,S1,3,Ciencias de la Computacion,teorico,No,bajo,Si,Si,3,medio,2023,53.0,60,0.8333333333333334,False,False,False,False,False,False
2795,S1,3,Ciencias de la Computacion,teorico,No,bajo,Si,Si,3,medio,2023,49.0,60,0.8333333333333334,False,False,False,False,False,False
2795,S1,3,Ciencias de la Computacion,teorico,No,bajo,Si,Si,3,medio,2023,31.0,60,0.8333333333333334,False,False,False,True,True,True
2795,S1,3,Ciencias de la Computacion,teorico,No,bajo,Si,Si,3,medio,2023,35.0,60,0.8333333333333334,False,False,True,False,False,False
2795,S1,3,Ciencias de la Computacion,teorico,No,bajo,Si,Si,3,medio,2023,45.0,60,0.8333333333333334,False,False,False,False,False,False
2795,S1,3,Ciencias de la Computacion,teorico,No,bajo,Si,Si,3,medio,2023,66.0,60,0.8333333333333334,False,False,False,False,False,False
2795,S1,3,Ciencias de la Computacion,teorico,No,bajo,Si,Si,3,medio,2023,52.0,60,0.8333333333333334,False,False,False,True,True,True
2795,S1,3,Ciencias de la Computacion,teorico,No,bajo,Si,Si,3,medio,2023,33.0,60,0.8333333333333334,False,False,True,False,False,False
2795,S1,3,Ciencias de la Computacion,teorico,No,bajo,Si,Si,3,medio,2023,53.0,60,0.8333333333333334,False,False,False,False,False,False
2795,S1,3,Ciencias de la Computacion,teorico,No,bajo,Si,Si,3,medio,2023,54.0,60,0.8333333333333334,False,False,False,False,False,False
2795,S1,3,Ciencias de la Computacion,teorico,No,bajo,Si,Si,3,medio,2023,46.0,60,0.8333333333333334,False,False,False,True,True,True
2795,S1,3,Ciencias de la Computacion,teorico,No,bajo,Si,Si,3,medio,2023,42.0,60,0.8333333333333334,False,False,False,False,False,False
2795,S1,3,Ciencias de la Computacion,teorico,No,bajo,Si,Si,3,medio,2023,64.0,60,0.8333333333333334,False,False,False,False,False,False
2795,S1,3,Ciencias de la Computacion,teorico,No,bajo,Si,Si,3,medio,2023,53.0,60,0.8333333333333334,False,False,False,True,True,True
2796,S1,3,Desarrollo de Software,mixto,Si,alto,Si,Si,4,alto,2022,,100,0.99,False,False,False,False,False,False
2796,S1,3,Desarrollo de Software,mixto,Si,alto,Si,Si,4,alto,2023,66.0,100,0.99,False,False,False,False,False,False
2796,S1,3,Desarrollo de Software,mixto,Si,alto,Si,Si,4,alto,2023,49.0,100,0.99,False,False,False,True,True,True
2796,S1,3,Desarrollo de Software,mixto,Si,alto,Si,Si,4,alto,2023,53.0,100,0.99,False,False,False,False,False,False
2796,S1,3,Desarrollo de Software,mixto,Si,alto,Si,Si,4,alto,2023,59.0,100,0.99,False,False,False,False,False,False
2796,S1,3,Desarrollo de Software,mixto,Si,alto,Si,Si,4,alto,2023,44.0,100,0.99,False,False,False,True,True,True
2796,S1,3,Desarrollo de Software,mixto,Si,alto,Si,Si,4,alto,2023,40.0,100,0.99,False,False,False,True,True,True
2796,S1,3,Desarrollo de Software,mixto,Si,alto,Si,Si,4,alto,2023,42.0,100,0.99,False,False,False,False,False,False
2796,S1,3,Desarrollo de Software,mixto,Si,alto,Si,Si,4,alto,2023,46.0,100,0.99,False,False,False,False,False,False
2796,S1,3,Desarrollo de Software,mixto,Si,alto,Si,Si,4,alto,2023,64.0,100,0.99,False,False,False,False,False,False
2796,S1,3,Desarrollo de Software,mixto,Si,alto,Si,Si,4,alto,2023,37.0,100,0.99,False,False,True,True,True,True
2796,S1,3,Desarrollo de Software,mixto,Si,alto,Si,Si,4,alto,2023,36.0,100,0.99,False,False,True,True,True,True
2796,S1,3,Desarrollo de Software,mixto,Si,alto,Si,Si,4,alto,2023,53.0,100,0.99,False,False,False,False,False,False
2796,S1,3,Desarrollo de Software,mixto,Si,alto,Si,Si,4,alto,2023,67.0,100,0.99,False,False,False,False,False,False
2796,S1,3,Desarrollo de Software,mixto,Si,alto,Si,Si,4,alto,2023,35.0,100,0.99,False,False,True,False,False,False
2796,S1,3,Desarrollo de Software,mixto,Si,alto,Si,Si,4,alto,2022,42.0,100,0.99,False,False,False,False,False,False
2796,S1,3,Desarrollo de Software,mixto,Si,alto,Si,Si,4,alto,2023,37.0,100,0.99,False,False,False,False,False,False
2796,S1,3,Desarrollo de Software,mixto,Si,alto,Si,Si,4,alto,2023,41.0,100,0.99,False,False,False,False,False,False
2796,S1,3,Desarrollo de Software,mixto,Si,alto,Si,Si,4,alto,2023,41.0,100,0.99,False,False,False,False,False,False
2796,S1,3,Desarrollo de Software,mixto,Si,alto,Si,Si,4,alto,2023,51.0,100,0.99,False,False,True,False,False,False
2796,S1,3,Desarrollo de Software,mixto,Si,alto,Si,Si,4,alto,2023,66.0,100,0.99,False,False,False,False,False,False
2796,S1,3,Desarrollo de Software,mixto,Si,alto,Si,Si,4,alto,2023,39.0,100,0.99,False,False,False,False,False,False
2796,S1,3,Desarrollo de Software,mixto,Si,alto,Si,Si,4,alto,2023,31.0,100,0.99,False,False,True,True,True,True
2796,S1,3,Desarrollo de Software,mixto,Si,alto,Si,Si,4,alto,2023,42.0,100,0.99,False,False,False,True,True,True
2796,S1,3,Desarrollo de Software,mixto,Si,alto,Si,Si,4,alto,2023,47.0,100,0.99,False,False,False,False,False,False
2796,S1,3,Desarrollo de Software,mixto,Si,alto,Si,Si,4,alto,2023,48.0,100,0.99,False,False,False,True,True,True
2796,S1,3,Desarrollo de Software,mixto,Si,alto,Si,Si,4,alto,2023,47.0,100,0.99,False,False,False,False,False,False
2796,S1,3,Desarrollo de Software,mixto,Si,alto,Si,Si,4,alto,2023,58.0,100,0.99,False,False,False,False,False,False
2796,S1,3,Desarrollo de Software,mixto,Si,alto,Si,Si,4,alto,2022,48.0,100,0.99,False,False,False,True,True,True
2796,S1,3,Desarrollo de Software,mixto,Si,alto,Si,Si,4,alto,2023,33.0,100,0.99,False,False,False,True,True,True
2796,S1,3,Desarrollo de Software,mixto,Si,alto,Si,Si,4,alto,2023,42.0,100,0.99,False,False,False,True,True,True
2796,S1,3,Desarrollo de Software,mixto,Si,alto,Si,Si,4,alto,2023,47.0,100,0.99,False,False,True,False,False,False
2796,S1,3,Desarrollo de Software,mixto,Si,alto,Si,Si,4,alto,2023,36.0,100,0.99,False,False,True,False,False,False
2796,S1,3,Desarrollo de Software,mixto,Si,alto,Si,Si,4,alto,2023,42.0,100,0.99,False,False,True,False,False,False
2796,S1,3,Desarrollo de Software,mixto,Si,alto,Si,Si,4,alto,2023,36.0,100,0.99,False,False,False,True,True,True
2796,S1,3,Desarrollo de Software,mixto,Si,alto,Si,Si,4,alto,2023,51.0,100,0.99,False,False,False,False,False,False
2796,S1,3,Desarrollo de Software,mixto,Si,alto,Si,Si,4,alto,2023,53.0,100,0.99,False,False,False,False,False,False
2796,S1,3,Desarrollo de Software,mixto,Si,alto,Si,Si,4,alto,2023,51.0,100,0.99,False,False,True,True,True,True
2796,S1,3,Desarrollo de Software,mixto,Si,alto,Si,Si,4,alto,2023,54.0,100,0.99,False,False,False,False,False,False
2796,S1,3,Desarrollo de Software,mixto,Si,alto,Si,Si,4,alto,2023,63.0,100,0.99,False,False,False,False,False,False
2796,S1,3,Desarrollo de Software,mixto,Si,alto,Si,Si,4,alto,2023,41.0,100,0.99,False,False,False,False,False,False
2796,S1,3,Desarrollo de Software,mixto,Si,alto,Si,Si,4,alto,2023,36.0,100,0.99,False,False,True,True,True,True
2796,S1,3,Desarrollo de Software,mixto,Si,alto,Si,Si,4,alto,2023,37.0,100,0.99,False,False,True,True,True,True
2796,S1,3,Desarrollo de Software,mixto,Si,alto,Si,Si,4,alto,2023,42.0,100,0.99,False,False,False,False,False,False
2796,S1,3,Desarrollo de Software,mixto,Si,alto,Si,Si,4,alto,2023,37.0,100,0.99,False,False,False,False,False,False
2796,S1,3,Desarrollo de Software,mixto,Si,alto,Si,Si,4,alto,2023,48.0,100,0.99,False,False,True,False,False,False
2796,S1,3,Desarrollo de Software,mixto,Si,alto,Si,Si,4,alto,2023,54.0,100,0.99,False,False,True,False,False,False
2796,S1,3,Desarrollo de Software,mixto,Si,alto,Si,Si,4,alto,2023,44.0,100,0.99,False,False,False,False,False,False
2796,S1,3,Desarrollo de Software,mixto,Si,alto,Si,Si,4,alto,2023,39.0,100,0.99,False,False,False,True,True,True
2796,S1,3,Desarrollo de Software,mixto,Si,alto,Si,Si,4,alto,2023,50.0,100,0.99,False,False,True,True,True,True
2796,S1,3,Desarrollo de Software,mixto,Si,alto,Si,Si,4,alto,2023,45.0,100,0.99,False,False,True,True,True,True
2796,S1,3,Desarrollo de Software,mixto,Si,alto,Si,Si,4,alto,2023,46.0,100,0.99,False,False,True,False,False,False
2796,S1,3,Desarrollo de Software,mixto,Si,alto,Si,Si,4,alto,2023,60.0,100,0.99,False,False,False,False,False,False
2796,S1,3,Desarrollo de Software,mixto,Si,alto,Si,Si,4,alto,2023,38.0,100,0.99,False,False,True,True,True,True
2796,S1,3,Desarrollo de Software,mixto,Si,alto,Si,Si,4,alto,2023,38.0,100,0.99,False,False,True,True,True,True
2796,S1,3,Desarrollo de Software,mixto,Si,alto,Si,Si,4,alto,2023,48.0,100,0.99,False,False,True,True,True,True
2796,S1,3,Desarrollo de Software,mixto,Si,alto,Si,Si,4,alto,2023,34.0,100,0.99,False,False,True,True,True,True
2796,S1,3,Desarrollo de Software,mixto,Si,alto,Si,Si,4,alto,2023,41.0,100,0.99,False,False,False,False,False,False
2796,S1,3,Desarrollo de Software,mixto,Si,alto,Si,Si,4,alto,2023,42.0,100,0.99,False,False,False,False,False,False
2796,S1,3,Desarrollo de Software,mixto,Si,alto,Si,Si,4,alto,2023,42.0,100,0.99,False,False,True,False,False,False
2796,S1,3,Desarrollo de Software,mixto,Si,alto,Si,Si,4,alto,2023,48.0,100,0.99,False,False,False,True,True,True
2796,S1,3,Desarrollo de Software,mixto,Si,alto,Si,Si,4,alto,2023,54.0,100,0.99,False,False,False,False,False,False
2796,S1,3,Desarrollo de Software,mixto,Si,alto,Si,Si,4,alto,2022,37.0,100,0.99,False,False,True,True,True,True
2796,S1,3,Desarrollo de Software,mixto,Si,alto,Si,Si,4,alto,2022,65.0,100,0.99,False,False,False,False,False,False
2796,S1,3,Desarrollo de Software,mixto,Si,alto,Si,Si,4,alto,2023,43.0,100,0.99,False,False,False,True,True,True
2796,S1,3,Desarrollo de Software,mixto,Si,alto,Si,Si,4,alto,2023,36.0,100,0.99,False,False,False,True,True,True
2796,S1,3,Desarrollo de Software,mixto,Si,alto,Si,Si,4,alto,2023,33.0,100,0.99,False,False,True,True,True,True
2796,S1,3,Desarrollo de Software,mixto,Si,alto,Si,Si,4,alto,2022,41.0,100,0.99,False,False,False,True,True,True
2796,S1,3,Desarrollo de Software,mixto,Si,alto,Si,Si,4,alto,2022,46.0,100,0.99,False,False,False,False,False,False
2796,S1,3,Desarrollo de Software,mixto,Si,alto,Si,Si,4,alto,2022,52.0,100,0.99,False,False,True,False,False,False
2796,S1,3,Desarrollo de Software,mixto,Si,alto,Si,Si,4,alto,2023,40.0,100,0.99,False,False,False,False,False,False
2796,S1,3,Desarrollo de Software,mixto,Si,alto,Si,Si,4,alto,2023,36.0,100,0.99,False,False,False,False,False,False
2796,S1,3,Desarrollo de Software,mixto,Si,alto,Si,Si,4,alto,2023,54.0,100,0.99,False,False,False,True,True,True
2796,S1,3,Desarrollo de Software,mixto,Si,alto,Si,Si,4,alto,2023,36.0,100,0.99,False,False,True,False,False,False
2796,S1,3,Desarrollo de Software,mixto,Si,alto,Si,Si,4,alto,2023,42.0,100,0.99,False,False,False,False,False,False
2796,S1,3,Desarrollo de Software,mixto,Si,alto,Si,Si,4,alto,2023,54.0,100,0.99,False,False,True,True,True,True
2796,S1,3,Desarrollo de Software,mixto,Si,alto,Si,Si,4,alto,2023,49.0,100,0.99,False,False,True,True,True,True
2796,S1,3,Desarrollo de Software,mixto,Si,alto,Si,Si,4,alto,2023,42.0,100,0.99,False,False,True,True,True,True
2796,S1,3,Desarrollo de Software,mixto,Si,alto,Si,Si,4,alto,2023,62.0,100,0.99,False,False,False,False,False,False
2796,S1,3,Desarrollo de Software,mixto,Si,alto,Si,Si,4,alto,2023,54.0,100,0.99,False,False,False,False,False,False
2796,S1,3,Desarrollo de Software,mixto,Si,alto,Si,Si,4,alto,2023,53.0,100,0.99,False,False,False,False,False,False
2796,S1,3,Desarrollo de Software,mixto,Si,alto,Si,Si,4,alto,2022,,100,0.99,False,False,False,False,False,False
2796,S1,3,Desarrollo de Software,mixto,Si,alto,Si,Si,4,alto,2023,46.0,100,0.99,False,False,True,True,True,True
2796,S1,3,Desarrollo de Software,mixto,Si,alto,Si,Si,4,alto,2023,38.0,100,0.99,False,False,False,True,True,True
2796,S1,3,Desarrollo de Software,mixto,Si,alto,Si,Si,4,alto,2022,48.0,100,0.99,False,False,False,True,True,True
2796,S1,3,Desarrollo de Software,mixto,Si,alto,Si,Si,4,alto,2023,38.0,100,0.99,False,False,False,False,False,False
2796,S1,3,Desarrollo de Software,mixto,Si,alto,Si,Si,4,alto,2023,39.0,100,0.99,False,False,False,True,True,True
2796,S1,3,Desarrollo de Software,mixto,Si,alto,Si,Si,4,alto,2023,62.0,100,0.99,False,False,False,False,False,False
2796,S1,3,Desarrollo de Software,mixto,Si,alto,Si,Si,4,alto,2023,34.0,100,0.99,False,False,True,False,False,False
2796,S1,3,Desarrollo de Software,mixto,Si,alto,Si,Si,4,alto,2023,36.0,100,0.99,False,False,False,True,True,True
2797,S1,3,Metodologia de Sistemas,mixto,No,medio,Si,Si,3,medio,2023,50.0,60,0.8,False,False,False,False,False,False
2797,S1,3,Metodologia de Sistemas,mixto,No,medio,Si,Si,3,medio,2023,40.0,60,0.8,False,False,True,False,False,False
2797,S1,3,Metodologia de Sistemas,mixto,No,medio,Si,Si,3,medio,2023,40.0,60,0.8,False,False,False,False,False,False
2797,S1,3,Metodologia de Sistemas,mixto,No,medio,Si,Si,3,medio,2023,60.0,60,0.8,False,False,False,False,False,False
2797,S1,3,Metodologia de Sistemas,mixto,No,medio,Si,Si,3,medio,2023,53.0,60,0.8,False,False,False,False,False,False
2797,S1,3,Metodologia de Sistemas,mixto,No,medio,Si,Si,3,medio,2023,46.0,60,0.8,False,False,False,False,False,False
2797,S1,3,Metodologia de Sistemas,mixto,No,medio,Si,Si,3,medio,2023,38.0,60,0.8,False,False,False,False,False,False
2797,S1,3,Metodologia de Sistemas,mixto,No,medio,Si,Si,3,medio,2023,43.0,60,0.8,False,False,False,False,False,False
2797,S1,3,Metodologia de Sistemas,mixto,No,medio,Si,Si,3,medio,2023,60.0,60,0.8,False,False,False,False,False,False
2797,S1,3,Metodologia de Sistemas,mixto,No,medio,Si,Si,3,medio,2023,45.0,60,0.8,False,False,False,False,False,False
2797,S1,3,Metodologia de Sistemas,mixto,No,medio,Si,Si,3,medio,2023,40.0,60,0.8,False,False,True,False,False,False
2797,S1,3,Metodologia de Sistemas,mixto,No,medio,Si,Si,3,medio,2023,39.0,60,0.8,False,False,False,False,False,False
2797,S1,3,Metodologia de Sistemas,mixto,No,medio,Si,Si,3,medio,2023,46.0,60,0.8,False,False,True,False,False,False
2797,S1,3,Metodologia de Sistemas,mixto,No,medio,Si,Si,3,medio,2023,49.0,60,0.8,False,False,True,False,False,False
2797,S1,3,Metodologia de Sistemas,mixto,No,medio,Si,Si,3,medio,2023,49.0,60,0.8,False,False,False,False,False,False
2797,S1,3,Metodologia de Sistemas,mixto,No,medio,Si,Si,3,medio,2023,54.0,60,0.8,False,False,False,False,False,False
2797,S1,3,Metodologia de Sistemas,mixto,No,medio,Si,Si,3,medio,2023,36.0,60,0.8,False,False,False,False,False,False
2797,S1,3,Metodologia de Sistemas,mixto,No,medio,Si,Si,3,medio,2023,43.0,60,0.8,False,False,False,True,True,True
2797,S1,3,Metodologia de Sistemas,mixto,No,medio,Si,Si,3,medio,2023,65.0,60,0.8,False,False,False,False,False,False
2797,S1,3,Metodologia de Sistemas,mixto,No,medio,Si,Si,3,medio,2023,50.0,60,0.8,False,False,False,True,True,True
2797,S1,3,Metodologia de Sistemas,mixto,No,medio,Si,Si,3,medio,2023,46.0,60,0.8,False,False,False,False,False,False
2797,S1,3,Metodologia de Sistemas,mixto,No,medio,Si,Si,3,medio,2023,53.0,60,0.8,False,False,False,True,True,True
2797,S1,3,Metodologia de Sistemas,mixto,No,medio,Si,Si,3,medio,2023,51.0,60,0.8,False,False,False,False,False,False
2797,S1,3,Metodologia de Sistemas,mixto,No,medio,Si,Si,3,medio,2023,38.0,60,0.8,False,False,False,False,False,False
2797,S1,3,Metodologia de Sistemas,mixto,No,medio,Si,Si,3,medio,2023,39.0,60,0.8,False,False,True,False,False,False
2797,S1,3,Metodologia de Sistemas,mixto,No,medio,Si,Si,3,medio,2023,65.0,60,0.8,False,False,False,False,False,False
2797,S1,3,Metodologia de Sistemas,mixto,No,medio,Si,Si,3,medio,2023,44.0,60,0.8,False,False,False,False,False,False
2797,S1,3,Metodologia de Sistemas,mixto,No,medio,Si,Si,3,medio,2023,51.0,60,0.8,False,False,True,True,True,True
2797,S1,3,Metodologia de Sistemas,mixto,No,medio,Si,Si,3,medio,2023,65.0,60,0.8,False,False,False,False,False,False
2797,S1,3,Metodologia de Sistemas,mixto,No,medio,Si,Si,3,medio,2023,62.0,60,0.8,False,False,False,False,False,False
2797,S1,3,Metodologia de Sistemas,mixto,No,medio,Si,Si,3,medio,2023,44.0,60,0.8,False,False,False,False,False,False
2797,S1,3,Metodologia de Sistemas,mixto,No,medio,Si,Si,3,medio,2023,53.0,60,0.8,False,False,False,True,True,True
2797,S1,3,Metodologia de Sistemas,mixto,No,medio,Si,Si,3,medio,2023,55.0,60,0.8,False,False,True,False,False,False
2797,S1,3,Metodologia de Sistemas,mixto,No,medio,Si,Si,3,medio,2023,42.0,60,0.8,False,False,True,True,True,True
2797,S1,3,Metodologia de Sistemas,mixto,No,medio,Si,Si,3,medio,2023,41.0,60,0.8,False,False,False,False,False,False
2797,S1,3,Metodologia de Sistemas,mixto,No,medio,Si,Si,3,medio,2023,38.0,60,0.8,False,False,False,True,True,True
2797,S1,3,Metodologia de Sistemas,mixto,No,medio,Si,Si,3,medio,2023,39.0,60,0.8,False,False,False,True,True,True
2797,S1,3,Metodologia de Sistemas,mixto,No,medio,Si,Si,3,medio,2023,44.0,60,0.8,False,False,False,True,True,True
2797,S1,3,Metodologia de Sistemas,mixto,No,medio,Si,Si,3,medio,2023,48.0,60,0.8,False,False,True,True,True,True
2797,S1,3,Metodologia de Sistemas,mixto,No,medio,Si,Si,3,medio,2023,53.0,60,0.8,False,False,False,False,False,False
2797,S1,3,Metodologia de Sistemas,mixto,No,medio,Si,Si,3,medio,2023,43.0,60,0.8,False,False,True,True,True,True
2797,S1,3,Metodologia de Sistemas,mixto,No,medio,Si,Si,3,medio,2023,42.0,60,0.8,False,False,False,False,False,False
2797,S1,3,Metodologia de Sistemas,mixto,No,medio,Si,Si,3,medio,2023,44.0,60,0.8,False,False,False,False,False,False
2797,S1,3,Metodologia de Sistemas,mixto,No,medio,Si,Si,3,medio,2023,44.0,60,0.8,False,False,True,True,True,True
2797,S1,3,Metodologia de Sistemas,mixto,No,medio,Si,Si,3,medio,2023,62.0,60,0.8,False,False,False,False,False,False
2797,S1,3,Metodologia de Sistemas,mixto,No,medio,Si,Si,3,medio,2023,62.0,60,0.8,False,False,False,False,False,False
2800,S1,4,Desarrollo de Software,mixto,Si,alto,Si,Si,5,alto,2023,31.0,30,0.7,False,False,True,True,True,True
2800,S1,4,Desarrollo de Software,mixto,Si,alto,Si,Si,5,alto,2023,46.0,30,0.7,False,False,False,False,False,False
2800,S1,4,Desarrollo de Software,mixto,Si,alto,Si,Si,5,alto,2022,60.0,30,0.7,False,False,False,False,False,False
2800,S1,4,Desarrollo de Software,mixto,Si,alto,Si,Si,5,alto,2023,51.0,30,0.7,False,False,True,False,False,False
2800,S1,4,Desarrollo de Software,mixto,Si,alto,Si,Si,5,alto,2022,58.0,30,0.7,False,False,False,True,True,True
2800,S1,4,Desarrollo de Software,mixto,Si,alto,Si,Si,5,alto,2023,32.0,30,0.7,False,False,False,True,True,True
2800,S1,4,Desarrollo de Software,mixto,Si,alto,Si,Si,5,alto,2023,51.0,30,0.7,False,False,True,False,False,False
2800,S1,4,Desarrollo de Software,mixto,Si,alto,Si,Si,5,alto,2022,37.0,30,0.7,False,False,False,False,False,False
2800,S1,4,Desarrollo de Software,mixto,Si,alto,Si,Si,5,alto,2022,40.0,30,0.7,False,False,False,False,False,False
2800,S1,4,Desarrollo de Software,mixto,Si,alto,Si,Si,5,alto,2023,40.0,30,0.7,False,False,False,False,False,False
2800,S1,4,Desarrollo de Software,mixto,Si,alto,Si,Si,5,alto,2022,53.0,30,0.7,False,False,True,True,True,True
2800,S1,4,Desarrollo de Software,mixto,Si,alto,Si,Si,5,alto,2022,54.0,30,0.7,False,False,False,True,True,True
2800,S1,4,Desarrollo de Software,mixto,Si,alto,Si,Si,5,alto,2022,51.0,30,0.7,False,False,False,False,False,False
2800,S1,4,Desarrollo de Software,mixto,Si,alto,Si,Si,5,alto,2022,,30,0.7,False,False,False,False,False,False
2800,S1,4,Desarrollo de Software,mixto,Si,alto,Si,Si,5,alto,2023,34.0,30,0.7,False,False,True,False,False,False
2800,S1,4,Desarrollo de Software,mixto,Si,alto,Si,Si,5,alto,2023,51.0,30,0.7,False,False,False,False,False,False
2800,S1,4,Desarrollo de Software,mixto,Si,alto,Si,Si,5,alto,2023,43.0,30,0.7,False,False,True,True,True,True
2800,S1,4,Desarrollo de Software,mixto,Si,alto,Si,Si,5,alto,2023,33.0,30,0.7,False,False,True,True,True,True
2800,S1,4,Desarrollo de Software,mixto,Si,alto,Si,Si,5,alto,2023,54.0,30,0.7,False,False,False,False,False,False
2800,S1,4,Desarrollo de Software,mixto,Si,alto,Si,Si,5,alto,2023,36.0,30,0.7,False,False,False,False,False,False
2802,S1,5,Metodologia de Sistemas,mixto,No,medio,Si,Si,2,medio,2021,61.0,45,0.5777777777777777,False,False,False,False,False,False
2802,S1,5,Metodologia de Sistemas,mixto,No,medio,Si,Si,2,medio,2022,42.0,45,0.5777777777777777,False,False,True,False,False,False
2802,S1,5,Metodologia de Sistemas,mixto,No,medio,Si,Si,2,medio,2022,54.0,45,0.5777777777777777,False,False,False,False,False,False
2802,S1,5,Metodologia de Sistemas,mixto,No,medio,Si,Si,2,medio,2022,47.0,45,0.5777777777777777,False,False,False,True,True,True
2802,S1,5,Metodologia de Sistemas,mixto,No,medio,Si,Si,2,medio,2022,48.0,45,0.5777777777777777,False,False,True,False,False,False
2802,S1,5,Metodologia de Sistemas,mixto,No,medio,Si,Si,2,medio,2021,37.0,45,0.5777777777777777,False,False,False,False,False,False
2802,S1,5,Metodologia de Sistemas,mixto,No,medio,Si,Si,2,medio,2022,42.0,45,0.5777777777777777,False,False,False,True,True,True
2802,S1,5,Metodologia de Sistemas,mixto,No,medio,Si,Si,2,medio,2022,42.0,45,0.5777777777777777,False,False,False,False,False,False
2802,S1,5,Metodologia de Sistemas,mixto,No,medio,Si,Si,2,medio,2022,39.0,45,0.5777777777777777,False,False,False,False,False,False
2802,S1,5,Metodologia de Sistemas,mixto,No,medio,Si,Si,2,medio,2022,55.0,45,0.5777777777777777,False,False,False,False,False,False
2802,S1,5,Metodologia de Sistemas,mixto,No,medio,Si,Si,2,medio,2022,46.0,45,0.5777777777777777,False,False,True,True,True,True
2802,S1,5,Metodologia de Sistemas,mixto,No,medio,Si,Si,2,medio,2021,40.0,45,0.5777777777777777,False,False,False,False,False,False
2802,S1,5,Metodologia de Sistemas,mixto,No,medio,Si,Si,2,medio,2022,47.0,45,0.5777777777777777,False,False,False,False,False,False
2802,S1,5,Metodologia de Sistemas,mixto,No,medio,Si,Si,2,medio,2022,35.0,45,0.5777777777777777,False,False,False,True,True,True
2802,S1,5,Metodologia de Sistemas,mixto,No,medio,Si,Si,2,medio,2022,53.0,45,0.5777777777777777,False,False,False,False,False,False
2802,S1,5,Metodologia de Sistemas,mixto,No,medio,Si,Si,2,medio,2022,53.0,45,0.5777777777777777,False,False,False,True,True,True
2802,S1,5,Metodologia de Sistemas,mixto,No,medio,Si,Si,2,medio,2022,49.0,45,0.5777777777777777,False,False,False,False,False,False
2802,S1,5,Metodologia de Sistemas,mixto,No,medio,Si,Si,2,medio,2022,68.0,45,0.5777777777777777,False,False,False,False,False,False
2802,S1,5,Metodologia de Sistemas,mixto,No,medio,Si,Si,2,medio,2022,39.0,45,0.5777777777777777,False,False,False,True,True,True
2802,S1,5,Metodologia de Sistemas,mixto,No,medio,Si,Si,2,medio,2022,46.0,45,0.5777777777777777,False,False,True,False,False,False
2802,S1,5,Metodologia de Sistemas,mixto,No,medio,Si,Si,2,medio,2021,42.0,45,0.5777777777777777,False,False,False,False,False,False
2802,S1,5,Metodologia de Sistemas,mixto,No,medio,Si,Si,2,medio,2022,53.0,45,0.5777777777777777,False,False,False,False,False,False
2802,S1,5,Metodologia de Sistemas,mixto,No,medio,Si,Si,2,medio,2022,33.0,45,0.5777777777777777,False,False,True,True,True,True
2802,S1,5,Metodologia de Sistemas,mixto,No,medio,Si,Si,2,medio,2021,50.0,45,0.5777777777777777,False,False,False,False,False,False
2802,S1,5,Metodologia de Sistemas,mixto,No,medio,Si,Si,2,medio,2022,64.0,45,0.5777777777777777,False,False,False,False,False,False
2803,S1,5,Ciencias de la Computacion,mixto,Si,alto,Si,Si,5,alto,2022,42.0,20,0.75,False,False,True,False,False,False
2803,S1,5,Ciencias de la Computacion,mixto,Si,alto,Si,Si,5,alto,2022,45.0,20,0.75,False,False,True,False,False,False
2803,S1,5,Ciencias de la Computacion,mixto,Si,alto,Si,Si,5,alto,2022,53.0,20,0.75,False,False,False,False,False,False
2803,S1,5,Ciencias de la Computacion,mixto,Si,alto,Si,Si,5,alto,2022,42.0,20,0.75,False,False,False,False,False,False
2803,S1,5,Ciencias de la Computacion,mixto,Si,alto,Si,Si,5,alto,2022,47.0,20,0.75,False,False,False,False,False,False
2803,S1,5,Ciencias de la Computacion,mixto,Si,alto,Si,Si,5,alto,2022,35.0,20,0.75,False,False,True,True,True,True
2803,S1,5,Ciencias de la Computacion,mixto,Si,alto,Si,Si,5,alto,2021,60.0,20,0.75,False,False,False,False,False,False
2803,S1,5,Ciencias de la Computacion,mixto,Si,alto,Si,Si,5,alto,2021,,20,0.75,False,False,False,False,False,False
2803,S1,5,Ciencias de la Computacion,mixto,Si,alto,Si,Si,5,alto,2022,44.0,20,0.75,False,False,False,False,False,False
2803,S1,5,Ciencias de la Computacion,mixto,Si,alto,Si,Si,5,alto,2022,46.0,20,0.75,False,False,True,True,True,True
2803,S1,5,Ciencias de la Computacion,mixto,Si,alto,Si,Si,5,alto,2022,62.0,20,0.75,False,False,False,False,False,False
2803,S1,5,Ciencias de la Computacion,mixto,Si,alto,Si,Si,5,alto,2022,56.0,20,0.75,False,False,False,False,False,False
2803,S1,5,Ciencias de la Computacion,mixto,Si,alto,Si,Si,5,alto,2022,53.0,20,0.75,False,False,True,False,False,False
2804,S1,5,Ciencias de la Computacion,mixto,No,medio,Si,No,0,bajo,2022,51.0,30,0.6,False,False,True,False,False,False
2804,S1,5,Ciencias de la Computacion,mixto,No,medio,Si,No,0,bajo,2022,54.0,30,0.6,False,False,False,True,False,True
2804,S1,5,Ciencias de la Computacion,mixto,No,medio,Si,No,0,bajo,2022,57.0,30,0.6,False,False,False,True,False,True
2804,S1,5,Ciencias de la Computacion,mixto,No,medio,Si,No,0,bajo,2022,63.0,30,0.6,False,False,False,False,False,False
2804,S1,5,Ciencias de la Computacion,mixto,No,medio,Si,No,0,bajo,2022,43.0,30,0.6,False,False,True,True,False,True
2804,S1,5,Ciencias de la Computacion,mixto,No,medio,Si,No,0,bajo,2022,52.0,30,0.6,False,False,True,True,False,True
2804,S1,5,Ciencias de la Computacion,mixto,No,medio,Si,No,0,bajo,2022,31.0,30,0.6,False,False,True,False,False,False
2804,S1,5,Ciencias de la Computacion,mixto,No,medio,Si,No,0,bajo,2021,38.0,30,0.6,False,False,False,False,False,False
2804,S1,5,Ciencias de la Computacion,mixto,No,medio,Si,No,0,bajo,2022,68.0,30,0.6,False,False,False,False,False,False
2804,S1,5,Ciencias de la Computacion,mixto,No,medio,Si,No,0,bajo,2022,57.0,30,0.6,False,False,False,False,False,False
2804,S1,5,Ciencias de la Computacion,mixto,No,medio,Si,No,0,bajo,2022,49.0,30,0.6,False,False,False,False,False,False
2804,S1,5,Ciencias de la Computacion,mixto,No,medio,Si,No,0,bajo,2022,66.0,30,0.6,False,False,False,False,False,False
2804,S1,5,Ciencias de la Computacion,mixto,No,medio,Si,No,0,bajo,2022,51.0,30,0.6,False,False,False,False,False,False
2804,S1,5,Ciencias de la Computacion,mixto,No,medio,Si,No,0,bajo,2021,47.0,30,0.6,False,False,False,True,False,True
2804,S1,5,Ciencias de la Computacion,mixto,No,medio,Si,No,0,bajo,2021,50.0,30,0.6,False,False,False,False,False,False
2804,S1,5,Ciencias de la Computacion,mixto,No,medio,Si,No,0,bajo,2022,42.0,30,0.6,False,False,False,False,False,False
2804,S1,5,Ciencias de la Computacion,mixto,No,medio,Si,No,0,bajo,2022,61.0,30,0.6,False,False,False,False,False,False
2804,S1,5,Ciencias de la Computacion,mixto,No,medio,Si,No,0,bajo,2022,45.0,30,0.6,False,False,False,False,False,False
2805,S1,5,Desarrollo de Software,teorico,No,bajo,Si,Si,3,medio,2021,53.0,30,0.6333333333333333,False,False,False,True,True,True
2805,S1,5,Desarrollo de Software,teorico,No,bajo,Si,Si,3,medio,2021,40.0,30,0.6333333333333333,False,False,True,True,True,True
2805,S1,5,Desarrollo de Software,teorico,No,bajo,Si,Si,3,medio,2022,65.0,30,0.6333333333333333,False,False,False,False,False,False
2805,S1,5,Desarrollo de Software,teorico,No,bajo,Si,Si,3,medio,2021,55.0,30,0.6333333333333333,False,False,True,False,False,False
2805,S1,5,Desarrollo de Software,teorico,No,bajo,Si,Si,3,medio,2022,34.0,30,0.6333333333333333,False,False,False,True,True,True
2805,S1,5,Desarrollo de Software,teorico,No,bajo,Si,Si,3,medio,2022,64.0,30,0.6333333333333333,False,False,False,False,False,False
2805,S1,5,Desarrollo de Software,teorico,No,bajo,Si,Si,3,medio,2022,54.0,30,0.6333333333333333,False,False,False,False,False,False
2805,S1,5,Desarrollo de Software,teorico,No,bajo,Si,Si,3,medio,2022,44.0,30,0.6333333333333333,False,False,True,True,True,True
2805,S1,5,Desarrollo de Software,teorico,No,bajo,Si,Si,3,medio,2022,42.0,30,0.6333333333333333,False,False,False,False,False,False
2805,S1,5,Desarrollo de Software,teorico,No,bajo,Si,Si,3,medio,2022,65.0,30,0.6333333333333333,False,False,False,False,False,False
2805,S1,5,Desarrollo de Software,teorico,No,bajo,Si,Si,3,medio,2022,48.0,30,0.6333333333333333,False,False,False,False,False,False
2805,S1,5,Desarrollo de Software,teorico,No,bajo,Si,Si,3,medio,2022,63.0,30,0.6333333333333333,False,False,False,False,False,False
2805,S1,5,Desarrollo de Software,teorico,No,bajo,Si,Si,3,medio,2022,37.0,30,0.6333333333333333,False,False,True,False,False,False
2805,S1,5,Desarrollo de Software,teorico,No,bajo,Si,Si,3,medio,2022,44.0,30,0.6333333333333333,False,False,False,True,True,True
2805,S1,5,Desarrollo de Software,teorico,No,bajo,Si,Si,3,medio,2021,60.0,30,0.6333333333333333,False,False,False,False,False,False
2805,S1,5,Desarrollo de Software,teorico,No,bajo,Si,Si,3,medio,2022,31.0,30,0.6333333333333333,False,False,False,True,True,True
2805,S1,5,Desarrollo de Software,teorico,No,bajo,Si,Si,3,medio,2021,51.0,30,0.6333333333333333,False,False,False,True,True,True
2805,S1,5,Desarrollo de Software,teorico,No,bajo,Si,Si,3,medio,2022,64.0,30,0.6333333333333333,False,False,False,False,False,False
2807,S1,5,EPS,practico,No,alto,Si,Si,2,medio,2022,34.0,30,0.7333333333333333,False,False,True,True,True,True
2807,S1,5,EPS,practico,No,alto,Si,Si,2,medio,2021,51.0,30,0.7333333333333333,False,False,False,True,True,True
2807,S1,5,EPS,practico,No,alto,Si,Si,2,medio,2022,40.0,30,0.7333333333333333,False,False,True,False,False,False
2807,S1,5,EPS,practico,No,alto,Si,Si,2,medio,2022,49.0,30,0.7333333333333333,False,False,True,False,False,False
2807,S1,5,EPS,practico,No,alto,Si,Si,2,medio,2021,46.0,30,0.7333333333333333,False,False,False,True,True,True
2807,S1,5,EPS,practico,No,alto,Si,Si,2,medio,2021,58.0,30,0.7333333333333333,False,False,False,False,False,False
2807,S1,5,EPS,practico,No,alto,Si,Si,2,medio,2022,43.0,30,0.7333333333333333,False,False,False,False,False,False
2807,S1,5,EPS,practico,No,alto,Si,Si,2,medio,2022,36.0,30,0.7333333333333333,False,False,False,False,False,False
2807,S1,5,EPS,practico,No,alto,Si,Si,2,medio,2021,36.0,30,0.7333333333333333,False,False,False,False,False,False
2807,S1,5,EPS,practico,No,alto,Si,Si,2,medio,2022,42.0,30,0.7333333333333333,False,False,False,False,False,False
2807,S1,5,EPS,practico,No,alto,Si,Si,2,medio,2022,45.0,30,0.7333333333333333,False,False,False,False,False,False
2807,S1,5,EPS,practico,No,alto,Si,Si,2,medio,2022,41.0,30,0.7333333333333333,False,False,True,False,False,False
2807,S1,5,EPS,practico,No,alto,Si,Si,2,medio,2022,44.0,30,0.7333333333333333,False,False,False,False,False,False
2807,S1,5,EPS,practico,No,alto,Si,Si,2,medio,2022,41.0,30,0.7333333333333333,False,False,False,False,False,False
2807,S1,5,EPS,practico,No,alto,Si,Si,2,medio,2022,53.0,30,0.7333333333333333,False,False,False,False,False,False
2807,S1,5,EPS,practico,No,alto,Si,Si,2,medio,2021,31.0,30,0.7333333333333333,False,False,False,True,True,True
2807,S1,5,EPS,practico,No,alto,Si,Si,2,medio,2022,48.0,30,0.7333333333333333,False,False,False,False,False,False
2807,S1,5,EPS,practico,No,alto,Si,Si,2,medio,2022,41.0,30,0.7333333333333333,False,False,False,True,True,True
2807,S1,5,EPS,practico,No,alto,Si,Si,2,medio,2022,59.0,30,0.7333333333333333,False,False,False,False,False,False
2813,S1,7,Metodologia de Sistemas,mixto,No,medio,Si,Si,4,alto,2020,42.0,45,0.6222222222222222,False,False,False,False,False,False
2813,S1,7,Metodologia de Sistemas,mixto,No,medio,Si,Si,4,alto,2020,68.0,45,0.6222222222222222,False,False,False,False,False,False
2813,S1,7,Metodologia de Sistemas,mixto,No,medio,Si,Si,4,alto,2020,51.0,45,0.6222222222222222,False,False,False,True,True,True
2813,S1,7,Metodologia de Sistemas,mixto,No,medio,Si,Si,4,alto,2020,45.0,45,0.6222222222222222,False,False,False,False,False,False
2813,S1,7,Metodologia de Sistemas,mixto,No,medio,Si,Si,4,alto,2021,39.0,45,0.6222222222222222,False,False,False,False,False,False
2813,S1,7,Metodologia de Sistemas,mixto,No,medio,Si,Si,4,alto,2020,59.0,45,0.6222222222222222,False,False,False,False,False,False
2813,S1,7,Metodologia de Sistemas,mixto,No,medio,Si,Si,4,alto,2020,67.0,45,0.6222222222222222,False,False,False,False,False,False
2813,S1,7,Metodologia de Sistemas,mixto,No,medio,Si,Si,4,alto,2020,61.0,45,0.6222222222222222,False,False,False,False,False,False
2813,S1,7,Metodologia de Sistemas,mixto,No,medio,Si,Si,4,alto,2020,66.0,45,0.6222222222222222,False,False,False,False,False,False
2813,S1,7,Metodologia de Sistemas,mixto,No,medio,Si,Si,4,alto,2021,41.0,45,0.6222222222222222,False,False,True,False,False,False
2813,S1,7,Metodologia de Sistemas,mixto,No,medio,Si,Si,4,alto,2019,35.0,45,0.6222222222222222,False,False,True,False,False,False
2813,S1,7,Metodologia de Sistemas,mixto,No,medio,Si,Si,4,alto,2020,56.0,45,0.6222222222222222,False,False,False,False,False,False
2813,S1,7,Metodologia de Sistemas,mixto,No,medio,Si,Si,4,alto,2020,46.0,45,0.6222222222222222,False,False,False,False,False,False
2813,S1,7,Metodologia de Sistemas,mixto,No,medio,Si,Si,4,alto,2020,40.0,45,0.6222222222222222,False,False,False,True,True,True
2813,S1,7,Metodologia de Sistemas,mixto,No,medio,Si,Si,4,alto,2020,58.0,45,0.6222222222222222,False,False,False,False,False,False
2813,S1,7,Metodologia de Sistemas,mixto,No,medio,Si,Si,4,alto,2021,66.0,45,0.6222222222222222,False,False,False,False,False,False
2813,S1,7,Metodologia de Sistemas,mixto,No,medio,Si,Si,4,alto,2021,50.0,45,0.6222222222222222,False,False,True,True,True,True
2813,S1,7,Metodologia de Sistemas,mixto,No,medio,Si,Si,4,alto,2021,43.0,45,0.6222222222222222,False,False,False,False,False,False
2813,S1,7,Metodologia de Sistemas,mixto,No,medio,Si,Si,4,alto,2021,52.0,45,0.6222222222222222,False,False,False,True,True,True
2813,S1,7,Metodologia de Sistemas,mixto,No,medio,Si,Si,4,alto,2020,47.0,45,0.6222222222222222,False,False,False,False,False,False
2813,S1,7,Metodologia de Sistemas,mixto,No,medio,Si,Si,4,alto,2020,40.0,45,0.6222222222222222,False,False,True,False,False,False
2813,S1,7,Metodologia de Sistemas,mixto,No,medio,Si,Si,4,alto,2020,39.0,45,0.6222222222222222,False,False,True,True,True,True
2813,S1,7,Metodologia de Sistemas,mixto,No,medio,Si,Si,4,alto,2020,40.0,45,0.6222222222222222,False,False,True,True,True,True
2813,S1,7,Metodologia de Sistemas,mixto,No,medio,Si,Si,4,alto,2019,38.0,45,0.6222222222222222,False,False,True,True,True,True
2813,S1,7,Metodologia de Sistemas,mixto,No,medio,Si,Si,4,alto,2020,44.0,45,0.6222222222222222,False,False,False,False,False,False
2813,S1,7,Metodologia de Sistemas,mixto,No,medio,Si,Si,4,alto,2019,48.0,45,0.6222222222222222,False,False,False,False,False,False
2814,S1,7,Ciencias de la Computacion,mixto,No,medio,Si,Si,2,medio,2020,45.0,45,0.6,False,False,False,True,True,True
2814,S1,7,Ciencias de la Computacion,mixto,No,medio,Si,Si,2,medio,2020,63.0,45,0.6,False,False,False,False,False,False
2814,S1,7,Ciencias de la Computacion,mixto,No,medio,Si,Si,2,medio,2021,42.0,45,0.6,False,False,True,False,False,False
2814,S1,7,Ciencias de la Computacion,mixto,No,medio,Si,Si,2,medio,2020,33.0,45,0.6,False,False,False,True,True,True
2814,S1,7,Ciencias de la Computacion,mixto,No,medio,Si,Si,2,medio,2020,51.0,45,0.6,False,False,False,False,False,False
2814,S1,7,Ciencias de la Computacion,mixto,No,medio,Si,Si,2,medio,2020,60.0,45,0.6,False,False,False,False,False,False
2814,S1,7,Ciencias de la Computacion,mixto,No,medio,Si,Si,2,medio,2020,34.0,45,0.6,False,False,False,True,True,True
2814,S1,7,Ciencias de la Computacion,mixto,No,medio,Si,Si,2,medio,2020,54.0,45,0.6,False,False,False,False,False,False
2814,S1,7,Ciencias de la Computacion,mixto,No,medio,Si,Si,2,medio,2020,42.0,45,0.6,False,False,False,False,False,False
2814,S1,7,Ciencias de la Computacion,mixto,No,medio,Si,Si,2,medio,2020,38.0,45,0.6,False,False,False,False,False,False
2814,S1,7,Ciencias de la Computacion,mixto,No,medio,Si,Si,2,medio,2019,53.0,45,0.6,False,False,True,True,True,True
2814,S1,7,Ciencias de la Computacion,mixto,No,medio,Si,Si,2,medio,2020,50.0,45,0.6,False,False,False,False,False,False
2814,S1,7,Ciencias de la Computacion,mixto,No,medio,Si,Si,2,medio,2021,37.0,45,0.6,False,False,False,False,False,False
2814,S1,7,Ciencias de la Computacion,mixto,No,medio,Si,Si,2,medio,2021,64.0,45,0.6,False,False,False,False,False,False
2814,S1,7,Ciencias de la Computacion,mixto,No,medio,Si,Si,2,medio,2020,36.0,45,0.6,False,False,True,True,True,True
2814,S1,7,Ciencias de la Computacion,mixto,No,medio,Si,Si,2,medio,2020,39.0,45,0.6,False,False,True,False,False,False
2814,S1,7,Ciencias de la Computacion,mixto,No,medio,Si,Si,2,medio,2020,44.0,45,0.6,False,False,False,True,True,True
2814,S1,7,Ciencias de la Computacion,mixto,No,medio,Si,Si,2,medio,2021,32.0,45,0.6,False,False,False,True,True,True
2814,S1,7,Ciencias de la Computacion,mixto,No,medio,Si,Si,2,medio,2020,44.0,45,0.6,False,False,False,True,True,True
2814,S1,7,Ciencias de la Computacion,mixto,No,medio,Si,Si,2,medio,2021,47.0,45,0.6,False,False,False,False,False,False
2814,S1,7,Ciencias de la Computacion,mixto,No,medio,Si,Si,2,medio,2020,53.0,45,0.6,False,False,True,True,True,True
2814,S1,7,Ciencias de la Computacion,mixto,No,medio,Si,Si,2,medio,2020,44.0,45,0.6,False,False,False,False,False,False
2814,S1,7,Ciencias de la Computacion,mixto,No,medio,Si,Si,2,medio,2020,39.0,45,0.6,False,False,False,True,True,True
2814,S1,7,Ciencias de la Computacion,mixto,No,medio,Si,Si,2,medio,2021,50.0,45,0.6,False,False,True,False,False,False
2814,S1,7,Ciencias de la Computacion,mixto,No,medio,Si,Si,2,medio,2019,41.0,45,0.6,False,False,False,False,False,False
2814,S1,7,Ciencias de la Computacion,mixto,No,medio,Si,Si,2,medio,2020,57.0,45,0.6,False,False,False,False,False,False
2815,S1,7,Ciencias de la Computacion,mixto,No,medio,Si,No,0,bajo,2021,31.0,20,0.65,False,False,True,False,False,False
2815,S1,7,Ciencias de la Computacion,mixto,No,medio,Si,No,0,bajo,2020,39.0,20,0.65,False,False,True,True,False,True
2815,S1,7,Ciencias de la Computacion,mixto,No,medio,Si,No,0,bajo,2020,51.0,20,0.65,False,False,False,False,False,False
2815,S1,7,Ciencias de la Computacion,mixto,No,medio,Si,No,0,bajo,2019,39.0,20,0.65,False,False,False,True,False,True
2815,S1,7,Ciencias de la Computacion,mixto,No,medio,Si,No,0,bajo,2020,40.0,20,0.65,False,False,False,False,False,False
2815,S1,7,Ciencias de la Computacion,mixto,No,medio,Si,No,0,bajo,2020,46.0,20,0.65,False,False,False,False,False,False
2815,S1,7,Ciencias de la Computacion,mixto,No,medio,Si,No,0,bajo,2020,67.0,20,0.65,False,False,False,False,False,False
2815,S1,7,Ciencias de la Computacion,mixto,No,medio,Si,No,0,bajo,2021,47.0,20,0.65,False,False,True,False,False,False
2815,S1,7,Ciencias de la Computacion,mixto,No,medio,Si,No,0,bajo,2021,62.0,20,0.65,False,False,False,False,False,False
2815,S1,7,Ciencias de la Computacion,mixto,No,medio,Si,No,0,bajo,2020,63.0,20,0.65,False,False,False,False,False,False
2815,S1,7,Ciencias de la Computacion,mixto,No,medio,Si,No,0,bajo,2021,41.0,20,0.65,False,False,False,False,False,False
2815,S1,7,Ciencias de la Computacion,mixto,No,medio,Si,No,0,bajo,2020,41.0,20,0.65,False,False,False,False,False,False
2815,S1,7,Ciencias de la Computacion,mixto,No,medio,Si,No,0,bajo,2020,33.0,20,0.65,False,False,False,True,False,True
2816,S1,7,Ciencias de la Computacion,mixto,Si,alto,Si,No,1,medio,2021,42.0,45,0.6,False,False,True,True,True,True
2816,S1,7,Ciencias de la Computacion,mixto,Si,alto,Si,No,1,medio,2020,31.0,45,0.6,False,False,False,True,True,True
2816,S1,7,Ciencias de la Computacion,mixto,Si,alto,Si,No,1,medio,2020,35.0,45,0.6,False,False,True,True,True,True
2816,S1,7,Ciencias de la Computacion,mixto,Si,alto,Si,No,1,medio,2020,38.0,45,0.6,False,False,False,False,False,False
2816,S1,7,Ciencias de la Computacion,mixto,Si,alto,Si,No,1,medio,2020,43.0,45,0.6,False,False,True,False,False,False
2816,S1,7,Ciencias de la Computacion,mixto,Si,alto,Si,No,1,medio,2020,52.0,45,0.6,False,False,False,False,False,False
2816,S1,7,Ciencias de la Computacion,mixto,Si,alto,Si,No,1,medio,2020,34.0,45,0.6,False,False,True,False,False,False
2816,S1,7,Ciencias de la Computacion,mixto,Si,alto,Si,No,1,medio,2020,40.0,45,0.6,False,False,True,False,False,False
2816,S1,7,Ciencias de la Computacion,mixto,Si,alto,Si,No,1,medio,2021,40.0,45,0.6,False,False,False,True,True,True
2816,S1,7,Ciencias de la Computacion,mixto,Si,alto,Si,No,1,medio,2020,36.0,45,0.6,False,False,False,False,False,False
2816,S1,7,Ciencias de la Computacion,mixto,Si,alto,Si,No,1,medio,2020,58.0,45,0.6,False,False,False,False,False,False
2816,S1,7,Ciencias de la Computacion,mixto,Si,alto,Si,No,1,medio,2021,54.0,45,0.6,False,False,False,True,True,True
2816,S1,7,Ciencias de la Computacion,mixto,Si,alto,Si,No,1,medio,2020,56.0,45,0.6,False,False,False,True,True,True
2816,S1,7,Ciencias de la Computacion,mixto,Si,alto,Si,No,1,medio,2020,52.0,45,0.6,False,False,False,False,False,False
2816,S1,7,Ciencias de la Computacion,mixto,Si,alto,Si,No,1,medio,2021,67.0,45,0.6,False,False,False,False,False,False
2816,S1,7,Ciencias de la Computacion,mixto,Si,alto,Si,No,1,medio,2021,53.0,45,0.6,False,False,False,False,False,False
2816,S1,7,Ciencias de la Computacion,mixto,Si,alto,Si,No,1,medio,2020,40.0,45,0.6,False,False,True,True,True,True
2816,S1,7,Ciencias de la Computacion,mixto,Si,alto,Si,No,1,medio,2021,50.0,45,0.6,False,False,True,True,True,True
2816,S1,7,Ciencias de la Computacion,mixto,Si,alto,Si,No,1,medio,2021,65.0,45,0.6,False,False,False,False,False,False
2816,S1,7,Ciencias de la Computacion,mixto,Si,alto,Si,No,1,medio,2020,37.0,45,0.6,False,False,False,False,False,False
2816,S1,7,Ciencias de la Computacion,mixto,Si,alto,Si,No,1,medio,2020,56.0,45,0.6,False,False,False,False,False,False
2816,S1,7,Ciencias de la Computacion,mixto,Si,alto,Si,No,1,medio,2019,60.0,45,0.6,False,False,False,False,False,False
2816,S1,7,Ciencias de la Computacion,mixto,Si,alto,Si,No,1,medio,2020,61.0,45,0.6,False,False,False,False,False,False
2816,S1,7,Ciencias de la Computacion,mixto,Si,alto,Si,No,1,medio,2020,38.0,45,0.6,False,False,True,True,True,True
2817,S1,7,Desarrollo de Software,mixto,No,medio,Si,Si,2,medio,2020,44.0,45,0.6666666666666666,False,False,False,True,True,True
2817,S1,7,Desarrollo de Software,mixto,No,medio,Si,Si,2,medio,2020,37.0,45,0.6666666666666666,False,False,False,False,False,False
2817,S1,7,Desarrollo de Software,mixto,No,medio,Si,Si,2,medio,2020,31.0,45,0.6666666666666666,False,False,True,True,True,True
2817,S1,7,Desarrollo de Software,mixto,No,medio,Si,Si,2,medio,2020,46.0,45,0.6666666666666666,False,False,False,True,True,True
2817,S1,7,Desarrollo de Software,mixto,No,medio,Si,Si,2,medio,2020,46.0,45,0.6666666666666666,False,False,True,True,True,True
2817,S1,7,Desarrollo de Software,mixto,No,medio,Si,Si,2,medio,2020,57.0,45,0.6666666666666666,False,False,False,False,False,False
2817,S1,7,Desarrollo de Software,mixto,No,medio,Si,Si,2,medio,2021,39.0,45,0.6666666666666666,False,False,True,False,False,False
2817,S1,7,Desarrollo de Software,mixto,No,medio,Si,Si,2,medio,2019,50.0,45,0.6666666666666666,False,False,False,True,True,True
2817,S1,7,Desarrollo de Software,mixto,No,medio,Si,Si,2,medio,2020,62.0,45,0.6666666666666666,False,False,False,False,False,False
2817,S1,7,Desarrollo de Software,mixto,No,medio,Si,Si,2,medio,2020,43.0,45,0.6666666666666666,False,False,True,False,False,False
2817,S1,7,Desarrollo de Software,mixto,No,medio,Si,Si,2,medio,2020,58.0,45,0.6666666666666666,False,False,False,False,False,False
2817,S1,7,Desarrollo de Software,mixto,No,medio,Si,Si,2,medio,2021,43.0,45,0.6666666666666666,False,False,False,True,True,True
2817,S1,7,Desarrollo de Software,mixto,No,medio,Si,Si,2,medio,2020,48.0,45,0.6666666666666666,False,False,False,False,False,False
2817,S1,7,Desarrollo de Software,mixto,No,medio,Si,Si,2,medio,2021,37.0,45,0.6666666666666666,False,False,True,True,True,True
2817,S1,7,Desarrollo de Software,mixto,No,medio,Si,Si,2,medio,2019,32.0,45,0.6666666666666666,False,False,True,True,True,True
2817,S1,7,Desarrollo de Software,mixto,No,medio,Si,Si,2,medio,2020,33.0,45,0.6666666666666666,False,False,True,True,True,True
2817,S1,7,Desarrollo de Software,mixto,No,medio,Si,Si,2,medio,2020,65.0,45,0.6666666666666666,False,False,False,False,False,False
2817,S1,7,Desarrollo de Software,mixto,No,medio,Si,Si,2,medio,2020,49.0,45,0.6666666666666666,False,False,False,False,False,False
2817,S1,7,Desarrollo de Software,mixto,No,medio,Si,Si,2,medio,2021,52.0,45,0.6666666666666666,False,False,False,False,False,False
2817,S1,7,Desarrollo de Software,mixto,No,medio,Si,Si,2,medio,2020,62.0,45,0.6666666666666666,False,False,False,False,False,False
2817,S1,7,Desarrollo de Software,mixto,No,medio,Si,Si,2,medio,2021,53.0,45,0.6666666666666666,False,False,False,False,False,False
2817,S1,7,Desarrollo de Software,mixto,No,medio,Si,Si,2,medio,2021,43.0,45,0.6666666666666666,False,False,False,False,False,False
2817,S1,7,Desarrollo de Software,mixto,No,medio,Si,Si,2,medio,2021,40.0,45,0.6666666666666666,False,False,True,True,True,True
2817,S1,7,Desarrollo de Software,mixto,No,medio,Si,Si,2,medio,2020,55.0,45,0.6666666666666666,False,False,False,False,False,False
2817,S1,7,Desarrollo de Software,mixto,No,medio,Si,Si,2,medio,2019,45.0,45,0.6666666666666666,False,False,True,True,True,True
2817,S1,7,Desarrollo de Software,mixto,No,medio,Si,Si,2,medio,2021,32.0,45,0.6666666666666666,False,False,True,False,False,False
2817,S1,7,Desarrollo de Software,mixto,No,medio,Si,Si,2,medio,2019,68.0,45,0.6666666666666666,False,False,False,False,False,False
2817,S1,7,Desarrollo de Software,mixto,No,medio,Si,Si,2,medio,2020,53.0,45,0.6666666666666666,False,False,False,False,False,False
2818,S1,7,EPS,practico,No,alto,Si,No,1,medio,2020,64.0,45,0.6222222222222222,False,False,False,False,False,False
2818,S1,7,EPS,practico,No,alto,Si,No,1,medio,2020,53.0,45,0.6222222222222222,False,False,True,False,False,False
2818,S1,7,EPS,practico,No,alto,Si,No,1,medio,2020,54.0,45,0.6222222222222222,False,False,True,False,False,False
2818,S1,7,EPS,practico,No,alto,Si,No,1,medio,2019,34.0,45,0.6222222222222222,False,False,False,True,True,True
2818,S1,7,EPS,practico,No,alto,Si,No,1,medio,2020,67.0,45,0.6222222222222222,False,False,False,False,False,False
2818,S1,7,EPS,practico,No,alto,Si,No,1,medio,2020,51.0,45,0.6222222222222222,False,False,False,False,False,False
2818,S1,7,EPS,practico,No,alto,Si,No,1,medio,2020,55.0,45,0.6222222222222222,False,False,False,False,False,False
2818,S1,7,EPS,practico,No,alto,Si,No,1,medio,2020,59.0,45,0.6222222222222222,False,False,False,False,False,False
2818,S1,7,EPS,practico,No,alto,Si,No,1,medio,2020,59.0,45,0.6222222222222222,False,False,False,False,False,False
2818,S1,7,EPS,practico,No,alto,Si,No,1,medio,2020,67.0,45,0.6222222222222222,False,False,False,False,False,False
2818,S1,7,EPS,practico,No,alto,Si,No,1,medio,2021,33.0,45,0.6222222222222222,False,False,True,True,True,True
2818,S1,7,EPS,practico,No,alto,Si,No,1,medio,2020,42.0,45,0.6222222222222222,False,False,False,True,True,True
2818,S1,7,EPS,practico,No,alto,Si,No,1,medio,2020,64.0,45,0.6222222222222222,False,False,False,False,False,False
2818,S1,7,EPS,practico,No,alto,Si,No,1,medio,2020,60.0,45,0.6222222222222222,False,False,False,False,False,False
2818,S1,7,EPS,practico,No,alto,Si,No,1,medio,2020,51.0,45,0.6222222222222222,False,False,False,False,False,False
2818,S1,7,EPS,practico,No,alto,Si,No,1,medio,2019,48.0,45,0.6222222222222222,False,False,True,True,True,True
2818,S1,7,EPS,practico,No,alto,Si,No,1,medio,2021,66.0,45,0.6222222222222222,False,False,False,False,False,False
2818,S1,7,EPS,practico,No,alto,Si,No,1,medio,2020,38.0,45,0.6222222222222222,False,False,False,False,False,False
2818,S1,7,EPS,practico,No,alto,Si,No,1,medio,2021,55.0,45,0.6222222222222222,False,False,True,True,True,True
2818,S1,7,EPS,practico,No,alto,Si,No,1,medio,2020,45.0,45,0.6222222222222222,False,False,False,False,False,False
2818,S1,7,EPS,practico,No,alto,Si,No,1,medio,2020,53.0,45,0.6222222222222222,False,False,True,True,True,True
2818,S1,7,EPS,practico,No,alto,Si,No,1,medio,2020,48.0,45,0.6222222222222222,False,False,True,False,False,False
2818,S1,7,EPS,practico,No,alto,Si,No,1,medio,2021,43.0,45,0.6222222222222222,False,False,False,False,False,False
2818,S1,7,EPS,practico,No,alto,Si,No,1,medio,2020,65.0,45,0.6222222222222222,False,False,False,False,False,False
2818,S1,7,EPS,practico,No,alto,Si,No,1,medio,2019,55.0,45,0.6222222222222222,False,False,False,True,True,True
2818,S1,7,EPS,practico,No,alto,Si,No,1,medio,2020,65.0,45,0.6222222222222222,False,False,False,False,False,False
2818,S1,7,EPS,practico,No,alto,Si,No,1,medio,2020,55.0,45,0.6222222222222222,False,False,False,True,True,True
2825,S1,9,Metodologia de Sistemas,mixto,No,medio,Si,No,1,medio,2019,41.0,20,0.75,False,False,False,False,False,False
2825,S1,9,Metodologia de Sistemas,mixto,No,medio,Si,No,1,medio,2016,38.0,20,0.75,False,False,False,True,True,True
2825,S1,9,Metodologia de Sistemas,mixto,No,medio,Si,No,1,medio,2019,50.0,20,0.75,False,False,False,False,False,False
2825,S1,9,Metodologia de Sistemas,mixto,No,medio,Si,No,1,medio,2018,46.0,20,0.75,False,False,True,False,False,False
2825,S1,9,Metodologia de Sistemas,mixto,No,medio,Si,No,1,medio,2019,48.0,20,0.75,False,False,False,False,False,False
2825,S1,9,Metodologia de Sistemas,mixto,No,medio,Si,No,1,medio,2016,48.0,20,0.75,False,False,False,False,False,False
2825,S1,9,Metodologia de Sistemas,mixto,No,medio,Si,No,1,medio,2018,50.0,20,0.75,False,False,True,True,True,True
2825,S1,9,Metodologia de Sistemas,mixto,No,medio,Si,No,1,medio,2018,50.0,20,0.75,False,False,True,True,True,True
2825,S1,9,Metodologia de Sistemas,mixto,No,medio,Si,No,1,medio,2018,31.0,20,0.75,False,False,True,False,False,False
2825,S1,9,Metodologia de Sistemas,mixto,No,medio,Si,No,1,medio,2017,53.0,20,0.75,False,False,False,False,False,False
2825,S1,9,Metodologia de Sistemas,mixto,No,medio,Si,No,1,medio,2018,49.0,20,0.75,False,False,False,False,False,False
2825,S1,9,Metodologia de Sistemas,mixto,No,medio,Si,No,1,medio,2018,58.0,20,0.75,False,False,False,False,False,False
2825,S1,9,Metodologia de Sistemas,mixto,No,medio,Si,No,1,medio,2019,43.0,20,0.75,False,False,False,False,False,False
2825,S1,9,Metodologia de Sistemas,mixto,No,medio,Si,No,1,medio,2017,57.0,20,0.75,False,False,False,False,False,False
2826,S1,9,Ciencias de la Computacion,teorico,No,bajo,Si,No,1,medio,2019,46.0,20,0.65,False,False,True,True,True,True
2826,S1,9,Ciencias de la Computacion,teorico,No,bajo,Si,No,1,medio,2018,58.0,20,0.65,False,False,False,False,False,False
2826,S1,9,Ciencias de la Computacion,teorico,No,bajo,Si,No,1,medio,2018,54.0,20,0.65,False,False,False,True,True,True
2826,S1,9,Ciencias de la Computacion,teorico,No,bajo,Si,No,1,medio,2019,42.0,20,0.65,False,False,False,False,False,False
2826,S1,9,Ciencias de la Computacion,teorico,No,bajo,Si,No,1,medio,2019,64.0,20,0.65,False,False,False,False,False,False
2826,S1,9,Ciencias de la Computacion,teorico,No,bajo,Si,No,1,medio,2016,51.0,20,0.65,False,False,False,False,False,False
2826,S1,9,Ciencias de la Computacion,teorico,No,bajo,Si,No,1,medio,2016,35.0,20,0.65,False,False,True,True,True,True
2826,S1,9,Ciencias de la Computacion,teorico,No,bajo,Si,No,1,medio,2017,53.0,20,0.65,False,False,False,False,False,False
2826,S1,9,Ciencias de la Computacion,teorico,No,bajo,Si,No,1,medio,2019,64.0,20,0.65,False,False,False,False,False,False
2826,S1,9,Ciencias de la Computacion,teorico,No,bajo,Si,No,1,medio,2018,34.0,20,0.65,False,False,True,False,False,False
2826,S1,9,Ciencias de la Computacion,teorico,No,bajo,Si,No,1,medio,2016,59.0,20,0.65,False,False,False,False,False,False
2826,S1,9,Ciencias de la Computacion,teorico,No,bajo,Si,No,1,medio,2018,65.0,20,0.65,False,False,False,False,False,False
2826,S1,9,Ciencias de la Computacion,teorico,No,bajo,Si,No,1,medio,2018,47.0,20,0.65,False,False,True,False,False,False
2827,S1,9,Desarrollo de Software,mixto,No,medio,Si,Si,3,medio,2016,36.0,20,0.65,False,False,True,True,True,True
2827,S1,9,Desarrollo de Software,mixto,No,medio,Si,Si,3,medio,2019,56.0,20,0.65,False,False,False,False,False,False
2827,S1,9,Desarrollo de Software,mixto,No,medio,Si,Si,3,medio,2017,45.0,20,0.65,False,False,True,True,True,True
2827,S1,9,Desarrollo de Software,mixto,No,medio,Si,Si,3,medio,2019,41.0,20,0.65,False,False,False,False,False,False
2827,S1,9,Desarrollo de Software,mixto,No,medio,Si,Si,3,medio,2017,35.0,20,0.65,False,False,True,False,False,False
2827,S1,9,Desarrollo de Software,mixto,No,medio,Si,Si,3,medio,2019,56.0,20,0.65,False,False,False,False,False,False
2827,S1,9,Desarrollo de Software,mixto,No,medio,Si,Si,3,medio,2018,52.0,20,0.65,False,False,True,False,False,False
2827,S1,9,Desarrollo de Software,mixto,No,medio,Si,Si,3,medio,2019,50.0,20,0.65,False,False,False,True,True,True
2827,S1,9,Desarrollo de Software,mixto,No,medio,Si,Si,3,medio,2018,68.0,20,0.65,False,False,False,False,False,False
2827,S1,9,Desarrollo de Software,mixto,No,medio,Si,Si,3,medio,2019,54.0,20,0.65,False,False,True,False,False,False
2827,S1,9,Desarrollo de Software,mixto,No,medio,Si,Si,3,medio,2017,49.0,20,0.65,False,False,False,False,False,False
2828,S1,9,Desarrollo de Software,practico,No,alto,Si,No,1,medio,2018,47.0,20,0.35,False,False,False,True,True,True
2828,S1,9,Desarrollo de Software,practico,No,alto,Si,No,1,medio,2016,,20,0.35,False,False,False,False,False,False
2828,S1,9,Desarrollo de Software,practico,No,alto,Si,No,1,medio,2019,41.0,20,0.35,False,False,False,True,True,True
2828,S1,9,Desarrollo de Software,practico,No,alto,Si,No,1,medio,2019,55.0,20,0.35,False,False,False,False,False,False
2828,S1,9,Desarrollo de Software,practico,No,alto,Si,No,1,medio,2016,,20,0.35,False,False,False,False,False,False
2828,S1,9,Desarrollo de Software,practico,No,alto,Si,No,1,medio,2018,61.0,20,0.35,False,False,False,False,False,False
2828,S1,9,Desarrollo de Software,practico,No,alto,Si,No,1,medio,2019,53.0,20,0.35,False,False,False,False,False,False
2829,S1,9,EPS,practico,No,alto,Si,No,0,bajo,2016,53.0,20,0.25,False,False,False,True,False,True
2829,S1,9,EPS,practico,No,alto,Si,No,0,bajo,2019,56.0,20,0.25,False,False,False,False,False,False
2829,S1,9,EPS,practico,No,alto,Si,No,0,bajo,2016,43.0,20,0.25,False,False,False,False,False,False
2829,S1,9,EPS,practico,No,alto,Si,No,0,bajo,2019,51.0,20,0.25,False,False,False,True,False,True
2829,S1,9,EPS,practico,No,alto,Si,No,0,bajo,2017,41.0,20,0.25,False,False,False,False,False,False
290,S1,3,Ciencias Basicas y Complementarias,teorico,No,bajo,Si,Si,5,alto,2023,32.0,20,0.6,True,True,False,True,False,False
290,S1,3,Ciencias Basicas y Complementarias,teorico,No,bajo,Si,Si,5,alto,2023,44.0,20,0.6,True,True,False,False,False,False
290,S1,3,Ciencias Basicas y Complementarias,teorico,No,bajo,Si,Si,5,alto,2023,36.0,20,0.6,True,True,True,True,False,False
290,S1,3,Ciencias Basicas y Complementarias,teorico,No,bajo,Si,Si,5,alto,2023,45.0,20,0.6,True,True,False,False,False,False
290,S1,3,Ciencias Basicas y Complementarias,teorico,No,bajo,Si,Si,5,alto,2023,41.0,20,0.6,True,True,False,False,False,False
290,S1,3,Ciencias Basicas y Complementarias,teorico,No,bajo,Si,Si,5,alto,2023,49.0,20,0.6,True,True,False,False,False,False
290,S1,3,Ciencias Basicas y Complementarias,teorico,No,bajo,Si,Si,5,alto,2023,37.0,20,0.6,True,True,False,False,False,False
290,S1,3,Ciencias Basicas y Complementarias,teorico,No,bajo,Si,Si,5,alto,2023,49.0,20,0.6,True,True,True,False,False,False
290,S1,3,Ciencias Basicas y Complementarias,teorico,No,bajo,Si,Si,5,alto,2023,65.0,20,0.6,True,True,False,False,False,False
290,S1,3,Ciencias Basicas y Complementarias,teorico,No,bajo,Si,Si,5,alto,2023,49.0,20,0.6,True,True,False,False,False,False
290,S1,3,Ciencias Basicas y Complementarias,teorico,No,bajo,Si,Si,5,alto,2023,49.0,20,0.6,True,True,True,True,False,False
290,S1,3,Ciencias Basicas y Complementarias,teorico,No,bajo,Si,Si,5,alto,2023,44.0,20,0.6,True,True,False,False,False,False
290,S1,3,Ciencias Basicas y Complementarias,teorico,No,bajo,Si,Si,5,alto,2023,54.0,30,0.6333333333333333,True,True,True,False,False,False
290,S1,3,Ciencias Basicas y Complementarias,teorico,No,bajo,Si,Si,5,alto,2023,46.0,30,0.6333333333333333,True,True,False,True,False,False
290,S1,3,Ciencias Basicas y Complementarias,teorico,No,bajo,Si,Si,5,alto,2023,38.0,30,0.6333333333333333,True,True,False,False,False,False
290,S1,3,Ciencias Basicas y Complementarias,teorico,No,bajo,Si,Si,5,alto,2023,34.0,30,0.6333333333333333,True,True,True,True,False,False
290,S1,3,Ciencias Basicas y Complementarias,teorico,No,bajo,Si,Si,5,alto,2023,57.0,30,0.6333333333333333,True,True,False,False,False,False
290,S1,3,Ciencias Basicas y Complementarias,teorico,No,bajo,Si,Si,5,alto,2023,44.0,30,0.6333333333333333,True,True,False,False,False,False
290,S1,3,Ciencias Basicas y Complementarias,teorico,No,bajo,Si,Si,5,alto,2023,47.0,30,0.6333333333333333,True,True,False,False,False,False
290,S1,3,Ciencias Basicas y Complementarias,teorico,No,bajo,Si,Si,5,alto,2023,60.0,30,0.6333333333333333,True,True,False,False,False,False
290,S1,3,Ciencias Basicas y Complementarias,teorico,No,bajo,Si,Si,5,alto,2023,47.0,30,0.6333333333333333,True,True,False,False,False,False
290,S1,3,Ciencias Basicas y Complementarias,teorico,No,bajo,Si,Si,5,alto,2023,37.0,30,0.6333333333333333,True,True,False,True,False,False
290,S1,3,Ciencias Basicas y Complementarias,teorico,No,bajo,Si,Si,5,alto,2023,45.0,30,0.6333333333333333,True,True,False,False,False,False
290,S1,3,Ciencias Basicas y Complementarias,teorico,No,bajo,Si,Si,5,alto,2023,45.0,30,0.6333333333333333,True,True,False,False,False,False
290,S1,3,Ciencias Basicas y Complementarias,teorico,No,bajo,Si,Si,5,alto,2023,67.0,30,0.6333333333333333,True,True,False,False,False,False
290,S1,3,Ciencias Basicas y Complementarias,teorico,No,bajo,Si,Si,5,alto,2023,33.0,30,0.6333333333333333,True,True,True,False,False,False
290,S1,3,Ciencias Basicas y Complementarias,teorico,No,bajo,Si,Si,5,alto,2023,41.0,30,0.6333333333333333,True,True,False,False,False,False
290,S1,3,Ciencias Basicas y Complementarias,teorico,No,bajo,Si,Si,5,alto,2023,54.0,30,0.6333333333333333,True,True,True,True,False,False
290,S1,3,Ciencias Basicas y Complementarias,teorico,No,bajo,Si,Si,5,alto,2023,58.0,30,0.6333333333333333,True,True,False,False,False,False
290,S1,3,Ciencias Basicas y Complementarias,teorico,No,bajo,Si,Si,5,alto,2023,48.0,30,0.6333333333333333,True,True,True,True,False,False
290,S1,3,Ciencias Basicas y Complementarias,teorico,No,bajo,Si,Si,5,alto,2023,42.0,60,0.7833333333333333,True,True,False,False,False,False
290,S1,3,Ciencias Basicas y Complementarias,teorico,No,bajo,Si,Si,5,alto,2023,62.0,60,0.7833333333333333,True,True,False,False,False,False
290,S1,3,Ciencias Basicas y Complementarias,teorico,No,bajo,Si,Si,5,alto,2023,57.0,60,0.7833333333333333,True,True,False,False,False,False
290,S1,3,Ciencias Basicas y Complementarias,teorico,No,bajo,Si,Si,5,alto,2023,64.0,60,0.7833333333333333,True,True,False,False,False,False
290,S1,3,Ciencias Basicas y Complementarias,teorico,No,bajo,Si,Si,5,alto,2023,66.0,60,0.7833333333333333,True,True,False,False,False,False
290,S1,3,Ciencias Basicas y Complementarias,teorico,No,bajo,Si,Si,5,alto,2023,53.0,60,0.7833333333333333,True,True,True,False,False,False
290,S1,3,Ciencias Basicas y Complementarias,teorico,No,bajo,Si,Si,5,alto,2023,60.0,60,0.7833333333333333,True,True,False,False,False,False
290,S1,3,Ciencias Basicas y Complementarias,teorico,No,bajo,Si,Si,5,alto,2023,38.0,60,0.7833333333333333,True,True,False,False,False,False
290,S1,3,Ciencias Basicas y Complementarias,teorico,No,bajo,Si,Si,5,alto,2023,57.0,60,0.7833333333333333,True,True,False,False,False,False
290,S1,3,Ciencias Basicas y Complementarias,teorico,No,bajo,Si,Si,5,alto,2023,50.0,60,0.7833333333333333,True,True,False,False,False,False
290,S1,3,Ciencias Basicas y Complementarias,teorico,No,bajo,Si,Si,5,alto,2023,56.0,60,0.7833333333333333,True,True,False,False,False,False
290,S1,3,Ciencias Basicas y Complementarias,teorico,No,bajo,Si,Si,5,alto,2023,47.0,60,0.7833333333333333,True,True,False,False,False,False
290,S1,3,Ciencias Basicas y Complementarias,teorico,No,bajo,Si,Si,5,alto,2023,52.0,60,0.7833333333333333,True,True,False,False,False,False
290,S1,3,Ciencias Basicas y Complementarias,teorico,No,bajo,Si,Si,5,alto,2023,38.0,60,0.7833333333333333,True,True,False,False,False,False
290,S1,3,Ciencias Basicas y Complementarias,teorico,No,bajo,Si,Si,5,alto,2023,42.0,60,0.7833333333333333,True,True,True,True,False,False
290,S1,3,Ciencias Basicas y Complementarias,teorico,No,bajo,Si,Si,5,alto,2023,45.0,60,0.7833333333333333,True,True,False,False,False,False
290,S1,3,Ciencias Basicas y Complementarias,teorico,No,bajo,Si,Si,5,alto,2023,60.0,60,0.7833333333333333,True,True,False,False,False,False
290,S1,3,Ciencias Basicas y Complementarias,teorico,No,bajo,Si,Si,5,alto,2023,41.0,60,0.7833333333333333,True,True,True,False,False,False
290,S1,3,Ciencias Basicas y Complementarias,teorico,No,bajo,Si,Si,5,alto,2023,42.0,60,0.7833333333333333,True,True,False,True,False,False
290,S1,3,Ciencias Basicas y Complementarias,teorico,No,bajo,Si,Si,5,alto,2023,56.0,60,0.7833333333333333,True,True,False,False,False,False
290,S1,3,Ciencias Basicas y Complementarias,teorico,No,bajo,Si,Si,5,alto,2023,51.0,60,0.7833333333333333,True,True,True,True,False,False
290,S1,3,Ciencias Basicas y Complementarias,teorico,No,bajo,Si,Si,5,alto,2023,46.0,60,0.7833333333333333,True,True,False,True,False,False
290,S1,3,Ciencias Basicas y Complementarias,teorico,No,bajo,Si,Si,5,alto,2023,52.0,60,0.7833333333333333,True,True,False,False,False,False
290,S1,3,Ciencias Basicas y Complementarias,teorico,No,bajo,Si,Si,5,alto,2023,68.0,60,0.7833333333333333,True,True,False,False,False,False
290,S1,3,Ciencias Basicas y Complementarias,teorico,No,bajo,Si,Si,5,alto,2023,51.0,60,0.7833333333333333,True,True,False,False,False,False
290,S1,3,Ciencias Basicas y Complementarias,teorico,No,bajo,Si,Si,5,alto,2023,50.0,60,0.7833333333333333,True,True,False,False,False,False
290,S1,3,Ciencias Basicas y Complementarias,teorico,No,bajo,Si,Si,5,alto,2023,45.0,60,0.7833333333333333,True,True,True,False,False,False
290,S1,3,Ciencias Basicas y Complementarias,teorico,No,bajo,Si,Si,5,alto,2023,53.0,60,0.7833333333333333,True,True,True,True,False,False
290,S1,3,Ciencias Basicas y Complementarias,teorico,No,bajo,Si,Si,5,alto,2023,39.0,60,0.7833333333333333,True,True,False,False,False,False
290,S1,3,Ciencias Basicas y Complementarias,teorico,No,bajo,Si,Si,5,alto,2023,52.0,60,0.7833333333333333,True,True,True,False,False,False
290,S1,3,Ciencias Basicas y Complementarias,teorico,No,bajo,Si,Si,5,alto,2023,53.0,60,0.7833333333333333,True,True,True,False,False,False
290,S1,3,Ciencias Basicas y Complementarias,teorico,No,bajo,Si,Si,5,alto,2023,37.0,60,0.7833333333333333,True,True,False,False,False,False
290,S1,3,Ciencias Basicas y Complementarias,teorico,No,bajo,Si,Si,5,alto,2023,53.0,60,0.7833333333333333,True,True,False,True,False,False
290,S1,3,Ciencias Basicas y Complementarias,teorico,No,bajo,Si,Si,5,alto,2023,55.0,60,0.7833333333333333,True,True,False,False,False,False
290,S1,3,Ciencias Basicas y Complementarias,teorico,No,bajo,Si,Si,5,alto,2023,41.0,60,0.7833333333333333,True,True,False,True,False,False
290,S1,3,Ciencias Basicas y Complementarias,teorico,No,bajo,Si,Si,5,alto,2023,50.0,60,0.7833333333333333,True,True,False,True,False,False
290,S1,3,Ciencias Basicas y Complementarias,teorico,No,bajo,Si,Si,5,alto,2023,58.0,60,0.7833333333333333,True,True,False,False,False,False
290,S1,3,Ciencias Basicas y Complementarias,teorico,No,bajo,Si,Si,5,alto,2023,42.0,60,0.7833333333333333,True,True,True,False,False,False
290,S1,3,Ciencias Basicas y Complementarias,teorico,No,bajo,Si,Si,5,alto,2023,49.0,60,0.7833333333333333,True,True,False,False,False,False
290,S1,3,Ciencias Basicas y Complementarias,teorico,No,bajo,Si,Si,5,alto,2023,67.0,60,0.7833333333333333,True,True,False,False,False,False
290,S1,3,Ciencias Basicas y Complementarias,teorico,No,bajo,Si,Si,5,alto,2023,65.0,60,0.7833333333333333,True,True,False,False,False,False
290,S1,3,Ciencias Basicas y Complementarias,teorico,No,bajo,Si,Si,5,alto,2023,36.0,60,0.7833333333333333,True,True,True,True,False,False
290,S1,3,Ciencias Basicas y Complementarias,teorico,No,bajo,Si,Si,5,alto,2023,39.0,60,0.7833333333333333,True,True,False,True,False,False
290,S1,3,Ciencias Basicas y Complementarias,teorico,No,bajo,Si,Si,5,alto,2023,55.0,60,0.7833333333333333,True,True,True,True,False,False
290,S1,3,Ciencias Basicas y Complementarias,teorico,No,bajo,Si,Si,5,alto,2023,68.0,60,0.7833333333333333,True,True,False,False,False,False
290,S1,3,Ciencias Basicas y Complementarias,teorico,No,bajo,Si,Si,5,alto,2023,47.0,60,0.7833333333333333,True,True,False,False,False,False
290,S1,3,Ciencias Basicas y Complementarias,teorico,No,bajo,Si,Si,5,alto,2023,45.0,20,0.15,True,True,True,True,False,False
290,S1,3,Ciencias Basicas y Complementarias,teorico,No,bajo,Si,Si,5,alto,2023,51.0,20,0.15,True,True,False,False,False,False
290,S1,3,Ciencias Basicas y Complementarias,teorico,No,bajo,Si,Si,5,alto,2022,51.0,20,0.15,True,True,False,False,False,False
291,S1,4,Ciencias Basicas y Complementarias,teorico,No,bajo,Si,Si,2,medio,2023,57.0,30,0.6666666666666666,True,True,False,False,False,False
291,S1,4,Ciencias Basicas y Complementarias,teorico,No,bajo,Si,Si,2,medio,2023,37.0,30,0.6666666666666666,True,True,True,True,False,False
291,S1,4,Ciencias Basicas y Complementarias,teorico,No,bajo,Si,Si,2,medio,2023,56.0,30,0.6666666666666666,True,True,False,False,False,False
291,S1,4,Ciencias Basicas y Complementarias,teorico,No,bajo,Si,Si,2,medio,2022,56.0,30,0.6666666666666666,True,True,False,False,False,False
291,S1,4,Ciencias Basicas y Complementarias,teorico,No,bajo,Si,Si,2,medio,2023,49.0,30,0.6666666666666666,True,True,False,True,False,False
291,S1,4,Ciencias Basicas y Complementarias,teorico,No,bajo,Si,Si,2,medio,2023,41.0,30,0.6666666666666666,True,True,False,False,False,False
291,S1,4,Ciencias Basicas y Complementarias,teorico,No,bajo,Si,Si,2,medio,2023,43.0,30,0.6666666666666666,True,True,False,False,False,False
291,S1,4,Ciencias Basicas y Complementarias,teorico,No,bajo,Si,Si,2,medio,2023,52.0,30,0.6666666666666666,True,True,False,False,False,False
291,S1,4,Ciencias Basicas y Complementarias,teorico,No,bajo,Si,Si,2,medio,2023,43.0,30,0.6666666666666666,True,True,False,False,False,False
291,S1,4,Ciencias Basicas y Complementarias,teorico,No,bajo,Si,Si,2,medio,2023,44.0,30,0.6666666666666666,True,True,True,False,False,False
291,S1,4,Ciencias Basicas y Complementarias,teorico,No,bajo,Si,Si,2,medio,2022,38.0,30,0.6666666666666666,True,True,True,False,False,False
291,S1,4,Ciencias Basicas y Complementarias,teorico,No,bajo,Si,Si,2,medio,2023,57.0,30,0.6666666666666666,True,True,False,True,False,False
291,S1,4,Ciencias Basicas y Complementarias,teorico,No,bajo,Si,Si,2,medio,2023,54.0,30,0.6666666666666666,True,True,True,False,False,False
291,S1,4,Ciencias Basicas y Complementarias,teorico,No,bajo,Si,Si,2,medio,2023,46.0,30,0.6666666666666666,True,True,False,False,False,False
291,S1,4,Ciencias Basicas y Complementarias,teorico,No,bajo,Si,Si,2,medio,2023,61.0,30,0.6666666666666666,True,True,False,False,False,False
291,S1,4,Ciencias Basicas y Complementarias,teorico,No,bajo,Si,Si,2,medio,2023,44.0,30,0.6666666666666666,True,True,False,False,False,False
291,S1,4,Ciencias Basicas y Complementarias,teorico,No,bajo,Si,Si,2,medio,2023,59.0,30,0.6666666666666666,True,True,False,False,False,False
291,S1,4,Ciencias Basicas y Complementarias,teorico,No,bajo,Si,Si,2,medio,2022,43.0,30,0.6666666666666666,True,True,False,True,False,False
291,S1,4,Ciencias Basicas y Complementarias,teorico,No,bajo,Si,Si,2,medio,2022,56.0,20,0.35,True,True,False,False,False,False
291,S1,4,Ciencias Basicas y Complementarias,teorico,No,bajo,Si,Si,2,medio,2023,41.0,20,0.35,True,True,True,True,False,False
291,S1,4,Ciencias Basicas y Complementarias,teorico,No,bajo,Si,Si,2,medio,2023,36.0,20,0.35,True,True,False,False,False,False
291,S1,4,Ciencias Basicas y Complementarias,teorico,No,bajo,Si,Si,2,medio,2023,39.0,20,0.35,True,True,False,False,False,False
291,S1,4,Ciencias Basicas y Complementarias,teorico,No,bajo,Si,Si,2,medio,2023,38.0,20,0.35,True,True,False,False,False,False
291,S1,4,Ciencias Basicas y Complementarias,teorico,No,bajo,Si,Si,2,medio,2022,53.0,20,0.35,True,True,False,False,False,False
291,S1,4,Ciencias Basicas y Complementarias,teorico,No,bajo,Si,Si,2,medio,2023,51.0,20,0.35,True,True,True,True,False,False
292,S1,4,Ciencias Basicas y Complementarias,teorico,No,bajo,Si,Si,3,medio,2022,64.0,20,0.65,True,True,False,False,False,False
292,S1,4,Ciencias Basicas y Complementarias,teorico,No,bajo,Si,Si,3,medio,2023,50.0,20,0.65,True,True,True,True,False,False
292,S1,4,Ciencias Basicas y Complementarias,teorico,No,bajo,Si,Si,3,medio,2023,59.0,20,0.65,True,True,False,False,False,False
292,S1,4,Ciencias Basicas y Complementarias,teorico,No,bajo,Si,Si,3,medio,2022,47.0,20,0.65,True,True,False,False,False,False
292,S1,4,Ciencias Basicas y Complementarias,teorico,No,bajo,Si,Si,3,medio,2023,55.0,20,0.65,True,True,False,True,False,False
292,S1,4,Ciencias Basicas y Complementarias,teorico,No,bajo,Si,Si,3,medio,2023,36.0,20,0.65,True,True,True,False,False,False
292,S1,4,Ciencias Basicas y Complementarias,teorico,No,bajo,Si,Si,3,medio,2023,56.0,20,0.65,True,True,False,False,False,False
292,S1,4,Ciencias Basicas y Complementarias,teorico,No,bajo,Si,Si,3,medio,2022,36.0,20,0.65,True,True,False,False,False,False
292,S1,4,Ciencias Basicas y Complementarias,teorico,No,bajo,Si,Si,3,medio,2022,58.0,20,0.65,True,True,False,False,False,False
292,S1,4,Ciencias Basicas y Complementarias,teorico,No,bajo,Si,Si,3,medio,2023,68.0,20,0.65,True,True,False,False,False,False
292,S1,4,Ciencias Basicas y Complementarias,teorico,No,bajo,Si,Si,3,medio,2023,36.0,20,0.65,True,True,True,True,False,False
292,S1,4,Ciencias Basicas y Complementarias,teorico,No,bajo,Si,Si,3,medio,2023,59.0,20,0.65,True,True,False,False,False,False
292,S1,4,Ciencias Basicas y Complementarias,teorico,No,bajo,Si,Si,3,medio,2023,54.0,20,0.6,True,True,False,True,False,False
292,S1,4,Ciencias Basicas y Complementarias,teorico,No,bajo,Si,Si,3,medio,2022,59.0,20,0.6,True,True,False,False,False,False
292,S1,4,Ciencias Basicas y Complementarias,teorico,No,bajo,Si,Si,3,medio,2023,42.0,20,0.6,True,True,True,True,False,False
292,S1,4,Ciencias Basicas y Complementarias,teorico,No,bajo,Si,Si,3,medio,2023,65.0,20,0.6,True,True,False,False,False,False
292,S1,4,Ciencias Basicas y Complementarias,teorico,No,bajo,Si,Si,3,medio,2023,64.0,20,0.6,True,True,False,False,False,False
292,S1,4,Ciencias Basicas y Complementarias,teorico,No,bajo,Si,Si,3,medio,2022,53.0,20,0.6,True,True,True,False,False,False
292,S1,4,Ciencias Basicas y Complementarias,teorico,No,bajo,Si,Si,3,medio,2023,37.0,20,0.6,True,True,False,False,False,False
292,S1,4,Ciencias Basicas y Complementarias,teorico,No,bajo,Si,Si,3,medio,2023,40.0,20,0.6,True,True,False,False,False,False
292,S1,4,Ciencias Basicas y Complementarias,teorico,No,bajo,Si,Si,3,medio,2022,59.0,20,0.6,True,True,False,False,False,False
292,S1,4,Ciencias Basicas y Complementarias,teorico,No,bajo,Si,Si,3,medio,2023,38.0,20,0.6,True,True,False,True,False,False
670,S1,6,Ciencias Basicas y Complementarias,teorico,No,bajo,No,No,0,bajo,2021,55.0,20,0.45,False,False,False,False,False,False
670,S1,6,Ciencias Basicas y Complementarias,teorico,No,bajo,No,No,0,bajo,2021,62.0,20,0.45,False,False,False,False,False,False
670,S1,6,Ciencias Basicas y Complementarias,teorico,No,bajo,No,No,0,bajo,2021,63.0,20,0.45,False,False,False,False,False,False
670,S1,6,Ciencias Basicas y Complementarias,teorico,No,bajo,No,No,0,bajo,2022,43.0,20,0.45,False,False,True,False,False,False
670,S1,6,Ciencias Basicas y Complementarias,teorico,No,bajo,No,No,0,bajo,2021,46.0,20,0.45,False,False,False,True,False,True
670,S1,6,Ciencias Basicas y Complementarias,teorico,No,bajo,No,No,0,bajo,2021,45.0,20,0.45,False,False,False,False,False,False
670,S1,6,Ciencias Basicas y Complementarias,teorico,No,bajo,No,No,0,bajo,2021,45.0,20,0.45,False,False,False,True,False,True
670,S1,6,Ciencias Basicas y Complementarias,teorico,No,bajo,No,No,0,bajo,2021,54.0,20,0.45,False,False,False,False,False,False
670,S1,6,Ciencias Basicas y Complementarias,teorico,No,bajo,No,No,0,bajo,2021,67.0,20,0.45,False,False,False,False,False,False
673,S1,5,Ciencias Basicas y Complementarias,teorico,No,bajo,Si,Si,3,medio,2022,36.0,20,0.35,True,True,False,False,False,False
673,S1,5,Ciencias Basicas y Complementarias,teorico,No,bajo,Si,Si,3,medio,2022,32.0,20,0.35,True,True,True,True,False,False
673,S1,5,Ciencias Basicas y Complementarias,teorico,No,bajo,Si,Si,3,medio,2022,46.0,20,0.35,True,True,False,False,False,False
673,S1,5,Ciencias Basicas y Complementarias,teorico,No,bajo,Si,Si,3,medio,2022,46.0,20,0.35,True,True,True,False,False,False
673,S1,5,Ciencias Basicas y Complementarias,teorico,No,bajo,Si,Si,3,medio,2021,53.0,20,0.35,True,True,True,True,False,False
673,S1,5,Ciencias Basicas y Complementarias,teorico,No,bajo,Si,Si,3,medio,2022,57.0,20,0.35,True,True,False,False,False,False
673,S1,5,Ciencias Basicas y Complementarias,teorico,No,bajo,Si,Si,3,medio,2022,38.0,20,0.35,True,True,False,False,False,False
674,S1,5,Ciencias Basicas y Complementarias,teorico,No,bajo,Si,No,1,medio,2022,51.0,20,0.5,True,True,False,False,False,False
674,S1,5,Ciencias Basicas y Complementarias,teorico,No,bajo,Si,No,1,medio,2022,65.0,20,0.5,True,True,False,False,False,False
674,S1,5,Ciencias Basicas y Complementarias,teorico,No,bajo,Si,No,1,medio,2021,54.0,20,0.5,True,True,True,True,False,False
674,S1,5,Ciencias Basicas y Complementarias,teorico,No,bajo,Si,No,1,medio,2021,50.0,20,0.5,True,True,True,True,False,False
674,S1,5,Ciencias Basicas y Complementarias,teorico,No,bajo,Si,No,1,medio,2022,36.0,20,0.5,True,True,False,False,False,False
674,S1,5,Ciencias Basicas y Complementarias,teorico,No,bajo,Si,No,1,medio,2022,53.0,20,0.5,True,True,False,False,False,False
674,S1,5,Ciencias Basicas y Complementarias,teorico,No,bajo,Si,No,1,medio,2022,39.0,20,0.5,True,True,False,False,False,False
674,S1,5,Ciencias Basicas y Complementarias,teorico,No,bajo,Si,No,1,medio,2021,40.0,20,0.5,True,True,True,False,False,False
674,S1,5,Ciencias Basicas y Complementarias,teorico,No,bajo,Si,No,1,medio,2022,41.0,20,0.5,True,True,False,False,False,False
685,S1,6,Metodologia de Sistemas,teorico,No,bajo,Si,Si,3,medio,2021,51.0,20,0.5,True,True,False,False,False,False
685,S1,6,Metodologia de Sistemas,teorico,No,bajo,Si,Si,3,medio,2020,61.0,20,0.5,True,True,False,False,False,False
685,S1,6,Metodologia de Sistemas,teorico,No,bajo,Si,Si,3,medio,2021,40.0,20,0.5,True,True,True,False,False,False
685,S1,6,Metodologia de Sistemas,teorico,No,bajo,Si,Si,3,medio,2021,54.0,20,0.5,True,True,False,True,False,False
685,S1,6,Metodologia de Sistemas,teorico,No,bajo,Si,Si,3,medio,2020,61.0,20,0.5,True,True,False,False,False,False
685,S1,6,Metodologia de Sistemas,teorico,No,bajo,Si,Si,3,medio,2020,45.0,20,0.5,True,True,False,True,False,False
685,S1,6,Metodologia de Sistemas,teorico,No,bajo,Si,Si,3,medio,2021,64.0,20,0.5,True,True,False,False,False,False
685,S1,6,Metodologia de Sistemas,teorico,No,bajo,Si,Si,3,medio,2022,51.0,20,0.5,True,True,False,False,False,False
690,S1,8,Ciencias Basicas y Complementarias,teorico,No,bajo,No,Si,2,medio,2020,53.0,30,0.7333333333333333,True,True,False,False,False,False
690,S1,8,Ciencias Basicas y Complementarias,teorico,No,bajo,No,Si,2,medio,2019,37.0,30,0.7333333333333333,True,True,False,True,False,False
690,S1,8,Ciencias Basicas y Complementarias,teorico,No,bajo,No,Si,2,medio,2019,40.0,30,0.7333333333333333,True,True,False,False,False,False
690,S1,8,Ciencias Basicas y Complementarias,teorico,No,bajo,No,Si,2,medio,2019,51.0,30,0.7333333333333333,True,True,False,False,False,False
690,S1,8,Ciencias Basicas y Complementarias,teorico,No,bajo,No,Si,2,medio,2018,50.0,30,0.7333333333333333,True,True,False,False,False,False
690,S1,8,Ciencias Basicas y Complementarias,teorico,No,bajo,No,Si,2,medio,2019,57.0,30,0.7333333333333333,True,True,False,False,False,False
690,S1,8,Ciencias Basicas y Complementarias,teorico,No,bajo,No,Si,2,medio,2019,40.0,30,0.7333333333333333,True,True,False,False,False,False
690,S1,8,Ciencias Basicas y Complementarias,teorico,No,bajo,No,Si,2,medio,2020,57.0,30,0.7333333333333333,True,True,False,True,False,False
690,S1,8,Ciencias Basicas y Complementarias,teorico,No,bajo,No,Si,2,medio,2018,46.0,30,0.7333333333333333,True,True,False,False,False,False
690,S1,8,Ciencias Basicas y Complementarias,teorico,No,bajo,No,Si,2,medio,2020,43.0,30,0.7333333333333333,True,True,True,False,False,False
690,S1,8,Ciencias Basicas y Complementarias,teorico,No,bajo,No,Si,2,medio,2020,56.0,30,0.7333333333333333,True,True,False,False,False,False
690,S1,8,Ciencias Basicas y Complementarias,teorico,No,bajo,No,Si,2,medio,2018,40.0,30,0.7333333333333333,True,True,True,True,False,False
690,S1,8,Ciencias Basicas y Complementarias,teorico,No,bajo,No,Si,2,medio,2018,48.0,30,0.7333333333333333,True,True,False,False,False,False
690,S1,8,Ciencias Basicas y Complementarias,teorico,No,bajo,No,Si,2,medio,2019,48.0,30,0.7333333333333333,True,True,False,False,False,False
690,S1,8,Ciencias Basicas y Complementarias,teorico,No,bajo,No,Si,2,medio,2019,38.0,30,0.7333333333333333,True,True,False,False,False,False
690,S1,8,Ciencias Basicas y Complementarias,teorico,No,bajo,No,Si,2,medio,2020,57.0,30,0.7333333333333333,True,True,False,False,False,False
690,S1,8,Ciencias Basicas y Complementarias,teorico,No,bajo,No,Si,2,medio,2019,34.0,30,0.7333333333333333,True,True,True,True,False,False
690,S1,8,Ciencias Basicas y Complementarias,teorico,No,bajo,No,Si,2,medio,2019,48.0,30,0.7333333333333333,True,True,True,False,False,False
690,S1,8,Ciencias Basicas y Complementarias,teorico,No,bajo,No,Si,2,medio,2019,51.0,30,0.7333333333333333,True,True,True,False,False,False
690,S1,8,Ciencias Basicas y Complementarias,teorico,No,bajo,No,Si,2,medio,2018,46.0,30,0.7333333333333333,True,True,False,False,False,False
694,S1,5,Ciencias Basicas y Complementarias,teorico,No,bajo,No,No,1,medio,2022,63.0,20,0.45,False,False,False,False,False,False
694,S1,5,Ciencias Basicas y Complementarias,teorico,No,bajo,No,No,1,medio,2021,39.0,20,0.45,False,False,False,False,False,False
694,S1,5,Ciencias Basicas y Complementarias,teorico,No,bajo,No,No,1,medio,2022,40.0,20,0.45,False,False,False,False,False,False
694,S1,5,Ciencias Basicas y Complementarias,teorico,No,bajo,No,No,1,medio,2022,31.0,20,0.45,False,False,True,True,True,True
694,S1,5,Ciencias Basicas y Complementarias,teorico,No,bajo,No,No,1,medio,2021,47.0,20,0.45,False,False,True,False,False,False
694,S1,5,Ciencias Basicas y Complementarias,teorico,No,bajo,No,No,1,medio,2021,37.0,20,0.45,False,False,True,True,True,True
694,S1,5,Ciencias Basicas y Complementarias,teorico,No,bajo,No,No,1,medio,2022,56.0,20,0.45,False,False,False,False,False,False
694,S1,5,Ciencias Basicas y Complementarias,teorico,No,bajo,No,No,1,medio,2022,63.0,20,0.45,False,False,False,False,False,False
694,S1,5,Ciencias Basicas y Complementarias,teorico,No,bajo,No,No,1,medio,2022,60.0,20,0.45,False,False,False,False,False,False
779,S1,6,Ciencias Basicas y Complementarias,teorico,No,bajo,No,No,1,medio,2020,64.0,20,0.05,False,False,False,False,False,False
795,S1,7,Metodologia de Sistemas,teorico,No,bajo,Si,No,1,medio,2020,37.0,20,0.6,False,False,False,False,False,False
795,S1,7,Metodologia de Sistemas,teorico,No,bajo,Si,No,1,medio,2020,44.0,20,0.6,False,False,False,False,False,False
795,S1,7,Metodologia de Sistemas,teorico,No,bajo,Si,No,1,medio,2020,41.0,20,0.6,False,False,False,True,True,True
795,S1,7,Metodologia de Sistemas,teorico,No,bajo,Si,No,1,medio,2020,64.0,20,0.6,False,False,False,False,False,False
795,S1,7,Metodologia de Sistemas,teorico,No,bajo,Si,No,1,medio,2020,56.0,20,0.6,False,False,False,False,False,False
795,S1,7,Metodologia de Sistemas,teorico,No,bajo,Si,No,1,medio,2020,57.0,20,0.6,False,False,False,False,False,False
795,S1,7,Metodologia de Sistemas,teorico,No,bajo,Si,No,1,medio,2019,48.0,20,0.6,False,False,True,False,False,False
795,S1,7,Metodologia de Sistemas,teorico,No,bajo,Si,No,1,medio,2019,34.0,20,0.6,False,False,True,True,True,True
795,S1,7,Metodologia de Sistemas,teorico,No,bajo,Si,No,1,medio,2021,57.0,20,0.6,False,False,False,False,False,False
795,S1,7,Metodologia de Sistemas,teorico,No,bajo,Si,No,1,medio,2020,40.0,20,0.6,False,False,True,True,True,True
795,S1,7,Metodologia de Sistemas,teorico,No,bajo,Si,No,1,medio,2021,50.0,20,0.6,False,False,False,False,False,False
795,S1,7,Metodologia de Sistemas,teorico,No,bajo,Si,No,1,medio,2020,64.0,20,0.6,False,False,False,False,False,False
909,S1,10,Ciencias Basicas y Complementarias,practico,No,alto,No,No,0,bajo,2018,64.0,20,0.4,True,True,False,False,False,False
909,S1,10,Ciencias Basicas y Complementarias,practico,No,alto,No,No,0,bajo,2016,37.0,20,0.4,True,True,False,False,False,False
909,S1,10,Ciencias Basicas y Complementarias,practico,No,alto,No,No,0,bajo,2018,49.0,20,0.4,True,True,False,False,False,False
909,S1,10,Ciencias Basicas y Complementarias,practico,No,alto,No,No,0,bajo,2017,50.0,20,0.4,True,True,False,True,False,False
909,S1,10,Ciencias Basicas y Complementarias,practico,No,alto,No,No,0,bajo,2016,38.0,20,0.4,True,True,True,False,False,False
909,S1,10,Ciencias Basicas y Complementarias,practico,No,alto,No,No,0,bajo,2017,66.0,20,0.4,True,True,False,False,False,False
909,S1,10,Ciencias Basicas y Complementarias,practico,No,alto,No,No,0,bajo,2017,50.0,20,0.4,True,True,True,True,False,False
909,S1,10,Ciencias Basicas y Complementarias,practico,No,alto,No,No,0,bajo,2017,49.0,20,0.4,True,True,False,False,False,False
912,S1,10,Ciencias Basicas y Complementarias,teorico,No,bajo,No,No,0,bajo,2017,48.0,20,0.05,True,True,False,False,False,False
919,S1,7,Ciencias Basicas y Complementarias,teorico,No,bajo,No,No,0,bajo,2020,38.0,20,0.4,False,False,False,False,False,False
919,S1,7,Ciencias Basicas y Complementarias,teorico,No,bajo,No,No,0,bajo,2020,54.0,20,0.4,False,False,False,False,False,False
919,S1,7,Ciencias Basicas y Complementarias,teorico,No,bajo,No,No,0,bajo,2020,49.0,20,0.4,False,False,False,True,False,True
919,S1,7,Ciencias Basicas y Complementarias,teorico,No,bajo,No,No,0,bajo,2020,36.0,20,0.4,False,False,False,False,False,False
919,S1,7,Ciencias Basicas y Complementarias,teorico,No,bajo,No,No,0,bajo,2020,41.0,20,0.4,False,False,False,True,False,True
919,S1,7,Ciencias Basicas y Complementarias,teorico,No,bajo,No,No,0,bajo,2020,59.0,20,0.4,False,False,False,False,False,False
943,S1,7,Desarrollo de Software,teorico,No,bajo,No,No,0,bajo,2020,59.0,20,0.05,False,False,False,False,False,False
949,S1,4,Metodologia de Sistemas,teorico,No,bajo,Si,Si,6,alto,2023,54.0,45,0.6444444444444445,True,True,False,False,False,False
949,S1,4,Metodologia de Sistemas,teorico,No,bajo,Si,Si,6,alto,2023,68.0,45,0.6444444444444445,True,True,False,False,False,False
949,S1,4,Metodologia de Sistemas,teorico,No,bajo,Si,Si,6,alto,2023,44.0,45,0.6444444444444445,True,True,True,True,False,False
949,S1,4,Metodologia de Sistemas,teorico,No,bajo,Si,Si,6,alto,2023,33.0,45,0.6444444444444445,True,True,False,True,False,False
949,S1,4,Metodologia de Sistemas,teorico,No,bajo,Si,Si,6,alto,2022,33.0,45,0.6444444444444445,True,True,False,True,False,False
949,S1,4,Metodologia de Sistemas,teorico,No,bajo,Si,Si,6,alto,2023,54.0,45,0.6444444444444445,True,True,True,False,False,False
949,S1,4,Metodologia de Sistemas,teorico,No,bajo,Si,Si,6,alto,2022,57.0,45,0.6444444444444445,True,True,False,False,False,False
949,S1,4,Metodologia de Sistemas,teorico,No,bajo,Si,Si,6,alto,2023,36.0,45,0.6444444444444445,True,True,False,False,False,False
949,S1,4,Metodologia de Sistemas,teorico,No,bajo,Si,Si,6,alto,2022,57.0,45,0.6444444444444445,True,True,False,False,False,False
949,S1,4,Metodologia de Sistemas,teorico,No,bajo,Si,Si,6,alto,2022,44.0,45,0.6444444444444445,True,True,False,False,False,False
949,S1,4,Metodologia de Sistemas,teorico,No,bajo,Si,Si,6,alto,2022,48.0,45,0.6444444444444445,True,True,False,True,False,False
949,S1,4,Metodologia de Sistemas,teorico,No,bajo,Si,Si,6,alto,2023,60.0,45,0.6444444444444445,True,True,False,False,False,False
949,S1,4,Metodologia de Sistemas,teorico,No,bajo,Si,Si,6,alto,2023,42.0,45,0.6444444444444445,True,True,False,False,False,False
949,S1,4,Metodologia de Sistemas,teorico,No,bajo,Si,Si,6,alto,2023,37.0,45,0.6444444444444445,True,True,False,False,False,False
949,S1,4,Metodologia de Sistemas,teorico,No,bajo,Si,Si,6,alto,2023,45.0,45,0.6444444444444445,True,True,True,False,False,False
949,S1,4,Metodologia de Sistemas,teorico,No,bajo,Si,Si,6,alto,2022,52.0,45,0.6444444444444445,True,True,False,False,False,False
949,S1,4,Metodologia de Sistemas,teorico,No,bajo,Si,Si,6,alto,2022,50.0,45,0.6444444444444445,True,True,True,True,False,False
949,S1,4,Metodologia de Sistemas,teorico,No,bajo,Si,Si,6,alto,2022,54.0,45,0.6444444444444445,True,True,False,False,False,False
949,S1,4,Metodologia de Sistemas,teorico,No,bajo,Si,Si,6,alto,2023,32.0,45,0.6444444444444445,True,True,True,True,False,False
949,S1,4,Metodologia de Sistemas,teorico,No,bajo,Si,Si,6,alto,2022,45.0,45,0.6444444444444445,True,True,False,False,False,False
949,S1,4,Metodologia de Sistemas,teorico,No,bajo,Si,Si,6,alto,2023,65.0,45,0.6444444444444445,True,True,False,False,False,False
949,S1,4,Metodologia de Sistemas,teorico,No,bajo,Si,Si,6,alto,2023,51.0,45,0.6444444444444445,True,True,True,False,False,False
949,S1,4,Metodologia de Sistemas,teorico,No,bajo,Si,Si,6,alto,2023,57.0,45,0.6444444444444445,True,True,False,False,False,False
949,S1,4,Metodologia de Sistemas,teorico,No,bajo,Si,Si,6,alto,2023,46.0,45,0.6444444444444445,True,True,False,False,False,False
949,S1,4,Metodologia de Sistemas,teorico,No,bajo,Si,Si,6,alto,2023,32.0,45,0.6444444444444445,True,True,True,True,False,False
949,S1,4,Metodologia de Sistemas,teorico,No,bajo,Si,Si,6,alto,2023,35.0,45,0.6444444444444445,True,True,True,True,False,False
949,S1,4,Metodologia de Sistemas,teorico,No,bajo,Si,Si,6,alto,2023,43.0,45,0.6444444444444445,True,True,False,False,False,False
949,S1,4,Metodologia de Sistemas,teorico,No,bajo,Si,Si,6,alto,2023,55.0,45,0.6444444444444445,True,True,False,False,False,False
950,S1,7,Metodologia de Sistemas,teorico,No,bajo,No,No,0,bajo,2020,48.0,20,0.25,False,False,False,True,False,True
950,S1,7,Metodologia de Sistemas,teorico,No,bajo,No,No,0,bajo,2020,52.0,20,0.25,False,False,False,False,False,False
950,S1,7,Metodologia de Sistemas,teorico,No,bajo,No,No,0,bajo,2020,40.0,20,0.25,False,False,False,False,False,False
950,S1,7,Metodologia de Sistemas,teorico,No,bajo,No,No,0,bajo,2019,39.0,20,0.25,False,False,True,True,False,True
950,S1,7,Metodologia de Sistemas,teorico,No,bajo,No,No,0,bajo,2020,66.0,20,0.25,False,False,False,False,False,False
029,S2,2,Ciencias Basicas y Complementarias,teorico,No,bajo,Si,Si,2,medio,2024,41.0,20,0.4,False,False,False,False,False,False
029,S2,2,Ciencias Basicas y Complementarias,teorico,No,bajo,Si,Si,2,medio,2024,42.0,20,0.4,False,False,False,False,False,False
029,S2,2,Ciencias Basicas y Complementarias,teorico,No,bajo,Si,Si,2,medio,2024,52.0,20,0.4,False,False,False,True,True,True
029,S2,2,Ciencias Basicas y Complementarias,teorico,No,bajo,Si,Si,2,medio,2024,39.0,20,0.4,False,False,False,False,False,False
029,S2,2,Ciencias Basicas y Complementarias,teorico,No,bajo,Si,Si,2,medio,2024,51.0,20,0.4,False,False,False,False,False,False
029,S2,2,Ciencias Basicas y Complementarias,teorico,No,bajo,Si,Si,2,medio,2024,53.0,20,0.4,False,False,False,False,False,False
029,S2,2,Ciencias Basicas y Complementarias,teorico,No,bajo,Si,Si,2,medio,2024,53.0,20,0.4,False,False,False,True,True,True
029,S2,2,Ciencias Basicas y Complementarias,teorico,No,bajo,Si,Si,2,medio,2024,32.0,20,0.4,False,False,True,False,False,False
029,S2,2,Ciencias Basicas y Complementarias,teorico,No,bajo,Si,Si,2,medio,2024,37.0,20,0.6,False,False,False,False,False,False
029,S2,2,Ciencias Basicas y Complementarias,teorico,No,bajo,Si,Si,2,medio,2024,42.0,20,0.6,False,False,False,False,False,False
029,S2,2,Ciencias Basicas y Complementarias,teorico,No,bajo,Si,Si,2,medio,2024,43.0,20,0.6,False,False,True,True,True,True
029,S2,2,Ciencias Basicas y Complementarias,teorico,No,bajo,Si,Si,2,medio,2024,34.0,20,0.6,False,False,False,True,True,True
029,S2,2,Ciencias Basicas y Complementarias,teorico,No,bajo,Si,Si,2,medio,2024,46.0,20,0.6,False,False,False,False,False,False
029,S2,2,Ciencias Basicas y Complementarias,teorico,No,bajo,Si,Si,2,medio,2024,46.0,20,0.6,False,False,False,False,False,False
029,S2,2,Ciencias Basicas y Complementarias,teorico,No,bajo,Si,Si,2,medio,2024,40.0,20,0.6,False,False,False,False,False,False
029,S2,2,Ciencias Basicas y Complementarias,teorico,No,bajo,Si,Si,2,medio,2024,31.0,20,0.6,False,False,True,False,False,False
029,S2,2,Ciencias Basicas y Complementarias,teorico,No,bajo,Si,Si,2,medio,2024,57.0,20,0.6,False,False,False,False,False,False
029,S2,2,Ciencias Basicas y Complementarias,teorico,No,bajo,Si,Si,2,medio,2024,43.0,20,0.6,False,False,True,True,True,True
029,S2,2,Ciencias Basicas y Complementarias,teorico,No,bajo,Si,Si,2,medio,2024,41.0,20,0.6,False,False,False,False,False,False
029,S2,2,Ciencias Basicas y Complementarias,teorico,No,bajo,Si,Si,2,medio,2024,68.0,20,0.5,False,False,False,False,False,False
029,S2,2,Ciencias Basicas y Complementarias,teorico,No,bajo,Si,Si,2,medio,2024,34.0,20,0.5,False,False,True,False,False,False
029,S2,2,Ciencias Basicas y Complementarias,teorico,No,bajo,Si,Si,2,medio,2024,31.0,20,0.5,False,False,False,True,True,True
029,S2,2,Ciencias Basicas y Complementarias,teorico,No,bajo,Si,Si,2,medio,2024,50.0,20,0.5,False,False,True,True,True,True
029,S2,2,Ciencias Basicas y Complementarias,teorico,No,bajo,Si,Si,2,medio,2024,48.0,20,0.5,False,False,False,False,False,False
029,S2,2,Ciencias Basicas y Complementarias,teorico,No,bajo,Si,Si,2,medio,2024,55.0,20,0.5,False,False,False,False,False,False
029,S2,2,Ciencias Basicas y Complementarias,teorico,No,bajo,Si,Si,2,medio,2024,47.0,20,0.5,False,False,False,False,False,False
029,S2,2,Ciencias Basicas y Complementarias,teorico,No,bajo,Si,Si,2,medio,2024,56.0,20,0.5,False,False,False,False,False,False
029,S2,2,Ciencias Basicas y Complementarias,teorico,No,bajo,Si,Si,2,medio,2024,45.0,20,0.5,False,False,False,False,False,False
029,S2,2,Ciencias Basicas y Complementarias,teorico,No,bajo,Si,Si,2,medio,2024,53.0,20,0.25,False,False,False,True,True,True
029,S2,2,Ciencias Basicas y Complementarias,teorico,No,bajo,Si,Si,2,medio,2024,47.0,20,0.25,False,False,False,False,False,False
029,S2,2,Ciencias Basicas y Complementarias,teorico,No,bajo,Si,Si,2,medio,2024,60.0,20,0.25,False,False,False,False,False,False
029,S2,2,Ciencias Basicas y Complementarias,teorico,No,bajo,Si,Si,2,medio,2024,38.0,20,0.25,False,False,False,False,False,False
072,S2,2,Ciencias Basicas y Complementarias,teorico,Si,bajo,Si,No,1,medio,2024,62.0,30,0.6,False,False,False,False,False,False
072,S2,2,Ciencias Basicas y Complementarias,teorico,Si,bajo,Si,No,1,medio,2024,52.0,30,0.6,False,False,False,False,False,False
072,S2,2,Ciencias Basicas y Complementarias,teorico,Si,bajo,Si,No,1,medio,2024,59.0,30,0.6,False,False,False,False,False,False
072,S2,2,Ciencias Basicas y Complementarias,teorico,Si,bajo,Si,No,1,medio,2024,43.0,30,0.6,False,False,False,False,False,False
072,S2,2,Ciencias Basicas y Complementarias,teorico,Si,bajo,Si,No,1,medio,2024,45.0,30,0.6,False,False,True,False,False,False
072,S2,2,Ciencias Basicas y Complementarias,teorico,Si,bajo,Si,No,1,medio,2024,53.0,30,0.6,False,False,False,False,False,False
072,S2,2,Ciencias Basicas y Complementarias,teorico,Si,bajo,Si,No,1,medio,2024,54.0,30,0.6,False,False,False,False,False,False
072,S2,2,Ciencias Basicas y Complementarias,teorico,Si,bajo,Si,No,1,medio,2024,45.0,30,0.6,False,False,False,False,False,False
072,S2,2,Ciencias Basicas y Complementarias,teorico,Si,bajo,Si,No,1,medio,2024,37.0,30,0.6,False,False,False,False,False,False
072,S2,2,Ciencias Basicas y Complementarias,teorico,Si,bajo,Si,No,1,medio,2024,36.0,30,0.6,False,False,False,True,True,True
072,S2,2,Ciencias Basicas y Complementarias,teorico,Si,bajo,Si,No,1,medio,2024,55.0,30,0.6,False,False,False,False,False,False
072,S2,2,Ciencias Basicas y Complementarias,teorico,Si,bajo,Si,No,1,medio,2024,39.0,30,0.6,False,False,True,False,False,False
072,S2,2,Ciencias Basicas y Complementarias,teorico,Si,bajo,Si,No,1,medio,2024,33.0,30,0.6,False,False,False,True,True,True
072,S2,2,Ciencias Basicas y Complementarias,teorico,Si,bajo,Si,No,1,medio,2024,53.0,30,0.6,False,False,True,True,True,True
072,S2,2,Ciencias Basicas y Complementarias,teorico,Si,bajo,Si,No,1,medio,2024,34.0,30,0.6,False,False,True,True,True,True
072,S2,2,Ciencias Basicas y Complementarias,teorico,Si,bajo,Si,No,1,medio,2024,54.0,30,0.6,False,False,False,False,False,False
072,S2,2,Ciencias Basicas y Complementarias,teorico,Si,bajo,Si,No,1,medio,2024,65.0,30,0.6,False,False,False,False,False,False
072,S2,2,Ciencias Basicas y Complementarias,teorico,Si,bajo,Si,No,1,medio,2024,34.0,30,0.6,False,False,False,True,True,True
072,S2,2,Ciencias Basicas y Complementarias,teorico,Si,bajo,Si,No,1,medio,2024,57.0,20,0.4,False,False,False,False,False,False
072,S2,2,Ciencias Basicas y Complementarias,teorico,Si,bajo,Si,No,1,medio,2024,40.0,20,0.4,False,False,True,True,True,True
072,S2,2,Ciencias Basicas y Complementarias,teorico,Si,bajo,Si,No,1,medio,2024,44.0,20,0.4,False,False,False,False,False,False
072,S2,2,Ciencias Basicas y Complementarias,teorico,Si,bajo,Si,No,1,medio,2024,39.0,20,0.4,False,False,False,False,False,False
072,S2,2,Ciencias Basicas y Complementarias,teorico,Si,bajo,Si,No,1,medio,2024,48.0,20,0.4,False,False,True,True,True,True
072,S2,2,Ciencias Basicas y Complementarias,teorico,Si,bajo,Si,No,1,medio,2024,35.0,20,0.4,False,False,True,False,False,False
072,S2,2,Ciencias Basicas y Complementarias,teorico,Si,bajo,Si,No,1,medio,2024,43.0,20,0.4,False,False,False,False,False,False
072,S2,2,Ciencias Basicas y Complementarias,teorico,Si,bajo,Si,No,1,medio,2024,68.0,20,0.4,False,False,False,False,False,False
072,S2,2,Ciencias Basicas y Complementarias,teorico,Si,bajo,Si,No,1,medio,2024,51.0,45,0.6666666666666666,False,False,True,False,False,False
072,S2,2,Ciencias Basicas y Complementarias,teorico,Si,bajo,Si,No,1,medio,2024,54.0,45,0.6666666666666666,False,False,False,False,False,False
072,S2,2,Ciencias Basicas y Complementarias,teorico,Si,bajo,Si,No,1,medio,2024,51.0,45,0.6666666666666666,False,False,True,True,True,True
072,S2,2,Ciencias Basicas y Complementarias,teorico,Si,bajo,Si,No,1,medio,2024,64.0,45,0.6666666666666666,False,False,False,False,False,False
072,S2,2,Ciencias Basicas y Complementarias,teorico,Si,bajo,Si,No,1,medio,2024,68.0,45,0.6666666666666666,False,False,False,False,False,False
072,S2,2,Ciencias Basicas y Complementarias,teorico,Si,bajo,Si,No,1,medio,2024,40.0,45,0.6666666666666666,False,False,False,True,True,True
072,S2,2,Ciencias Basicas y Complementarias,teorico,Si,bajo,Si,No,1,medio,2024,34.0,45,0.6666666666666666,False,False,True,True,True,True
072,S2,2,Ciencias Basicas y Complementarias,teorico,Si,bajo,Si,No,1,medio,2024,41.0,45,0.6666666666666666,False,False,True,True,True,True
072,S2,2,Ciencias Basicas y Complementarias,teorico,Si,bajo,Si,No,1,medio,2024,53.0,45,0.6666666666666666,False,False,True,False,False,False
072,S2,2,Ciencias Basicas y Complementarias,teorico,Si,bajo,Si,No,1,medio,2024,35.0,45,0.6666666666666666,False,False,True,True,True,True
072,S2,2,Ciencias Basicas y Complementarias,teorico,Si,bajo,Si,No,1,medio,2024,40.0,45,0.6666666666666666,False,False,False,False,False,False
072,S2,2,Ciencias Basicas y Complementarias,teorico,Si,bajo,Si,No,1,medio,2024,39.0,45,0.6666666666666666,False,False,False,False,False,False
072,S2,2,Ciencias Basicas y Complementarias,teorico,Si,bajo,Si,No,1,medio,2024,62.0,45,0.6666666666666666,False,False,False,False,False,False
072,S2,2,Ciencias Basicas y Complementarias,teorico,Si,bajo,Si,No,1,medio,2024,67.0,45,0.6666666666666666,False,False,False,False,False,False
072,S2,2,Ciencias Basicas y Complementarias,teorico,Si,bajo,Si,No,1,medio,2024,63.0,45,0.6666666666666666,False,False,False,False,False,False
072,S2,2,Ciencias Basicas y Complementarias,teorico,Si,bajo,Si,No,1,medio,2024,38.0,45,0.6666666666666666,False,False,False,False,False,False
072,S2,2,Ciencias Basicas y Complementarias,teorico,Si,bajo,Si,No,1,medio,2024,66.0,45,0.6666666666666666,False,False,False,False,False,False
072,S2,2,Ciencias Basicas y Complementarias,teorico,Si,bajo,Si,No,1,medio,2024,40.0,45,0.6666666666666666,False,False,False,False,False,False
072,S2,2,Ciencias Basicas y Complementarias,teorico,Si,bajo,Si,No,1,medio,2024,40.0,45,0.6666666666666666,False,False,False,False,False,False
072,S2,2,Ciencias Basicas y Complementarias,teorico,Si,bajo,Si,No,1,medio,2024,44.0,45,0.6666666666666666,False,False,False,False,False,False
072,S2,2,Ciencias Basicas y Complementarias,teorico,Si,bajo,Si,No,1,medio,2024,45.0,45,0.6666666666666666,False,False,False,False,False,False
072,S2,2,Ciencias Basicas y Complementarias,teorico,Si,bajo,Si,No,1,medio,2024,52.0,45,0.6666666666666666,False,False,True,False,False,False
072,S2,2,Ciencias Basicas y Complementarias,teorico,Si,bajo,Si,No,1,medio,2024,61.0,45,0.6666666666666666,False,False,False,False,False,False
072,S2,2,Ciencias Basicas y Complementarias,teorico,Si,bajo,Si,No,1,medio,2024,44.0,45,0.6666666666666666,False,False,False,True,True,True
072,S2,2,Ciencias Basicas y Complementarias,teorico,Si,bajo,Si,No,1,medio,2024,34.0,45,0.6666666666666666,False,False,False,True,True,True
072,S2,2,Ciencias Basicas y Complementarias,teorico,Si,bajo,Si,No,1,medio,2024,64.0,45,0.6666666666666666,False,False,False,False,False,False
072,S2,2,Ciencias Basicas y Complementarias,teorico,Si,bajo,Si,No,1,medio,2024,54.0,45,0.6666666666666666,False,False,True,True,True,True
072,S2,2,Ciencias Basicas y Complementarias,teorico,Si,bajo,Si,No,1,medio,2024,55.0,45,0.6666666666666666,False,False,False,False,False,False
085,S2,4,Ciencias Basicas y Complementarias,teorico,No,bajo,No,No,0,bajo,2023,49.0,45,0.6222222222222222,False,False,True,True,False,True
085,S2,4,Ciencias Basicas y Complementarias,teorico,No,bajo,No,No,0,bajo,2023,62.0,45,0.6222222222222222,False,False,False,False,False,False
085,S2,4,Ciencias Basicas y Complementarias,teorico,No,bajo,No,No,0,bajo,2023,41.0,45,0.6222222222222222,False,False,True,False,False,False
085,S2,4,Ciencias Basicas y Complementarias,teorico,No,bajo,No,No,0,bajo,2023,52.0,45,0.6222222222222222,False,False,False,False,False,False
085,S2,4,Ciencias Basicas y Complementarias,teorico,No,bajo,No,No,0,bajo,2023,46.0,45,0.6222222222222222,False,False,True,True,False,True
085,S2,4,Ciencias Basicas y Complementarias,teorico,No,bajo,No,No,0,bajo,2023,43.0,45,0.6222222222222222,False,False,False,False,False,False
085,S2,4,Ciencias Basicas y Complementarias,teorico,No,bajo,No,No,0,bajo,2023,35.0,45,0.6222222222222222,False,False,False,True,False,True
085,S2,4,Ciencias Basicas y Complementarias,teorico,No,bajo,No,No,0,bajo,2022,44.0,45,0.6222222222222222,False,False,True,False,False,False
085,S2,4,Ciencias Basicas y Complementarias,teorico,No,bajo,No,No,0,bajo,2022,64.0,45,0.6222222222222222,False,False,False,False,False,False
085,S2,4,Ciencias Basicas y Complementarias,teorico,No,bajo,No,No,0,bajo,2023,54.0,45,0.6222222222222222,False,False,True,False,False,False
085,S2,4,Ciencias Basicas y Complementarias,teorico,No,bajo,No,No,0,bajo,2023,55.0,45,0.6222222222222222,False,False,False,False,False,False
085,S2,4,Ciencias Basicas y Complementarias,teorico,No,bajo,No,No,0,bajo,2023,63.0,45,0.6222222222222222,False,False,False,False,False,False
085,S2,4,Ciencias Basicas y Complementarias,teorico,No,bajo,No,No,0,bajo,2022,64.0,45,0.6222222222222222,False,False,False,False,False,False
085,S2,4,Ciencias Basicas y Complementarias,teorico,No,bajo,No,No,0,bajo,2022,55.0,45,0.6222222222222222,False,False,False,False,False,False
085,S2,4,Ciencias Basicas y Complementarias,teorico,No,bajo,No,No,0,bajo,2022,67.0,45,0.6222222222222222,False,False,False,False,False,False
085,S2,4,Ciencias Basicas y Complementarias,teorico,No,bajo,No,No,0,bajo,2022,46.0,45,0.6222222222222222,False,False,False,False,False,False
085,S2,4,Ciencias Basicas y Complementarias,teorico,No,bajo,No,No,0,bajo,2022,61.0,45,0.6222222222222222,False,False,False,False,False,False
085,S2,4,Ciencias Basicas y Complementarias,teorico,No,bajo,No,No,0,bajo,2023,42.0,45,0.6222222222222222,False,False,False,False,False,False
085,S2,4,Ciencias Basicas y Complementarias,teorico,No,bajo,No,No,0,bajo,2022,41.0,45,0.6222222222222222,False,False,False,True,False,True
085,S2,4,Ciencias Basicas y Complementarias,teorico,No,bajo,No,No,0,bajo,2023,55.0,45,0.6222222222222222,False,False,False,False,False,False
085,S2,4,Ciencias Basicas y Complementarias,teorico,No,bajo,No,No,0,bajo,2023,45.0,45,0.6222222222222222,False,False,False,True,False,True
085,S2,4,Ciencias Basicas y Complementarias,teorico,No,bajo,No,No,0,bajo,2023,54.0,45,0.6222222222222222,False,False,True,True,False,True
085,S2,4,Ciencias Basicas y Complementarias,teorico,No,bajo,No,No,0,bajo,2023,68.0,45,0.6222222222222222,False,False,False,False,False,False
085,S2,4,Ciencias Basicas y Complementarias,teorico,No,bajo,No,No,0,bajo,2023,60.0,45,0.6222222222222222,False,False,False,False,False,False
085,S2,4,Ciencias Basicas y Complementarias,teorico,No,bajo,No,No,0,bajo,2023,39.0,45,0.6222222222222222,False,False,False,False,False,False
085,S2,4,Ciencias Basicas y Complementarias,teorico,No,bajo,No,No,0,bajo,2022,53.0,45,0.6222222222222222,False,False,True,True,False,True
085,S2,4,Ciencias Basicas y Complementarias,teorico,No,bajo,No,No,0,bajo,2022,52.0,45,0.6222222222222222,False,False,False,False,False,False
094,S2,5,Ciencias Basicas y Complementarias,teorico,No,bajo,No,No,1,medio,2022,58.0,20,0.4,True,True,False,False,False,False
094,S2,5,Ciencias Basicas y Complementarias,teorico,No,bajo,No,No,1,medio,2021,50.0,20,0.4,True,True,False,True,False,False
094,S2,5,Ciencias Basicas y Complementarias,teorico,No,bajo,No,No,1,medio,2021,50.0,20,0.4,True,True,False,False,False,False
094,S2,5,Ciencias Basicas y Complementarias,teorico,No,bajo,No,No,1,medio,2022,47.0,20,0.4,True,True,False,False,False,False
094,S2,5,Ciencias Basicas y Complementarias,teorico,No,bajo,No,No,1,medio,2022,41.0,20,0.4,True,True,False,False,False,False
094,S2,5,Ciencias Basicas y Complementarias,teorico,No,bajo,No,No,1,medio,2022,55.0,20,0.4,True,True,False,False,False,False
094,S2,5,Ciencias Basicas y Complementarias,teorico,No,bajo,No,No,1,medio,2022,53.0,20,0.4,True,True,True,False,False,False
094,S2,5,Ciencias Basicas y Complementarias,teorico,No,bajo,No,No,1,medio,2022,38.0,20,0.4,True,True,True,True,False,False
146,S2,3,Ciencias Basicas y Complementarias,teorico,Si,bajo,Si,No,1,medio,2023,62.0,30,0.8333333333333334,True,True,False,False,False,False
146,S2,3,Ciencias Basicas y Complementarias,teorico,Si,bajo,Si,No,1,medio,2023,40.0,30,0.8333333333333334,True,True,False,False,False,False
146,S2,3,Ciencias Basicas y Complementarias,teorico,Si,bajo,Si,No,1,medio,2023,50.0,30,0.8333333333333334,True,True,False,False,False,False
146,S2,3,Ciencias Basicas y Complementarias,teorico,Si,bajo,Si,No,1,medio,2023,52.0,30,0.8333333333333334,True,True,False,False,False,False
146,S2,3,Ciencias Basicas y Complementarias,teorico,Si,bajo,Si,No,1,medio,2023,68.0,30,0.8333333333333334,True,True,False,False,False,False
146,S2,3,Ciencias Basicas y Complementarias,teorico,Si,bajo,Si,No,1,medio,2023,48.0,30,0.8333333333333334,True,True,True,False,False,False
146,S2,3,Ciencias Basicas y Complementarias,teorico,Si,bajo,Si,No,1,medio,2023,46.0,30,0.8333333333333334,True,True,False,True,False,False
146,S2,3,Ciencias Basicas y Complementarias,teorico,Si,bajo,Si,No,1,medio,2023,46.0,30,0.8333333333333334,True,True,True,False,False,False
146,S2,3,Ciencias Basicas y Complementarias,teorico,Si,bajo,Si,No,1,medio,2023,37.0,30,0.8333333333333334,True,True,False,False,False,False
146,S2,3,Ciencias Basicas y Complementarias,teorico,Si,bajo,Si,No,1,medio,2023,52.0,30,0.8333333333333334,True,True,False,True,False,False
146,S2,3,Ciencias Basicas y Complementarias,teorico,Si,bajo,Si,No,1,medio,2023,51.0,30,0.8333333333333334,True,True,True,False,False,False
146,S2,3,Ciencias Basicas y Complementarias,teorico,Si,bajo,Si,No,1,medio,2023,35.0,30,0.8333333333333334,True,True,True,True,False,False
146,S2,3,Ciencias Basicas y Complementarias,teorico,Si,bajo,Si,No,1,medio,2023,49.0,30,0.8333333333333334,True,True,False,False,False,False
146,S2,3,Ciencias Basicas y Complementarias,teorico,Si,bajo,Si,No,1,medio,2023,36.0,30,0.8333333333333334,True,True,False,False,False,False
146,S2,3,Ciencias Basicas y Complementarias,teorico,Si,bajo,Si,No,1,medio,2023,56.0,30,0.8333333333333334,True,True,False,False,False,False
146,S2,3,Ciencias Basicas y Complementarias,teorico,Si,bajo,Si,No,1,medio,2023,44.0,30,0.8333333333333334,True,True,False,True,False,False
146,S2,3,Ciencias Basicas y Complementarias,teorico,Si,bajo,Si,No,1,medio,2023,68.0,30,0.8333333333333334,True,True,False,False,False,False
146,S2,3,Ciencias Basicas y Complementarias,teorico,Si,bajo,Si,No,1,medio,2023,61.0,30,0.8333333333333334,True,True,False,False,False,False
146,S2,3,Ciencias Basicas y Complementarias,teorico,Si,bajo,Si,No,1,medio,2023,68.0,30,0.8333333333333334,True,True,False,False,False,False
146,S2,3,Ciencias Basicas y Complementarias,teorico,Si,bajo,Si,No,1,medio,2023,37.0,30,0.8333333333333334,True,True,True,True,False,False
146,S2,3,Ciencias Basicas y Complementarias,teorico,Si,bajo,Si,No,1,medio,2023,37.0,30,0.8333333333333334,True,True,True,True,False,False
146,S2,3,Ciencias Basicas y Complementarias,teorico,Si,bajo,Si,No,1,medio,2023,62.0,20,0.6,True,True,False,False,False,False
146,S2,3,Ciencias Basicas y Complementarias,teorico,Si,bajo,Si,No,1,medio,2023,59.0,20,0.6,True,True,False,False,False,False
146,S2,3,Ciencias Basicas y Complementarias,teorico,Si,bajo,Si,No,1,medio,2023,48.0,20,0.6,True,True,False,False,False,False
146,S2,3,Ciencias Basicas y Complementarias,teorico,Si,bajo,Si,No,1,medio,2023,56.0,20,0.6,True,True,False,False,False,False
146,S2,3,Ciencias Basicas y Complementarias,teorico,Si,bajo,Si,No,1,medio,2023,64.0,20,0.6,True,True,False,False,False,False
146,S2,3,Ciencias Basicas y Complementarias,teorico,Si,bajo,Si,No,1,medio,2023,54.0,20,0.6,True,True,True,False,False,False
146,S2,3,Ciencias Basicas y Complementarias,teorico,Si,bajo,Si,No,1,medio,2023,32.0,20,0.6,True,True,False,True,False,False
146,S2,3,Ciencias Basicas y Complementarias,teorico,Si,bajo,Si,No,1,medio,2023,40.0,20,0.6,True,True,False,True,False,False
146,S2,3,Ciencias Basicas y Complementarias,teorico,Si,bajo,Si,No,1,medio,2023,54.0,20,0.6,True,True,False,True,False,False
146,S2,3,Ciencias Basicas y Complementarias,teorico,Si,bajo,Si,No,1,medio,2023,59.0,20,0.6,True,True,False,False,False,False
146,S2,3,Ciencias Basicas y Complementarias,teorico,Si,bajo,Si,No,1,medio,2023,43.0,20,0.6,True,True,False,False,False,False
146,S2,3,Ciencias Basicas y Complementarias,teorico,Si,bajo,Si,No,1,medio,2023,47.0,20,0.6,True,True,True,True,False,False
146,S2,3,Ciencias Basicas y Complementarias,teorico,Si,bajo,Si,No,1,medio,2023,52.0,20,0.4,True,True,False,False,False,False
146,S2,3,Ciencias Basicas y Complementarias,teorico,Si,bajo,Si,No,1,medio,2023,66.0,20,0.4,True,True,False,False,False,False
146,S2,3,Ciencias Basicas y Complementarias,teorico,Si,bajo,Si,No,1,medio,2023,56.0,20,0.4,True,True,False,False,False,False
146,S2,3,Ciencias Basicas y Complementarias,teorico,Si,bajo,Si,No,1,medio,2023,50.0,20,0.4,True,True,True,False,False,False
146,S2,3,Ciencias Basicas y Complementarias,teorico,Si,bajo,Si,No,1,medio,2023,37.0,20,0.4,True,True,False,False,False,False
146,S2,3,Ciencias Basicas y Complementarias,teorico,Si,bajo,Si,No,1,medio,2023,48.0,20,0.4,True,True,False,True,False,False
146,S2,3,Ciencias Basicas y Complementarias,teorico,Si,bajo,Si,No,1,medio,2023,35.0,20,0.4,True,True,False,True,False,False
146,S2,3,Ciencias Basicas y Complementarias,teorico,Si,bajo,Si,No,1,medio,2023,54.0,20,0.4,True,True,False,False,False,False
147,S2,4,Ciencias Basicas y Complementarias,teorico,Si,bajo,Si,Si,3,medio,2023,44.0,30,0.8,True,True,True,True,False,False
147,S2,4,Ciencias Basicas y Complementarias,teorico,Si,bajo,Si,Si,3,medio,2023,55.0,30,0.8,True,True,True,False,False,False
147,S2,4,Ciencias Basicas y Complementarias,teorico,Si,bajo,Si,Si,3,medio,2023,52.0,30,0.8,True,True,False,False,False,False
147,S2,4,Ciencias Basicas y Complementarias,teorico,Si,bajo,Si,Si,3,medio,2023,51.0,30,0.8,True,True,False,False,False,False
147,S2,4,Ciencias Basicas y Complementarias,teorico,Si,bajo,Si,Si,3,medio,2023,42.0,30,0.8,True,True,False,True,False,False
147,S2,4,Ciencias Basicas y Complementarias,teorico,Si,bajo,Si,Si,3,medio,2023,47.0,30,0.8,True,True,False,False,False,False
147,S2,4,Ciencias Basicas y Complementarias,teorico,Si,bajo,Si,Si,3,medio,2022,59.0,30,0.8,True,True,False,False,False,False
147,S2,4,Ciencias Basicas y Complementarias,teorico,Si,bajo,Si,Si,3,medio,2022,67.0,30,0.8,True,True,False,False,False,False
147,S2,4,Ciencias Basicas y Complementarias,teorico,Si,bajo,Si,Si,3,medio,2023,31.0,30,0.8,True,True,False,True,False,False
147,S2,4,Ciencias Basicas y Complementarias,teorico,Si,bajo,Si,Si,3,medio,2022,33.0,30,0.8,True,True,True,False,False,False
147,S2,4,Ciencias Basicas y Complementarias,teorico,Si,bajo,Si,Si,3,medio,2023,68.0,30,0.8,True,True,False,False,False,False
147,S2,4,Ciencias Basicas y Complementarias,teorico,Si,bajo,Si,Si,3,medio,2022,40.0,30,0.8,True,True,False,False,False,False
147,S2,4,Ciencias Basicas y Complementarias,teorico,Si,bajo,Si,Si,3,medio,2022,35.0,30,0.8,True,True,True,True,False,False
147,S2,4,Ciencias Basicas y Complementarias,teorico,Si,bajo,Si,Si,3,medio,2023,41.0,30,0.8,True,True,True,False,False,False
147,S2,4,Ciencias Basicas y Complementarias,teorico,Si,bajo,Si,Si,3,medio,2023,65.0,30,0.8,True,True,False,False,False,False
147,S2,4,Ciencias Basicas y Complementarias,teorico,Si,bajo,Si,Si,3,medio,2023,43.0,30,0.8,True,True,False,False,False,False
147,S2,4,Ciencias Basicas y Complementarias,teorico,Si,bajo,Si,Si,3,medio,2023,47.0,30,0.8,True,True,False,False,False,False
147,S2,4,Ciencias Basicas y Complementarias,teorico,Si,bajo,Si,Si,3,medio,2022,59.0,30,0.8,True,True,False,False,False,False
147,S2,4,Ciencias Basicas y Complementarias,teorico,Si,bajo,Si,Si,3,medio,2023,44.0,30,0.8,True,True,False,False,False,False
147,S2,4,Ciencias Basicas y Complementarias,teorico,Si,bajo,Si,Si,3,medio,2022,41.0,30,0.8,True,True,True,True,False,False
147,S2,4,Ciencias Basicas y Complementarias,teorico,Si,bajo,Si,Si,3,medio,2023,39.0,30,0.8,True,True,False,False,False,False
147,S2,4,Ciencias Basicas y Complementarias,teorico,Si,bajo,Si,Si,3,medio,2023,36.0,30,0.8,True,True,True,True,False,False
147,S2,4,Ciencias Basicas y Complementarias,teorico,Si,bajo,Si,Si,3,medio,2022,57.0,30,0.8,True,True,False,False,False,False
147,S2,4,Ciencias Basicas y Complementarias,teorico,Si,bajo,Si,Si,3,medio,2022,31.0,30,0.8,True,True,True,True,False,False
147,S2,4,Ciencias Basicas y Complementarias,teorico,Si,bajo,Si,Si,3,medio,2022,53.0,20,0.5,True,True,True,True,False,False
147,S2,4,Ciencias Basicas y Complementarias,teorico,Si,bajo,Si,Si,3,medio,2023,57.0,20,0.5,True,True,False,False,False,False
147,S2,4,Ciencias Basicas y Complementarias,teorico,Si,bajo,Si,Si,3,medio,2022,35.0,20,0.5,True,True,True,True,False,False
147,S2,4,Ciencias Basicas y Complementarias,teorico,Si,bajo,Si,Si,3,medio,2023,60.0,20,0.5,True,True,False,False,False,False
147,S2,4,Ciencias Basicas y Complementarias,teorico,Si,bajo,Si,Si,3,medio,2022,50.0,20,0.5,True,True,False,False,False,False
147,S2,4,Ciencias Basicas y Complementarias,teorico,Si,bajo,Si,Si,3,medio,2023,40.0,20,0.5,True,True,False,False,False,False
147,S2,4,Ciencias Basicas y Complementarias,teorico,Si,bajo,Si,Si,3,medio,2022,49.0,20,0.5,True,True,True,False,False,False
147,S2,4,Ciencias Basicas y Complementarias,teorico,Si,bajo,Si,Si,3,medio,2022,38.0,20,0.5,True,True,False,True,False,False
147,S2,4,Ciencias Basicas y Complementarias,teorico,Si,bajo,Si,Si,3,medio,2022,60.0,20,0.5,True,True,False,False,False,False
147,S2,4,Ciencias Basicas y Complementarias,teorico,Si,bajo,Si,Si,3,medio,2023,39.0,20,0.5,True,True,False,False,False,False
169,S2,1,Ciencias Basicas y Complementarias,teorico,No,bajo,Si,Si,2,medio,2024,33.0,20,0.75,True,True,True,True,False,False
169,S2,1,Ciencias Basicas y Complementarias,teorico,No,bajo,Si,Si,2,medio,2024,44.0,20,0.75,True,True,False,True,False,False
169,S2,1,Ciencias Basicas y Complementarias,teorico,No,bajo,Si,Si,2,medio,2024,59.0,20,0.75,True,True,False,False,False,False
169,S2,1,Ciencias Basicas y Complementarias,teorico,No,bajo,Si,Si,2,medio,2024,46.0,20,0.75,True,True,False,False,False,False
169,S2,1,Ciencias Basicas y Complementarias,teorico,No,bajo,Si,Si,2,medio,2024,65.0,20,0.75,True,True,False,False,False,False
169,S2,1,Ciencias Basicas y Complementarias,teorico,No,bajo,Si,Si,2,medio,2024,46.0,20,0.75,True,True,True,False,False,False
169,S2,1,Ciencias Basicas y Complementarias,teorico,No,bajo,Si,Si,2,medio,2024,61.0,20,0.75,True,True,False,False,False,False
169,S2,1,Ciencias Basicas y Complementarias,teorico,No,bajo,Si,Si,2,medio,2024,60.0,20,0.75,True,True,False,False,False,False
169,S2,1,Ciencias Basicas y Complementarias,teorico,No,bajo,Si,Si,2,medio,2024,60.0,20,0.75,True,True,False,False,False,False
169,S2,1,Ciencias Basicas y Complementarias,teorico,No,bajo,Si,Si,2,medio,2024,46.0,20,0.75,True,True,True,False,False,False
169,S2,1,Ciencias Basicas y Complementarias,teorico,No,bajo,Si,Si,2,medio,2024,58.0,20,0.75,True,True,False,False,False,False
169,S2,1,Ciencias Basicas y Complementarias,teorico,No,bajo,Si,Si,2,medio,2024,40.0,20,0.75,True,True,False,False,False,False
169,S2,1,Ciencias Basicas y Complementarias,teorico,No,bajo,Si,Si,2,medio,2024,52.0,20,0.75,True,True,True,True,False,False
169,S2,1,Ciencias Basicas y Complementarias,teorico,No,bajo,Si,Si,2,medio,2024,38.0,20,0.75,True,True,False,False,False,False
169,S2,1,Ciencias Basicas y Complementarias,teorico,No,bajo,Si,Si,2,medio,2024,36.0,20,0.75,True,True,False,True,False,False
169,S2,1,Ciencias Basicas y Complementarias,teorico,No,bajo,Si,Si,2,medio,2024,49.0,30,0.7333333333333333,True,True,False,True,False,False
169,S2,1,Ciencias Basicas y Complementarias,teorico,No,bajo,Si,Si,2,medio,2024,54.0,30,0.7333333333333333,True,True,False,False,False,False
169,S2,1,Ciencias Basicas y Complementarias,teorico,No,bajo,Si,Si,2,medio,2024,46.0,30,0.7333333333333333,True,True,False,False,False,False
169,S2,1,Ciencias Basicas y Complementarias,teorico,No,bajo,Si,Si,2,medio,2024,47.0,30,0.7333333333333333,True,True,False,False,False,False
169,S2,1,Ciencias Basicas y Complementarias,teorico,No,bajo,Si,Si,2,medio,2024,51.0,30,0.7333333333333333,True,True,True,False,False,False
169,S2,1,Ciencias Basicas y Complementarias,teorico,No,bajo,Si,Si,2,medio,2024,55.0,30,0.7333333333333333,True,True,False,False,False,False
169,S2,1,Ciencias Basicas y Complementarias,teorico,No,bajo,Si,Si,2,medio,2024,56.0,30,0.7333333333333333,True,True,False,False,False,False
169,S2,1,Ciencias Basicas y Complementarias,teorico,No,bajo,Si,Si,2,medio,2024,38.0,30,0.7333333333333333,True,True,True,False,False,False
169,S2,1,Ciencias Basicas y Complementarias,teorico,No,bajo,Si,Si,2,medio,2024,55.0,30,0.7333333333333333,True,True,False,False,False,False
169,S2,1,Ciencias Basicas y Complementarias,teorico,No,bajo,Si,Si,2,medio,2024,50.0,30,0.7333333333333333,True,True,False,True,False,False
169,S2,1,Ciencias Basicas y Complementarias,teorico,No,bajo,Si,Si,2,medio,2024,42.0,30,0.7333333333333333,True,True,False,True,False,False
169,S2,1,Ciencias Basicas y Complementarias,teorico,No,bajo,Si,Si,2,medio,2024,55.0,30,0.7333333333333333,True,True,False,False,False,False
169,S2,1,Ciencias Basicas y Complementarias,teorico,No,bajo,Si,Si,2,medio,2024,38.0,30,0.7333333333333333,True,True,False,False,False,False
169,S2,1,Ciencias Basicas y Complementarias,teorico,No,bajo,Si,Si,2,medio,2024,59.0,30,0.7333333333333333,True,True,False,False,False,False
169,S2,1,Ciencias Basicas y Complementarias,teorico,No,bajo,Si,Si,2,medio,2024,52.0,30,0.7333333333333333,True,True,False,False,False,False
169,S2,1,Ciencias Basicas y Complementarias,teorico,No,bajo,Si,Si,2,medio,2024,50.0,30,0.7333333333333333,True,True,False,False,False,False
169,S2,1,Ciencias Basicas y Complementarias,teorico,No,bajo,Si,Si,2,medio,2024,49.0,30,0.7333333333333333,True,True,False,False,False,False
169,S2,1,Ciencias Basicas y Complementarias,teorico,No,bajo,Si,Si,2,medio,2024,49.0,30,0.7333333333333333,True,True,True,False,False,False
169,S2,1,Ciencias Basicas y Complementarias,teorico,No,bajo,Si,Si,2,medio,2024,60.0,30,0.7333333333333333,True,True,False,False,False,False
169,S2,1,Ciencias Basicas y Complementarias,teorico,No,bajo,Si,Si,2,medio,2024,46.0,30,0.7333333333333333,True,True,False,True,False,False
169,S2,1,Ciencias Basicas y Complementarias,teorico,No,bajo,Si,Si,2,medio,2024,42.0,30,0.7333333333333333,True,True,False,False,False,False
169,S2,1,Ciencias Basicas y Complementarias,teorico,No,bajo,Si,Si,2,medio,2024,55.0,30,0.7333333333333333,True,True,False,True,False,False
169,S2,1,Ciencias Basicas y Complementarias,teorico,No,bajo,Si,Si,2,medio,2024,56.0,45,0.7777777777777778,True,True,False,False,False,False
169,S2,1,Ciencias Basicas y Complementarias,teorico,No,bajo,Si,Si,2,medio,2024,31.0,45,0.7777777777777778,True,True,True,False,False,False
169,S2,1,Ciencias Basicas y Complementarias,teorico,No,bajo,Si,Si,2,medio,2024,40.0,45,0.7777777777777778,True,True,False,False,False,False
169,S2,1,Ciencias Basicas y Complementarias,teorico,No,bajo,Si,Si,2,medio,2024,56.0,45,0.7777777777777778,True,True,False,False,False,False
169,S2,1,Ciencias Basicas y Complementarias,teorico,No,bajo,Si,Si,2,medio,2024,46.0,45,0.7777777777777778,True,True,False,False,False,False
169,S2,1,Ciencias Basicas y Complementarias,teorico,No,bajo,Si,Si,2,medio,2024,38.0,45,0.7777777777777778,True,True,False,False,False,False
169,S2,1,Ciencias Basicas y Complementarias,teorico,No,bajo,Si,Si,2,medio,2024,45.0,45,0.7777777777777778,True,True,True,False,False,False
169,S2,1,Ciencias Basicas y Complementarias,teorico,No,bajo,Si,Si,2,medio,2024,42.0,45,0.7777777777777778,True,True,True,True,False,False
169,S2,1,Ciencias Basicas y Complementarias,teorico,No,bajo,Si,Si,2,medio,2024,42.0,45,0.7777777777777778,True,True,True,True,False,False
169,S2,1,Ciencias Basicas y Complementarias,teorico,No,bajo,Si,Si,2,medio,2024,65.0,45,0.7777777777777778,True,True,False,False,False,False
169,S2,1,Ciencias Basicas y Complementarias,teorico,No,bajo,Si,Si,2,medio,2024,58.0,45,0.7777777777777778,True,True,False,False,False,False
169,S2,1,Ciencias Basicas y Complementarias,teorico,No,bajo,Si,Si,2,medio,2024,48.0,45,0.7777777777777778,True,True,False,False,False,False
169,S2,1,Ciencias Basicas y Complementarias,teorico,No,bajo,Si,Si,2,medio,2024,53.0,45,0.7777777777777778,True,True,False,False,False,False
169,S2,1,Ciencias Basicas y Complementarias,teorico,No,bajo,Si,Si,2,medio,2024,39.0,45,0.7777777777777778,True,True,False,True,False,False
169,S2,1,Ciencias Basicas y Complementarias,teorico,No,bajo,Si,Si,2,medio,2024,46.0,45,0.7777777777777778,True,True,False,False,False,False
169,S2,1,Ciencias Basicas y Complementarias,teorico,No,bajo,Si,Si,2,medio,2024,41.0,45,0.7777777777777778,True,True,True,True,False,False
169,S2,1,Ciencias Basicas y Complementarias,teorico,No,bajo,Si,Si,2,medio,2024,47.0,45,0.7777777777777778,True,True,False,False,False,False
169,S2,1,Ciencias Basicas y Complementarias,teorico,No,bajo,Si,Si,2,medio,2024,38.0,45,0.7777777777777778,True,True,True,False,False,False
169,S2,1,Ciencias Basicas y Complementarias,teorico,No,bajo,Si,Si,2,medio,2024,51.0,45,0.7777777777777778,True,True,False,False,False,False
169,S2,1,Ciencias Basicas y Complementarias,teorico,No,bajo,Si,Si,2,medio,2024,59.0,45,0.7777777777777778,True,True,False,False,False,False
169,S2,1,Ciencias Basicas y Complementarias,teorico,No,bajo,Si,Si,2,medio,2024,55.0,45,0.7777777777777778,True,True,False,False,False,False
169,S2,1,Ciencias Basicas y Complementarias,teorico,No,bajo,Si,Si,2,medio,2024,31.0,45,0.7777777777777778,True,True,True,False,False,False
169,S2,1,Ciencias Basicas y Complementarias,teorico,No,bajo,Si,Si,2,medio,2024,47.0,45,0.7777777777777778,True,True,False,True,False,False
169,S2,1,Ciencias Basicas y Complementarias,teorico,No,bajo,Si,Si,2,medio,2024,37.0,45,0.7777777777777778,True,True,False,False,False,False
169,S2,1,Ciencias Basicas y Complementarias,teorico,No,bajo,Si,Si,2,medio,2024,39.0,45,0.7777777777777778,True,True,False,False,False,False
169,S2,1,Ciencias Basicas y Complementarias,teorico,No,bajo,Si,Si,2,medio,2024,36.0,45,0.7777777777777778,True,True,False,True,False,False
169,S2,1,Ciencias Basicas y Complementarias,teorico,No,bajo,Si,Si,2,medio,2024,44.0,45,0.7777777777777778,True,True,True,True,False,False
169,S2,1,Ciencias Basicas y Complementarias,teorico,No,bajo,Si,Si,2,medio,2024,41.0,45,0.7777777777777778,True,True,False,False,False,False
169,S2,1,Ciencias Basicas y Complementarias,teorico,No,bajo,Si,Si,2,medio,2024,65.0,45,0.7777777777777778,True,True,False,False,False,False
169,S2,1,Ciencias Basicas y Complementarias,teorico,No,bajo,Si,Si,2,medio,2024,48.0,45,0.7777777777777778,True,True,False,True,False,False
169,S2,1,Ciencias Basicas y Complementarias,teorico,No,bajo,Si,Si,2,medio,2024,67.0,45,0.7777777777777778,True,True,False,False,False,False
169,S2,1,Ciencias Basicas y Complementarias,teorico,No,bajo,Si,Si,2,medio,2024,34.0,45,0.7777777777777778,True,True,True,True,False,False
169,S2,1,Ciencias Basicas y Complementarias,teorico,No,bajo,Si,Si,2,medio,2024,52.0,45,0.7777777777777778,True,True,False,False,False,False
169,S2,1,Ciencias Basicas y Complementarias,teorico,No,bajo,Si,Si,2,medio,2024,40.0,45,0.7777777777777778,True,True,False,False,False,False
169,S2,1,Ciencias Basicas y Complementarias,teorico,No,bajo,Si,Si,2,medio,2023,63.0,20,0.4,True,True,False,False,False,False
169,S2,1,Ciencias Basicas y Complementarias,teorico,No,bajo,Si,Si,2,medio,2023,37.0,20,0.4,True,True,True,False,False,False
169,S2,1,Ciencias Basicas y Complementarias,teorico,No,bajo,Si,Si,2,medio,2023,48.0,20,0.4,True,True,False,True,False,False
169,S2,1,Ciencias Basicas y Complementarias,teorico,No,bajo,Si,Si,2,medio,2023,59.0,20,0.4,True,True,False,False,False,False
169,S2,1,Ciencias Basicas y Complementarias,teorico,No,bajo,Si,Si,2,medio,2023,54.0,20,0.4,True,True,True,True,False,False
169,S2,1,Ciencias Basicas y Complementarias,teorico,No,bajo,Si,Si,2,medio,2023,60.0,20,0.4,True,True,False,False,False,False
169,S2,1,Ciencias Basicas y Complementarias,teorico,No,bajo,Si,Si,2,medio,2023,44.0,20,0.4,True,True,False,False,False,False
169,S2,1,Ciencias Basicas y Complementarias,teorico,No,bajo,Si,Si,2,medio,2023,44.0,20,0.4,True,True,False,False,False,False
170,S2,2,Ciencias Basicas y Complementarias,teorico,No,bajo,Si,Si,6,alto,2024,44.0,30,0.6,True,True,True,False,False,False
170,S2,2,Ciencias Basicas y Complementarias,teorico,No,bajo,Si,Si,6,alto,2024,45.0,30,0.6,True,True,False,False,False,False
170,S2,2,Ciencias Basicas y Complementarias,teorico,No,bajo,Si,Si,6,alto,2024,47.0,30,0.6,True,True,False,False,False,False
170,S2,2,Ciencias Basicas y Complementarias,teorico,No,bajo,Si,Si,6,alto,2024,42.0,30,0.6,True,True,False,False,False,False
170,S2,2,Ciencias Basicas y Complementarias,teorico,No,bajo,Si,Si,6,alto,2024,41.0,30,0.6,True,True,False,True,False,False
170,S2,2,Ciencias Basicas y Complementarias,teorico,No,bajo,Si,Si,6,alto,2024,52.0,30,0.6,True,True,False,False,False,False
170,S2,2,Ciencias Basicas y Complementarias,teorico,No,bajo,Si,Si,6,alto,2024,38.0,30,0.6,True,True,False,True,False,False
170,S2,2,Ciencias Basicas y Complementarias,teorico,No,bajo,Si,Si,6,alto,2024,39.0,30,0.6,True,True,False,True,False,False
170,S2,2,Ciencias Basicas y Complementarias,teorico,No,bajo,Si,Si,6,alto,2024,54.0,30,0.6,True,True,True,False,False,False
170,S2,2,Ciencias Basicas y Complementarias,teorico,No,bajo,Si,Si,6,alto,2024,45.0,30,0.6,True,True,False,False,False,False
170,S2,2,Ciencias Basicas y Complementarias,teorico,No,bajo,Si,Si,6,alto,2024,49.0,30,0.6,True,True,False,False,False,False
170,S2,2,Ciencias Basicas y Complementarias,teorico,No,bajo,Si,Si,6,alto,2024,47.0,30,0.6,True,True,False,False,False,False
170,S2,2,Ciencias Basicas y Complementarias,teorico,No,bajo,Si,Si,6,alto,2024,31.0,30,0.6,True,True,True,True,False,False
170,S2,2,Ciencias Basicas y Complementarias,teorico,No,bajo,Si,Si,6,alto,2024,64.0,30,0.6,True,True,False,False,False,False
170,S2,2,Ciencias Basicas y Complementarias,teorico,No,bajo,Si,Si,6,alto,2024,46.0,30,0.6,True,True,True,True,False,False
170,S2,2,Ciencias Basicas y Complementarias,teorico,No,bajo,Si,Si,6,alto,2024,43.0,30,0.6,True,True,False,False,False,False
170,S2,2,Ciencias Basicas y Complementarias,teorico,No,bajo,Si,Si,6,alto,2024,48.0,30,0.6,True,True,False,False,False,False
170,S2,2,Ciencias Basicas y Complementarias,teorico,No,bajo,Si,Si,6,alto,2024,42.0,30,0.6,True,True,False,False,False,False
170,S2,2,Ciencias Basicas y Complementarias,teorico,No,bajo,Si,Si,6,alto,2024,49.0,20,0.7,True,True,True,True,False,False
170,S2,2,Ciencias Basicas y Complementarias,teorico,No,bajo,Si,Si,6,alto,2024,63.0,20,0.7,True,True,False,False,False,False
170,S2,2,Ciencias Basicas y Complementarias,teorico,No,bajo,Si,Si,6,alto,2024,61.0,20,0.7,True,True,False,False,False,False
170,S2,2,Ciencias Basicas y Complementarias,teorico,No,bajo,Si,Si,6,alto,2024,32.0,20,0.7,True,True,True,True,False,False
170,S2,2,Ciencias Basicas y Complementarias,teorico,No,bajo,Si,Si,6,alto,2024,54.0,20,0.7,True,True,True,False,False,False
170,S2,2,Ciencias Basicas y Complementarias,teorico,No,bajo,Si,Si,6,alto,2024,40.0,20,0.7,True,True,False,True,False,False
170,S2,2,Ciencias Basicas y Complementarias,teorico,No,bajo,Si,Si,6,alto,2024,47.0,20,0.7,True,True,False,False,False,False
170,S2,2,Ciencias Basicas y Complementarias,teorico,No,bajo,Si,Si,6,alto,2024,57.0,20,0.7,True,True,False,False,False,False
170,S2,2,Ciencias Basicas y Complementarias,teorico,No,bajo,Si,Si,6,alto,2024,64.0,20,0.7,True,True,False,False,False,False
170,S2,2,Ciencias Basicas y Complementarias,teorico,No,bajo,Si,Si,6,alto,2024,46.0,20,0.7,True,True,True,False,False,False
170,S2,2,Ciencias Basicas y Complementarias,teorico,No,bajo,Si,Si,6,alto,2024,44.0,20,0.7,True,True,False,False,False,False
170,S2,2,Ciencias Basicas y Complementarias,teorico,No,bajo,Si,Si,6,alto,2024,61.0,20,0.7,True,True,False,False,False,False
170,S2,2,Ciencias Basicas y Complementarias,teorico,No,bajo,Si,Si,6,alto,2024,57.0,20,0.7,True,True,False,False,False,False
170,S2,2,Ciencias Basicas y Complementarias,teorico,No,bajo,Si,Si,6,alto,2024,63.0,20,0.7,True,True,False,False,False,False
170,S2,2,Ciencias Basicas y Complementarias,teorico,No,bajo,Si,Si,6,alto,2024,49.0,30,0.6666666666666666,True,True,False,False,False,False
170,S2,2,Ciencias Basicas y Complementarias,teorico,No,bajo,Si,Si,6,alto,2024,32.0,30,0.6666666666666666,True,True,False,True,False,False
170,S2,2,Ciencias Basicas y Complementarias,teorico,No,bajo,Si,Si,6,alto,2024,41.0,30,0.6666666666666666,True,True,False,False,False,False
170,S2,2,Ciencias Basicas y Complementarias,teorico,No,bajo,Si,Si,6,alto,2024,38.0,30,0.6666666666666666,True,True,False,True,False,False
170,S2,2,Ciencias Basicas y Complementarias,teorico,No,bajo,Si,Si,6,alto,2024,42.0,30,0.6666666666666666,True,True,True,False,False,False
170,S2,2,Ciencias Basicas y Complementarias,teorico,No,bajo,Si,Si,6,alto,2024,41.0,30,0.6666666666666666,True,True,False,False,False,False
170,S2,2,Ciencias Basicas y Complementarias,teorico,No,bajo,Si,Si,6,alto,2024,48.0,30,0.6666666666666666,True,True,False,False,False,False
170,S2,2,Ciencias Basicas y Complementarias,teorico,No,bajo,Si,Si,6,alto,2024,65.0,30,0.6666666666666666,True,True,False,False,False,False
170,S2,2,Ciencias Basicas y Complementarias,teorico,No,bajo,Si,Si,6,alto,2024,68.0,30,0.6666666666666666,True,True,False,False,False,False
170,S2,2,Ciencias Basicas y Complementarias,teorico,No,bajo,Si,Si,6,alto,2024,66.0,30,0.6666666666666666,True,True,False,False,False,False
170,S2,2,Ciencias Basicas y Complementarias,teorico,No,bajo,Si,Si,6,alto,2024,44.0,30,0.6666666666666666,True,True,False,False,False,False
170,S2,2,Ciencias Basicas y Complementarias,teorico,No,bajo,Si,Si,6,alto,2024,60.0,30,0.6666666666666666,True,True,False,False,False,False
170,S2,2,Ciencias Basicas y Complementarias,teorico,No,bajo,Si,Si,6,alto,2024,50.0,30,0.6666666666666666,True,True,True,False,False,False
170,S2,2,Ciencias Basicas y Complementarias,teorico,No,bajo,Si,Si,6,alto,2024,39.0,30,0.6666666666666666,True,True,False,True,False,False
170,S2,2,Ciencias Basicas y Complementarias,teorico,No,bajo,Si,Si,6,alto,2024,66.0,30,0.6666666666666666,True,True,False,False,False,False
170,S2,2,Ciencias Basicas y Complementarias,teorico,No,bajo,Si,Si,6,alto,2024,32.0,30,0.6666666666666666,True,True,True,True,False,False
170,S2,2,Ciencias Basicas y Complementarias,teorico,No,bajo,Si,Si,6,alto,2024,61.0,30,0.6666666666666666,True,True,False,False,False,False
170,S2,2,Ciencias Basicas y Complementarias,teorico,No,bajo,Si,Si,6,alto,2024,46.0,30,0.6666666666666666,True,True,True,True,False,False
170,S2,2,Ciencias Basicas y Complementarias,teorico,No,bajo,Si,Si,6,alto,2024,53.0,30,0.6666666666666666,True,True,False,False,False,False
178,S2,2,Ciencias Basicas y Complementarias,teorico,No,bajo,No,No,0,bajo,2024,42.0,20,0.2,False,False,False,False,False,False
178,S2,2,Ciencias Basicas y Complementarias,teorico,No,bajo,No,No,0,bajo,2024,46.0,20,0.2,False,False,True,True,False,True
178,S2,2,Ciencias Basicas y Complementarias,teorico,No,bajo,No,No,0,bajo,2024,42.0,20,0.2,False,False,False,False,False,False
178,S2,2,Ciencias Basicas y Complementarias,teorico,No,bajo,No,No,0,bajo,2024,54.0,20,0.15,False,False,False,False,False,False
178,S2,2,Ciencias Basicas y Complementarias,teorico,No,bajo,No,No,0,bajo,2024,35.0,20,0.15,False,False,True,True,False,True
178,S2,2,Ciencias Basicas y Complementarias,teorico,No,bajo,No,No,0,bajo,2024,41.0,20,0.15,False,False,False,False,False,False
178,S2,2,Ciencias Basicas y Complementarias,teorico,No,bajo,No,No,0,bajo,2024,57.0,20,0.15,False,False,False,False,False,False
178,S2,2,Ciencias Basicas y Complementarias,teorico,No,bajo,No,No,0,bajo,2024,34.0,20,0.15,False,False,False,True,False,True
178,S2,2,Ciencias Basicas y Complementarias,teorico,No,bajo,No,No,0,bajo,2024,50.0,20,0.15,False,False,False,False,False,False
216,S2,1,Ciencias Basicas y Complementarias,teorico,Si,bajo,Si,No,1,medio,2024,56.0,20,0.25,False,False,False,False,False,False
216,S2,1,Ciencias Basicas y Complementarias,teorico,Si,bajo,Si,No,1,medio,2024,46.0,20,0.25,False,False,True,True,True,True
216,S2,1,Ciencias Basicas y Complementarias,teorico,Si,bajo,Si,No,1,medio,2024,36.0,20,0.25,False,False,False,True,True,True
216,S2,1,Ciencias Basicas y Complementarias,teorico,Si,bajo,Si,No,1,medio,2024,62.0,20,0.25,False,False,False,False,False,False
216,S2,1,Ciencias Basicas y Complementarias,teorico,Si,bajo,Si,No,1,medio,2024,62.0,20,0.25,False,False,False,False,False,False
216,S2,1,Ciencias Basicas y Complementarias,teorico,Si,bajo,Si,No,1,medio,2024,37.0,20,0.15,False,False,False,False,False,False
216,S2,1,Ciencias Basicas y Complementarias,teorico,Si,bajo,Si,No,1,medio,2024,51.0,20,0.15,False,False,True,True,True,True
216,S2,1,Ciencias Basicas y Complementarias,teorico,Si,bajo,Si,No,1,medio,2024,52.0,20,0.15,False,False,False,False,False,False
216,S2,1,Ciencias Basicas y Complementarias,teorico,Si,bajo,Si,No,1,medio,2024,51.0,20,0.4,False,False,True,True,True,True
216,S2,1,Ciencias Basicas y Complementarias,teorico,Si,bajo,Si,No,1,medio,2024,64.0,20,0.4,False,False,False,False,False,False
216,S2,1,Ciencias Basicas y Complementarias,teorico,Si,bajo,Si,No,1,medio,2024,67.0,20,0.4,False,False,False,False,False,False
216,S2,1,Ciencias Basicas y Complementarias,teorico,Si,bajo,Si,No,1,medio,2024,57.0,20,0.4,False,False,False,False,False,False
216,S2,1,Ciencias Basicas y Complementarias,teorico,Si,bajo,Si,No,1,medio,2024,46.0,20,0.4,False,False,False,False,False,False
216,S2,1,Ciencias Basicas y Complementarias,teorico,Si,bajo,Si,No,1,medio,2024,46.0,20,0.4,False,False,False,False,False,False
216,S2,1,Ciencias Basicas y Complementarias,teorico,Si,bajo,Si,No,1,medio,2024,55.0,20,0.4,False,False,True,False,False,False
216,S2,1,Ciencias Basicas y Complementarias,teorico,Si,bajo,Si,No,1,medio,2024,55.0,20,0.4,False,False,True,True,True,True
216,S2,1,Ciencias Basicas y Complementarias,teorico,Si,bajo,Si,No,1,medio,2024,52.0,20,0.2,False,False,False,True,True,True
216,S2,1,Ciencias Basicas y Complementarias,teorico,Si,bajo,Si,No,1,medio,2024,50.0,20,0.2,False,False,False,False,False,False
216,S2,1,Ciencias Basicas y Complementarias,teorico,Si,bajo,Si,No,1,medio,2024,52.0,20,0.2,False,False,False,False,False,False
216,S2,1,Ciencias Basicas y Complementarias,teorico,Si,bajo,Si,No,1,medio,2024,32.0,20,0.2,False,False,True,True,True,True
2570,S2,9,Ciencias Basicas y Complementarias,teorico,No,bajo,No,No,0,bajo,2016,32.0,20,0.6,False,False,False,True,False,True
2570,S2,9,Ciencias Basicas y Complementarias,teorico,No,bajo,No,No,0,bajo,2018,57.0,20,0.6,False,False,False,False,False,False
2570,S2,9,Ciencias Basicas y Complementarias,teorico,No,bajo,No,No,0,bajo,2018,53.0,20,0.6,False,False,True,False,False,False
2570,S2,9,Ciencias Basicas y Complementarias,teorico,No,bajo,No,No,0,bajo,2018,37.0,20,0.6,False,False,False,True,False,True
2570,S2,9,Ciencias Basicas y Complementarias,teorico,No,bajo,No,No,0,bajo,2016,45.0,20,0.6,False,False,False,True,False,True
2570,S2,9,Ciencias Basicas y Complementarias,teorico,No,bajo,No,No,0,bajo,2019,65.0,20,0.6,False,False,False,False,False,False
2570,S2,9,Ciencias Basicas y Complementarias,teorico,No,bajo,No,No,0,bajo,2017,62.0,20,0.6,False,False,False,False,False,False
2570,S2,9,Ciencias Basicas y Complementarias,teorico,No,bajo,No,No,0,bajo,2016,52.0,20,0.6,False,False,False,False,False,False
2570,S2,9,Ciencias Basicas y Complementarias,teorico,No,bajo,No,No,0,bajo,2018,51.0,20,0.6,False,False,False,False,False,False
2570,S2,9,Ciencias Basicas y Complementarias,teorico,No,bajo,No,No,0,bajo,2019,55.0,20,0.6,False,False,False,False,False,False
2570,S2,9,Ciencias Basicas y Complementarias,teorico,No,bajo,No,No,0,bajo,2019,61.0,20,0.6,False,False,False,False,False,False
2666,S2,1,Ciencias Basicas y Complementarias,teorico,No,bajo,Si,No,0,bajo,2024,45.0,20,0.5,False,False,True,True,False,True
2666,S2,1,Ciencias Basicas y Complementarias,teorico,No,bajo,Si,No,0,bajo,2024,53.0,20,0.5,False,False,True,False,False,False
2666,S2,1,Ciencias Basicas y Complementarias,teorico,No,bajo,Si,No,0,bajo,2024,63.0,20,0.5,False,False,False,False,False,False
2666,S2,1,Ciencias Basicas y Complementarias,teorico,No,bajo,Si,No,0,bajo,2024,46.0,20,0.5,False,False,False,False,False,False
2666,S2,1,Ciencias Basicas y Complementarias,teorico,No,bajo,Si,No,0,bajo,2024,37.0,20,0.5,False,False,True,True,False,True
2666,S2,1,Ciencias Basicas y Complementarias,teorico,No,bajo,Si,No,0,bajo,2024,39.0,20,0.5,False,False,True,True,False,True
2666,S2,1,Ciencias Basicas y Complementarias,teorico,No,bajo,Si,No,0,bajo,2024,47.0,20,0.5,False,False,False,False,False,False
2666,S2,1,Ciencias Basicas y Complementarias,teorico,No,bajo,Si,No,0,bajo,2024,57.0,20,0.5,False,False,False,False,False,False
2666,S2,1,Ciencias Basicas y Complementarias,teorico,No,bajo,Si,No,0,bajo,2024,52.0,20,0.5,False,False,False,False,False,False
2666,S2,1,Ciencias Basicas y Complementarias,teorico,No,bajo,Si,No,0,bajo,2024,49.0,20,0.5,False,False,False,False,False,False
2667,S2,2,Ciencias Basicas y Complementarias,teorico,No,bajo,Si,No,1,medio,2024,67.0,30,0.6,False,False,False,False,False,False
2667,S2,2,Ciencias Basicas y Complementarias,teorico,No,bajo,Si,No,1,medio,2024,48.0,30,0.6,False,False,True,False,False,False
2667,S2,2,Ciencias Basicas y Complementarias,teorico,No,bajo,Si,No,1,medio,2024,34.0,30,0.6,False,False,True,False,False,False
2667,S2,2,Ciencias Basicas y Complementarias,teorico,No,bajo,Si,No,1,medio,2024,57.0,30,0.6,False,False,False,False,False,False
2667,S2,2,Ciencias Basicas y Complementarias,teorico,No,bajo,Si,No,1,medio,2024,54.0,30,0.6,False,False,False,False,False,False
2667,S2,2,Ciencias Basicas y Complementarias,teorico,No,bajo,Si,No,1,medio,2024,66.0,30,0.6,False,False,False,False,False,False
2667,S2,2,Ciencias Basicas y Complementarias,teorico,No,bajo,Si,No,1,medio,2024,38.0,30,0.6,False,False,False,True,True,True
2667,S2,2,Ciencias Basicas y Complementarias,teorico,No,bajo,Si,No,1,medio,2024,54.0,30,0.6,False,False,False,False,False,False
2667,S2,2,Ciencias Basicas y Complementarias,teorico,No,bajo,Si,No,1,medio,2024,44.0,30,0.6,False,False,False,False,False,False
2667,S2,2,Ciencias Basicas y Complementarias,teorico,No,bajo,Si,No,1,medio,2024,52.0,30,0.6,False,False,False,False,False,False
2667,S2,2,Ciencias Basicas y Complementarias,teorico,No,bajo,Si,No,1,medio,2024,47.0,30,0.6,False,False,True,True,True,True
2667,S2,2,Ciencias Basicas y Complementarias,teorico,No,bajo,Si,No,1,medio,2024,42.0,30,0.6,False,False,False,False,False,False
2667,S2,2,Ciencias Basicas y Complementarias,teorico,No,bajo,Si,No,1,medio,2024,37.0,30,0.6,False,False,False,True,True,True
2667,S2,2,Ciencias Basicas y Complementarias,teorico,No,bajo,Si,No,1,medio,2024,33.0,30,0.6,False,False,True,True,True,True
2667,S2,2,Ciencias Basicas y Complementarias,teorico,No,bajo,Si,No,1,medio,2024,46.0,30,0.6,False,False,False,False,False,False
2667,S2,2,Ciencias Basicas y Complementarias,teorico,No,bajo,Si,No,1,medio,2024,52.0,30,0.6,False,False,True,False,False,False
2667,S2,2,Ciencias Basicas y Complementarias,teorico,No,bajo,Si,No,1,medio,2024,36.0,30,0.6,False,False,False,False,False,False
2667,S2,2,Ciencias Basicas y Complementarias,teorico,No,bajo,Si,No,1,medio,2024,60.0,30,0.6,False,False,False,False,False,False
2667,S2,2,Ciencias Basicas y Complementarias,teorico,No,bajo,Si,No,1,medio,2024,57.0,20,0.6,False,False,False,False,False,False
2667,S2,2,Ciencias Basicas y Complementarias,teorico,No,bajo,Si,No,1,medio,2024,51.0,20,0.6,False,False,True,False,False,False
2667,S2,2,Ciencias Basicas y Complementarias,teorico,No,bajo,Si,No,1,medio,2024,43.0,20,0.6,False,False,True,True,True,True
2667,S2,2,Ciencias Basicas y Complementarias,teorico,No,bajo,Si,No,1,medio,2024,44.0,20,0.6,False,False,False,False,False,False
2667,S2,2,Ciencias Basicas y Complementarias,teorico,No,bajo,Si,No,1,medio,2024,62.0,20,0.6,False,False,False,False,False,False
2667,S2,2,Ciencias Basicas y Complementarias,teorico,No,bajo,Si,No,1,medio,2024,45.0,20,0.6,False,False,False,False,False,False
2667,S2,2,Ciencias Basicas y Complementarias,teorico,No,bajo,Si,No,1,medio,2024,53.0,20,0.6,False,False,False,True,True,True
2667,S2,2,Ciencias Basicas y Complementarias,teorico,No,bajo,Si,No,1,medio,2024,58.0,20,0.6,False,False,False,False,False,False
2667,S2,2,Ciencias Basicas y Complementarias,teorico,No,bajo,Si,No,1,medio,2024,52.0,20,0.6,False,False,False,False,False,False
2667,S2,2,Ciencias Basicas y Complementarias,teorico,No,bajo,Si,No,1,medio,2024,33.0,20,0.6,False,False,False,True,True,True
2667,S2,2,Ciencias Basicas y Complementarias,teorico,No,bajo,Si,No,1,medio,2024,40.0,20,0.6,False,False,False,False,False,False
2667,S2,2,Ciencias Basicas y Complementarias,teorico,No,bajo,Si,No,1,medio,2024,68.0,20,0.6,False,False,False,False,False,False
2667,S2,2,Ciencias Basicas y Complementarias,teorico,No,bajo,Si,No,1,medio,2024,36.0,20,0.5,False,False,False,False,False,False
2667,S2,2,Ciencias Basicas y Complementarias,teorico,No,bajo,Si,No,1,medio,2024,39.0,20,0.5,False,False,True,False,False,False
2667,S2,2,Ciencias Basicas y Complementarias,teorico,No,bajo,Si,No,1,medio,2024,55.0,20,0.5,False,False,False,False,False,False
2667,S2,2,Ciencias Basicas y Complementarias,teorico,No,bajo,Si,No,1,medio,2024,46.0,20,0.5,False,False,False,False,False,False
2667,S2,2,Ciencias Basicas y Complementarias,teorico,No,bajo,Si,No,1,medio,2024,36.0,20,0.5,False,False,False,False,False,False
2667,S2,2,Ciencias Basicas y Complementarias,teorico,No,bajo,Si,No,1,medio,2024,35.0,20,0.5,False,False,True,True,True,True
2667,S2,2,Ciencias Basicas y Complementarias,teorico,No,bajo,Si,No,1,medio,2024,54.0,20,0.5,False,False,False,False,False,False
2667,S2,2,Ciencias Basicas y Complementarias,teorico,No,bajo,Si,No,1,medio,2024,49.0,20,0.5,False,False,True,True,True,True
2667,S2,2,Ciencias Basicas y Complementarias,teorico,No,bajo,Si,No,1,medio,2024,56.0,20,0.25,False,False,False,False,False,False
2667,S2,2,Ciencias Basicas y Complementarias,teorico,No,bajo,Si,No,1,medio,2024,47.0,20,0.25,False,False,True,True,True,True
2667,S2,2,Ciencias Basicas y Complementarias,teorico,No,bajo,Si,No,1,medio,2024,47.0,20,0.25,False,False,False,False,False,False
2667,S2,2,Ciencias Basicas y Complementarias,teorico,No,bajo,Si,No,1,medio,2024,37.0,20,0.25,False,False,False,False,False,False
2796,S2,3,Desarrollo de Software,mixto,Si,alto,Si,Si,4,alto,2022,,60,0.9666666666666667,False,False,False,False,False,False
2796,S2,3,Desarrollo de Software,mixto,Si,alto,Si,Si,4,alto,2023,49.0,60,0.9666666666666667,False,False,True,False,False,False
2796,S2,3,Desarrollo de Software,mixto,Si,alto,Si,Si,4,alto,2023,50.0,60,0.9666666666666667,False,False,False,False,False,False
2796,S2,3,Desarrollo de Software,mixto,Si,alto,Si,Si,4,alto,2023,48.0,60,0.9666666666666667,False,False,False,False,False,False
2796,S2,3,Desarrollo de Software,mixto,Si,alto,Si,Si,4,alto,2023,47.0,60,0.9666666666666667,False,False,False,False,False,False
2796,S2,3,Desarrollo de Software,mixto,Si,alto,Si,Si,4,alto,2023,64.0,60,0.9666666666666667,False,False,False,False,False,False
2796,S2,3,Desarrollo de Software,mixto,Si,alto,Si,Si,4,alto,2023,68.0,60,0.9666666666666667,False,False,False,False,False,False
2796,S2,3,Desarrollo de Software,mixto,Si,alto,Si,Si,4,alto,2023,37.0,60,0.9666666666666667,False,False,False,True,True,True
2796,S2,3,Desarrollo de Software,mixto,Si,alto,Si,Si,4,alto,2023,36.0,60,0.9666666666666667,False,False,False,True,True,True
2796,S2,3,Desarrollo de Software,mixto,Si,alto,Si,Si,4,alto,2023,38.0,60,0.9666666666666667,False,False,True,True,True,True
2796,S2,3,Desarrollo de Software,mixto,Si,alto,Si,Si,4,alto,2023,52.0,60,0.9666666666666667,False,False,False,False,False,False
2796,S2,3,Desarrollo de Software,mixto,Si,alto,Si,Si,4,alto,2023,31.0,60,0.9666666666666667,False,False,False,True,True,True
2796,S2,3,Desarrollo de Software,mixto,Si,alto,Si,Si,4,alto,2023,42.0,60,0.9666666666666667,False,False,False,True,True,True
2796,S2,3,Desarrollo de Software,mixto,Si,alto,Si,Si,4,alto,2023,38.0,60,0.9666666666666667,False,False,False,False,False,False
2796,S2,3,Desarrollo de Software,mixto,Si,alto,Si,Si,4,alto,2023,44.0,60,0.9666666666666667,False,False,True,True,True,True
2796,S2,3,Desarrollo de Software,mixto,Si,alto,Si,Si,4,alto,2023,48.0,60,0.9666666666666667,False,False,True,True,True,True
2796,S2,3,Desarrollo de Software,mixto,Si,alto,Si,Si,4,alto,2022,48.0,60,0.9666666666666667,False,False,True,True,True,True
2796,S2,3,Desarrollo de Software,mixto,Si,alto,Si,Si,4,alto,2023,41.0,60,0.9666666666666667,False,False,False,False,False,False
2796,S2,3,Desarrollo de Software,mixto,Si,alto,Si,Si,4,alto,2023,57.0,60,0.9666666666666667,False,False,False,False,False,False
2796,S2,3,Desarrollo de Software,mixto,Si,alto,Si,Si,4,alto,2023,68.0,60,0.9666666666666667,False,False,False,False,False,False
2796,S2,3,Desarrollo de Software,mixto,Si,alto,Si,Si,4,alto,2023,54.0,60,0.9666666666666667,False,False,False,True,True,True
2796,S2,3,Desarrollo de Software,mixto,Si,alto,Si,Si,4,alto,2023,48.0,60,0.9666666666666667,False,False,False,False,False,False
2796,S2,3,Desarrollo de Software,mixto,Si,alto,Si,Si,4,alto,2023,51.0,60,0.9666666666666667,False,False,False,True,True,True
2796,S2,3,Desarrollo de Software,mixto,Si,alto,Si,Si,4,alto,2022,53.0,60,0.9666666666666667,False,False,False,False,False,False
2796,S2,3,Desarrollo de Software,mixto,Si,alto,Si,Si,4,alto,2023,36.0,60,0.9666666666666667,False,False,True,True,True,True
2796,S2,3,Desarrollo de Software,mixto,Si,alto,Si,Si,4,alto,2023,37.0,60,0.9666666666666667,False,False,False,True,True,True
2796,S2,3,Desarrollo de Software,mixto,Si,alto,Si,Si,4,alto,2023,62.0,60,0.9666666666666667,False,False,False,False,False,False
2796,S2,3,Desarrollo de Software,mixto,Si,alto,Si,Si,4,alto,2023,66.0,60,0.9666666666666667,False,False,False,False,False,False
2796,S2,3,Desarrollo de Software,mixto,Si,alto,Si,Si,4,alto,2023,67.0,60,0.9666666666666667,False,False,False,False,False,False
2796,S2,3,Desarrollo de Software,mixto,Si,alto,Si,Si,4,alto,2023,45.0,60,0.9666666666666667,False,False,True,True,True,True
2796,S2,3,Desarrollo de Software,mixto,Si,alto,Si,Si,4,alto,2023,48.0,60,0.9666666666666667,False,False,True,False,False,False
2796,S2,3,Desarrollo de Software,mixto,Si,alto,Si,Si,4,alto,2023,44.0,60,0.9666666666666667,False,False,False,True,True,True
2796,S2,3,Desarrollo de Software,mixto,Si,alto,Si,Si,4,alto,2023,38.0,60,0.9666666666666667,False,False,True,True,True,True
2796,S2,3,Desarrollo de Software,mixto,Si,alto,Si,Si,4,alto,2023,48.0,60,0.9666666666666667,False,False,True,False,False,False
2796,S2,3,Desarrollo de Software,mixto,Si,alto,Si,Si,4,alto,2023,46.0,60,0.9666666666666667,False,False,False,False,False,False
2796,S2,3,Desarrollo de Software,mixto,Si,alto,Si,Si,4,alto,2023,48.0,60,0.9666666666666667,False,False,False,True,True,True
2796,S2,3,Desarrollo de Software,mixto,Si,alto,Si,Si,4,alto,2022,37.0,60,0.9666666666666667,False,False,False,True,True,True
2796,S2,3,Desarrollo de Software,mixto,Si,alto,Si,Si,4,alto,2023,36.0,60,0.9666666666666667,False,False,True,False,False,False
2796,S2,3,Desarrollo de Software,mixto,Si,alto,Si,Si,4,alto,2023,39.0,60,0.9666666666666667,False,False,False,False,False,False
2796,S2,3,Desarrollo de Software,mixto,Si,alto,Si,Si,4,alto,2023,36.0,60,0.9666666666666667,False,False,True,True,True,True
2796,S2,3,Desarrollo de Software,mixto,Si,alto,Si,Si,4,alto,2023,48.0,60,0.9666666666666667,False,False,False,False,False,False
2796,S2,3,Desarrollo de Software,mixto,Si,alto,Si,Si,4,alto,2022,53.0,60,0.9666666666666667,False,False,False,False,False,False
2796,S2,3,Desarrollo de Software,mixto,Si,alto,Si,Si,4,alto,2023,57.0,60,0.9666666666666667,False,False,False,False,False,False
2796,S2,3,Desarrollo de Software,mixto,Si,alto,Si,Si,4,alto,2023,45.0,60,0.9666666666666667,False,False,False,True,True,True
2796,S2,3,Desarrollo de Software,mixto,Si,alto,Si,Si,4,alto,2023,54.0,60,0.9666666666666667,False,False,True,False,False,False
2796,S2,3,Desarrollo de Software,mixto,Si,alto,Si,Si,4,alto,2023,49.0,60,0.9666666666666667,False,False,False,True,True,True
2796,S2,3,Desarrollo de Software,mixto,Si,alto,Si,Si,4,alto,2023,57.0,60,0.9666666666666667,False,False,False,False,False,False
2796,S2,3,Desarrollo de Software,mixto,Si,alto,Si,Si,4,alto,2023,42.0,60,0.9666666666666667,False,False,True,False,False,False
2796,S2,3,Desarrollo de Software,mixto,Si,alto,Si,Si,4,alto,2023,59.0,60,0.9666666666666667,False,False,False,False,False,False
2796,S2,3,Desarrollo de Software,mixto,Si,alto,Si,Si,4,alto,2023,46.0,60,0.9666666666666667,False,False,False,True,True,True
2796,S2,3,Desarrollo de Software,mixto,Si,alto,Si,Si,4,alto,2023,38.0,60,0.9666666666666667,False,False,True,False,False,False
2796,S2,3,Desarrollo de Software,mixto,Si,alto,Si,Si,4,alto,2022,48.0,60,0.9666666666666667,False,False,False,False,False,False
2796,S2,3,Desarrollo de Software,mixto,Si,alto,Si,Si,4,alto,2023,48.0,60,0.9666666666666667,False,False,False,True,True,True
2796,S2,3,Desarrollo de Software,mixto,Si,alto,Si,Si,4,alto,2023,41.0,60,0.9666666666666667,False,False,False,False,False,False
2796,S2,3,Desarrollo de Software,mixto,Si,alto,Si,Si,4,alto,2023,47.0,60,0.9666666666666667,False,False,True,True,True,True
2796,S2,3,Desarrollo de Software,mixto,Si,alto,Si,Si,4,alto,2023,39.0,60,0.9666666666666667,False,False,False,True,True,True
2796,S2,3,Desarrollo de Software,mixto,Si,alto,Si,Si,4,alto,2023,36.0,60,0.9666666666666667,False,False,False,True,True,True
2798,S2,4,Ciencias de la Computacion,mixto,Si,alto,Si,Si,3,medio,2022,68.0,45,0.8,False,False,False,False,False,False
2798,S2,4,Ciencias de la Computacion,mixto,Si,alto,Si,Si,3,medio,2023,52.0,45,0.8,False,False,True,True,True,True
2798,S2,4,Ciencias de la Computacion,mixto,Si,alto,Si,Si,3,medio,2023,51.0,45,0.8,False,False,False,False,False,False
2798,S2,4,Ciencias de la Computacion,mixto,Si,alto,Si,Si,3,medio,2023,45.0,45,0.8,False,False,True,False,False,False
2798,S2,4,Ciencias de la Computacion,mixto,Si,alto,Si,Si,3,medio,2023,38.0,45,0.8,False,False,True,True,True,True
2798,S2,4,Ciencias de la Computacion,mixto,Si,alto,Si,Si,3,medio,2022,51.0,45,0.8,False,False,False,False,False,False
2798,S2,4,Ciencias de la Computacion,mixto,Si,alto,Si,Si,3,medio,2022,33.0,45,0.8,False,False,False,True,True,True
2798,S2,4,Ciencias de la Computacion,mixto,Si,alto,Si,Si,3,medio,2023,46.0,45,0.8,False,False,False,True,True,True
2798,S2,4,Ciencias de la Computacion,mixto,Si,alto,Si,Si,3,medio,2023,36.0,45,0.8,False,False,True,False,False,False
2798,S2,4,Ciencias de la Computacion,mixto,Si,alto,Si,Si,3,medio,2023,33.0,45,0.8,False,False,False,True,True,True
2798,S2,4,Ciencias de la Computacion,mixto,Si,alto,Si,Si,3,medio,2022,50.0,45,0.8,False,False,True,False,False,False
2798,S2,4,Ciencias de la Computacion,mixto,Si,alto,Si,Si,3,medio,2022,51.0,45,0.8,False,False,True,False,False,False
2798,S2,4,Ciencias de la Computacion,mixto,Si,alto,Si,Si,3,medio,2023,51.0,45,0.8,False,False,False,False,False,False
2798,S2,4,Ciencias de la Computacion,mixto,Si,alto,Si,Si,3,medio,2022,45.0,45,0.8,False,False,True,True,True,True
2798,S2,4,Ciencias de la Computacion,mixto,Si,alto,Si,Si,3,medio,2023,63.0,45,0.8,False,False,False,False,False,False
2798,S2,4,Ciencias de la Computacion,mixto,Si,alto,Si,Si,3,medio,2023,51.0,45,0.8,False,False,False,False,False,False
2798,S2,4,Ciencias de la Computacion,mixto,Si,alto,Si,Si,3,medio,2023,42.0,45,0.8,False,False,False,True,True,True
2798,S2,4,Ciencias de la Computacion,mixto,Si,alto,Si,Si,3,medio,2023,43.0,45,0.8,False,False,False,True,True,True
2798,S2,4,Ciencias de la Computacion,mixto,Si,alto,Si,Si,3,medio,2023,41.0,45,0.8,False,False,False,False,False,False
2798,S2,4,Ciencias de la Computacion,mixto,Si,alto,Si,Si,3,medio,2022,57.0,45,0.8,False,False,False,False,False,False
2798,S2,4,Ciencias de la Computacion,mixto,Si,alto,Si,Si,3,medio,2022,37.0,45,0.8,False,False,True,True,True,True
2798,S2,4,Ciencias de la Computacion,mixto,Si,alto,Si,Si,3,medio,2022,59.0,45,0.8,False,False,False,False,False,False
2798,S2,4,Ciencias de la Computacion,mixto,Si,alto,Si,Si,3,medio,2023,54.0,45,0.8,False,False,True,True,True,True
2798,S2,4,Ciencias de la Computacion,mixto,Si,alto,Si,Si,3,medio,2023,48.0,45,0.8,False,False,False,False,False,False
2798,S2,4,Ciencias de la Computacion,mixto,Si,alto,Si,Si,3,medio,2022,33.0,45,0.8,False,False,True,True,True,True
2798,S2,4,Ciencias de la Computacion,mixto,Si,alto,Si,Si,3,medio,2023,44.0,45,0.8,False,False,True,True,True,True
2798,S2,4,Ciencias de la Computacion,mixto,Si,alto,Si,Si,3,medio,2023,39.0,45,0.8,False,False,False,False,False,False
2798,S2,4,Ciencias de la Computacion,mixto,Si,alto,Si,Si,3,medio,2022,51.0,45,0.8,False,False,False,False,False,False
2798,S2,4,Ciencias de la Computacion,mixto,Si,alto,Si,Si,3,medio,2023,54.0,45,0.8,False,False,True,True,True,True
2798,S2,4,Ciencias de la Computacion,mixto,Si,alto,Si,Si,3,medio,2023,54.0,45,0.8,False,False,False,False,False,False
2798,S2,4,Ciencias de la Computacion,mixto,Si,alto,Si,Si,3,medio,2023,47.0,45,0.8,False,False,False,False,False,False
2798,S2,4,Ciencias de la Computacion,mixto,Si,alto,Si,Si,3,medio,2023,66.0,45,0.8,False,False,False,False,False,False
2798,S2,4,Ciencias de la Computacion,mixto,Si,alto,Si,Si,3,medio,2022,55.0,45,0.8,False,False,False,False,False,False
2798,S2,4,Ciencias de la Computacion,mixto,Si,alto,Si,Si,3,medio,2023,59.0,45,0.8,False,False,False,False,False,False
2799,S2,4,Ciencias de la Computacion,teorico,No,bajo,Si,Si,3,medio,2022,58.0,45,0.7111111111111111,False,False,False,False,False,False
2799,S2,4,Ciencias de la Computacion,teorico,No,bajo,Si,Si,3,medio,2022,50.0,45,0.7111111111111111,False,False,False,False,False,False
2799,S2,4,Ciencias de la Computacion,teorico,No,bajo,Si,Si,3,medio,2023,54.0,45,0.7111111111111111,False,False,False,True,True,True
2799,S2,4,Ciencias de la Computacion,teorico,No,bajo,Si,Si,3,medio,2023,41.0,45,0.7111111111111111,False,False,False,False,False,False
2799,S2,4,Ciencias de la Computacion,teorico,No,bajo,Si,Si,3,medio,2023,39.0,45,0.7111111111111111,False,False,False,False,False,False
2799,S2,4,Ciencias de la Computacion,teorico,No,bajo,Si,Si,3,medio,2022,60.0,45,0.7111111111111111,False,False,False,False,False,False
2799,S2,4,Ciencias de la Computacion,teorico,No,bajo,Si,Si,3,medio,2022,36.0,45,0.7111111111111111,False,False,False,True,True,True
2799,S2,4,Ciencias de la Computacion,teorico,No,bajo,Si,Si,3,medio,2023,42.0,45,0.7111111111111111,False,False,True,False,False,False
2799,S2,4,Ciencias de la Computacion,teorico,No,bajo,Si,Si,3,medio,2023,47.0,45,0.7111111111111111,False,False,False,True,True,True
2799,S2,4,Ciencias de la Computacion,teorico,No,bajo,Si,Si,3,medio,2023,55.0,45,0.7111111111111111,False,False,True,True,True,True
2799,S2,4,Ciencias de la Computacion,teorico,No,bajo,Si,Si,3,medio,2023,65.0,45,0.7111111111111111,False,False,False,False,False,False
2799,S2,4,Ciencias de la Computacion,teorico,No,bajo,Si,Si,3,medio,2023,37.0,45,0.7111111111111111,False,False,False,False,False,False
2799,S2,4,Ciencias de la Computacion,teorico,No,bajo,Si,Si,3,medio,2022,67.0,45,0.7111111111111111,False,False,False,False,False,False
2799,S2,4,Ciencias de la Computacion,teorico,No,bajo,Si,Si,3,medio,2023,62.0,45,0.7111111111111111,False,False,False,False,False,False
2799,S2,4,Ciencias de la Computacion,teorico,No,bajo,Si,Si,3,medio,2023,40.0,45,0.7111111111111111,False,False,False,True,True,True
2799,S2,4,Ciencias de la Computacion,teorico,No,bajo,Si,Si,3,medio,2023,37.0,45,0.7111111111111111,False,False,False,False,False,False
2799,S2,4,Ciencias de la Computacion,teorico,No,bajo,Si,Si,3,medio,2023,52.0,45,0.7111111111111111,False,False,True,False,False,False
2799,S2,4,Ciencias de la Computacion,teorico,No,bajo,Si,Si,3,medio,2023,37.0,45,0.7111111111111111,False,False,False,False,False,False
2799,S2,4,Ciencias de la Computacion,teorico,No,bajo,Si,Si,3,medio,2023,45.0,45,0.7111111111111111,False,False,True,True,True,True
2799,S2,4,Ciencias de la Computacion,teorico,No,bajo,Si,Si,3,medio,2023,34.0,45,0.7111111111111111,False,False,True,True,True,True
2799,S2,4,Ciencias de la Computacion,teorico,No,bajo,Si,Si,3,medio,2023,47.0,45,0.7111111111111111,False,False,True,True,True,True
2799,S2,4,Ciencias de la Computacion,teorico,No,bajo,Si,Si,3,medio,2022,36.0,45,0.7111111111111111,False,False,False,False,False,False
2799,S2,4,Ciencias de la Computacion,teorico,No,bajo,Si,Si,3,medio,2023,41.0,45,0.7111111111111111,False,False,True,False,False,False
2799,S2,4,Ciencias de la Computacion,teorico,No,bajo,Si,Si,3,medio,2023,44.0,45,0.7111111111111111,False,False,False,False,False,False
2799,S2,4,Ciencias de la Computacion,teorico,No,bajo,Si,Si,3,medio,2022,48.0,45,0.7111111111111111,False,False,False,False,False,False
2799,S2,4,Ciencias de la Computacion,teorico,No,bajo,Si,Si,3,medio,2023,65.0,45,0.7111111111111111,False,False,False,False,False,False
2799,S2,4,Ciencias de la Computacion,teorico,No,bajo,Si,Si,3,medio,2023,53.0,45,0.7111111111111111,False,False,False,False,False,False
2799,S2,4,Ciencias de la Computacion,teorico,No,bajo,Si,Si,3,medio,2023,61.0,45,0.7111111111111111,False,False,False,False,False,False
2799,S2,4,Ciencias de la Computacion,teorico,No,bajo,Si,Si,3,medio,2022,67.0,45,0.7111111111111111,False,False,False,False,False,False
2799,S2,4,Ciencias de la Computacion,teorico,No,bajo,Si,Si,3,medio,2023,67.0,45,0.7111111111111111,False,False,False,False,False,False
2800,S2,4,Desarrollo de Software,mixto,Si,alto,Si,Si,5,alto,2022,,30,0.6333333333333333,False,False,False,False,False,False
2800,S2,4,Desarrollo de Software,mixto,Si,alto,Si,Si,5,alto,2023,45.0,30,0.6333333333333333,False,False,False,True,True,True
2800,S2,4,Desarrollo de Software,mixto,Si,alto,Si,Si,5,alto,2022,54.0,30,0.6333333333333333,False,False,True,True,True,True
2800,S2,4,Desarrollo de Software,mixto,Si,alto,Si,Si,5,alto,2022,41.0,30,0.6333333333333333,False,False,True,False,False,False
2800,S2,4,Desarrollo de Software,mixto,Si,alto,Si,Si,5,alto,2023,32.0,30,0.6333333333333333,False,False,False,True,True,True
2800,S2,4,Desarrollo de Software,mixto,Si,alto,Si,Si,5,alto,2023,64.0,30,0.6333333333333333,False,False,False,False,False,False
2800,S2,4,Desarrollo de Software,mixto,Si,alto,Si,Si,5,alto,2022,54.0,30,0.6333333333333333,False,False,False,True,True,True
2800,S2,4,Desarrollo de Software,mixto,Si,alto,Si,Si,5,alto,2023,40.0,30,0.6333333333333333,False,False,False,True,True,True
2800,S2,4,Desarrollo de Software,mixto,Si,alto,Si,Si,5,alto,2022,32.0,30,0.6333333333333333,False,False,True,False,False,False
2800,S2,4,Desarrollo de Software,mixto,Si,alto,Si,Si,5,alto,2023,57.0,30,0.6333333333333333,False,False,False,False,False,False
2800,S2,4,Desarrollo de Software,mixto,Si,alto,Si,Si,5,alto,2022,38.0,30,0.6333333333333333,False,False,False,False,False,False
2800,S2,4,Desarrollo de Software,mixto,Si,alto,Si,Si,5,alto,2023,42.0,30,0.6333333333333333,False,False,False,False,False,False
2800,S2,4,Desarrollo de Software,mixto,Si,alto,Si,Si,5,alto,2023,33.0,30,0.6333333333333333,False,False,True,True,True,True
2800,S2,4,Desarrollo de Software,mixto,Si,alto,Si,Si,5,alto,2023,40.0,30,0.6333333333333333,False,False,False,False,False,False
2800,S2,4,Desarrollo de Software,mixto,Si,alto,Si,Si,5,alto,2022,52.0,30,0.6333333333333333,False,False,False,False,False,False
2803,S2,5,Ciencias de la Computacion,mixto,Si,alto,Si,Si,5,alto,2021,32.0,30,0.5333333333333333,False,False,True,False,False,False
2803,S2,5,Ciencias de la Computacion,mixto,Si,alto,Si,Si,5,alto,2022,38.0,30,0.5333333333333333,False,False,False,False,False,False
2803,S2,5,Ciencias de la Computacion,mixto,Si,alto,Si,Si,5,alto,2022,57.0,30,0.5333333333333333,False,False,False,True,True,True
2803,S2,5,Ciencias de la Computacion,mixto,Si,alto,Si,Si,5,alto,2022,35.0,30,0.5333333333333333,False,False,True,True,True,True
2803,S2,5,Ciencias de la Computacion,mixto,Si,alto,Si,Si,5,alto,2021,52.0,30,0.5333333333333333,False,False,True,True,True,True
2803,S2,5,Ciencias de la Computacion,mixto,Si,alto,Si,Si,5,alto,2021,,30,0.5333333333333333,False,False,False,False,False,False
2803,S2,5,Ciencias de la Computacion,mixto,Si,alto,Si,Si,5,alto,2022,65.0,30,0.5333333333333333,False,False,False,False,False,False
2803,S2,5,Ciencias de la Computacion,mixto,Si,alto,Si,Si,5,alto,2021,39.0,30,0.5333333333333333,False,False,True,False,False,False
2803,S2,5,Ciencias de la Computacion,mixto,Si,alto,Si,Si,5,alto,2022,68.0,30,0.5333333333333333,False,False,False,False,False,False
2803,S2,5,Ciencias de la Computacion,mixto,Si,alto,Si,Si,5,alto,2022,44.0,30,0.5333333333333333,False,False,False,False,False,False
2803,S2,5,Ciencias de la Computacion,mixto,Si,alto,Si,Si,5,alto,2022,31.0,30,0.5333333333333333,False,False,True,True,True,True
2803,S2,5,Ciencias de la Computacion,mixto,Si,alto,Si,Si,5,alto,2022,50.0,30,0.5333333333333333,False,False,False,False,False,False
2803,S2,5,Ciencias de la Computacion,mixto,Si,alto,Si,Si,5,alto,2022,61.0,30,0.5333333333333333,False,False,False,False,False,False
2803,S2,5,Ciencias de la Computacion,mixto,Si,alto,Si,Si,5,alto,2022,45.0,30,0.5333333333333333,False,False,False,False,False,False
2803,S2,5,Ciencias de la Computacion,mixto,Si,alto,Si,Si,5,alto,2021,52.0,30,0.5333333333333333,False,False,True,True,True,True
2803,S2,5,Ciencias de la Computacion,mixto,Si,alto,Si,Si,5,alto,2022,46.0,30,0.5333333333333333,False,False,True,True,True,True
2808,S2,6,Metodologia de Sistemas,mixto,No,medio,Si,Si,2,medio,2022,60.0,30,0.6666666666666666,False,False,False,False,False,False
2808,S2,6,Metodologia de Sistemas,mixto,No,medio,Si,Si,2,medio,2021,56.0,30,0.6666666666666666,False,False,False,False,False,False
2808,S2,6,Metodologia de Sistemas,mixto,No,medio,Si,Si,2,medio,2021,45.0,30,0.6666666666666666,False,False,True,False,False,False
2808,S2,6,Metodologia de Sistemas,mixto,No,medio,Si,Si,2,medio,2021,67.0,30,0.6666666666666666,False,False,False,False,False,False
2808,S2,6,Metodologia de Sistemas,mixto,No,medio,Si,Si,2,medio,2022,51.0,30,0.6666666666666666,False,False,False,True,True,True
2808,S2,6,Metodologia de Sistemas,mixto,No,medio,Si,Si,2,medio,2021,48.0,30,0.6666666666666666,False,False,False,False,False,False
2808,S2,6,Metodologia de Sistemas,mixto,No,medio,Si,Si,2,medio,2021,43.0,30,0.6666666666666666,False,False,False,False,False,False
2808,S2,6,Metodologia de Sistemas,mixto,No,medio,Si,Si,2,medio,2021,52.0,30,0.6666666666666666,False,False,False,False,False,False
2808,S2,6,Metodologia de Sistemas,mixto,No,medio,Si,Si,2,medio,2020,50.0,30,0.6666666666666666,False,False,False,False,False,False
2808,S2,6,Metodologia de Sistemas,mixto,No,medio,Si,Si,2,medio,2022,42.0,30,0.6666666666666666,False,False,True,True,True,True
2808,S2,6,Metodologia de Sistemas,mixto,No,medio,Si,Si,2,medio,2022,43.0,30,0.6666666666666666,False,False,False,False,False,False
2808,S2,6,Metodologia de Sistemas,mixto,No,medio,Si,Si,2,medio,2021,45.0,30,0.6666666666666666,False,False,True,False,False,False
2808,S2,6,Metodologia de Sistemas,mixto,No,medio,Si,Si,2,medio,2020,55.0,30,0.6666666666666666,False,False,False,False,False,False
2808,S2,6,Metodologia de Sistemas,mixto,No,medio,Si,Si,2,medio,2020,36.0,30,0.6666666666666666,False,False,True,True,True,True
2808,S2,6,Metodologia de Sistemas,mixto,No,medio,Si,Si,2,medio,2021,48.0,30,0.6666666666666666,False,False,False,False,False,False
2808,S2,6,Metodologia de Sistemas,mixto,No,medio,Si,Si,2,medio,2021,51.0,30,0.6666666666666666,False,False,False,True,True,True
2808,S2,6,Metodologia de Sistemas,mixto,No,medio,Si,Si,2,medio,2021,53.0,30,0.6666666666666666,False,False,False,False,False,False
2809,S2,6,Metodologia de Sistemas,teorico,No,bajo,Si,No,0,bajo,2021,49.0,45,0.5777777777777777,False,False,False,False,False,False
2809,S2,6,Metodologia de Sistemas,teorico,No,bajo,Si,No,0,bajo,2021,65.0,45,0.5777777777777777,False,False,False,False,False,False
2809,S2,6,Metodologia de Sistemas,teorico,No,bajo,Si,No,0,bajo,2021,34.0,45,0.5777777777777777,False,False,True,False,False,False
2809,S2,6,Metodologia de Sistemas,teorico,No,bajo,Si,No,0,bajo,2021,54.0,45,0.5777777777777777,False,False,False,True,False,True
2809,S2,6,Metodologia de Sistemas,teorico,No,bajo,Si,No,0,bajo,2022,35.0,45,0.5777777777777777,False,False,False,True,False,True
2809,S2,6,Metodologia de Sistemas,teorico,No,bajo,Si,No,0,bajo,2021,67.0,45,0.5777777777777777,False,False,False,False,False,False
2809,S2,6,Metodologia de Sistemas,teorico,No,bajo,Si,No,0,bajo,2021,66.0,45,0.5777777777777777,False,False,False,False,False,False
2809,S2,6,Metodologia de Sistemas,teorico,No,bajo,Si,No,0,bajo,2021,41.0,45,0.5777777777777777,False,False,False,False,False,False
2809,S2,6,Metodologia de Sistemas,teorico,No,bajo,Si,No,0,bajo,2022,56.0,45,0.5777777777777777,False,False,False,False,False,False
2809,S2,6,Metodologia de Sistemas,teorico,No,bajo,Si,No,0,bajo,2022,62.0,45,0.5777777777777777,False,False,False,False,False,False
2809,S2,6,Metodologia de Sistemas,teorico,No,bajo,Si,No,0,bajo,2021,45.0,45,0.5777777777777777,False,False,False,True,False,True
2809,S2,6,Metodologia de Sistemas,teorico,No,bajo,Si,No,0,bajo,2020,41.0,45,0.5777777777777777,False,False,False,False,False,False
2809,S2,6,Metodologia de Sistemas,teorico,No,bajo,Si,No,0,bajo,2021,48.0,45,0.5777777777777777,False,False,False,False,False,False
2809,S2,6,Metodologia de Sistemas,teorico,No,bajo,Si,No,0,bajo,2021,46.0,45,0.5777777777777777,False,False,True,True,False,True
2809,S2,6,Metodologia de Sistemas,teorico,No,bajo,Si,No,0,bajo,2021,53.0,45,0.5777777777777777,False,False,True,False,False,False
2809,S2,6,Metodologia de Sistemas,teorico,No,bajo,Si,No,0,bajo,2020,54.0,45,0.5777777777777777,False,False,True,True,False,True
2809,S2,6,Metodologia de Sistemas,teorico,No,bajo,Si,No,0,bajo,2021,57.0,45,0.5777777777777777,False,False,False,False,False,False
2809,S2,6,Metodologia de Sistemas,teorico,No,bajo,Si,No,0,bajo,2020,68.0,45,0.5777777777777777,False,False,False,False,False,False
2809,S2,6,Metodologia de Sistemas,teorico,No,bajo,Si,No,0,bajo,2020,44.0,45,0.5777777777777777,False,False,True,False,False,False
2809,S2,6,Metodologia de Sistemas,teorico,No,bajo,Si,No,0,bajo,2021,47.0,45,0.5777777777777777,False,False,False,False,False,False
2809,S2,6,Metodologia de Sistemas,teorico,No,bajo,Si,No,0,bajo,2020,67.0,45,0.5777777777777777,False,False,False,False,False,False
2809,S2,6,Metodologia de Sistemas,teorico,No,bajo,Si,No,0,bajo,2020,38.0,45,0.5777777777777777,False,False,True,True,False,True
2809,S2,6,Metodologia de Sistemas,teorico,No,bajo,Si,No,0,bajo,2021,39.0,45,0.5777777777777777,False,False,False,False,False,False
2809,S2,6,Metodologia de Sistemas,teorico,No,bajo,Si,No,0,bajo,2021,53.0,45,0.5777777777777777,False,False,False,False,False,False
2809,S2,6,Metodologia de Sistemas,teorico,No,bajo,Si,No,0,bajo,2021,42.0,45,0.5777777777777777,False,False,False,False,False,False
2809,S2,6,Metodologia de Sistemas,teorico,No,bajo,Si,No,0,bajo,2021,59.0,45,0.5777777777777777,False,False,False,False,False,False
2810,S2,6,Ciencias de la Computacion,mixto,Si,alto,Si,No,1,medio,2021,38.0,30,0.5333333333333333,False,False,False,False,False,False
2810,S2,6,Ciencias de la Computacion,mixto,Si,alto,Si,No,1,medio,2021,47.0,30,0.5333333333333333,False,False,True,False,False,False
2810,S2,6,Ciencias de la Computacion,mixto,Si,alto,Si,No,1,medio,2021,61.0,30,0.5333333333333333,False,False,False,False,False,False
2810,S2,6,Ciencias de la Computacion,mixto,Si,alto,Si,No,1,medio,2022,53.0,30,0.5333333333333333,False,False,False,True,True,True
2810,S2,6,Ciencias de la Computacion,mixto,Si,alto,Si,No,1,medio,2022,46.0,30,0.5333333333333333,False,False,True,True,True,True
2810,S2,6,Ciencias de la Computacion,mixto,Si,alto,Si,No,1,medio,2021,43.0,30,0.5333333333333333,False,False,True,False,False,False
2810,S2,6,Ciencias de la Computacion,mixto,Si,alto,Si,No,1,medio,2022,53.0,30,0.5333333333333333,False,False,False,False,False,False
2810,S2,6,Ciencias de la Computacion,mixto,Si,alto,Si,No,1,medio,2021,39.0,30,0.5333333333333333,False,False,False,False,False,False
2810,S2,6,Ciencias de la Computacion,mixto,Si,alto,Si,No,1,medio,2021,39.0,30,0.5333333333333333,False,False,False,False,False,False
2810,S2,6,Ciencias de la Computacion,mixto,Si,alto,Si,No,1,medio,2021,57.0,30,0.5333333333333333,False,False,False,False,False,False
2810,S2,6,Ciencias de la Computacion,mixto,Si,alto,Si,No,1,medio,2021,43.0,30,0.5333333333333333,False,False,True,False,False,False
2810,S2,6,Ciencias de la Computacion,mixto,Si,alto,Si,No,1,medio,2021,53.0,30,0.5333333333333333,False,False,True,True,True,True
2810,S2,6,Ciencias de la Computacion,mixto,Si,alto,Si,No,1,medio,2021,,30,0.5333333333333333,False,False,False,False,False,False
2810,S2,6,Ciencias de la Computacion,mixto,Si,alto,Si,No,1,medio,2022,41.0,30,0.5333333333333333,False,False,False,False,False,False
2810,S2,6,Ciencias de la Computacion,mixto,Si,alto,Si,No,1,medio,2021,,30,0.5333333333333333,False,False,False,False,False,False
2811,S2,6,Ciencias de la Computacion,mixto,No,medio,Si,Si,5,alto,2021,59.0,30,0.8,False,False,False,False,False,False
2811,S2,6,Ciencias de la Computacion,mixto,No,medio,Si,Si,5,alto,2022,42.0,30,0.8,False,False,False,True,True,True
2811,S2,6,Ciencias de la Computacion,mixto,No,medio,Si,Si,5,alto,2020,51.0,30,0.8,False,False,True,True,True,True
2811,S2,6,Ciencias de la Computacion,mixto,No,medio,Si,Si,5,alto,2021,40.0,30,0.8,False,False,True,False,False,False
2811,S2,6,Ciencias de la Computacion,mixto,No,medio,Si,Si,5,alto,2021,40.0,30,0.8,False,False,True,True,True,True
2811,S2,6,Ciencias de la Computacion,mixto,No,medio,Si,Si,5,alto,2022,37.0,30,0.8,False,False,False,False,False,False
2811,S2,6,Ciencias de la Computacion,mixto,No,medio,Si,Si,5,alto,2022,55.0,30,0.8,False,False,False,False,False,False
2811,S2,6,Ciencias de la Computacion,mixto,No,medio,Si,Si,5,alto,2022,40.0,30,0.8,False,False,True,True,True,True
2811,S2,6,Ciencias de la Computacion,mixto,No,medio,Si,Si,5,alto,2021,49.0,30,0.8,False,False,False,True,True,True
2811,S2,6,Ciencias de la Computacion,mixto,No,medio,Si,Si,5,alto,2021,45.0,30,0.8,False,False,False,False,False,False
2811,S2,6,Ciencias de la Computacion,mixto,No,medio,Si,Si,5,alto,2020,56.0,30,0.8,False,False,False,False,False,False
2811,S2,6,Ciencias de la Computacion,mixto,No,medio,Si,Si,5,alto,2021,66.0,30,0.8,False,False,False,False,False,False
2811,S2,6,Ciencias de la Computacion,mixto,No,medio,Si,Si,5,alto,2021,47.0,30,0.8,False,False,True,False,False,False
2811,S2,6,Ciencias de la Computacion,mixto,No,medio,Si,Si,5,alto,2021,47.0,30,0.8,False,False,False,True,True,True
2811,S2,6,Ciencias de la Computacion,mixto,No,medio,Si,Si,5,alto,2021,36.0,30,0.8,False,False,False,False,False,False
2811,S2,6,Ciencias de la Computacion,mixto,No,medio,Si,Si,5,alto,2021,36.0,30,0.8,False,False,False,False,False,False
2811,S2,6,Ciencias de la Computacion,mixto,No,medio,Si,Si,5,alto,2020,41.0,30,0.8,False,False,False,False,False,False
2811,S2,6,Ciencias de la Computacion,mixto,No,medio,Si,Si,5,alto,2020,34.0,30,0.8,False,False,True,False,False,False
2811,S2,6,Ciencias de la Computacion,mixto,No,medio,Si,Si,5,alto,2022,62.0,30,0.8,False,False,False,False,False,False
2811,S2,6,Ciencias de la Computacion,mixto,No,medio,Si,Si,5,alto,2021,67.0,30,0.8,False,False,False,False,False,False
2811,S2,6,Ciencias de la Computacion,mixto,No,medio,Si,Si,5,alto,2020,54.0,30,0.8,False,False,False,False,False,False
2811,S2,6,Ciencias de la Computacion,mixto,No,medio,Si,Si,5,alto,2021,59.0,30,0.8,False,False,False,False,False,False
2811,S2,6,Ciencias de la Computacion,mixto,No,medio,Si,Si,5,alto,2021,39.0,30,0.8,False,False,False,False,False,False
2811,S2,6,Ciencias de la Computacion,mixto,No,medio,Si,Si,5,alto,2022,44.0,30,0.8,False,False,True,True,True,True
2812,S2,6,Desarrollo de Software,teorico,No,bajo,Si,Si,3,medio,2021,45.0,30,0.7333333333333333,False,False,True,False,False,False
2812,S2,6,Desarrollo de Software,teorico,No,bajo,Si,Si,3,medio,2021,38.0,30,0.7333333333333333,False,False,False,False,False,False
2812,S2,6,Desarrollo de Software,teorico,No,bajo,Si,Si,3,medio,2021,47.0,30,0.7333333333333333,False,False,True,False,False,False
2812,S2,6,Desarrollo de Software,teorico,No,bajo,Si,Si,3,medio,2021,58.0,30,0.7333333333333333,False,False,False,False,False,False
2812,S2,6,Desarrollo de Software,teorico,No,bajo,Si,Si,3,medio,2021,36.0,30,0.7333333333333333,False,False,False,True,True,True
2812,S2,6,Desarrollo de Software,teorico,No,bajo,Si,Si,3,medio,2021,55.0,30,0.7333333333333333,False,False,False,False,False,False
2812,S2,6,Desarrollo de Software,teorico,No,bajo,Si,Si,3,medio,2020,31.0,30,0.7333333333333333,False,False,True,False,False,False
2812,S2,6,Desarrollo de Software,teorico,No,bajo,Si,Si,3,medio,2021,46.0,30,0.7333333333333333,False,False,False,True,True,True
2812,S2,6,Desarrollo de Software,teorico,No,bajo,Si,Si,3,medio,2021,44.0,30,0.7333333333333333,False,False,True,True,True,True
2812,S2,6,Desarrollo de Software,teorico,No,bajo,Si,Si,3,medio,2020,51.0,30,0.7333333333333333,False,False,False,False,False,False
2812,S2,6,Desarrollo de Software,teorico,No,bajo,Si,Si,3,medio,2021,64.0,30,0.7333333333333333,False,False,False,False,False,False
2812,S2,6,Desarrollo de Software,teorico,No,bajo,Si,Si,3,medio,2021,59.0,30,0.7333333333333333,False,False,False,False,False,False
2812,S2,6,Desarrollo de Software,teorico,No,bajo,Si,Si,3,medio,2021,41.0,30,0.7333333333333333,False,False,False,True,True,True
2812,S2,6,Desarrollo de Software,teorico,No,bajo,Si,Si,3,medio,2021,53.0,30,0.7333333333333333,False,False,False,False,False,False
2812,S2,6,Desarrollo de Software,teorico,No,bajo,Si,Si,3,medio,2021,67.0,30,0.7333333333333333,False,False,False,False,False,False
2812,S2,6,Desarrollo de Software,teorico,No,bajo,Si,Si,3,medio,2020,60.0,30,0.7333333333333333,False,False,False,False,False,False
2812,S2,6,Desarrollo de Software,teorico,No,bajo,Si,Si,3,medio,2021,38.0,30,0.7333333333333333,False,False,False,True,True,True
2812,S2,6,Desarrollo de Software,teorico,No,bajo,Si,Si,3,medio,2022,50.0,30,0.7333333333333333,False,False,False,True,True,True
2819,S2,8,Ciencias de la Computacion,mixto,No,medio,Si,No,0,bajo,2019,61.0,45,0.5777777777777777,False,False,False,False,False,False
2819,S2,8,Ciencias de la Computacion,mixto,No,medio,Si,No,0,bajo,2019,48.0,45,0.5777777777777777,False,False,True,True,False,True
2819,S2,8,Ciencias de la Computacion,mixto,No,medio,Si,No,0,bajo,2018,56.0,45,0.5777777777777777,False,False,False,False,False,False
2819,S2,8,Ciencias de la Computacion,mixto,No,medio,Si,No,0,bajo,2020,34.0,45,0.5777777777777777,False,False,True,True,False,True
2819,S2,8,Ciencias de la Computacion,mixto,No,medio,Si,No,0,bajo,2018,53.0,45,0.5777777777777777,False,False,False,True,False,True
2819,S2,8,Ciencias de la Computacion,mixto,No,medio,Si,No,0,bajo,2019,59.0,45,0.5777777777777777,False,False,False,False,False,False
2819,S2,8,Ciencias de la Computacion,mixto,No,medio,Si,No,0,bajo,2019,37.0,45,0.5777777777777777,False,False,False,False,False,False
2819,S2,8,Ciencias de la Computacion,mixto,No,medio,Si,No,0,bajo,2019,55.0,45,0.5777777777777777,False,False,False,False,False,False
2819,S2,8,Ciencias de la Computacion,mixto,No,medio,Si,No,0,bajo,2018,56.0,45,0.5777777777777777,False,False,False,False,False,False
2819,S2,8,Ciencias de la Computacion,mixto,No,medio,Si,No,0,bajo,2020,34.0,45,0.5777777777777777,False,False,True,True,False,True
2819,S2,8,Ciencias de la Computacion,mixto,No,medio,Si,No,0,bajo,2018,48.0,45,0.5777777777777777,False,False,False,True,False,True
2819,S2,8,Ciencias de la Computacion,mixto,No,medio,Si,No,0,bajo,2019,51.0,45,0.5777777777777777,False,False,True,False,False,False
2819,S2,8,Ciencias de la Computacion,mixto,No,medio,Si,No,0,bajo,2019,43.0,45,0.5777777777777777,False,False,False,False,False,False
2819,S2,8,Ciencias de la Computacion,mixto,No,medio,Si,No,0,bajo,2020,36.0,45,0.5777777777777777,False,False,False,False,False,False
2819,S2,8,Ciencias de la Computacion,mixto,No,medio,Si,No,0,bajo,2019,60.0,45,0.5777777777777777,False,False,False,False,False,False
2819,S2,8,Ciencias de la Computacion,mixto,No,medio,Si,No,0,bajo,2018,34.0,45,0.5777777777777777,False,False,True,False,False,False
2819,S2,8,Ciencias de la Computacion,mixto,No,medio,Si,No,0,bajo,2019,64.0,45,0.5777777777777777,False,False,False,False,False,False
2819,S2,8,Ciencias de la Computacion,mixto,No,medio,Si,No,0,bajo,2019,46.0,45,0.5777777777777777,False,False,False,False,False,False
2819,S2,8,Ciencias de la Computacion,mixto,No,medio,Si,No,0,bajo,2019,49.0,45,0.5777777777777777,False,False,False,False,False,False
2819,S2,8,Ciencias de la Computacion,mixto,No,medio,Si,No,0,bajo,2020,40.0,45,0.5777777777777777,False,False,True,True,False,True
2819,S2,8,Ciencias de la Computacion,mixto,No,medio,Si,No,0,bajo,2019,49.0,45,0.5777777777777777,False,False,True,True,False,True
2819,S2,8,Ciencias de la Computacion,mixto,No,medio,Si,No,0,bajo,2019,41.0,45,0.5777777777777777,False,False,False,True,False,True
2819,S2,8,Ciencias de la Computacion,mixto,No,medio,Si,No,0,bajo,2019,33.0,45,0.5777777777777777,False,False,True,True,False,True
2819,S2,8,Ciencias de la Computacion,mixto,No,medio,Si,No,0,bajo,2019,32.0,45,0.5777777777777777,False,False,True,False,False,False
2820,S2,8,Ciencias de la Computacion,mixto,Si,alto,Si,No,1,medio,2019,38.0,30,0.6,False,False,False,False,False,False
2820,S2,8,Ciencias de la Computacion,mixto,Si,alto,Si,No,1,medio,2019,40.0,30,0.6,False,False,False,False,False,False
2820,S2,8,Ciencias de la Computacion,mixto,Si,alto,Si,No,1,medio,2019,64.0,30,0.6,False,False,False,False,False,False
2820,S2,8,Ciencias de la Computacion,mixto,Si,alto,Si,No,1,medio,2020,36.0,30,0.6,False,False,False,True,True,True
2820,S2,8,Ciencias de la Computacion,mixto,Si,alto,Si,No,1,medio,2018,58.0,30,0.6,False,False,False,False,False,False
2820,S2,8,Ciencias de la Computacion,mixto,Si,alto,Si,No,1,medio,2018,44.0,30,0.6,False,False,True,True,True,True
2820,S2,8,Ciencias de la Computacion,mixto,Si,alto,Si,No,1,medio,2019,64.0,30,0.6,False,False,False,False,False,False
2820,S2,8,Ciencias de la Computacion,mixto,Si,alto,Si,No,1,medio,2019,47.0,30,0.6,False,False,False,False,False,False
2820,S2,8,Ciencias de la Computacion,mixto,Si,alto,Si,No,1,medio,2019,50.0,30,0.6,False,False,False,True,True,True
2820,S2,8,Ciencias de la Computacion,mixto,Si,alto,Si,No,1,medio,2019,36.0,30,0.6,False,False,False,False,False,False
2820,S2,8,Ciencias de la Computacion,mixto,Si,alto,Si,No,1,medio,2019,49.0,30,0.6,False,False,False,True,True,True
2820,S2,8,Ciencias de la Computacion,mixto,Si,alto,Si,No,1,medio,2019,32.0,30,0.6,False,False,False,True,True,True
2820,S2,8,Ciencias de la Computacion,mixto,Si,alto,Si,No,1,medio,2019,37.0,30,0.6,False,False,True,False,False,False
2820,S2,8,Ciencias de la Computacion,mixto,Si,alto,Si,No,1,medio,2018,52.0,30,0.6,False,False,False,False,False,False
2820,S2,8,Ciencias de la Computacion,mixto,Si,alto,Si,No,1,medio,2020,39.0,30,0.6,False,False,True,False,False,False
2820,S2,8,Ciencias de la Computacion,mixto,Si,alto,Si,No,1,medio,2019,62.0,30,0.6,False,False,False,False,False,False
2820,S2,8,Ciencias de la Computacion,mixto,Si,alto,Si,No,1,medio,2019,31.0,30,0.6,False,False,False,True,True,True
2821,S2,8,Desarrollo de Software,mixto,No,medio,Si,Si,2,medio,2019,37.0,20,0.55,False,False,False,False,False,False
2821,S2,8,Desarrollo de Software,mixto,No,medio,Si,Si,2,medio,2020,41.0,20,0.55,False,False,False,True,True,True
2821,S2,8,Desarrollo de Software,mixto,No,medio,Si,Si,2,medio,2020,55.0,20,0.55,False,False,True,True,True,True
2821,S2,8,Desarrollo de Software,mixto,No,medio,Si,Si,2,medio,2018,39.0,20,0.55,False,False,True,True,True,True
2821,S2,8,Desarrollo de Software,mixto,No,medio,Si,Si,2,medio,2018,48.0,20,0.55,False,False,True,False,False,False
2821,S2,8,Desarrollo de Software,mixto,No,medio,Si,Si,2,medio,2020,39.0,20,0.55,False,False,False,False,False,False
2821,S2,8,Desarrollo de Software,mixto,No,medio,Si,Si,2,medio,2018,41.0,20,0.55,False,False,False,False,False,False
2821,S2,8,Desarrollo de Software,mixto,No,medio,Si,Si,2,medio,2020,56.0,20,0.55,False,False,False,False,False,False
2821,S2,8,Desarrollo de Software,mixto,No,medio,Si,Si,2,medio,2018,37.0,20,0.55,False,False,False,False,False,False
2821,S2,8,Desarrollo de Software,mixto,No,medio,Si,Si,2,medio,2020,54.0,20,0.55,False,False,False,True,True,True
2822,S2,8,Desarrollo de Software,mixto,No,medio,Si,Si,3,medio,2020,41.0,30,0.6,True,True,False,False,False,False
2822,S2,8,Desarrollo de Software,mixto,No,medio,Si,Si,3,medio,2019,37.0,30,0.6,True,True,True,False,False,False
2822,S2,8,Desarrollo de Software,mixto,No,medio,Si,Si,3,medio,2019,52.0,30,0.6,True,True,False,False,False,False
2822,S2,8,Desarrollo de Software,mixto,No,medio,Si,Si,3,medio,2019,42.0,30,0.6,True,True,True,True,False,False
2822,S2,8,Desarrollo de Software,mixto,No,medio,Si,Si,3,medio,2019,44.0,30,0.6,True,True,False,False,False,False
2822,S2,8,Desarrollo de Software,mixto,No,medio,Si,Si,3,medio,2020,35.0,30,0.6,True,True,True,False,False,False
2822,S2,8,Desarrollo de Software,mixto,No,medio,Si,Si,3,medio,2019,57.0,30,0.6,True,True,False,True,False,False
2822,S2,8,Desarrollo de Software,mixto,No,medio,Si,Si,3,medio,2020,38.0,30,0.6,True,True,False,False,False,False
2822,S2,8,Desarrollo de Software,mixto,No,medio,Si,Si,3,medio,2019,47.0,30,0.6,True,True,True,True,False,False
2822,S2,8,Desarrollo de Software,mixto,No,medio,Si,Si,3,medio,2019,68.0,30,0.6,True,True,False,False,False,False
2822,S2,8,Desarrollo de Software,mixto,No,medio,Si,Si,3,medio,2019,58.0,30,0.6,True,True,False,False,False,False
2822,S2,8,Desarrollo de Software,mixto,No,medio,Si,Si,3,medio,2019,34.0,30,0.6,True,True,False,True,False,False
2822,S2,8,Desarrollo de Software,mixto,No,medio,Si,Si,3,medio,2019,41.0,30,0.6,True,True,True,False,False,False
2822,S2,8,Desarrollo de Software,mixto,No,medio,Si,Si,3,medio,2018,37.0,30,0.6,True,True,False,False,False,False
2822,S2,8,Desarrollo de Software,mixto,No,medio,Si,Si,3,medio,2020,45.0,30,0.6,True,True,True,True,False,False
2822,S2,8,Desarrollo de Software,mixto,No,medio,Si,Si,3,medio,2020,44.0,30,0.6,True,True,False,False,False,False
2822,S2,8,Desarrollo de Software,mixto,No,medio,Si,Si,3,medio,2019,55.0,30,0.6,True,True,False,False,False,False
2822,S2,8,Desarrollo de Software,mixto,No,medio,Si,Si,3,medio,2019,54.0,30,0.6,True,True,True,True,False,False
2823,S2,8,Desarrollo de Software,practico,No,alto,Si,No,1,medio,2020,47.0,30,0.5666666666666667,False,False,False,False,False,False
2823,S2,8,Desarrollo de Software,practico,No,alto,Si,No,1,medio,2018,66.0,30,0.5666666666666667,False,False,False,False,False,False
2823,S2,8,Desarrollo de Software,practico,No,alto,Si,No,1,medio,2019,51.0,30,0.5666666666666667,False,False,False,False,False,False
2823,S2,8,Desarrollo de Software,practico,No,alto,Si,No,1,medio,2020,55.0,30,0.5666666666666667,False,False,True,True,True,True
2823,S2,8,Desarrollo de Software,practico,No,alto,Si,No,1,medio,2018,52.0,30,0.5666666666666667,False,False,False,False,False,False
2823,S2,8,Desarrollo de Software,practico,No,alto,Si,No,1,medio,2020,31.0,30,0.5666666666666667,False,False,False,True,True,True
2823,S2,8,Desarrollo de Software,practico,No,alto,Si,No,1,medio,2018,58.0,30,0.5666666666666667,False,False,False,True,True,True
2823,S2,8,Desarrollo de Software,practico,No,alto,Si,No,1,medio,2019,40.0,30,0.5666666666666667,False,False,True,False,False,False
2823,S2,8,Desarrollo de Software,practico,No,alto,Si,No,1,medio,2019,58.0,30,0.5666666666666667,False,False,False,False,False,False
2823,S2,8,Desarrollo de Software,practico,No,alto,Si,No,1,medio,2019,66.0,30,0.5666666666666667,False,False,False,False,False,False
2823,S2,8,Desarrollo de Software,practico,No,alto,Si,No,1,medio,2019,47.0,30,0.5666666666666667,False,False,False,True,True,True
2823,S2,8,Desarrollo de Software,practico,No,alto,Si,No,1,medio,2019,44.0,30,0.5666666666666667,False,False,False,False,False,False
2823,S2,8,Desarrollo de Software,practico,No,alto,Si,No,1,medio,2019,46.0,30,0.5666666666666667,False,False,False,False,False,False
2823,S2,8,Desarrollo de Software,practico,No,alto,Si,No,1,medio,2019,52.0,30,0.5666666666666667,False,False,True,False,False,False
2829,S2,9,EPS,practico,No,alto,Si,No,0,bajo,2019,38.0,20,0.5,False,False,False,False,False,False
2829,S2,9,EPS,practico,No,alto,Si,No,0,bajo,2018,38.0,20,0.5,False,False,True,True,False,True
2829,S2,9,EPS,practico,No,alto,Si,No,0,bajo,2019,64.0,20,0.5,False,False,False,False,False,False
2829,S2,9,EPS,practico,No,alto,Si,No,0,bajo,2016,43.0,20,0.5,False,False,False,False,False,False
2829,S2,9,EPS,practico,No,alto,Si,No,0,bajo,2016,53.0,20,0.5,False,False,False,True,False,True
2829,S2,9,EPS,practico,No,alto,Si,No,0,bajo,2018,51.0,20,0.5,False,False,False,True,False,True
2829,S2,9,EPS,practico,No,alto,Si,No,0,bajo,2018,40.0,20,0.5,False,False,True,False,False,False
2829,S2,9,EPS,practico,No,alto,Si,No,0,bajo,2018,57.0,20,0.5,False,False,False,False,False,False
2829,S2,9,EPS,practico,No,alto,Si,No,0,bajo,2018,52.0,20,0.5,False,False,False,False,False,False
2829,S2,9,EPS,practico,No,alto,Si,No,0,bajo,2019,49.0,20,0.5,False,False,False,False,False,False
2834,S2,10,Metodologia de Sistemas,mixto,No,medio,Si,No,0,bajo,2016,47.0,20,0.75,False,False,False,False,False,False
2834,S2,10,Metodologia de Sistemas,mixto,No,medio,Si,No,0,bajo,2018,38.0,20,0.75,False,False,False,False,False,False
2834,S2,10,Metodologia de Sistemas,mixto,No,medio,Si,No,0,bajo,2018,56.0,20,0.75,False,False,False,False,False,False
2834,S2,10,Metodologia de Sistemas,mixto,No,medio,Si,No,0,bajo,2016,55.0,20,0.75,False,False,True,False,False,False
2834,S2,10,Metodologia de Sistemas,mixto,No,medio,Si,No,0,bajo,2017,67.0,20,0.75,False,False,False,False,False,False
2834,S2,10,Metodologia de Sistemas,mixto,No,medio,Si,No,0,bajo,2017,53.0,20,0.75,False,False,True,False,False,False
2834,S2,10,Metodologia de Sistemas,mixto,No,medio,Si,No,0,bajo,2017,40.0,20,0.75,False,False,False,False,False,False
2834,S2,10,Metodologia de Sistemas,mixto,No,medio,Si,No,0,bajo,2017,65.0,20,0.75,False,False,False,False,False,False
2834,S2,10,Metodologia de Sistemas,mixto,No,medio,Si,No,0,bajo,2017,34.0,20,0.75,False,False,False,True,False,True
2834,S2,10,Metodologia de Sistemas,mixto,No,medio,Si,No,0,bajo,2018,39.0,20,0.75,False,False,False,False,False,False
2834,S2,10,Metodologia de Sistemas,mixto,No,medio,Si,No,0,bajo,2017,47.0,20,0.75,False,False,False,True,False,True
2834,S2,10,Metodologia de Sistemas,mixto,No,medio,Si,No,0,bajo,2018,55.0,20,0.75,False,False,False,True,False,True
2834,S2,10,Metodologia de Sistemas,mixto,No,medio,Si,No,0,bajo,2016,68.0,20,0.75,False,False,False,False,False,False
2836,S2,10,Desarrollo de Software,mixto,Si,alto,Si,No,0,bajo,2016,44.0,20,0.7,False,False,False,False,False,False
2836,S2,10,Desarrollo de Software,mixto,Si,alto,Si,No,0,bajo,2017,57.0,20,0.7,False,False,False,False,False,False
2836,S2,10,Desarrollo de Software,mixto,Si,alto,Si,No,0,bajo,2018,56.0,20,0.7,False,False,False,False,False,False
2836,S2,10,Desarrollo de Software,mixto,Si,alto,Si,No,0,bajo,2017,47.0,20,0.7,False,False,False,True,False,True
2836,S2,10,Desarrollo de Software,mixto,Si,alto,Si,No,0,bajo,2016,52.0,20,0.7,False,False,False,False,False,False
2836,S2,10,Desarrollo de Software,mixto,Si,alto,Si,No,0,bajo,2018,51.0,20,0.7,False,False,False,False,False,False
2836,S2,10,Desarrollo de Software,mixto,Si,alto,Si,No,0,bajo,2017,68.0,20,0.7,False,False,False,False,False,False
2836,S2,10,Desarrollo de Software,mixto,Si,alto,Si,No,0,bajo,2017,37.0,20,0.7,False,False,True,False,False,False
2836,S2,10,Desarrollo de Software,mixto,Si,alto,Si,No,0,bajo,2017,35.0,20,0.7,False,False,True,False,False,False
2836,S2,10,Desarrollo de Software,mixto,Si,alto,Si,No,0,bajo,2017,39.0,20,0.7,False,False,False,False,False,False
2836,S2,10,Desarrollo de Software,mixto,Si,alto,Si,No,0,bajo,2018,35.0,20,0.7,False,False,False,True,False,True
2836,S2,10,Desarrollo de Software,mixto,Si,alto,Si,No,0,bajo,2018,37.0,20,0.7,False,False,False,False,False,False
2836,S2,10,Desarrollo de Software,mixto,Si,alto,Si,No,0,bajo,2017,35.0,20,0.7,False,False,True,True,False,True
2836,S2,10,Desarrollo de Software,mixto,Si,alto,Si,No,0,bajo,2016,39.0,20,0.7,False,False,False,True,False,True
2837,S2,10,Ciencias Basicas y Complementarias,practico,No,alto,Si,No,0,bajo,2016,64.0,20,0.65,False,False,False,False,False,False
2837,S2,10,Ciencias Basicas y Complementarias,practico,No,alto,Si,No,0,bajo,2016,67.0,20,0.65,False,False,False,False,False,False
2837,S2,10,Ciencias Basicas y Complementarias,practico,No,alto,Si,No,0,bajo,2018,46.0,20,0.65,False,False,False,False,False,False
2837,S2,10,Ciencias Basicas y Complementarias,practico,No,alto,Si,No,0,bajo,2017,50.0,20,0.65,False,False,True,True,False,True
2837,S2,10,Ciencias Basicas y Complementarias,practico,No,alto,Si,No,0,bajo,2017,45.0,20,0.65,False,False,False,True,False,True
2837,S2,10,Ciencias Basicas y Complementarias,practico,No,alto,Si,No,0,bajo,2016,37.0,20,0.65,False,False,True,False,False,False
2837,S2,10,Ciencias Basicas y Complementarias,practico,No,alto,Si,No,0,bajo,2017,60.0,20,0.65,False,False,False,False,False,False
2837,S2,10,Ciencias Basicas y Complementarias,practico,No,alto,Si,No,0,bajo,2017,51.0,20,0.65,False,False,False,False,False,False
2837,S2,10,Ciencias Basicas y Complementarias,practico,No,alto,Si,No,0,bajo,2016,60.0,20,0.65,False,False,False,False,False,False
2837,S2,10,Ciencias Basicas y Complementarias,practico,No,alto,Si,No,0,bajo,2017,51.0,20,0.65,False,False,False,False,False,False
2837,S2,10,Ciencias Basicas y Complementarias,practico,No,alto,Si,No,0,bajo,2018,45.0,20,0.65,False,False,True,True,False,True
2837,S2,10,Ciencias Basicas y Complementarias,practico,No,alto,Si,No,0,bajo,2017,39.0,20,0.65,False,False,False,True,False,True
290,S2,3,Ciencias Basicas y Complementarias,teorico,No,bajo,Si,Si,5,alto,2023,36.0,30,0.6,True,True,False,False,False,False
290,S2,3,Ciencias Basicas y Complementarias,teorico,No,bajo,Si,Si,5,alto,2023,45.0,30,0.6,True,True,True,False,False,False
290,S2,3,Ciencias Basicas y Complementarias,teorico,No,bajo,Si,Si,5,alto,2023,54.0,30,0.6,True,True,False,False,False,False
290,S2,3,Ciencias Basicas y Complementarias,teorico,No,bajo,Si,Si,5,alto,2023,52.0,30,0.6,True,True,False,False,False,False
290,S2,3,Ciencias Basicas y Complementarias,teorico,No,bajo,Si,Si,5,alto,2023,61.0,30,0.6,True,True,False,False,False,False
290,S2,3,Ciencias Basicas y Complementarias,teorico,No,bajo,Si,Si,5,alto,2023,54.0,30,0.6,True,True,False,False,False,False
290,S2,3,Ciencias Basicas y Complementarias,teorico,No,bajo,Si,Si,5,alto,2023,46.0,30,0.6,True,True,True,True,False,False
290,S2,3,Ciencias Basicas y Complementarias,teorico,No,bajo,Si,Si,5,alto,2023,66.0,30,0.6,True,True,False,False,False,False
290,S2,3,Ciencias Basicas y Complementarias,teorico,No,bajo,Si,Si,5,alto,2023,53.0,30,0.6,True,True,False,True,False,False
290,S2,3,Ciencias Basicas y Complementarias,teorico,No,bajo,Si,Si,5,alto,2023,41.0,30,0.6,True,True,False,True,False,False
290,S2,3,Ciencias Basicas y Complementarias,teorico,No,bajo,Si,Si,5,alto,2022,53.0,30,0.6,True,True,False,False,False,False
290,S2,3,Ciencias Basicas y Complementarias,teorico,No,bajo,Si,Si,5,alto,2022,46.0,30,0.6,True,True,False,False,False,False
290,S2,3,Ciencias Basicas y Complementarias,teorico,No,bajo,Si,Si,5,alto,2023,59.0,30,0.6,True,True,False,False,False,False
290,S2,3,Ciencias Basicas y Complementarias,teorico,No,bajo,Si,Si,5,alto,2023,49.0,30,0.6,True,True,False,False,False,False
290,S2,3,Ciencias Basicas y Complementarias,teorico,No,bajo,Si,Si,5,alto,2023,52.0,30,0.6,True,True,False,True,False,False
290,S2,3,Ciencias Basicas y Complementarias,teorico,No,bajo,Si,Si,5,alto,2023,54.0,30,0.6,True,True,True,False,False,False
290,S2,3,Ciencias Basicas y Complementarias,teorico,No,bajo,Si,Si,5,alto,2023,48.0,30,0.6,True,True,True,True,False,False
290,S2,3,Ciencias Basicas y Complementarias,teorico,No,bajo,Si,Si,5,alto,2022,56.0,30,0.6666666666666666,True,True,False,False,False,False
290,S2,3,Ciencias Basicas y Complementarias,teorico,No,bajo,Si,Si,5,alto,2023,41.0,30,0.6666666666666666,True,True,False,False,False,False
290,S2,3,Ciencias Basicas y Complementarias,teorico,No,bajo,Si,Si,5,alto,2023,59.0,30,0.6666666666666666,True,True,False,False,False,False
290,S2,3,Ciencias Basicas y Complementarias,teorico,No,bajo,Si,Si,5,alto,2023,43.0,30,0.6666666666666666,True,True,False,True,False,False
290,S2,3,Ciencias Basicas y Complementarias,teorico,No,bajo,Si,Si,5,alto,2022,45.0,30,0.6666666666666666,True,True,False,False,False,False
290,S2,3,Ciencias Basicas y Complementarias,teorico,No,bajo,Si,Si,5,alto,2023,63.0,30,0.6666666666666666,True,True,False,False,False,False
290,S2,3,Ciencias Basicas y Complementarias,teorico,No,bajo,Si,Si,5,alto,2023,47.0,30,0.6666666666666666,True,True,False,False,False,False
290,S2,3,Ciencias Basicas y Complementarias,teorico,No,bajo,Si,Si,5,alto,2023,61.0,30,0.6666666666666666,True,True,False,False,False,False
290,S2,3,Ciencias Basicas y Complementarias,teorico,No,bajo,Si,Si,5,alto,2023,68.0,30,0.6666666666666666,True,True,False,False,False,False
290,S2,3,Ciencias Basicas y Complementarias,teorico,No,bajo,Si,Si,5,alto,2023,46.0,30,0.6666666666666666,True,True,True,True,False,False
290,S2,3,Ciencias Basicas y Complementarias,teorico,No,bajo,Si,Si,5,alto,2022,49.0,30,0.6666666666666666,True,True,False,True,False,False
290,S2,3,Ciencias Basicas y Complementarias,teorico,No,bajo,Si,Si,5,alto,2023,49.0,30,0.6666666666666666,True,True,False,False,False,False
290,S2,3,Ciencias Basicas y Complementarias,teorico,No,bajo,Si,Si,5,alto,2023,33.0,30,0.6666666666666666,True,True,True,False,False,False
290,S2,3,Ciencias Basicas y Complementarias,teorico,No,bajo,Si,Si,5,alto,2023,46.0,30,0.6666666666666666,True,True,False,False,False,False
290,S2,3,Ciencias Basicas y Complementarias,teorico,No,bajo,Si,Si,5,alto,2023,44.0,30,0.6666666666666666,True,True,True,True,False,False
290,S2,3,Ciencias Basicas y Complementarias,teorico,No,bajo,Si,Si,5,alto,2023,48.0,30,0.6666666666666666,True,True,True,False,False,False
290,S2,3,Ciencias Basicas y Complementarias,teorico,No,bajo,Si,Si,5,alto,2023,45.0,30,0.6666666666666666,True,True,False,False,False,False
290,S2,3,Ciencias Basicas y Complementarias,teorico,No,bajo,Si,Si,5,alto,2022,39.0,30,0.6666666666666666,True,True,True,True,False,False
290,S2,3,Ciencias Basicas y Complementarias,teorico,No,bajo,Si,Si,5,alto,2023,64.0,45,0.7777777777777778,True,True,False,False,False,False
290,S2,3,Ciencias Basicas y Complementarias,teorico,No,bajo,Si,Si,5,alto,2023,32.0,45,0.7777777777777778,True,True,True,False,False,False
290,S2,3,Ciencias Basicas y Complementarias,teorico,No,bajo,Si,Si,5,alto,2023,42.0,45,0.7777777777777778,True,True,False,True,False,False
290,S2,3,Ciencias Basicas y Complementarias,teorico,No,bajo,Si,Si,5,alto,2023,65.0,45,0.7777777777777778,True,True,False,False,False,False
290,S2,3,Ciencias Basicas y Complementarias,teorico,No,bajo,Si,Si,5,alto,2023,47.0,45,0.7777777777777778,True,True,False,False,False,False
290,S2,3,Ciencias Basicas y Complementarias,teorico,No,bajo,Si,Si,5,alto,2023,59.0,45,0.7777777777777778,True,True,False,False,False,False
290,S2,3,Ciencias Basicas y Complementarias,teorico,No,bajo,Si,Si,5,alto,2023,31.0,45,0.7777777777777778,True,True,True,True,False,False
290,S2,3,Ciencias Basicas y Complementarias,teorico,No,bajo,Si,Si,5,alto,2023,41.0,45,0.7777777777777778,True,True,True,False,False,False
290,S2,3,Ciencias Basicas y Complementarias,teorico,No,bajo,Si,Si,5,alto,2023,36.0,45,0.7777777777777778,True,True,False,True,False,False
290,S2,3,Ciencias Basicas y Complementarias,teorico,No,bajo,Si,Si,5,alto,2023,55.0,45,0.7777777777777778,True,True,False,False,False,False
290,S2,3,Ciencias Basicas y Complementarias,teorico,No,bajo,Si,Si,5,alto,2023,42.0,45,0.7777777777777778,True,True,True,False,False,False
290,S2,3,Ciencias Basicas y Complementarias,teorico,No,bajo,Si,Si,5,alto,2022,47.0,45,0.7777777777777778,True,True,False,False,False,False
290,S2,3,Ciencias Basicas y Complementarias,teorico,No,bajo,Si,Si,5,alto,2022,68.0,45,0.7777777777777778,True,True,False,False,False,False
290,S2,3,Ciencias Basicas y Complementarias,teorico,No,bajo,Si,Si,5,alto,2022,68.0,45,0.7777777777777778,True,True,False,False,False,False
290,S2,3,Ciencias Basicas y Complementarias,teorico,No,bajo,Si,Si,5,alto,2022,68.0,45,0.7777777777777778,True,True,False,False,False,False
290,S2,3,Ciencias Basicas y Complementarias,teorico,No,bajo,Si,Si,5,alto,2022,58.0,45,0.7777777777777778,True,True,False,False,False,False
290,S2,3,Ciencias Basicas y Complementarias,teorico,No,bajo,Si,Si,5,alto,2022,37.0,45,0.7777777777777778,True,True,False,False,False,False
290,S2,3,Ciencias Basicas y Complementarias,teorico,No,bajo,Si,Si,5,alto,2022,37.0,45,0.7777777777777778,True,True,True,True,False,False
290,S2,3,Ciencias Basicas y Complementarias,teorico,No,bajo,Si,Si,5,alto,2023,44.0,45,0.7777777777777778,True,True,True,True,False,False
290,S2,3,Ciencias Basicas y Complementarias,teorico,No,bajo,Si,Si,5,alto,2023,32.0,45,0.7777777777777778,True,True,True,False,False,False
290,S2,3,Ciencias Basicas y Complementarias,teorico,No,bajo,Si,Si,5,alto,2023,50.0,45,0.7777777777777778,True,True,False,False,False,False
290,S2,3,Ciencias Basicas y Complementarias,teorico,No,bajo,Si,Si,5,alto,2022,40.0,45,0.7777777777777778,True,True,False,True,False,False
290,S2,3,Ciencias Basicas y Complementarias,teorico,No,bajo,Si,Si,5,alto,2022,50.0,45,0.7777777777777778,True,True,False,False,False,False
290,S2,3,Ciencias Basicas y Complementarias,teorico,No,bajo,Si,Si,5,alto,2023,67.0,45,0.7777777777777778,True,True,False,False,False,False
290,S2,3,Ciencias Basicas y Complementarias,teorico,No,bajo,Si,Si,5,alto,2022,51.0,45,0.7777777777777778,True,True,False,False,False,False
290,S2,3,Ciencias Basicas y Complementarias,teorico,No,bajo,Si,Si,5,alto,2022,60.0,45,0.7777777777777778,True,True,False,False,False,False
290,S2,3,Ciencias Basicas y Complementarias,teorico,No,bajo,Si,Si,5,alto,2022,36.0,45,0.7777777777777778,True,True,True,True,False,False
290,S2,3,Ciencias Basicas y Complementarias,teorico,No,bajo,Si,Si,5,alto,2022,52.0,45,0.7777777777777778,True,True,False,False,False,False
290,S2,3,Ciencias Basicas y Complementarias,teorico,No,bajo,Si,Si,5,alto,2023,48.0,45,0.7777777777777778,True,True,True,True,False,False
290,S2,3,Ciencias Basicas y Complementarias,teorico,No,bajo,Si,Si,5,alto,2023,68.0,45,0.7777777777777778,True,True,False,False,False,False
290,S2,3,Ciencias Basicas y Complementarias,teorico,No,bajo,Si,Si,5,alto,2022,64.0,45,0.7777777777777778,True,True,False,False,False,False
290,S2,3,Ciencias Basicas y Complementarias,teorico,No,bajo,Si,Si,5,alto,2023,64.0,45,0.7777777777777778,True,True,False,False,False,False
290,S2,3,Ciencias Basicas y Complementarias,teorico,No,bajo,Si,Si,5,alto,2023,37.0,45,0.7777777777777778,True,True,True,True,False,False
290,S2,3,Ciencias Basicas y Complementarias,teorico,No,bajo,Si,Si,5,alto,2023,44.0,20,0.4,True,True,True,True,False,False
290,S2,3,Ciencias Basicas y Complementarias,teorico,No,bajo,Si,Si,5,alto,2022,52.0,20,0.4,True,True,False,False,False,False
290,S2,3,Ciencias Basicas y Complementarias,teorico,No,bajo,Si,Si,5,alto,2023,43.0,20,0.4,True,True,False,False,False,False
290,S2,3,Ciencias Basicas y Complementarias,teorico,No,bajo,Si,Si,5,alto,2022,65.0,20,0.4,True,True,False,False,False,False
290,S2,3,Ciencias Basicas y Complementarias,teorico,No,bajo,Si,Si,5,alto,2022,41.0,20,0.4,True,True,False,False,False,False
290,S2,3,Ciencias Basicas y Complementarias,teorico,No,bajo,Si,Si,5,alto,2023,43.0,20,0.4,True,True,True,False,False,False
290,S2,3,Ciencias Basicas y Complementarias,teorico,No,bajo,Si,Si,5,alto,2023,39.0,20,0.4,True,True,False,True,False,False
291,S2,4,Ciencias Basicas y Complementarias,teorico,No,bajo,Si,Si,2,medio,2022,61.0,30,0.6,True,True,False,False,False,False
291,S2,4,Ciencias Basicas y Complementarias,teorico,No,bajo,Si,Si,2,medio,2023,34.0,30,0.6,True,True,False,True,False,False
291,S2,4,Ciencias Basicas y Complementarias,teorico,No,bajo,Si,Si,2,medio,2023,46.0,30,0.6,True,True,False,False,False,False
291,S2,4,Ciencias Basicas y Complementarias,teorico,No,bajo,Si,Si,2,medio,2023,49.0,30,0.6,True,True,True,False,False,False
291,S2,4,Ciencias Basicas y Complementarias,teorico,No,bajo,Si,Si,2,medio,2023,37.0,30,0.6,True,True,False,False,False,False
291,S2,4,Ciencias Basicas y Complementarias,teorico,No,bajo,Si,Si,2,medio,2022,64.0,30,0.6,True,True,False,False,False,False
291,S2,4,Ciencias Basicas y Complementarias,teorico,No,bajo,Si,Si,2,medio,2023,65.0,30,0.6,True,True,False,False,False,False
291,S2,4,Ciencias Basicas y Complementarias,teorico,No,bajo,Si,Si,2,medio,2023,47.0,30,0.6,True,True,True,False,False,False
291,S2,4,Ciencias Basicas y Complementarias,teorico,No,bajo,Si,Si,2,medio,2023,42.0,30,0.6,True,True,False,False,False,False
291,S2,4,Ciencias Basicas y Complementarias,teorico,No,bajo,Si,Si,2,medio,2022,40.0,30,0.6,True,True,False,False,False,False
291,S2,4,Ciencias Basicas y Complementarias,teorico,No,bajo,Si,Si,2,medio,2022,40.0,30,0.6,True,True,False,False,False,False
291,S2,4,Ciencias Basicas y Complementarias,teorico,No,bajo,Si,Si,2,medio,2022,65.0,30,0.6,True,True,False,False,False,False
291,S2,4,Ciencias Basicas y Complementarias,teorico,No,bajo,Si,Si,2,medio,2022,44.0,30,0.6,True,True,True,True,False,False
291,S2,4,Ciencias Basicas y Complementarias,teorico,No,bajo,Si,Si,2,medio,2023,51.0,30,0.6,True,True,True,True,False,False
291,S2,4,Ciencias Basicas y Complementarias,teorico,No,bajo,Si,Si,2,medio,2022,48.0,30,0.6,True,True,False,False,False,False
291,S2,4,Ciencias Basicas y Complementarias,teorico,No,bajo,Si,Si,2,medio,2022,50.0,30,0.6,True,True,False,True,False,False
291,S2,4,Ciencias Basicas y Complementarias,teorico,No,bajo,Si,Si,2,medio,2023,38.0,20,0.4,True,True,False,False,False,False
291,S2,4,Ciencias Basicas y Complementarias,teorico,No,bajo,Si,Si,2,medio,2023,41.0,20,0.4,True,True,False,False,False,False
291,S2,4,Ciencias Basicas y Complementarias,teorico,No,bajo,Si,Si,2,medio,2023,42.0,20,0.4,True,True,True,True,False,False
291,S2,4,Ciencias Basicas y Complementarias,teorico,No,bajo,Si,Si,2,medio,2023,37.0,20,0.4,True,True,True,False,False,False
291,S2,4,Ciencias Basicas y Complementarias,teorico,No,bajo,Si,Si,2,medio,2023,58.0,20,0.4,True,True,False,False,False,False
291,S2,4,Ciencias Basicas y Complementarias,teorico,No,bajo,Si,Si,2,medio,2022,44.0,20,0.4,True,True,True,True,False,False
291,S2,4,Ciencias Basicas y Complementarias,teorico,No,bajo,Si,Si,2,medio,2022,67.0,20,0.4,True,True,False,False,False,False
291,S2,4,Ciencias Basicas y Complementarias,teorico,No,bajo,Si,Si,2,medio,2022,37.0,20,0.4,True,True,False,False,False,False
292,S2,4,Ciencias Basicas y Complementarias,teorico,No,bajo,Si,Si,3,medio,2023,63.0,20,0.6,True,True,False,False,False,False
292,S2,4,Ciencias Basicas y Complementarias,teorico,No,bajo,Si,Si,3,medio,2023,50.0,20,0.6,True,True,False,True,False,False
292,S2,4,Ciencias Basicas y Complementarias,teorico,No,bajo,Si,Si,3,medio,2023,42.0,20,0.6,True,True,True,False,False,False
292,S2,4,Ciencias Basicas y Complementarias,teorico,No,bajo,Si,Si,3,medio,2023,67.0,20,0.6,True,True,False,False,False,False
292,S2,4,Ciencias Basicas y Complementarias,teorico,No,bajo,Si,Si,3,medio,2022,62.0,20,0.6,True,True,False,False,False,False
292,S2,4,Ciencias Basicas y Complementarias,teorico,No,bajo,Si,Si,3,medio,2023,42.0,20,0.6,True,True,False,False,False,False
292,S2,4,Ciencias Basicas y Complementarias,teorico,No,bajo,Si,Si,3,medio,2023,44.0,20,0.6,True,True,False,False,False,False
292,S2,4,Ciencias Basicas y Complementarias,teorico,No,bajo,Si,Si,3,medio,2023,63.0,20,0.6,True,True,False,False,False,False
292,S2,4,Ciencias Basicas y Complementarias,teorico,No,bajo,Si,Si,3,medio,2022,68.0,20,0.6,True,True,False,False,False,False
292,S2,4,Ciencias Basicas y Complementarias,teorico,No,bajo,Si,Si,3,medio,2022,63.0,20,0.6,True,True,False,False,False,False
292,S2,4,Ciencias Basicas y Complementarias,teorico,No,bajo,Si,Si,3,medio,2023,38.0,20,0.6,True,True,True,True,False,False
292,S2,4,Ciencias Basicas y Complementarias,teorico,No,bajo,Si,Si,3,medio,2023,36.0,20,0.6,True,True,True,True,False,False
292,S2,4,Ciencias Basicas y Complementarias,teorico,No,bajo,Si,Si,3,medio,2023,64.0,20,0.5,True,True,False,False,False,False
292,S2,4,Ciencias Basicas y Complementarias,teorico,No,bajo,Si,Si,3,medio,2022,48.0,20,0.5,True,True,False,False,False,False
292,S2,4,Ciencias Basicas y Complementarias,teorico,No,bajo,Si,Si,3,medio,2022,43.0,20,0.5,True,True,False,True,False,False
292,S2,4,Ciencias Basicas y Complementarias,teorico,No,bajo,Si,Si,3,medio,2023,40.0,20,0.5,True,True,False,True,False,False
292,S2,4,Ciencias Basicas y Complementarias,teorico,No,bajo,Si,Si,3,medio,2023,63.0,20,0.5,True,True,False,False,False,False
292,S2,4,Ciencias Basicas y Complementarias,teorico,No,bajo,Si,Si,3,medio,2023,55.0,20,0.5,True,True,True,False,False,False
292,S2,4,Ciencias Basicas y Complementarias,teorico,No,bajo,Si,Si,3,medio,2023,65.0,20,0.5,True,True,False,False,False,False
292,S2,4,Ciencias Basicas y Complementarias,teorico,No,bajo,Si,Si,3,medio,2022,36.0,20,0.5,True,True,False,False,False,False
292,S2,4,Ciencias Basicas y Complementarias,teorico,No,bajo,Si,Si,3,medio,2022,68.0,20,0.5,True,True,False,False,False,False
670,S2,6,Ciencias Basicas y Complementarias,teorico,No,bajo,No,No,0,bajo,2022,38.0,20,0.45,False,False,False,False,False,False
670,S2,6,Ciencias Basicas y Complementarias,teorico,No,bajo,No,No,0,bajo,2021,54.0,20,0.45,False,False,False,False,False,False
670,S2,6,Ciencias Basicas y Complementarias,teorico,No,bajo,No,No,0,bajo,2021,63.0,20,0.45,False,False,False,False,False,False
670,S2,6,Ciencias Basicas y Complementarias,teorico,No,bajo,No,No,0,bajo,2021,51.0,20,0.45,False,False,False,True,False,True
670,S2,6,Ciencias Basicas y Complementarias,teorico,No,bajo,No,No,0,bajo,2021,37.0,20,0.45,False,False,False,False,False,False
670,S2,6,Ciencias Basicas y Complementarias,teorico,No,bajo,No,No,0,bajo,2021,42.0,20,0.45,False,False,False,False,False,False
670,S2,6,Ciencias Basicas y Complementarias,teorico,No,bajo,No,No,0,bajo,2022,45.0,20,0.45,False,False,True,True,False,True
670,S2,6,Ciencias Basicas y Complementarias,teorico,No,bajo,No,No,0,bajo,2021,45.0,20,0.45,False,False,True,False,False,False
670,S2,6,Ciencias Basicas y Complementarias,teorico,No,bajo,No,No,0,bajo,2021,48.0,20,0.45,False,False,False,False,False,False
673,S2,5,Ciencias Basicas y Complementarias,teorico,No,bajo,Si,Si,3,medio,2022,32.0,20,0.45,True,True,True,False,False,False
673,S2,5,Ciencias Basicas y Complementarias,teorico,No,bajo,Si,Si,3,medio,2022,64.0,20,0.45,True,True,False,False,False,False
673,S2,5,Ciencias Basicas y Complementarias,teorico,No,bajo,Si,Si,3,medio,2022,58.0,20,0.45,True,True,False,False,False,False
673,S2,5,Ciencias Basicas y Complementarias,teorico,No,bajo,Si,Si,3,medio,2021,37.0,20,0.45,True,True,False,False,False,False
673,S2,5,Ciencias Basicas y Complementarias,teorico,No,bajo,Si,Si,3,medio,2022,34.0,20,0.45,True,True,True,True,False,False
673,S2,5,Ciencias Basicas y Complementarias,teorico,No,bajo,Si,Si,3,medio,2022,58.0,20,0.45,True,True,False,False,False,False
673,S2,5,Ciencias Basicas y Complementarias,teorico,No,bajo,Si,Si,3,medio,2021,53.0,20,0.45,True,True,False,True,False,False
673,S2,5,Ciencias Basicas y Complementarias,teorico,No,bajo,Si,Si,3,medio,2021,59.0,20,0.45,True,True,False,False,False,False
673,S2,5,Ciencias Basicas y Complementarias,teorico,No,bajo,Si,Si,3,medio,2022,41.0,20,0.45,True,True,False,False,False,False
674,S2,5,Ciencias Basicas y Complementarias,teorico,No,bajo,Si,No,1,medio,2021,62.0,20,0.5,False,False,False,False,False,False
674,S2,5,Ciencias Basicas y Complementarias,teorico,No,bajo,Si,No,1,medio,2022,48.0,20,0.5,False,False,False,False,False,False
674,S2,5,Ciencias Basicas y Complementarias,teorico,No,bajo,Si,No,1,medio,2022,60.0,20,0.5,False,False,False,False,False,False
674,S2,5,Ciencias Basicas y Complementarias,teorico,No,bajo,Si,No,1,medio,2021,54.0,20,0.5,False,False,True,True,True,True
674,S2,5,Ciencias Basicas y Complementarias,teorico,No,bajo,Si,No,1,medio,2022,52.0,20,0.5,False,False,False,False,False,False
674,S2,5,Ciencias Basicas y Complementarias,teorico,No,bajo,Si,No,1,medio,2022,43.0,20,0.5,False,False,True,False,False,False
674,S2,5,Ciencias Basicas y Complementarias,teorico,No,bajo,Si,No,1,medio,2021,50.0,20,0.5,False,False,False,True,True,True
674,S2,5,Ciencias Basicas y Complementarias,teorico,No,bajo,Si,No,1,medio,2022,38.0,20,0.5,False,False,True,True,True,True
674,S2,5,Ciencias Basicas y Complementarias,teorico,No,bajo,Si,No,1,medio,2022,52.0,20,0.5,False,False,False,False,False,False
674,S2,5,Ciencias Basicas y Complementarias,teorico,No,bajo,Si,No,1,medio,2022,52.0,20,0.5,False,False,False,False,False,False
685,S2,6,Metodologia de Sistemas,teorico,No,bajo,Si,Si,3,medio,2021,53.0,20,0.5,False,False,False,True,True,True
685,S2,6,Metodologia de Sistemas,teorico,No,bajo,Si,Si,3,medio,2022,64.0,20,0.5,False,False,False,False,False,False
685,S2,6,Metodologia de Sistemas,teorico,No,bajo,Si,Si,3,medio,2021,44.0,20,0.5,False,False,False,False,False,False
685,S2,6,Metodologia de Sistemas,teorico,No,bajo,Si,Si,3,medio,2021,53.0,20,0.5,False,False,False,False,False,False
685,S2,6,Metodologia de Sistemas,teorico,No,bajo,Si,Si,3,medio,2021,39.0,20,0.5,False,False,True,False,False,False
685,S2,6,Metodologia de Sistemas,teorico,No,bajo,Si,Si,3,medio,2020,49.0,20,0.5,False,False,False,False,False,False
685,S2,6,Metodologia de Sistemas,teorico,No,bajo,Si,Si,3,medio,2020,54.0,20,0.5,False,False,True,True,True,True
685,S2,6,Metodologia de Sistemas,teorico,No,bajo,Si,Si,3,medio,2021,47.0,20,0.5,False,False,False,False,False,False
690,S2,8,Ciencias Basicas y Complementarias,teorico,No,bajo,No,Si,2,medio,2019,55.0,30,0.7333333333333333,True,True,True,True,False,False
690,S2,8,Ciencias Basicas y Complementarias,teorico,No,bajo,No,Si,2,medio,2019,37.0,30,0.7333333333333333,True,True,False,True,False,False
690,S2,8,Ciencias Basicas y Complementarias,teorico,No,bajo,No,Si,2,medio,2019,44.0,30,0.7333333333333333,True,True,False,False,False,False
690,S2,8,Ciencias Basicas y Complementarias,teorico,No,bajo,No,Si,2,medio,2020,53.0,30,0.7333333333333333,True,True,False,False,False,False
690,S2,8,Ciencias Basicas y Complementarias,teorico,No,bajo,No,Si,2,medio,2019,40.0,30,0.7333333333333333,True,True,False,False,False,False
690,S2,8,Ciencias Basicas y Complementarias,teorico,No,bajo,No,Si,2,medio,2018,40.0,30,0.7333333333333333,True,True,True,False,False,False
690,S2,8,Ciencias Basicas y Complementarias,teorico,No,bajo,No,Si,2,medio,2019,40.0,30,0.7333333333333333,True,True,False,False,False,False
690,S2,8,Ciencias Basicas y Complementarias,teorico,No,bajo,No,Si,2,medio,2019,66.0,30,0.7333333333333333,True,True,False,False,False,False
690,S2,8,Ciencias Basicas y Complementarias,teorico,No,bajo,No,Si,2,medio,2019,48.0,30,0.7333333333333333,True,True,False,False,False,False
690,S2,8,Ciencias Basicas y Complementarias,teorico,No,bajo,No,Si,2,medio,2020,50.0,30,0.7333333333333333,True,True,False,False,False,False
690,S2,8,Ciencias Basicas y Complementarias,teorico,No,bajo,No,Si,2,medio,2019,40.0,30,0.7333333333333333,True,True,False,False,False,False
690,S2,8,Ciencias Basicas y Complementarias,teorico,No,bajo,No,Si,2,medio,2018,53.0,30,0.7333333333333333,True,True,False,False,False,False
690,S2,8,Ciencias Basicas y Complementarias,teorico,No,bajo,No,Si,2,medio,2019,42.0,30,0.7333333333333333,True,True,False,False,False,False
690,S2,8,Ciencias Basicas y Complementarias,teorico,No,bajo,No,Si,2,medio,2020,52.0,30,0.7333333333333333,True,True,True,False,False,False
690,S2,8,Ciencias Basicas y Complementarias,teorico,No,bajo,No,Si,2,medio,2019,53.0,30,0.7333333333333333,True,True,False,True,False,False
690,S2,8,Ciencias Basicas y Complementarias,teorico,No,bajo,No,Si,2,medio,2019,53.0,30,0.7333333333333333,True,True,False,False,False,False
690,S2,8,Ciencias Basicas y Complementarias,teorico,No,bajo,No,Si,2,medio,2020,52.0,30,0.7333333333333333,True,True,False,True,False,False
690,S2,8,Ciencias Basicas y Complementarias,teorico,No,bajo,No,Si,2,medio,2018,44.0,30,0.7333333333333333,True,True,False,False,False,False
690,S2,8,Ciencias Basicas y Complementarias,teorico,No,bajo,No,Si,2,medio,2020,59.0,30,0.7333333333333333,True,True,False,False,False,False
690,S2,8,Ciencias Basicas y Complementarias,teorico,No,bajo,No,Si,2,medio,2019,48.0,30,0.7333333333333333,True,True,False,False,False,False
690,S2,8,Ciencias Basicas y Complementarias,teorico,No,bajo,No,Si,2,medio,2018,40.0,30,0.7333333333333333,True,True,True,False,False,False
694,S2,5,Ciencias Basicas y Complementarias,teorico,No,bajo,No,No,1,medio,2022,45.0,20,0.45,True,True,False,False,False,False
694,S2,5,Ciencias Basicas y Complementarias,teorico,No,bajo,No,No,1,medio,2021,59.0,20,0.45,True,True,False,False,False,False
694,S2,5,Ciencias Basicas y Complementarias,teorico,No,bajo,No,No,1,medio,2022,31.0,20,0.45,True,True,False,True,False,False
694,S2,5,Ciencias Basicas y Complementarias,teorico,No,bajo,No,No,1,medio,2022,48.0,20,0.45,True,True,True,False,False,False
694,S2,5,Ciencias Basicas y Complementarias,teorico,No,bajo,No,No,1,medio,2021,37.0,20,0.45,True,True,False,True,False,False
694,S2,5,Ciencias Basicas y Complementarias,teorico,No,bajo,No,No,1,medio,2021,52.0,20,0.45,True,True,False,False,False,False
694,S2,5,Ciencias Basicas y Complementarias,teorico,No,bajo,No,No,1,medio,2021,64.0,20,0.45,True,True,False,False,False,False
694,S2,5,Ciencias Basicas y Complementarias,teorico,No,bajo,No,No,1,medio,2022,57.0,20,0.45,True,True,False,False,False,False
694,S2,5,Ciencias Basicas y Complementarias,teorico,No,bajo,No,No,1,medio,2022,68.0,20,0.45,True,True,False,False,False,False
779,S2,6,Ciencias Basicas y Complementarias,teorico,No,bajo,No,No,1,medio,2021,37.0,20,0.15,False,False,True,True,True,True
779,S2,6,Ciencias Basicas y Complementarias,teorico,No,bajo,No,No,1,medio,2022,66.0,20,0.15,False,False,False,False,False,False
779,S2,6,Ciencias Basicas y Complementarias,teorico,No,bajo,No,No,1,medio,2020,53.0,20,0.15,False,False,False,False,False,False
795,S2,7,Metodologia de Sistemas,teorico,No,bajo,Si,No,1,medio,2020,41.0,20,0.6,False,False,False,True,True,True
795,S2,7,Metodologia de Sistemas,teorico,No,bajo,Si,No,1,medio,2020,36.0,20,0.6,False,False,False,False,False,False
795,S2,7,Metodologia de Sistemas,teorico,No,bajo,Si,No,1,medio,2020,68.0,20,0.6,False,False,False,False,False,False
795,S2,7,Metodologia de Sistemas,teorico,No,bajo,Si,No,1,medio,2020,41.0,20,0.6,False,False,False,False,False,False
795,S2,7,Metodologia de Sistemas,teorico,No,bajo,Si,No,1,medio,2020,48.0,20,0.6,False,False,False,False,False,False
795,S2,7,Metodologia de Sistemas,teorico,No,bajo,Si,No,1,medio,2019,34.0,20,0.6,False,False,False,True,True,True
795,S2,7,Metodologia de Sistemas,teorico,No,bajo,Si,No,1,medio,2021,62.0,20,0.6,False,False,False,False,False,False
795,S2,7,Metodologia de Sistemas,teorico,No,bajo,Si,No,1,medio,2021,60.0,20,0.6,False,False,False,False,False,False
795,S2,7,Metodologia de Sistemas,teorico,No,bajo,Si,No,1,medio,2020,40.0,20,0.6,False,False,True,False,False,False
795,S2,7,Metodologia de Sistemas,teorico,No,bajo,Si,No,1,medio,2020,46.0,20,0.6,False,False,False,False,False,False
912,S2,10,Ciencias Basicas y Complementarias,teorico,No,bajo,No,No,0,bajo,2017,45.0,20,0.2,True,True,False,False,False,False
912,S2,10,Ciencias Basicas y Complementarias,teorico,No,bajo,No,No,0,bajo,2018,43.0,20,0.2,True,True,False,False,False,False
912,S2,10,Ciencias Basicas y Complementarias,teorico,No,bajo,No,No,0,bajo,2016,39.0,20,0.2,True,True,True,True,False,False
912,S2,10,Ciencias Basicas y Complementarias,teorico,No,bajo,No,No,0,bajo,2016,52.0,20,0.2,True,True,False,False,False,False
919,S2,7,Ciencias Basicas y Complementarias,teorico,No,bajo,No,No,0,bajo,2020,52.0,20,0.3,False,False,False,False,False,False
919,S2,7,Ciencias Basicas y Complementarias,teorico,No,bajo,No,No,0,bajo,2019,50.0,20,0.3,False,False,False,False,False,False
919,S2,7,Ciencias Basicas y Complementarias,teorico,No,bajo,No,No,0,bajo,2020,49.0,20,0.3,False,False,False,True,False,True
919,S2,7,Ciencias Basicas y Complementarias,teorico,No,bajo,No,No,0,bajo,2020,41.0,20,0.3,False,False,False,True,False,True
919,S2,7,Ciencias Basicas y Complementarias,teorico,No,bajo,No,No,0,bajo,2019,60.0,20,0.3,False,False,False,False,False,False
919,S2,7,Ciencias Basicas y Complementarias,teorico,No,bajo,No,No,0,bajo,2020,46.0,20,0.3,False,False,False,False,False,False
943,S2,7,Desarrollo de Software,teorico,No,bajo,No,No,0,bajo,2020,68.0,20,0.25,True,True,False,False,False,False
943,S2,7,Desarrollo de Software,teorico,No,bajo,No,No,0,bajo,2020,67.0,20,0.25,True,True,False,False,False,False
943,S2,7,Desarrollo de Software,teorico,No,bajo,No,No,0,bajo,2021,45.0,20,0.25,True,True,False,True,False,False
943,S2,7,Desarrollo de Software,teorico,No,bajo,No,No,0,bajo,2021,48.0,20,0.25,True,True,False,False,False,False
943,S2,7,Desarrollo de Software,teorico,No,bajo,No,No,0,bajo,2020,34.0,20,0.25,True,True,True,True,False,False
949,S2,4,Metodologia de Sistemas,teorico,No,bajo,Si,Si,6,alto,2022,39.0,30,0.6666666666666666,False,False,False,False,False,False
949,S2,4,Metodologia de Sistemas,teorico,No,bajo,Si,Si,6,alto,2022,38.0,30,0.6666666666666666,False,False,False,False,False,False
949,S2,4,Metodologia de Sistemas,teorico,No,bajo,Si,Si,6,alto,2023,52.0,30,0.6666666666666666,False,False,False,False,False,False
949,S2,4,Metodologia de Sistemas,teorico,No,bajo,Si,Si,6,alto,2023,44.0,30,0.6666666666666666,False,False,True,True,True,True
949,S2,4,Metodologia de Sistemas,teorico,No,bajo,Si,Si,6,alto,2023,49.0,30,0.6666666666666666,False,False,False,True,True,True
949,S2,4,Metodologia de Sistemas,teorico,No,bajo,Si,Si,6,alto,2022,54.0,30,0.6666666666666666,False,False,False,False,False,False
949,S2,4,Metodologia de Sistemas,teorico,No,bajo,Si,Si,6,alto,2023,59.0,30,0.6666666666666666,False,False,False,False,False,False
949,S2,4,Metodologia de Sistemas,teorico,No,bajo,Si,Si,6,alto,2023,49.0,30,0.6666666666666666,False,False,False,False,False,False
949,S2,4,Metodologia de Sistemas,teorico,No,bajo,Si,Si,6,alto,2022,36.0,30,0.6666666666666666,False,False,False,False,False,False
949,S2,4,Metodologia de Sistemas,teorico,No,bajo,Si,Si,6,alto,2023,49.0,30,0.6666666666666666,False,False,False,True,True,True
949,S2,4,Metodologia de Sistemas,teorico,No,bajo,Si,Si,6,alto,2023,46.0,30,0.6666666666666666,False,False,False,False,False,False
949,S2,4,Metodologia de Sistemas,teorico,No,bajo,Si,Si,6,alto,2023,58.0,30,0.6666666666666666,False,False,False,False,False,False
949,S2,4,Metodologia de Sistemas,teorico,No,bajo,Si,Si,6,alto,2022,50.0,30,0.6666666666666666,False,False,True,False,False,False
949,S2,4,Metodologia de Sistemas,teorico,No,bajo,Si,Si,6,alto,2023,32.0,30,0.6666666666666666,False,False,True,False,False,False
949,S2,4,Metodologia de Sistemas,teorico,No,bajo,Si,Si,6,alto,2023,42.0,30,0.6666666666666666,False,False,False,False,False,False
949,S2,4,Metodologia de Sistemas,teorico,No,bajo,Si,Si,6,alto,2023,32.0,30,0.6666666666666666,False,False,True,True,True,True
949,S2,4,Metodologia de Sistemas,teorico,No,bajo,Si,Si,6,alto,2023,35.0,30,0.6666666666666666,False,False,True,True,True,True
949,S2,4,Metodologia de Sistemas,teorico,No,bajo,Si,Si,6,alto,2022,45.0,30,0.6666666666666666,False,False,False,False,False,False
949,S2,4,Metodologia de Sistemas,teorico,No,bajo,Si,Si,6,alto,2023,38.0,20,0.4,False,False,False,False,False,False
949,S2,4,Metodologia de Sistemas,teorico,No,bajo,Si,Si,6,alto,2023,33.0,20,0.4,False,False,True,True,True,True
949,S2,4,Metodologia de Sistemas,teorico,No,bajo,Si,Si,6,alto,2022,59.0,20,0.4,False,False,False,False,False,False
949,S2,4,Metodologia de Sistemas,teorico,No,bajo,Si,Si,6,alto,2022,55.0,20,0.4,False,False,True,False,False,False
949,S2,4,Metodologia de Sistemas,teorico,No,bajo,Si,Si,6,alto,2023,46.0,20,0.4,False,False,False,False,False,False
949,S2,4,Metodologia de Sistemas,teorico,No,bajo,Si,Si,6,alto,2022,68.0,20,0.4,False,False,False,False,False,False
949,S2,4,Metodologia de Sistemas,teorico,No,bajo,Si,Si,6,alto,2022,59.0,20,0.4,False,False,False,False,False,False
949,S2,4,Metodologia de Sistemas,teorico,No,bajo,Si,Si,6,alto,2023,53.0,20,0.4,False,False,True,True,True,True
950,S2,7,Metodologia de Sistemas,teorico,No,bajo,No,No,0,bajo,2020,48.0,20,0.25,False,False,False,True,False,True
950,S2,7,Metodologia de Sistemas,teorico,No,bajo,No,No,0,bajo,2020,39.0,20,0.25,False,False,False,False,False,False
950,S2,7,Metodologia de Sistemas,teorico,No,bajo,No,No,0,bajo,2020,61.0,20,0.25,False,False,False,False,False,False
950,S2,7,Metodologia de Sistemas,teorico,No,bajo,No,No,0,bajo,2019,39.0,20,0.25,False,False,False,True,False,True
950,S2,7,Metodologia de Sistemas,teorico,No,bajo,No,No,0,bajo,2021,50.0,20,0.25,False,False,False,False,False,False
094,V1,5,Ciencias Basicas y Complementarias,teorico,No,bajo,No,No,1,medio,2021,61.0,20,0.3,True,True,False,False,False,False
094,V1,5,Ciencias Basicas y Complementarias,teorico,No,bajo,No,No,1,medio,2022,50.0,20,0.3,True,True,False,False,False,False
094,V1,5,Ciencias Basicas y Complementarias,teorico,No,bajo,No,No,1,medio,2022,42.0,20,0.3,True,True,False,True,False,False
094,V1,5,Ciencias Basicas y Complementarias,teorico,No,bajo,No,No,1,medio,2022,53.0,20,0.3,True,True,False,True,False,False
094,V1,5,Ciencias Basicas y Complementarias,teorico,No,bajo,No,No,1,medio,2022,51.0,20,0.3,True,True,False,False,False,False
094,V1,5,Ciencias Basicas y Complementarias,teorico,No,bajo,No,No,1,medio,2022,54.0,20,0.3,True,True,False,False,False,False
146,V1,3,Ciencias Basicas y Complementarias,teorico,Si,bajo,Si,No,1,medio,2023,42.0,30,0.5333333333333333,True,True,False,False,False,False
146,V1,3,Ciencias Basicas y Complementarias,teorico,Si,bajo,Si,No,1,medio,2023,52.0,30,0.5333333333333333,True,True,False,False,False,False
146,V1,3,Ciencias Basicas y Complementarias,teorico,Si,bajo,Si,No,1,medio,2023,46.0,30,0.5333333333333333,True,True,False,True,False,False
146,V1,3,Ciencias Basicas y Complementarias,teorico,Si,bajo,Si,No,1,medio,2023,31.0,30,0.5333333333333333,True,True,False,True,False,False
146,V1,3,Ciencias Basicas y Complementarias,teorico,Si,bajo,Si,No,1,medio,2023,67.0,30,0.5333333333333333,True,True,False,False,False,False
146,V1,3,Ciencias Basicas y Complementarias,teorico,Si,bajo,Si,No,1,medio,2023,35.0,30,0.5333333333333333,True,True,False,True,False,False
146,V1,3,Ciencias Basicas y Complementarias,teorico,Si,bajo,Si,No,1,medio,2023,64.0,30,0.5333333333333333,True,True,False,False,False,False
146,V1,3,Ciencias Basicas y Complementarias,teorico,Si,bajo,Si,No,1,medio,2023,48.0,30,0.5333333333333333,True,True,False,False,False,False
146,V1,3,Ciencias Basicas y Complementarias,teorico,Si,bajo,Si,No,1,medio,2023,58.0,30,0.5333333333333333,True,True,False,False,False,False
146,V1,3,Ciencias Basicas y Complementarias,teorico,Si,bajo,Si,No,1,medio,2023,35.0,30,0.5333333333333333,True,True,False,True,False,False
146,V1,3,Ciencias Basicas y Complementarias,teorico,Si,bajo,Si,No,1,medio,2023,49.0,30,0.5333333333333333,True,True,False,False,False,False
146,V1,3,Ciencias Basicas y Complementarias,teorico,Si,bajo,Si,No,1,medio,2023,32.0,30,0.5333333333333333,True,True,False,True,False,False
146,V1,3,Ciencias Basicas y Complementarias,teorico,Si,bajo,Si,No,1,medio,2023,55.0,30,0.5333333333333333,True,True,False,False,False,False
146,V1,3,Ciencias Basicas y Complementarias,teorico,Si,bajo,Si,No,1,medio,2023,37.0,30,0.5333333333333333,True,True,False,True,False,False
147,V1,4,Ciencias Basicas y Complementarias,teorico,Si,bajo,Si,Si,3,medio,2023,67.0,20,0.7,True,True,False,False,False,False
147,V1,4,Ciencias Basicas y Complementarias,teorico,Si,bajo,Si,Si,3,medio,2023,32.0,20,0.7,True,True,False,True,False,False
147,V1,4,Ciencias Basicas y Complementarias,teorico,Si,bajo,Si,Si,3,medio,2023,42.0,20,0.7,True,True,False,True,False,False
147,V1,4,Ciencias Basicas y Complementarias,teorico,Si,bajo,Si,Si,3,medio,2022,33.0,20,0.7,True,True,False,True,False,False
147,V1,4,Ciencias Basicas y Complementarias,teorico,Si,bajo,Si,Si,3,medio,2023,61.0,20,0.7,True,True,False,False,False,False
147,V1,4,Ciencias Basicas y Complementarias,teorico,Si,bajo,Si,Si,3,medio,2022,41.0,20,0.7,True,True,False,False,False,False
147,V1,4,Ciencias Basicas y Complementarias,teorico,Si,bajo,Si,Si,3,medio,2022,35.0,20,0.7,True,True,False,True,False,False
147,V1,4,Ciencias Basicas y Complementarias,teorico,Si,bajo,Si,Si,3,medio,2023,41.0,20,0.7,True,True,False,True,False,False
147,V1,4,Ciencias Basicas y Complementarias,teorico,Si,bajo,Si,Si,3,medio,2023,42.0,20,0.7,True,True,False,False,False,False
147,V1,4,Ciencias Basicas y Complementarias,teorico,Si,bajo,Si,Si,3,medio,2023,47.0,20,0.7,True,True,False,False,False,False
147,V1,4,Ciencias Basicas y Complementarias,teorico,Si,bajo,Si,Si,3,medio,2022,61.0,20,0.7,True,True,False,False,False,False
147,V1,4,Ciencias Basicas y Complementarias,teorico,Si,bajo,Si,Si,3,medio,2023,42.0,20,0.7,True,True,False,False,False,False
147,V1,4,Ciencias Basicas y Complementarias,teorico,Si,bajo,Si,Si,3,medio,2023,44.0,20,0.7,True,True,False,False,False,False
147,V1,4,Ciencias Basicas y Complementarias,teorico,Si,bajo,Si,Si,3,medio,2023,61.0,20,0.5,True,True,False,False,False,False
147,V1,4,Ciencias Basicas y Complementarias,teorico,Si,bajo,Si,Si,3,medio,2022,57.0,20,0.5,True,True,False,False,False,False
147,V1,4,Ciencias Basicas y Complementarias,teorico,Si,bajo,Si,Si,3,medio,2023,56.0,20,0.5,True,True,False,True,False,False
147,V1,4,Ciencias Basicas y Complementarias,teorico,Si,bajo,Si,Si,3,medio,2022,41.0,20,0.5,True,True,False,False,False,False
147,V1,4,Ciencias Basicas y Complementarias,teorico,Si,bajo,Si,Si,3,medio,2022,40.0,20,0.5,True,True,False,True,False,False
147,V1,4,Ciencias Basicas y Complementarias,teorico,Si,bajo,Si,Si,3,medio,2023,54.0,20,0.5,True,True,False,True,False,False
147,V1,4,Ciencias Basicas y Complementarias,teorico,Si,bajo,Si,Si,3,medio,2022,64.0,20,0.5,True,True,False,False,False,False
147,V1,4,Ciencias Basicas y Complementarias,teorico,Si,bajo,Si,Si,3,medio,2023,39.0,20,0.5,True,True,False,False,False,False
147,V1,4,Ciencias Basicas y Complementarias,teorico,Si,bajo,Si,Si,3,medio,2023,36.0,20,0.5,True,True,False,True,False,False
147,V1,4,Ciencias Basicas y Complementarias,teorico,Si,bajo,Si,Si,3,medio,2022,48.0,20,0.5,True,True,False,False,False,False
169,V1,1,Ciencias Basicas y Complementarias,teorico,No,bajo,Si,Si,2,medio,2024,33.0,30,0.7333333333333333,True,True,False,True,False,False
169,V1,1,Ciencias Basicas y Complementarias,teorico,No,bajo,Si,Si,2,medio,2024,65.0,30,0.7333333333333333,True,True,False,False,False,False
169,V1,1,Ciencias Basicas y Complementarias,teorico,No,bajo,Si,Si,2,medio,2024,54.0,30,0.7333333333333333,True,True,False,True,False,False
169,V1,1,Ciencias Basicas y Complementarias,teorico,No,bajo,Si,Si,2,medio,2024,38.0,30,0.7333333333333333,True,True,False,True,False,False
169,V1,1,Ciencias Basicas y Complementarias,teorico,No,bajo,Si,Si,2,medio,2024,42.0,30,0.7333333333333333,True,True,False,False,False,False
169,V1,1,Ciencias Basicas y Complementarias,teorico,No,bajo,Si,Si,2,medio,2024,46.0,30,0.7333333333333333,True,True,False,True,False,False
169,V1,1,Ciencias Basicas y Complementarias,teorico,No,bajo,Si,Si,2,medio,2024,58.0,30,0.7333333333333333,True,True,False,False,False,False
169,V1,1,Ciencias Basicas y Complementarias,teorico,No,bajo,Si,Si,2,medio,2024,42.0,30,0.7333333333333333,True,True,False,False,False,False
169,V1,1,Ciencias Basicas y Complementarias,teorico,No,bajo,Si,Si,2,medio,2024,50.0,30,0.7333333333333333,True,True,False,True,False,False
169,V1,1,Ciencias Basicas y Complementarias,teorico,No,bajo,Si,Si,2,medio,2024,40.0,30,0.7333333333333333,True,True,False,False,False,False
169,V1,1,Ciencias Basicas y Complementarias,teorico,No,bajo,Si,Si,2,medio,2024,43.0,30,0.7333333333333333,True,True,False,False,False,False
169,V1,1,Ciencias Basicas y Complementarias,teorico,No,bajo,Si,Si,2,medio,2024,65.0,30,0.7333333333333333,True,True,False,False,False,False
169,V1,1,Ciencias Basicas y Complementarias,teorico,No,bajo,Si,Si,2,medio,2024,64.0,30,0.7333333333333333,True,True,False,False,False,False
169,V1,1,Ciencias Basicas y Complementarias,teorico,No,bajo,Si,Si,2,medio,2024,43.0,30,0.7333333333333333,True,True,False,True,False,False
169,V1,1,Ciencias Basicas y Complementarias,teorico,No,bajo,Si,Si,2,medio,2024,68.0,30,0.7333333333333333,True,True,False,False,False,False
169,V1,1,Ciencias Basicas y Complementarias,teorico,No,bajo,Si,Si,2,medio,2024,49.0,30,0.7333333333333333,True,True,False,False,False,False
169,V1,1,Ciencias Basicas y Complementarias,teorico,No,bajo,Si,Si,2,medio,2024,55.0,30,0.7333333333333333,True,True,False,False,False,False
169,V1,1,Ciencias Basicas y Complementarias,teorico,No,bajo,Si,Si,2,medio,2024,52.0,30,0.7333333333333333,True,True,False,True,False,False
169,V1,1,Ciencias Basicas y Complementarias,teorico,No,bajo,Si,Si,2,medio,2024,46.0,30,0.7333333333333333,True,True,False,False,False,False
169,V1,1,Ciencias Basicas y Complementarias,teorico,No,bajo,Si,Si,2,medio,2024,43.0,30,0.7333333333333333,True,True,False,False,False,False
169,V1,1,Ciencias Basicas y Complementarias,teorico,No,bajo,Si,Si,2,medio,2024,37.0,30,0.7333333333333333,True,True,False,False,False,False
169,V1,1,Ciencias Basicas y Complementarias,teorico,No,bajo,Si,Si,2,medio,2024,36.0,30,0.7333333333333333,True,True,False,True,False,False
169,V1,1,Ciencias Basicas y Complementarias,teorico,No,bajo,Si,Si,2,medio,2024,53.0,30,0.6,True,True,False,True,False,False
169,V1,1,Ciencias Basicas y Complementarias,teorico,No,bajo,Si,Si,2,medio,2024,59.0,30,0.6,True,True,False,False,False,False
169,V1,1,Ciencias Basicas y Complementarias,teorico,No,bajo,Si,Si,2,medio,2024,50.0,30,0.6,True,True,False,True,False,False
169,V1,1,Ciencias Basicas y Complementarias,teorico,No,bajo,Si,Si,2,medio,2024,39.0,30,0.6,True,True,False,False,False,False
169,V1,1,Ciencias Basicas y Complementarias,teorico,No,bajo,Si,Si,2,medio,2024,31.0,30,0.6,True,True,False,True,False,False
169,V1,1,Ciencias Basicas y Complementarias,teorico,No,bajo,Si,Si,2,medio,2024,36.0,30,0.6,True,True,False,False,False,False
169,V1,1,Ciencias Basicas y Complementarias,teorico,No,bajo,Si,Si,2,medio,2024,54.0,30,0.6,True,True,False,True,False,False
169,V1,1,Ciencias Basicas y Complementarias,teorico,No,bajo,Si,Si,2,medio,2024,36.0,30,0.6,True,True,False,False,False,False
169,V1,1,Ciencias Basicas y Complementarias,teorico,No,bajo,Si,Si,2,medio,2024,68.0,30,0.6,True,True,False,False,False,False
169,V1,1,Ciencias Basicas y Complementarias,teorico,No,bajo,Si,Si,2,medio,2024,63.0,30,0.6,True,True,False,False,False,False
169,V1,1,Ciencias Basicas y Complementarias,teorico,No,bajo,Si,Si,2,medio,2024,51.0,30,0.6,True,True,False,True,False,False
169,V1,1,Ciencias Basicas y Complementarias,teorico,No,bajo,Si,Si,2,medio,2024,49.0,30,0.6,True,True,False,True,False,False
169,V1,1,Ciencias Basicas y Complementarias,teorico,No,bajo,Si,Si,2,medio,2024,53.0,30,0.6,True,True,False,False,False,False
169,V1,1,Ciencias Basicas y Complementarias,teorico,No,bajo,Si,Si,2,medio,2024,58.0,30,0.6,True,True,False,False,False,False
169,V1,1,Ciencias Basicas y Complementarias,teorico,No,bajo,Si,Si,2,medio,2024,60.0,30,0.6,True,True,False,False,False,False
169,V1,1,Ciencias Basicas y Complementarias,teorico,No,bajo,Si,Si,2,medio,2024,65.0,30,0.6,True,True,False,False,False,False
169,V1,1,Ciencias Basicas y Complementarias,teorico,No,bajo,Si,Si,2,medio,2024,36.0,30,0.6,True,True,False,False,False,False
169,V1,1,Ciencias Basicas y Complementarias,teorico,No,bajo,Si,Si,2,medio,2024,42.0,30,0.8,True,True,False,False,False,False
169,V1,1,Ciencias Basicas y Complementarias,teorico,No,bajo,Si,Si,2,medio,2024,52.0,30,0.8,True,True,False,False,False,False
169,V1,1,Ciencias Basicas y Complementarias,teorico,No,bajo,Si,Si,2,medio,2024,49.0,30,0.8,True,True,False,False,False,False
169,V1,1,Ciencias Basicas y Complementarias,teorico,No,bajo,Si,Si,2,medio,2024,51.0,30,0.8,True,True,False,True,False,False
169,V1,1,Ciencias Basicas y Complementarias,teorico,No,bajo,Si,Si,2,medio,2024,40.0,30,0.8,True,True,False,False,False,False
169,V1,1,Ciencias Basicas y Complementarias,teorico,No,bajo,Si,Si,2,medio,2024,38.0,30,0.8,True,True,False,True,False,False
169,V1,1,Ciencias Basicas y Complementarias,teorico,No,bajo,Si,Si,2,medio,2024,46.0,30,0.8,True,True,False,True,False,False
169,V1,1,Ciencias Basicas y Complementarias,teorico,No,bajo,Si,Si,2,medio,2024,37.0,30,0.8,True,True,False,False,False,False
169,V1,1,Ciencias Basicas y Complementarias,teorico,No,bajo,Si,Si,2,medio,2024,37.0,30,0.8,True,True,False,False,False,False
169,V1,1,Ciencias Basicas y Complementarias,teorico,No,bajo,Si,Si,2,medio,2024,38.0,30,0.8,True,True,False,False,False,False
169,V1,1,Ciencias Basicas y Complementarias,teorico,No,bajo,Si,Si,2,medio,2024,65.0,30,0.8,True,True,False,False,False,False
169,V1,1,Ciencias Basicas y Complementarias,teorico,No,bajo,Si,Si,2,medio,2024,54.0,30,0.8,True,True,False,True,False,False
169,V1,1,Ciencias Basicas y Complementarias,teorico,No,bajo,Si,Si,2,medio,2024,46.0,30,0.8,True,True,False,True,False,False
169,V1,1,Ciencias Basicas y Complementarias,teorico,No,bajo,Si,Si,2,medio,2024,59.0,30,0.8,True,True,False,False,False,False
169,V1,1,Ciencias Basicas y Complementarias,teorico,No,bajo,Si,Si,2,medio,2024,46.0,30,0.8,True,True,False,True,False,False
169,V1,1,Ciencias Basicas y Complementarias,teorico,No,bajo,Si,Si,2,medio,2024,44.0,30,0.8,True,True,False,False,False,False
169,V1,1,Ciencias Basicas y Complementarias,teorico,No,bajo,Si,Si,2,medio,2024,48.0,30,0.8,True,True,False,True,False,False
169,V1,1,Ciencias Basicas y Complementarias,teorico,No,bajo,Si,Si,2,medio,2024,41.0,30,0.8,True,True,False,False,False,False
169,V1,1,Ciencias Basicas y Complementarias,teorico,No,bajo,Si,Si,2,medio,2024,46.0,30,0.8,True,True,False,True,False,False
169,V1,1,Ciencias Basicas y Complementarias,teorico,No,bajo,Si,Si,2,medio,2024,36.0,30,0.8,True,True,False,False,False,False
169,V1,1,Ciencias Basicas y Complementarias,teorico,No,bajo,Si,Si,2,medio,2024,53.0,30,0.8,True,True,False,False,False,False
169,V1,1,Ciencias Basicas y Complementarias,teorico,No,bajo,Si,Si,2,medio,2024,55.0,30,0.8,True,True,False,True,False,False
169,V1,1,Ciencias Basicas y Complementarias,teorico,No,bajo,Si,Si,2,medio,2024,68.0,30,0.8,True,True,False,False,False,False
169,V1,1,Ciencias Basicas y Complementarias,teorico,No,bajo,Si,Si,2,medio,2024,54.0,30,0.8,True,True,False,False,False,False
170,V1,2,Ciencias Basicas y Complementarias,teorico,No,bajo,Si,Si,6,alto,2024,56.0,30,0.6,True,True,False,False,False,False
170,V1,2,Ciencias Basicas y Complementarias,teorico,No,bajo,Si,Si,6,alto,2024,44.0,30,0.6,True,True,False,True,False,False
170,V1,2,Ciencias Basicas y Complementarias,teorico,No,bajo,Si,Si,6,alto,2024,59.0,30,0.6,True,True,False,False,False,False
170,V1,2,Ciencias Basicas y Complementarias,teorico,No,bajo,Si,Si,6,alto,2024,68.0,30,0.6,True,True,False,False,False,False
170,V1,2,Ciencias Basicas y Complementarias,teorico,No,bajo,Si,Si,6,alto,2024,36.0,30,0.6,True,True,False,False,False,False
170,V1,2,Ciencias Basicas y Complementarias,teorico,No,bajo,Si,Si,6,alto,2024,45.0,30,0.6,True,True,False,False,False,False
170,V1,2,Ciencias Basicas y Complementarias,teorico,No,bajo,Si,Si,6,alto,2024,41.0,30,0.6,True,True,False,True,False,False
170,V1,2,Ciencias Basicas y Complementarias,teorico,No,bajo,Si,Si,6,alto,2024,57.0,30,0.6,True,True,False,False,False,False
170,V1,2,Ciencias Basicas y Complementarias,teorico,No,bajo,Si,Si,6,alto,2024,46.0,30,0.6,True,True,False,True,False,False
170,V1,2,Ciencias Basicas y Complementarias,teorico,No,bajo,Si,Si,6,alto,2024,39.0,30,0.6,True,True,False,True,False,False
170,V1,2,Ciencias Basicas y Complementarias,teorico,No,bajo,Si,Si,6,alto,2024,56.0,30,0.6,True,True,False,True,False,False
170,V1,2,Ciencias Basicas y Complementarias,teorico,No,bajo,Si,Si,6,alto,2024,57.0,30,0.6,True,True,False,False,False,False
170,V1,2,Ciencias Basicas y Complementarias,teorico,No,bajo,Si,Si,6,alto,2024,31.0,30,0.6,True,True,False,True,False,False
170,V1,2,Ciencias Basicas y Complementarias,teorico,No,bajo,Si,Si,6,alto,2024,64.0,30,0.6,True,True,False,False,False,False
170,V1,2,Ciencias Basicas y Complementarias,teorico,No,bajo,Si,Si,6,alto,2024,46.0,30,0.6,True,True,False,True,False,False
170,V1,2,Ciencias Basicas y Complementarias,teorico,No,bajo,Si,Si,6,alto,2024,60.0,30,0.6,True,True,False,False,False,False
170,V1,2,Ciencias Basicas y Complementarias,teorico,No,bajo,Si,Si,6,alto,2024,42.0,30,0.6,True,True,False,False,False,False
170,V1,2,Ciencias Basicas y Complementarias,teorico,No,bajo,Si,Si,6,alto,2024,58.0,30,0.6,True,True,False,False,False,False
2835,V1,10,Metodologia de Sistemas,teorico,No,bajo,Si,No,0,bajo,2016,60.0,20,0.45,False,False,False,False,False,False
2835,V1,10,Metodologia de Sistemas,teorico,No,bajo,Si,No,0,bajo,2016,42.0,20,0.45,False,False,False,True,False,True
2835,V1,10,Metodologia de Sistemas,teorico,No,bajo,Si,No,0,bajo,2016,36.0,20,0.45,False,False,False,False,False,False
2835,V1,10,Metodologia de Sistemas,teorico,No,bajo,Si,No,0,bajo,2017,50.0,20,0.45,False,False,False,True,False,True
2835,V1,10,Metodologia de Sistemas,teorico,No,bajo,Si,No,0,bajo,2017,43.0,20,0.45,False,False,False,False,False,False
2835,V1,10,Metodologia de Sistemas,teorico,No,bajo,Si,No,0,bajo,2018,37.0,20,0.45,False,False,False,True,False,True
2837,V1,10,Ciencias Basicas y Complementarias,practico,No,alto,Si,No,0,bajo,2018,68.0,20,0.4,True,True,False,False,False,False
2837,V1,10,Ciencias Basicas y Complementarias,practico,No,alto,Si,No,0,bajo,2017,57.0,20,0.4,True,True,False,False,False,False
2837,V1,10,Ciencias Basicas y Complementarias,practico,No,alto,Si,No,0,bajo,2018,50.0,20,0.4,True,True,False,False,False,False
2837,V1,10,Ciencias Basicas y Complementarias,practico,No,alto,Si,No,0,bajo,2016,37.0,20,0.4,True,True,False,True,False,False
2837,V1,10,Ciencias Basicas y Complementarias,practico,No,alto,Si,No,0,bajo,2017,53.0,20,0.4,True,True,False,True,False,False
2837,V1,10,Ciencias Basicas y Complementarias,practico,No,alto,Si,No,0,bajo,2017,45.0,20,0.4,True,True,False,False,False,False
2837,V1,10,Ciencias Basicas y Complementarias,practico,No,alto,Si,No,0,bajo,2018,43.0,20,0.4,True,True,False,False,False,False
2837,V1,10,Ciencias Basicas y Complementarias,practico,No,alto,Si,No,0,bajo,2017,52.0,20,0.4,True,True,False,True,False,False
290,V1,3,Ciencias Basicas y Complementarias,teorico,No,bajo,Si,Si,5,alto,2023,55.0,30,0.6666666666666666,True,True,False,False,False,False
290,V1,3,Ciencias Basicas y Complementarias,teorico,No,bajo,Si,Si,5,alto,2023,48.0,30,0.6666666666666666,True,True,False,False,False,False
290,V1,3,Ciencias Basicas y Complementarias,teorico,No,bajo,Si,Si,5,alto,2023,45.0,30,0.6666666666666666,True,True,False,True,False,False
290,V1,3,Ciencias Basicas y Complementarias,teorico,No,bajo,Si,Si,5,alto,2023,60.0,30,0.6666666666666666,True,True,False,False,False,False
290,V1,3,Ciencias Basicas y Complementarias,teorico,No,bajo,Si,Si,5,alto,2023,41.0,30,0.6666666666666666,True,True,False,False,False,False
290,V1,3,Ciencias Basicas y Complementarias,teorico,No,bajo,Si,Si,5,alto,2023,49.0,30,0.6666666666666666,True,True,False,True,False,False
290,V1,3,Ciencias Basicas y Complementarias,teorico,No,bajo,Si,Si,5,alto,2023,59.0,30,0.6666666666666666,True,True,False,False,False,False
290,V1,3,Ciencias Basicas y Complementarias,teorico,No,bajo,Si,Si,5,alto,2023,46.0,30,0.6666666666666666,True,True,False,True,False,False
290,V1,3,Ciencias Basicas y Complementarias,teorico,No,bajo,Si,Si,5,alto,2023,53.0,30,0.6666666666666666,True,True,False,True,False,False
290,V1,3,Ciencias Basicas y Complementarias,teorico,No,bajo,Si,Si,5,alto,2023,62.0,30,0.6666666666666666,True,True,False,False,False,False
290,V1,3,Ciencias Basicas y Complementarias,teorico,No,bajo,Si,Si,5,alto,2023,47.0,30,0.6666666666666666,True,True,False,False,False,False
290,V1,3,Ciencias Basicas y Complementarias,teorico,No,bajo,Si,Si,5,alto,2023,41.0,30,0.6666666666666666,True,True,False,True,False,False
290,V1,3,Ciencias Basicas y Complementarias,teorico,No,bajo,Si,Si,5,alto,2023,66.0,30,0.6666666666666666,True,True,False,False,False,False
290,V1,3,Ciencias Basicas y Complementarias,teorico,No,bajo,Si,Si,5,alto,2023,46.0,30,0.6666666666666666,True,True,False,False,False,False
290,V1,3,Ciencias Basicas y Complementarias,teorico,No,bajo,Si,Si,5,alto,2023,36.0,30,0.6666666666666666,True,True,False,True,False,False
290,V1,3,Ciencias Basicas y Complementarias,teorico,No,bajo,Si,Si,5,alto,2023,47.0,30,0.6666666666666666,True,True,False,False,False,False
290,V1,3,Ciencias Basicas y Complementarias,teorico,No,bajo,Si,Si,5,alto,2023,55.0,30,0.6666666666666666,True,True,False,False,False,False
290,V1,3,Ciencias Basicas y Complementarias,teorico,No,bajo,Si,Si,5,alto,2023,54.0,30,0.6666666666666666,True,True,False,True,False,False
290,V1,3,Ciencias Basicas y Complementarias,teorico,No,bajo,Si,Si,5,alto,2023,48.0,30,0.6666666666666666,True,True,False,True,False,False
290,V1,3,Ciencias Basicas y Complementarias,teorico,No,bajo,Si,Si,5,alto,2022,50.0,30,0.5333333333333333,True,True,False,False,False,False
290,V1,3,Ciencias Basicas y Complementarias,teorico,No,bajo,Si,Si,5,alto,2023,36.0,30,0.5333333333333333,True,True,False,False,False,False
290,V1,3,Ciencias Basicas y Complementarias,teorico,No,bajo,Si,Si,5,alto,2023,49.0,30,0.5333333333333333,True,True,False,False,False,False
290,V1,3,Ciencias Basicas y Complementarias,teorico,No,bajo,Si,Si,5,alto,2023,47.0,30,0.5333333333333333,True,True,False,True,False,False
290,V1,3,Ciencias Basicas y Complementarias,teorico,No,bajo,Si,Si,5,alto,2023,55.0,30,0.5333333333333333,True,True,False,False,False,False
290,V1,3,Ciencias Basicas y Complementarias,teorico,No,bajo,Si,Si,5,alto,2023,43.0,30,0.5333333333333333,True,True,False,True,False,False
290,V1,3,Ciencias Basicas y Complementarias,teorico,No,bajo,Si,Si,5,alto,2023,62.0,30,0.5333333333333333,True,True,False,False,False,False
290,V1,3,Ciencias Basicas y Complementarias,teorico,No,bajo,Si,Si,5,alto,2022,52.0,30,0.5333333333333333,True,True,False,False,False,False
290,V1,3,Ciencias Basicas y Complementarias,teorico,No,bajo,Si,Si,5,alto,2023,46.0,30,0.5333333333333333,True,True,False,True,False,False
290,V1,3,Ciencias Basicas y Complementarias,teorico,No,bajo,Si,Si,5,alto,2022,37.0,30,0.5333333333333333,True,True,False,True,False,False
290,V1,3,Ciencias Basicas y Complementarias,teorico,No,bajo,Si,Si,5,alto,2023,61.0,30,0.5333333333333333,True,True,False,False,False,False
290,V1,3,Ciencias Basicas y Complementarias,teorico,No,bajo,Si,Si,5,alto,2023,47.0,30,0.5333333333333333,True,True,False,True,False,False
290,V1,3,Ciencias Basicas y Complementarias,teorico,No,bajo,Si,Si,5,alto,2023,35.0,30,0.5333333333333333,True,True,False,True,False,False
290,V1,3,Ciencias Basicas y Complementarias,teorico,No,bajo,Si,Si,5,alto,2023,51.0,30,0.5333333333333333,True,True,False,False,False,False
290,V1,3,Ciencias Basicas y Complementarias,teorico,No,bajo,Si,Si,5,alto,2023,41.0,30,0.5333333333333333,True,True,False,False,False,False
290,V1,3,Ciencias Basicas y Complementarias,teorico,No,bajo,Si,Si,5,alto,2023,45.0,30,0.5333333333333333,True,True,False,False,False,False
291,V1,4,Ciencias Basicas y Complementarias,teorico,No,bajo,Si,Si,2,medio,2023,65.0,20,0.6,True,True,False,False,False,False
291,V1,4,Ciencias Basicas y Complementarias,teorico,No,bajo,Si,Si,2,medio,2023,42.0,20,0.6,True,True,False,True,False,False
291,V1,4,Ciencias Basicas y Complementarias,teorico,No,bajo,Si,Si,2,medio,2022,42.0,20,0.6,True,True,False,False,False,False
291,V1,4,Ciencias Basicas y Complementarias,teorico,No,bajo,Si,Si,2,medio,2022,64.0,20,0.6,True,True,False,False,False,False
291,V1,4,Ciencias Basicas y Complementarias,teorico,No,bajo,Si,Si,2,medio,2023,49.0,20,0.6,True,True,False,True,False,False
291,V1,4,Ciencias Basicas y Complementarias,teorico,No,bajo,Si,Si,2,medio,2022,66.0,20,0.6,True,True,False,False,False,False
291,V1,4,Ciencias Basicas y Complementarias,teorico,No,bajo,Si,Si,2,medio,2023,45.0,20,0.6,True,True,False,False,False,False
291,V1,4,Ciencias Basicas y Complementarias,teorico,No,bajo,Si,Si,2,medio,2023,53.0,20,0.6,True,True,False,False,False,False
291,V1,4,Ciencias Basicas y Complementarias,teorico,No,bajo,Si,Si,2,medio,2023,51.0,20,0.6,True,True,False,True,False,False
291,V1,4,Ciencias Basicas y Complementarias,teorico,No,bajo,Si,Si,2,medio,2023,36.0,20,0.6,True,True,False,False,False,False
291,V1,4,Ciencias Basicas y Complementarias,teorico,No,bajo,Si,Si,2,medio,2023,58.0,20,0.6,True,True,False,False,False,False
291,V1,4,Ciencias Basicas y Complementarias,teorico,No,bajo,Si,Si,2,medio,2022,43.0,20,0.6,True,True,False,True,False,False
292,V1,4,Ciencias Basicas y Complementarias,teorico,No,bajo,Si,Si,3,medio,2023,50.0,20,0.5,True,True,False,True,False,False
292,V1,4,Ciencias Basicas y Complementarias,teorico,No,bajo,Si,Si,3,medio,2023,44.0,20,0.5,True,True,False,False,False,False
292,V1,4,Ciencias Basicas y Complementarias,teorico,No,bajo,Si,Si,3,medio,2022,56.0,20,0.5,True,True,False,False,False,False
292,V1,4,Ciencias Basicas y Complementarias,teorico,No,bajo,Si,Si,3,medio,2023,37.0,20,0.5,True,True,False,True,False,False
292,V1,4,Ciencias Basicas y Complementarias,teorico,No,bajo,Si,Si,3,medio,2023,49.0,20,0.5,True,True,False,False,False,False
292,V1,4,Ciencias Basicas y Complementarias,teorico,No,bajo,Si,Si,3,medio,2023,54.0,20,0.5,True,True,False,False,False,False
292,V1,4,Ciencias Basicas y Complementarias,teorico,No,bajo,Si,Si,3,medio,2023,41.0,20,0.5,True,True,False,False,False,False
292,V1,4,Ciencias Basicas y Complementarias,teorico,No,bajo,Si,Si,3,medio,2023,38.0,20,0.5,True,True,False,True,False,False
292,V1,4,Ciencias Basicas y Complementarias,teorico,No,bajo,Si,Si,3,medio,2023,36.0,20,0.5,True,True,False,True,False,False
292,V1,4,Ciencias Basicas y Complementarias,teorico,No,bajo,Si,Si,3,medio,2023,58.0,20,0.5,True,True,False,False,False,False
673,V1,5,Ciencias Basicas y Complementarias,teorico,No,bajo,Si,Si,3,medio,2021,49.0,20,0.4,True,True,False,False,False,False
673,V1,5,Ciencias Basicas y Complementarias,teorico,No,bajo,Si,Si,3,medio,2022,32.0,20,0.4,True,True,False,True,False,False
673,V1,5,Ciencias Basicas y Complementarias,teorico,No,bajo,Si,Si,3,medio,2022,65.0,20,0.4,True,True,False,False,False,False
673,V1,5,Ciencias Basicas y Complementarias,teorico,No,bajo,Si,Si,3,medio,2022,52.0,20,0.4,True,True,False,False,False,False
673,V1,5,Ciencias Basicas y Complementarias,teorico,No,bajo,Si,Si,3,medio,2022,41.0,20,0.4,True,True,False,True,False,False
673,V1,5,Ciencias Basicas y Complementarias,teorico,No,bajo,Si,Si,3,medio,2022,58.0,20,0.4,True,True,False,False,False,False
673,V1,5,Ciencias Basicas y Complementarias,teorico,No,bajo,Si,Si,3,medio,2021,53.0,20,0.4,True,True,False,True,False,False
673,V1,5,Ciencias Basicas y Complementarias,teorico,No,bajo,Si,Si,3,medio,2021,50.0,20,0.4,True,True,False,False,False,False
674,V1,5,Ciencias Basicas y Complementarias,teorico,No,bajo,Si,No,1,medio,2022,41.0,20,0.4,True,True,False,True,False,False
674,V1,5,Ciencias Basicas y Complementarias,teorico,No,bajo,Si,No,1,medio,2021,54.0,20,0.4,True,True,False,True,False,False
674,V1,5,Ciencias Basicas y Complementarias,teorico,No,bajo,Si,No,1,medio,2022,39.0,20,0.4,True,True,False,False,False,False
674,V1,5,Ciencias Basicas y Complementarias,teorico,No,bajo,Si,No,1,medio,2021,50.0,20,0.4,True,True,False,True,False,False
674,V1,5,Ciencias Basicas y Complementarias,teorico,No,bajo,Si,No,1,medio,2022,66.0,20,0.4,True,True,False,False,False,False
674,V1,5,Ciencias Basicas y Complementarias,teorico,No,bajo,Si,No,1,medio,2022,38.0,20,0.4,True,True,False,False,False,False
674,V1,5,Ciencias Basicas y Complementarias,teorico,No,bajo,Si,No,1,medio,2021,45.0,20,0.4,True,True,False,False,False,False
674,V1,5,Ciencias Basicas y Complementarias,teorico,No,bajo,Si,No,1,medio,2022,42.0,20,0.4,True,True,False,False,False,False
685,V1,6,Metodologia de Sistemas,teorico,No,bajo,Si,Si,3,medio,2021,62.0,20,0.4,True,True,False,False,False,False
685,V1,6,Metodologia de Sistemas,teorico,No,bajo,Si,Si,3,medio,2021,51.0,20,0.4,True,True,False,False,False,False
685,V1,6,Metodologia de Sistemas,teorico,No,bajo,Si,Si,3,medio,2021,54.0,20,0.4,True,True,False,True,False,False
685,V1,6,Metodologia de Sistemas,teorico,No,bajo,Si,Si,3,medio,2021,66.0,20,0.4,True,True,False,False,False,False
685,V1,6,Metodologia de Sistemas,teorico,No,bajo,Si,Si,3,medio,2020,45.0,20,0.4,True,True,False,True,False,False
685,V1,6,Metodologia de Sistemas,teorico,No,bajo,Si,Si,3,medio,2021,59.0,20,0.4,True,True,False,False,False,False
685,V1,6,Metodologia de Sistemas,teorico,No,bajo,Si,Si,3,medio,2021,67.0,20,0.4,True,True,False,False,False,False
685,V1,6,Metodologia de Sistemas,teorico,No,bajo,Si,Si,3,medio,2021,41.0,20,0.4,True,True,False,True,False,False
690,V1,8,Ciencias Basicas y Complementarias,teorico,No,bajo,No,Si,2,medio,2019,42.0,20,0.5,True,True,False,False,False,False
690,V1,8,Ciencias Basicas y Complementarias,teorico,No,bajo,No,Si,2,medio,2019,37.0,20,0.5,True,True,False,True,False,False
690,V1,8,Ciencias Basicas y Complementarias,teorico,No,bajo,No,Si,2,medio,2018,45.0,20,0.5,True,True,False,False,False,False
690,V1,8,Ciencias Basicas y Complementarias,teorico,No,bajo,No,Si,2,medio,2020,54.0,20,0.5,True,True,False,False,False,False
690,V1,8,Ciencias Basicas y Complementarias,teorico,No,bajo,No,Si,2,medio,2018,40.0,20,0.5,True,True,False,True,False,False
690,V1,8,Ciencias Basicas y Complementarias,teorico,No,bajo,No,Si,2,medio,2019,48.0,20,0.5,True,True,False,False,False,False
690,V1,8,Ciencias Basicas y Complementarias,teorico,No,bajo,No,Si,2,medio,2019,34.0,20,0.5,True,True,False,True,False,False
690,V1,8,Ciencias Basicas y Complementarias,teorico,No,bajo,No,Si,2,medio,2019,66.0,20,0.5,True,True,False,False,False,False
690,V1,8,Ciencias Basicas y Complementarias,teorico,No,bajo,No,Si,2,medio,2020,59.0,20,0.5,True,True,False,False,False,False
909,V1,10,Ciencias Basicas y Complementarias,practico,No,alto,No,No,0,bajo,2017,50.0,20,0.3,False,False,False,True,False,True
909,V1,10,Ciencias Basicas y Complementarias,practico,No,alto,No,No,0,bajo,2017,54.0,20,0.3,False,False,False,False,False,False
909,V1,10,Ciencias Basicas y Complementarias,practico,No,alto,No,No,0,bajo,2017,60.0,20,0.3,False,False,False,False,False,False
909,V1,10,Ciencias Basicas y Complementarias,practico,No,alto,No,No,0,bajo,2018,66.0,20,0.3,False,False,False,False,False,False
909,V1,10,Ciencias Basicas y Complementarias,practico,No,alto,No,No,0,bajo,2018,49.0,20,0.3,False,False,False,True,False,True
912,V1,10,Ciencias Basicas y Complementarias,teorico,No,bajo,No,No,0,bajo,2016,49.0,20,0.2,True,True,False,False,False,False
912,V1,10,Ciencias Basicas y Complementarias,teorico,No,bajo,No,No,0,bajo,2016,41.0,20,0.2,True,True,False,False,False,False
912,V1,10,Ciencias Basicas y Complementarias,teorico,No,bajo,No,No,0,bajo,2017,55.0,20,0.2,True,True,False,False,False,False
912,V1,10,Ciencias Basicas y Complementarias,teorico,No,bajo,No,No,0,bajo,2016,42.0,20,0.2,True,True,False,True,False,False
949,V1,4,Metodologia de Sistemas,teorico,No,bajo,Si,Si,6,alto,2023,57.0,20,0.6,True,True,False,True,False,False
949,V1,4,Metodologia de Sistemas,teorico,No,bajo,Si,Si,6,alto,2023,33.0,20,0.6,True,True,False,True,False,False
949,V1,4,Metodologia de Sistemas,teorico,No,bajo,Si,Si,6,alto,2022,50.0,20,0.6,True,True,False,True,False,False
949,V1,4,Metodologia de Sistemas,teorico,No,bajo,Si,Si,6,alto,2023,60.0,20,0.6,True,True,False,False,False,False
949,V1,4,Metodologia de Sistemas,teorico,No,bajo,Si,Si,6,alto,2023,48.0,20,0.6,True,True,False,False,False,False
949,V1,4,Metodologia de Sistemas,teorico,No,bajo,Si,Si,6,alto,2022,48.0,20,0.6,True,True,False,True,False,False
949,V1,4,Metodologia de Sistemas,teorico,No,bajo,Si,Si,6,alto,2023,46.0,20,0.6,True,True,False,False,False,False
949,V1,4,Metodologia de Sistemas,teorico,No,bajo,Si,Si,6,alto,2022,50.0,20,0.6,True,True,False,True,False,False
949,V1,4,Metodologia de Sistemas,teorico,No,bajo,Si,Si,6,alto,2022,59.0,20,0.6,True,True,False,False,False,False
949,V1,4,Metodologia de Sistemas,teorico,No,bajo,Si,Si,6,alto,2023,68.0,20,0.6,True,True,False,False,False,False
949,V1,4,Metodologia de Sistemas,teorico,No,bajo,Si,Si,6,alto,2023,51.0,20,0.6,True,True,False,False,False,False
949,V1,4,Metodologia de Sistemas,teorico,No,bajo,Si,Si,6,alto,2022,42.0,20,0.6,True,True,False,False,False,False
094,V2,5,Ciencias Basicas y Complementarias,teorico,No,bajo,No,No,1,medio,2021,50.0,20,0.3,False,False,False,True,True,True
094,V2,5,Ciencias Basicas y Complementarias,teorico,No,bajo,No,No,1,medio,2022,64.0,20,0.3,False,False,False,False,False,False
094,V2,5,Ciencias Basicas y Complementarias,teorico,No,bajo,No,No,1,medio,2021,42.0,20,0.3,False,False,False,False,False,False
094,V2,5,Ciencias Basicas y Complementarias,teorico,No,bajo,No,No,1,medio,2022,36.0,20,0.3,False,False,False,False,False,False
094,V2,5,Ciencias Basicas y Complementarias,teorico,No,bajo,No,No,1,medio,2021,44.0,20,0.3,False,False,False,False,False,False
094,V2,5,Ciencias Basicas y Complementarias,teorico,No,bajo,No,No,1,medio,2022,38.0,20,0.3,False,False,False,True,True,True
146,V2,3,Ciencias Basicas y Complementarias,teorico,Si,bajo,Si,No,1,medio,2023,46.0,30,0.5333333333333333,False,False,False,True,True,True
146,V2,3,Ciencias Basicas y Complementarias,teorico,Si,bajo,Si,No,1,medio,2023,59.0,30,0.5333333333333333,False,False,False,False,False,False
146,V2,3,Ciencias Basicas y Complementarias,teorico,Si,bajo,Si,No,1,medio,2023,59.0,30,0.5333333333333333,False,False,False,False,False,False
146,V2,3,Ciencias Basicas y Complementarias,teorico,Si,bajo,Si,No,1,medio,2023,58.0,30,0.5333333333333333,False,False,False,False,False,False
146,V2,3,Ciencias Basicas y Complementarias,teorico,Si,bajo,Si,No,1,medio,2023,52.0,30,0.5333333333333333,False,False,False,True,True,True
146,V2,3,Ciencias Basicas y Complementarias,teorico,Si,bajo,Si,No,1,medio,2023,32.0,30,0.5333333333333333,False,False,False,True,True,True
146,V2,3,Ciencias Basicas y Complementarias,teorico,Si,bajo,Si,No,1,medio,2023,43.0,30,0.5333333333333333,False,False,False,False,False,False
146,V2,3,Ciencias Basicas y Complementarias,teorico,Si,bajo,Si,No,1,medio,2023,64.0,30,0.5333333333333333,False,False,False,False,False,False
146,V2,3,Ciencias Basicas y Complementarias,teorico,Si,bajo,Si,No,1,medio,2023,40.0,30,0.5333333333333333,False,False,False,False,False,False
146,V2,3,Ciencias Basicas y Complementarias,teorico,Si,bajo,Si,No,1,medio,2023,35.0,30,0.5333333333333333,False,False,False,True,True,True
146,V2,3,Ciencias Basicas y Complementarias,teorico,Si,bajo,Si,No,1,medio,2023,66.0,30,0.5333333333333333,False,False,False,False,False,False
146,V2,3,Ciencias Basicas y Complementarias,teorico,Si,bajo,Si,No,1,medio,2023,47.0,30,0.5333333333333333,False,False,False,True,True,True
146,V2,3,Ciencias Basicas y Complementarias,teorico,Si,bajo,Si,No,1,medio,2023,63.0,30,0.5333333333333333,False,False,False,False,False,False
146,V2,3,Ciencias Basicas y Complementarias,teorico,Si,bajo,Si,No,1,medio,2023,44.0,30,0.5333333333333333,False,False,False,False,False,False
146,V2,3,Ciencias Basicas y Complementarias,teorico,Si,bajo,Si,No,1,medio,2023,48.0,30,0.5333333333333333,False,False,False,True,True,True
146,V2,3,Ciencias Basicas y Complementarias,teorico,Si,bajo,Si,No,1,medio,2023,37.0,30,0.5333333333333333,False,False,False,True,True,True
147,V2,4,Ciencias Basicas y Complementarias,teorico,Si,bajo,Si,Si,3,medio,2022,59.0,20,0.7,False,False,False,False,False,False
147,V2,4,Ciencias Basicas y Complementarias,teorico,Si,bajo,Si,Si,3,medio,2023,44.0,20,0.7,False,False,False,True,True,True
147,V2,4,Ciencias Basicas y Complementarias,teorico,Si,bajo,Si,Si,3,medio,2023,59.0,20,0.7,False,False,False,False,False,False
147,V2,4,Ciencias Basicas y Complementarias,teorico,Si,bajo,Si,Si,3,medio,2022,55.0,20,0.7,False,False,False,False,False,False
147,V2,4,Ciencias Basicas y Complementarias,teorico,Si,bajo,Si,Si,3,medio,2023,66.0,20,0.7,False,False,False,False,False,False
147,V2,4,Ciencias Basicas y Complementarias,teorico,Si,bajo,Si,Si,3,medio,2023,68.0,20,0.7,False,False,False,False,False,False
147,V2,4,Ciencias Basicas y Complementarias,teorico,Si,bajo,Si,Si,3,medio,2023,55.0,20,0.7,False,False,False,False,False,False
147,V2,4,Ciencias Basicas y Complementarias,teorico,Si,bajo,Si,Si,3,medio,2022,42.0,20,0.7,False,False,False,False,False,False
147,V2,4,Ciencias Basicas y Complementarias,teorico,Si,bajo,Si,Si,3,medio,2022,35.0,20,0.7,False,False,False,True,True,True
147,V2,4,Ciencias Basicas y Complementarias,teorico,Si,bajo,Si,Si,3,medio,2022,41.0,20,0.7,False,False,False,True,True,True
147,V2,4,Ciencias Basicas y Complementarias,teorico,Si,bajo,Si,Si,3,medio,2023,38.0,20,0.7,False,False,False,True,True,True
147,V2,4,Ciencias Basicas y Complementarias,teorico,Si,bajo,Si,Si,3,medio,2023,36.0,20,0.7,False,False,False,True,True,True
147,V2,4,Ciencias Basicas y Complementarias,teorico,Si,bajo,Si,Si,3,medio,2022,51.0,20,0.7,False,False,False,False,False,False
147,V2,4,Ciencias Basicas y Complementarias,teorico,Si,bajo,Si,Si,3,medio,2022,48.0,20,0.7,False,False,False,True,True,True
169,V2,1,Ciencias Basicas y Complementarias,teorico,No,bajo,Si,Si,2,medio,2024,33.0,45,0.6666666666666666,False,False,False,True,True,True
169,V2,1,Ciencias Basicas y Complementarias,teorico,No,bajo,Si,Si,2,medio,2023,52.0,45,0.6666666666666666,False,False,False,False,False,False
169,V2,1,Ciencias Basicas y Complementarias,teorico,No,bajo,Si,Si,2,medio,2024,49.0,45,0.6666666666666666,False,False,False,True,True,True
169,V2,1,Ciencias Basicas y Complementarias,teorico,No,bajo,Si,Si,2,medio,2024,39.0,45,0.6666666666666666,False,False,False,False,False,False
169,V2,1,Ciencias Basicas y Complementarias,teorico,No,bajo,Si,Si,2,medio,2023,41.0,45,0.6666666666666666,False,False,False,False,False,False
169,V2,1,Ciencias Basicas y Complementarias,teorico,No,bajo,Si,Si,2,medio,2023,63.0,45,0.6666666666666666,False,False,False,False,False,False
169,V2,1,Ciencias Basicas y Complementarias,teorico,No,bajo,Si,Si,2,medio,2023,50.0,45,0.6666666666666666,False,False,False,False,False,False
169,V2,1,Ciencias Basicas y Complementarias,teorico,No,bajo,Si,Si,2,medio,2024,51.0,45,0.6666666666666666,False,False,False,False,False,False
169,V2,1,Ciencias Basicas y Complementarias,teorico,No,bajo,Si,Si,2,medio,2023,44.0,45,0.6666666666666666,False,False,False,False,False,False
169,V2,1,Ciencias Basicas y Complementarias,teorico,No,bajo,Si,Si,2,medio,2024,36.0,45,0.6666666666666666,False,False,False,False,False,False
169,V2,1,Ciencias Basicas y Complementarias,teorico,No,bajo,Si,Si,2,medio,2024,42.0,45,0.6666666666666666,False,False,False,True,True,True
169,V2,1,Ciencias Basicas y Complementarias,teorico,No,bajo,Si,Si,2,medio,2024,53.0,45,0.6666666666666666,False,False,False,False,False,False
169,V2,1,Ciencias Basicas y Complementarias,teorico,No,bajo,Si,Si,2,medio,2023,36.0,45,0.6666666666666666,False,False,False,False,False,False
169,V2,1,Ciencias Basicas y Complementarias,teorico,No,bajo,Si,Si,2,medio,2024,39.0,45,0.6666666666666666,False,False,False,True,True,True
169,V2,1,Ciencias Basicas y Complementarias,teorico,No,bajo,Si,Si,2,medio,2024,41.0,45,0.6666666666666666,False,False,False,True,True,True
169,V2,1,Ciencias Basicas y Complementarias,teorico,No,bajo,Si,Si,2,medio,2023,68.0,45,0.6666666666666666,False,False,False,False,False,False
169,V2,1,Ciencias Basicas y Complementarias,teorico,No,bajo,Si,Si,2,medio,2023,49.0,45,0.6666666666666666,False,False,False,False,False,False
169,V2,1,Ciencias Basicas y Complementarias,teorico,No,bajo,Si,Si,2,medio,2024,47.0,45,0.6666666666666666,False,False,False,True,True,True
169,V2,1,Ciencias Basicas y Complementarias,teorico,No,bajo,Si,Si,2,medio,2024,52.0,45,0.6666666666666666,False,False,False,True,True,True
169,V2,1,Ciencias Basicas y Complementarias,teorico,No,bajo,Si,Si,2,medio,2024,36.0,45,0.6666666666666666,False,False,False,True,True,True
169,V2,1,Ciencias Basicas y Complementarias,teorico,No,bajo,Si,Si,2,medio,2024,57.0,45,0.6666666666666666,False,False,False,True,True,True
169,V2,1,Ciencias Basicas y Complementarias,teorico,No,bajo,Si,Si,2,medio,2024,56.0,45,0.6666666666666666,False,False,False,False,False,False
169,V2,1,Ciencias Basicas y Complementarias,teorico,No,bajo,Si,Si,2,medio,2023,50.0,45,0.6666666666666666,False,False,False,False,False,False
169,V2,1,Ciencias Basicas y Complementarias,teorico,No,bajo,Si,Si,2,medio,2024,43.0,45,0.6666666666666666,False,False,False,False,False,False
169,V2,1,Ciencias Basicas y Complementarias,teorico,No,bajo,Si,Si,2,medio,2023,53.0,45,0.6666666666666666,False,False,False,False,False,False
169,V2,1,Ciencias Basicas y Complementarias,teorico,No,bajo,Si,Si,2,medio,2024,46.0,45,0.6666666666666666,False,False,False,True,True,True
169,V2,1,Ciencias Basicas y Complementarias,teorico,No,bajo,Si,Si,2,medio,2024,45.0,45,0.6666666666666666,False,False,False,False,False,False
169,V2,1,Ciencias Basicas y Complementarias,teorico,No,bajo,Si,Si,2,medio,2024,55.0,45,0.6666666666666666,False,False,False,False,False,False
169,V2,1,Ciencias Basicas y Complementarias,teorico,No,bajo,Si,Si,2,medio,2024,36.0,45,0.6666666666666666,False,False,False,True,True,True
170,V2,2,Ciencias Basicas y Complementarias,teorico,No,bajo,Si,Si,6,alto,2024,40.0,30,0.6666666666666666,False,False,False,False,False,False
170,V2,2,Ciencias Basicas y Complementarias,teorico,No,bajo,Si,Si,6,alto,2024,65.0,30,0.6666666666666666,False,False,False,False,False,False
170,V2,2,Ciencias Basicas y Complementarias,teorico,No,bajo,Si,Si,6,alto,2024,54.0,30,0.6666666666666666,False,False,False,False,False,False
170,V2,2,Ciencias Basicas y Complementarias,teorico,No,bajo,Si,Si,6,alto,2024,55.0,30,0.6666666666666666,False,False,False,True,True,True
170,V2,2,Ciencias Basicas y Complementarias,teorico,No,bajo,Si,Si,6,alto,2024,62.0,30,0.6666666666666666,False,False,False,False,False,False
170,V2,2,Ciencias Basicas y Complementarias,teorico,No,bajo,Si,Si,6,alto,2024,52.0,30,0.6666666666666666,False,False,False,False,False,False
170,V2,2,Ciencias Basicas y Complementarias,teorico,No,bajo,Si,Si,6,alto,2024,61.0,30,0.6666666666666666,False,False,False,False,False,False
170,V2,2,Ciencias Basicas y Complementarias,teorico,No,bajo,Si,Si,6,alto,2024,68.0,30,0.6666666666666666,False,False,False,False,False,False
170,V2,2,Ciencias Basicas y Complementarias,teorico,No,bajo,Si,Si,6,alto,2024,50.0,30,0.6666666666666666,False,False,False,False,False,False
170,V2,2,Ciencias Basicas y Complementarias,teorico,No,bajo,Si,Si,6,alto,2024,41.0,30,0.6666666666666666,False,False,False,True,True,True
170,V2,2,Ciencias Basicas y Complementarias,teorico,No,bajo,Si,Si,6,alto,2024,58.0,30,0.6666666666666666,False,False,False,False,False,False
170,V2,2,Ciencias Basicas y Complementarias,teorico,No,bajo,Si,Si,6,alto,2024,46.0,30,0.6666666666666666,False,False,False,True,True,True
170,V2,2,Ciencias Basicas y Complementarias,teorico,No,bajo,Si,Si,6,alto,2024,39.0,30,0.6666666666666666,False,False,False,True,True,True
170,V2,2,Ciencias Basicas y Complementarias,teorico,No,bajo,Si,Si,6,alto,2024,54.0,30,0.6666666666666666,False,False,False,False,False,False
170,V2,2,Ciencias Basicas y Complementarias,teorico,No,bajo,Si,Si,6,alto,2024,32.0,30,0.6666666666666666,False,False,False,True,True,True
170,V2,2,Ciencias Basicas y Complementarias,teorico,No,bajo,Si,Si,6,alto,2024,54.0,30,0.6666666666666666,False,False,False,False,False,False
170,V2,2,Ciencias Basicas y Complementarias,teorico,No,bajo,Si,Si,6,alto,2024,31.0,30,0.6666666666666666,False,False,False,True,True,True
170,V2,2,Ciencias Basicas y Complementarias,teorico,No,bajo,Si,Si,6,alto,2024,46.0,30,0.6666666666666666,False,False,False,True,True,True
170,V2,2,Ciencias Basicas y Complementarias,teorico,No,bajo,Si,Si,6,alto,2024,46.0,30,0.6666666666666666,False,False,False,True,True,True
170,V2,2,Ciencias Basicas y Complementarias,teorico,No,bajo,Si,Si,6,alto,2024,56.0,30,0.6666666666666666,False,False,False,False,False,False
2816,V2,7,Ciencias de la Computacion,mixto,Si,alto,Si,No,1,medio,2021,42.0,20,0.6,False,False,False,True,True,True
2816,V2,7,Ciencias de la Computacion,mixto,Si,alto,Si,No,1,medio,2020,31.0,20,0.6,False,False,False,True,True,True
2816,V2,7,Ciencias de la Computacion,mixto,Si,alto,Si,No,1,medio,2020,39.0,20,0.6,False,False,False,False,False,False
2816,V2,7,Ciencias de la Computacion,mixto,Si,alto,Si,No,1,medio,2020,56.0,20,0.6,False,False,False,False,False,False
2816,V2,7,Ciencias de la Computacion,mixto,Si,alto,Si,No,1,medio,2020,45.0,20,0.6,False,False,False,False,False,False
2816,V2,7,Ciencias de la Computacion,mixto,Si,alto,Si,No,1,medio,2021,33.0,20,0.6,False,False,False,True,True,True
2816,V2,7,Ciencias de la Computacion,mixto,Si,alto,Si,No,1,medio,2021,57.0,20,0.6,False,False,False,False,False,False
2816,V2,7,Ciencias de la Computacion,mixto,Si,alto,Si,No,1,medio,2020,63.0,20,0.6,False,False,False,False,False,False
2816,V2,7,Ciencias de la Computacion,mixto,Si,alto,Si,No,1,medio,2020,40.0,20,0.6,False,False,False,True,True,True
2816,V2,7,Ciencias de la Computacion,mixto,Si,alto,Si,No,1,medio,2021,50.0,20,0.6,False,False,False,True,True,True
2816,V2,7,Ciencias de la Computacion,mixto,Si,alto,Si,No,1,medio,2020,44.0,20,0.6,False,False,False,False,False,False
2816,V2,7,Ciencias de la Computacion,mixto,Si,alto,Si,No,1,medio,2020,38.0,20,0.6,False,False,False,True,True,True
2822,V2,8,Desarrollo de Software,mixto,No,medio,Si,Si,3,medio,2019,59.0,20,0.5,False,False,False,False,False,False
2822,V2,8,Desarrollo de Software,mixto,No,medio,Si,Si,3,medio,2019,36.0,20,0.5,False,False,False,False,False,False
2822,V2,8,Desarrollo de Software,mixto,No,medio,Si,Si,3,medio,2019,47.0,20,0.5,False,False,False,False,False,False
2822,V2,8,Desarrollo de Software,mixto,No,medio,Si,Si,3,medio,2019,46.0,20,0.5,False,False,False,False,False,False
2822,V2,8,Desarrollo de Software,mixto,No,medio,Si,Si,3,medio,2019,42.0,20,0.5,False,False,False,True,True,True
2822,V2,8,Desarrollo de Software,mixto,No,medio,Si,Si,3,medio,2019,44.0,20,0.5,False,False,False,False,False,False
2822,V2,8,Desarrollo de Software,mixto,No,medio,Si,Si,3,medio,2020,31.0,20,0.5,False,False,False,True,True,True
2822,V2,8,Desarrollo de Software,mixto,No,medio,Si,Si,3,medio,2019,34.0,20,0.5,False,False,False,True,True,True
2822,V2,8,Desarrollo de Software,mixto,No,medio,Si,Si,3,medio,2020,45.0,20,0.5,False,False,False,True,True,True
290,V2,3,Ciencias Basicas y Complementarias,teorico,No,bajo,Si,Si,5,alto,2023,59.0,30,0.8,False,False,False,False,False,False
290,V2,3,Ciencias Basicas y Complementarias,teorico,No,bajo,Si,Si,5,alto,2023,50.0,30,0.8,False,False,False,False,False,False
290,V2,3,Ciencias Basicas y Complementarias,teorico,No,bajo,Si,Si,5,alto,2023,37.0,30,0.8,False,False,False,False,False,False
290,V2,3,Ciencias Basicas y Complementarias,teorico,No,bajo,Si,Si,5,alto,2023,48.0,30,0.8,False,False,False,False,False,False
290,V2,3,Ciencias Basicas y Complementarias,teorico,No,bajo,Si,Si,5,alto,2023,68.0,30,0.8,False,False,False,False,False,False
290,V2,3,Ciencias Basicas y Complementarias,teorico,No,bajo,Si,Si,5,alto,2023,41.0,30,0.8,False,False,False,False,False,False
290,V2,3,Ciencias Basicas y Complementarias,teorico,No,bajo,Si,Si,5,alto,2022,56.0,30,0.8,False,False,False,False,False,False
290,V2,3,Ciencias Basicas y Complementarias,teorico,No,bajo,Si,Si,5,alto,2023,46.0,30,0.8,False,False,False,True,True,True
290,V2,3,Ciencias Basicas y Complementarias,teorico,No,bajo,Si,Si,5,alto,2022,37.0,30,0.8,False,False,False,True,True,True
290,V2,3,Ciencias Basicas y Complementarias,teorico,No,bajo,Si,Si,5,alto,2023,56.0,30,0.8,False,False,False,False,False,False
290,V2,3,Ciencias Basicas y Complementarias,teorico,No,bajo,Si,Si,5,alto,2023,37.0,30,0.8,False,False,False,False,False,False
290,V2,3,Ciencias Basicas y Complementarias,teorico,No,bajo,Si,Si,5,alto,2023,53.0,30,0.8,False,False,False,True,True,True
290,V2,3,Ciencias Basicas y Complementarias,teorico,No,bajo,Si,Si,5,alto,2022,66.0,30,0.8,False,False,False,False,False,False
290,V2,3,Ciencias Basicas y Complementarias,teorico,No,bajo,Si,Si,5,alto,2023,39.0,30,0.8,False,False,False,False,False,False
290,V2,3,Ciencias Basicas y Complementarias,teorico,No,bajo,Si,Si,5,alto,2023,41.0,30,0.8,False,False,False,True,True,True
290,V2,3,Ciencias Basicas y Complementarias,teorico,No,bajo,Si,Si,5,alto,2023,54.0,30,0.8,False,False,False,False,False,False
290,V2,3,Ciencias Basicas y Complementarias,teorico,No,bajo,Si,Si,5,alto,2022,36.0,30,0.8,False,False,False,True,True,True
290,V2,3,Ciencias Basicas y Complementarias,teorico,No,bajo,Si,Si,5,alto,2023,48.0,30,0.8,False,False,False,True,True,True
290,V2,3,Ciencias Basicas y Complementarias,teorico,No,bajo,Si,Si,5,alto,2023,38.0,30,0.8,False,False,False,True,True,True
290,V2,3,Ciencias Basicas y Complementarias,teorico,No,bajo,Si,Si,5,alto,2023,36.0,30,0.8,False,False,False,True,True,True
290,V2,3,Ciencias Basicas y Complementarias,teorico,No,bajo,Si,Si,5,alto,2023,38.0,30,0.8,False,False,False,False,False,False
290,V2,3,Ciencias Basicas y Complementarias,teorico,No,bajo,Si,Si,5,alto,2023,48.0,30,0.8,False,False,False,True,True,True
291,V2,4,Ciencias Basicas y Complementarias,teorico,No,bajo,Si,Si,2,medio,2023,44.0,20,0.6,False,False,False,False,False,False
291,V2,4,Ciencias Basicas y Complementarias,teorico,No,bajo,Si,Si,2,medio,2023,34.0,20,0.6,False,False,False,True,True,True
291,V2,4,Ciencias Basicas y Complementarias,teorico,No,bajo,Si,Si,2,medio,2023,53.0,20,0.6,False,False,False,True,True,True
291,V2,4,Ciencias Basicas y Complementarias,teorico,No,bajo,Si,Si,2,medio,2023,56.0,20,0.6,False,False,False,False,False,False
291,V2,4,Ciencias Basicas y Complementarias,teorico,No,bajo,Si,Si,2,medio,2022,50.0,20,0.6,False,False,False,True,True,True
291,V2,4,Ciencias Basicas y Complementarias,teorico,No,bajo,Si,Si,2,medio,2023,60.0,20,0.6,False,False,False,False,False,False
291,V2,4,Ciencias Basicas y Complementarias,teorico,No,bajo,Si,Si,2,medio,2022,68.0,20,0.6,False,False,False,False,False,False
291,V2,4,Ciencias Basicas y Complementarias,teorico,No,bajo,Si,Si,2,medio,2022,33.0,20,0.6,False,False,False,True,True,True
291,V2,4,Ciencias Basicas y Complementarias,teorico,No,bajo,Si,Si,2,medio,2022,42.0,20,0.6,False,False,False,False,False,False
291,V2,4,Ciencias Basicas y Complementarias,teorico,No,bajo,Si,Si,2,medio,2023,40.0,20,0.6,False,False,False,False,False,False
291,V2,4,Ciencias Basicas y Complementarias,teorico,No,bajo,Si,Si,2,medio,2022,61.0,20,0.6,False,False,False,False,False,False
291,V2,4,Ciencias Basicas y Complementarias,teorico,No,bajo,Si,Si,2,medio,2023,68.0,20,0.6,False,False,False,False,False,False
292,V2,4,Ciencias Basicas y Complementarias,teorico,No,bajo,Si,Si,3,medio,2022,65.0,20,0.5,False,False,False,False,False,False
292,V2,4,Ciencias Basicas y Complementarias,teorico,No,bajo,Si,Si,3,medio,2023,43.0,20,0.5,False,False,False,False,False,False
292,V2,4,Ciencias Basicas y Complementarias,teorico,No,bajo,Si,Si,3,medio,2023,61.0,20,0.5,False,False,False,False,False,False
292,V2,4,Ciencias Basicas y Complementarias,teorico,No,bajo,Si,Si,3,medio,2022,42.0,20,0.5,False,False,False,True,True,True
292,V2,4,Ciencias Basicas y Complementarias,teorico,No,bajo,Si,Si,3,medio,2022,62.0,20,0.5,False,False,False,False,False,False
292,V2,4,Ciencias Basicas y Complementarias,teorico,No,bajo,Si,Si,3,medio,2023,40.0,20,0.5,False,False,False,True,True,True
292,V2,4,Ciencias Basicas y Complementarias,teorico,No,bajo,Si,Si,3,medio,2023,52.0,20,0.5,False,False,False,True,True,True
292,V2,4,Ciencias Basicas y Complementarias,teorico,No,bajo,Si,Si,3,medio,2023,54.0,20,0.5,False,False,False,False,False,False
292,V2,4,Ciencias Basicas y Complementarias,teorico,No,bajo,Si,Si,3,medio,2023,57.0,20,0.5,False,False,False,False,False,False
673,V2,5,Ciencias Basicas y Complementarias,teorico,No,bajo,Si,Si,3,medio,2022,40.0,20,0.4,False,False,False,False,False,False
673,V2,5,Ciencias Basicas y Complementarias,teorico,No,bajo,Si,Si,3,medio,2022,66.0,20,0.4,False,False,False,False,False,False
673,V2,5,Ciencias Basicas y Complementarias,teorico,No,bajo,Si,Si,3,medio,2021,45.0,20,0.4,False,False,False,False,False,False
673,V2,5,Ciencias Basicas y Complementarias,teorico,No,bajo,Si,Si,3,medio,2022,34.0,20,0.4,False,False,False,True,True,True
673,V2,5,Ciencias Basicas y Complementarias,teorico,No,bajo,Si,Si,3,medio,2022,44.0,20,0.4,False,False,False,False,False,False
673,V2,5,Ciencias Basicas y Complementarias,teorico,No,bajo,Si,Si,3,medio,2022,60.0,20,0.4,False,False,False,False,False,False
673,V2,5,Ciencias Basicas y Complementarias,teorico,No,bajo,Si,Si,3,medio,2021,53.0,20,0.4,False,False,False,True,True,True
673,V2,5,Ciencias Basicas y Complementarias,teorico,No,bajo,Si,Si,3,medio,2022,43.0,20,0.4,False,False,False,True,True,True
690,V2,8,Ciencias Basicas y Complementarias,teorico,No,bajo,No,Si,2,medio,2019,55.0,20,0.4,False,False,False,True,True,True
690,V2,8,Ciencias Basicas y Complementarias,teorico,No,bajo,No,Si,2,medio,2019,54.0,20,0.4,False,False,False,False,False,False
690,V2,8,Ciencias Basicas y Complementarias,teorico,No,bajo,No,Si,2,medio,2020,36.0,20,0.4,False,False,False,False,False,False
690,V2,8,Ciencias Basicas y Complementarias,teorico,No,bajo,No,Si,2,medio,2019,54.0,20,0.4,False,False,False,False,False,False
690,V2,8,Ciencias Basicas y Complementarias,teorico,No,bajo,No,Si,2,medio,2020,52.0,20,0.4,False,False,False,True,True,True
690,V2,8,Ciencias Basicas y Complementarias,teorico,No,bajo,No,Si,2,medio,2019,42.0,20,0.4,False,False,False,True,True,True
690,V2,8,Ciencias Basicas y Complementarias,teorico,No,bajo,No,Si,2,medio,2021,40.0,20,0.4,False,False,False,False,False,False
690,V2,8,Ciencias Basicas y Complementarias,teorico,No,bajo,No,Si,2,medio,2019,61.0,20,0.4,False,False,False,False,False,False
694,V2,5,Ciencias Basicas y Complementarias,teorico,No,bajo,No,No,1,medio,2022,36.0,20,0.35,False,False,False,False,False,False
694,V2,5,Ciencias Basicas y Complementarias,teorico,No,bajo,No,No,1,medio,2022,31.0,20,0.35,False,False,False,True,True,True
694,V2,5,Ciencias Basicas y Complementarias,teorico,No,bajo,No,No,1,medio,2022,55.0,20,0.35,False,False,False,False,False,False
694,V2,5,Ciencias Basicas y Complementarias,teorico,No,bajo,No,No,1,medio,2022,31.0,20,0.35,False,False,False,True,True,True
694,V2,5,Ciencias Basicas y Complementarias,teorico,No,bajo,No,No,1,medio,2021,37.0,20,0.35,False,False,False,True,True,True
694,V2,5,Ciencias Basicas y Complementarias,teorico,No,bajo,No,No,1,medio,2022,46.0,20,0.35,False,False,False,False,False,False
694,V2,5,Ciencias Basicas y Complementarias,teorico,No,bajo,No,No,1,medio,2022,64.0,20,0.35,False,False,False,False,False,False
909,V2,10,Ciencias Basicas y Complementarias,practico,No,alto,No,No,0,bajo,2017,39.0,20,0.3,False,False,False,True,False,True
909,V2,10,Ciencias Basicas y Complementarias,practico,No,alto,No,No,0,bajo,2017,59.0,20,0.3,False,False,False,False,False,False
909,V2,10,Ciencias Basicas y Complementarias,practico,No,alto,No,No,0,bajo,2018,47.0,20,0.3,False,False,False,False,False,False
909,V2,10,Ciencias Basicas y Complementarias,practico,No,alto,No,No,0,bajo,2018,55.0,20,0.3,False,False,False,False,False,False
909,V2,10,Ciencias Basicas y Complementarias,practico,No,alto,No,No,0,bajo,2018,49.0,20,0.3,False,False,False,True,False,True
909,V2,10,Ciencias Basicas y Complementarias,practico,No,alto,No,No,0,bajo,2016,39.0,20,0.3,False,False,False,False,False,False
912,V2,10,Ciencias Basicas y Complementarias,teorico,No,bajo,No,No,0,bajo,2018,41.0,20,0.2,False,False,False,False,False,False
912,V2,10,Ciencias Basicas y Complementarias,teorico,No,bajo,No,No,0,bajo,2017,37.0,20,0.2,False,False,False,False,False,False
912,V2,10,Ciencias Basicas y Complementarias,teorico,No,bajo,No,No,0,bajo,2017,57.0,20,0.2,False,False,False,False,False,False
912,V2,10,Ciencias Basicas y Complementarias,teorico,No,bajo,No,No,0,bajo,2016,39.0,20,0.2,False,False,False,True,False,True
943,V2,7,Desarrollo de Software,teorico,No,bajo,No,No,0,bajo,2020,54.0,20,0.25,False,False,False,False,False,False
943,V2,7,Desarrollo de Software,teorico,No,bajo,No,No,0,bajo,2020,53.0,20,0.25,False,False,False,True,False,True
943,V2,7,Desarrollo de Software,teorico,No,bajo,No,No,0,bajo,2021,41.0,20,0.25,False,False,False,False,False,False
943,V2,7,Desarrollo de Software,teorico,No,bajo,No,No,0,bajo,2020,54.0,20,0.25,False,False,False,False,False,False
