transaccion_id,abierto_siguiente,aprobo,area_ciencias_basicas_y_complementarias,area_ciencias_de_la_computacion,area_desarrollo_de_software,area_eps,area_metodologia_de_sistemas,bloqueo_alto,bloqueo_bajo,bloqueo_medio,curso_base,curso_no_base,curso_no_obligatorio,curso_obligatorio,no_abierto_siguiente,no_requiere_laboratorio,ocupacion_alta,ocupacion_baja,ocupacion_media,perdio,periodo_s1,periodo_s2,periodo_v1,periodo_v2,recuperacion,requiere_laboratorio,riesgo_retraso,semestre_1,semestre_10,semestre_2,semestre_3,semestre_4,semestre_5,semestre_6,semestre_7,semestre_8,semestre_9,sin_recuperacion,sin_riesgo_retraso,zona_alta,zona_baja,zona_media,zona_sin_dato
TX-00001,False,True,True,False,False,False,False,False,False,True,False,True,False,True,True,True,False,True,False,False,True,False,False,False,False,False,False,True,False,False,False,False,False,False,False,False,False,True,True,True,False,False,False
TX-00002,False,False,True,False,False,False,False,False,False,True,False,True,False,True,True,True,False,True,False,True,True,False,False,False,True,False,True,True,False,False,False,False,False,False,False,False,False,False,False,False,False,True,False
TX-00003,False,False,True,False,False,False,False,False,False,True,False,True,False,True,True,True,False,True,False,True,True,False,False,False,True,False,True,True,False,False,False,False,False,False,False,False,False,False,False,False,True,False,False
TX-00004,False,True,True,False,False,False,False,False,False,True,False,True,False,True,True,True,False,True,False,False,True,False,False,False,False,False,False,True,False,False,False,False,False,False,False,False,False,True,True,True,False,False,False
TX-00005,False,True,True,False,False,False,False,False,False,True,False,True,False,True,True,True,False,True,False,False,True,False,False,False,False,False,False,True,False,False,False,False,False,False,False,False,False,True,True,True,False,False,False
TX-00006,False,False,True,False,False,False,False,False,False,True,False,True,False,True,True,True,False,True,False,True,True,False,False,False,False,False,True,True,False,False,False,False,False,False,False,False,False,True,False,False,False,True,False
TX-00007,False,True,True,False,False,False,False,False,False,True,False,True,False,True,True,True,False,True,False,False,True,False,False,False,False,False,False,True,False,False,False,False,False,False,False,False,False,True,True,True,False,False,False
TX-00008,False,False,True,False,False,False,False,False,False,True,False,True,False,True,True,True,False,True,False,True,True,False,False,False,True,False,True,True,False,False,False,False,False,False,False,False,False,False,False,False,False,True,False
TX-00009,False,True,True,False,False,False,False,False,False,True,False,True,False,True,True,True,False,True,False,False,True,False,False,False,False,False,False,True,False,False,False,False,False,False,False,False,False,True,True,False,False,True,False
TX-00010,False,True,True,False,False,False,False,False,False,True,False,True,False,True,True,True,False,True,False,False,True,False,False,False,False,False,False,True,False,False,False,False,False,False,False,False,False,True,True,True,False,False,False
TX-00011,False,False,True,False,False,False,False,False,False,True,False,True,False,True,True,True,False,True,False,True,True,False,False,False,True,False,True,True,False,False,False,False,False,False,False,False,False,False,False,False,False,True,False
TX-00012,False,True,True,False,False,False,False,False,False,True,False,True,False,True,True,True,False,True,False,False,True,False,False,False,False,False,False,True,False,False,False,False,False,False,False,False,False,True,True,False,False,True,False
TX-00013,False,True,True,False,False,False,False,False,False,True,False,True,False,True,True,True,False,True,False,False,True,False,False,False,False,False,False,True,False,False,False,False,False,False,False,False,False,True,True,False,False,True,False
TX-00014,False,True,True,False,False,False,False,False,False,True,False,True,False,True,True,True,False,True,False,False,True,False,False,False,False,False,False,True,False,False,False,False,False,False,False,False,False,True,True,False,True,False,False
TX-00015,False,True,True,False,False,False,False,False,False,True,False,True,False,True,True,True,False,True,False,False,True,False,False,False,False,False,False,True,False,False,False,False,False,False,False,False,False,True,True,False,False,True,False
TX-00016,False,True,True,False,False,False,False,False,False,True,False,True,False,True,True,True,False,True,False,False,True,False,False,False,False,False,False,True,False,False,False,False,False,False,False,False,False,True,True,True,False,False,False
TX-00017,False,False,True,False,False,False,False,False,False,True,False,True,False,True,True,True,False,True,False,True,True,False,False,False,False,False,True,True,False,False,False,False,False,False,False,False,False,True,False,False,False,True,False
TX-00018,False,True,True,False,False,False,False,False,False,True,False,True,False,True,True,True,False,True,False,False,True,False,False,False,True,False,False,True,False,False,False,False,False,False,False,False,False,False,True,False,False,True,False
TX-00019,False,True,True,False,False,False,False,False,False,True,False,True,False,True,True,True,False,True,False,False,True,False,False,False,False,False,False,True,False,False,False,False,False,False,False,False,False,True,True,False,False,True,False
TX-00020,False,True,True,False,False,False,False,False,False,True,False,True,False,True,True,True,False,True,False,False,True,False,False,False,False,False,False,True,False,False,False,False,False,False,False,False,False,True,True,True,False,False,False
TX-00021,False,False,True,False,False,False,False,False,False,True,False,True,False,True,True,True,False,True,False,True,True,False,False,False,False,False,True,True,False,False,False,False,False,False,False,False,False,True,False,False,False,True,False
TX-00022,False,True,True,False,False,False,False,False,False,True,False,True,False,True,True,True,False,True,False,False,True,False,False,False,False,False,False,True,False,False,False,False,False,False,False,False,False,True,True,False,False,True,False
TX-00023,False,True,True,False,False,False,False,False,False,True,False,True,False,True,True,True,False,True,False,False,True,False,False,False,False,False,False,True,False,False,False,False,False,False,False,False,False,True,True,False,False,True,False
TX-00024,False,True,True,False,False,False,False,False,False,True,False,True,False,True,True,True,False,True,False,False,True,False,False,False,False,False,False,True,False,False,False,False,False,False,False,False,False,True,True,True,False,False,False
TX-00025,False,False,True,False,False,False,False,False,False,True,False,True,False,True,True,True,False,True,False,True,True,False,False,False,True,False,True,True,False,False,False,False,False,False,False,False,False,False,False,False,True,False,False
TX-00026,False,False,True,False,False,False,False,False,False,True,False,True,False,True,True,False,False,True,False,True,True,False,False,False,False,True,True,False,False,True,False,False,False,False,False,False,False,True,False,False,True,False,False
TX-00027,False,True,True,False,False,False,False,False,False,True,False,True,False,True,True,False,False,True,False,False,True,False,False,False,True,True,False,False,False,True,False,False,False,False,False,False,False,False,True,False,True,False,False
TX-00028,False,False,True,False,False,False,False,False,False,True,False,True,False,True,True,False,False,True,False,True,True,False,False,False,True,True,True,False,False,True,False,False,False,False,False,False,False,False,False,False,False,True,False
TX-00029,False,True,True,False,False,False,False,False,False,True,False,True,False,True,True,False,False,True,False,False,True,False,False,False,False,True,False,False,False,True,False,False,False,False,False,False,False,True,True,False,True,False,False
TX-00030,False,False,True,False,False,False,False,False,False,True,False,True,False,True,True,False,False,True,False,True,True,False,False,False,True,True,True,False,False,True,False,False,False,False,False,False,False,False,False,False,False,True,False
TX-00031,False,True,True,False,False,False,False,False,False,True,False,True,False,True,True,False,False,True,False,False,True,False,False,False,False,True,False,False,False,True,False,False,False,False,False,False,False,True,True,True,False,False,False
TX-00032,False,True,True,False,False,False,False,False,False,True,False,True,False,True,True,False,False,True,False,False,True,False,False,False,True,True,False,False,False,True,False,False,False,False,False,False,False,False,True,False,True,False,False
TX-00033,False,True,True,False,False,False,False,False,False,True,False,True,False,True,True,False,False,True,False,False,True,False,False,False,False,True,False,False,False,True,False,False,False,False,False,False,False,True,True,False,True,False,False
TX-00034,False,True,True,False,False,False,False,False,False,True,False,True,False,True,True,False,False,True,False,False,True,False,False,False,False,True,False,False,False,True,False,False,False,False,False,False,False,True,True,False,False,True,False
TX-00035,False,True,True,False,False,False,False,False,False,True,False,True,False,True,True,False,False,True,False,False,True,False,False,False,False,True,False,False,False,True,False,False,False,False,False,False,False,True,True,True,False,False,False
TX-00036,False,True,True,False,False,False,False,False,False,True,False,True,False,True,True,False,False,True,False,False,True,False,False,False,False,True,False,False,False,True,False,False,False,False,False,False,False,True,True,False,False,True,False
TX-00037,False,False,True,False,False,False,False,False,False,True,False,True,False,True,True,False,False,True,False,True,True,False,False,False,True,True,True,False,False,True,False,False,False,False,False,False,False,False,False,False,False,True,False
TX-00038,False,True,True,False,False,False,False,False,False,True,False,True,False,True,True,False,False,True,False,False,True,False,False,False,False,True,False,False,False,True,False,False,False,False,False,False,False,True,True,False,False,True,False
TX-00039,False,True,True,False,False,False,False,False,False,True,False,True,False,True,True,False,False,True,False,False,True,False,False,False,False,True,False,False,False,True,False,False,False,False,False,False,False,True,True,False,False,True,False
TX-00040,False,True,True,False,False,False,False,False,False,True,False,True,False,True,True,False,False,True,False,False,True,False,False,False,False,True,False,False,False,True,False,False,False,False,False,False,False,True,True,True,False,False,False
TX-00041,False,True,True,False,False,False,False,False,False,True,False,True,False,True,True,False,False,False,True,False,True,False,False,False,False,True,False,False,False,True,False,False,False,False,False,False,False,True,True,False,False,True,False
TX-00042,False,True,True,False,False,False,False,False,False,True,False,True,False,True,True,False,False,False,True,False,True,False,False,False,False,True,False,False,False,True,False,False,False,False,False,False,False,True,True,False,False,True,False
TX-00043,False,True,True,False,False,False,False,False,False,True,False,True,False,True,True,False,False,False,True,False,True,False,False,False,False,True,False,False,False,True,False,False,False,False,False,False,False,True,True,False,False,True,False
TX-00044,False,True,True,False,False,False,False,False,False,True,False,True,False,True,True,False,False,False,True,False,True,False,False,False,False,True,False,False,False,True,False,False,False,False,False,False,False,True,True,False,False,True,False
TX-00045,False,True,True,False,False,False,False,False,False,True,False,True,False,True,True,False,False,False,True,False,True,False,False,False,False,True,False,False,False,True,False,False,False,False,False,False,False,True,True,False,False,True,False
TX-00046,False,True,True,False,False,False,False,False,False,True,False,True,False,True,True,False,False,False,True,False,True,False,False,False,False,True,False,False,False,True,False,False,False,False,False,False,False,True,True,True,False,False,False
TX-00047,False,True,True,False,False,False,False,False,False,True,False,True,False,True,True,False,False,False,True,False,True,False,False,False,False,True,False,False,False,True,False,False,False,False,False,False,False,True,True,True,False,False,False
TX-00048,False,True,True,False,False,False,False,False,False,True,False,True,False,True,True,False,False,False,True,False,True,False,False,False,True,True,False,False,False,True,False,False,False,False,False,False,False,False,True,False,True,False,False
TX-00049,False,True,True,False,False,False,False,False,False,True,False,True,False,True,True,False,False,False,True,False,True,False,False,False,True,True,False,False,False,True,False,False,False,False,False,False,False,False,True,False,True,False,False
TX-00050,False,False,True,False,False,False,False,False,False,True,False,True,False,True,True,False,False,False,True,True,True,False,False,False,False,True,True,False,False,True,False,False,False,False,False,False,False,True,False,False,False,True,False
TX-00051,False,False,True,False,False,False,False,False,False,True,False,True,False,True,True,False,False,False,True,True,True,False,False,False,False,True,True,False,False,True,False,False,False,False,False,False,False,True,False,False,False,True,False
TX-00052,False,True,True,False,False,False,False,False,False,True,False,True,False,True,True,False,False,False,True,False,True,False,False,False,False,True,False,False,False,True,False,False,False,False,False,False,False,True,True,False,False,True,False
TX-00053,False,True,True,False,False,False,False,False,False,True,False,True,False,True,True,False,False,False,True,False,True,False,False,False,False,True,False,False,False,True,False,False,False,False,False,False,False,True,True,False,False,True,False
TX-00054,False,True,True,False,False,False,False,False,False,True,False,True,False,True,True,False,False,False,True,False,True,False,False,False,True,True,False,False,False,True,False,False,False,False,False,False,False,False,True,False,True,False,False
TX-00055,False,True,True,False,False,False,False,False,False,True,False,True,False,True,True,False,False,False,True,False,True,False,False,False,False,True,False,False,False,True,False,False,False,False,False,False,False,True,True,True,False,False,False
TX-00056,False,True,True,False,False,False,False,False,False,True,False,True,False,True,True,False,False,False,True,False,True,False,False,False,False,True,False,False,False,True,False,False,False,False,False,False,False,True,True,False,True,False,False
TX-00057,False,False,True,False,False,False,False,False,False,True,False,True,False,True,True,False,False,False,True,True,True,False,False,False,False,True,True,False,False,True,False,False,False,False,False,False,False,True,False,True,False,False,False
TX-00058,False,True,True,False,False,False,False,False,False,True,False,True,False,True,True,False,False,False,True,False,True,False,False,False,False,True,False,False,False,True,False,False,False,False,False,False,False,True,True,True,False,False,False
TX-00059,False,False,True,False,False,False,False,False,False,True,False,True,False,True,True,False,False,False,True,True,True,False,False,False,False,True,True,False,False,True,False,False,False,False,False,False,False,True,False,False,True,False,False
TX-00060,False,True,True,False,False,False,False,False,False,True,False,True,False,True,True,False,False,False,True,False,True,False,False,False,False,True,False,False,False,True,False,False,False,False,False,False,False,True,True,False,False,True,False
TX-00061,False,True,True,False,False,False,False,False,False,True,False,True,False,True,True,False,False,False,True,False,True,False,False,False,False,True,False,False,False,True,False,False,False,False,False,False,False,True,True,False,False,True,False
TX-00062,False,False,True,False,False,False,False,False,False,True,False,True,False,True,True,False,False,False,True,True,True,False,False,False,False,True,True,False,False,True,False,False,False,False,False,False,False,True,False,False,False,True,False
TX-00063,False,False,True,False,False,False,False,False,False,True,False,True,False,True,True,False,False,False,True,True,True,False,False,False,True,True,True,False,False,True,False,False,False,False,False,False,False,False,False,False,False,True,False
TX-00064,False,True,True,False,False,False,False,False,False,True,False,True,False,True,True,False,False,False,True,False,True,False,False,False,False,True,False,False,False,True,False,False,False,False,False,False,False,True,True,True,False,False,False
TX-00065,False,False,True,False,False,False,False,False,False,True,False,True,False,True,True,False,False,False,True,True,True,False,False,False,False,True,True,False,False,True,False,False,False,False,False,False,False,True,False,False,True,False,False
TX-00066,False,False,True,False,False,False,False,False,False,True,False,True,False,True,True,False,False,False,True,True,True,False,False,False,True,True,True,False,False,True,False,False,False,False,False,False,False,False,False,False,True,False,False
TX-00067,False,True,True,False,False,False,False,False,False,True,False,True,False,True,True,False,False,False,True,False,True,False,False,False,False,True,False,False,False,True,False,False,False,False,False,False,False,True,True,False,False,True,False
TX-00068,False,False,True,False,False,False,False,False,False,True,False,True,False,True,True,False,False,False,True,True,True,False,False,False,False,True,True,False,False,True,False,False,False,False,False,False,False,True,False,False,False,True,False
TX-00069,False,False,True,False,False,False,False,False,False,True,False,True,False,True,True,False,False,False,True,True,True,False,False,False,True,True,True,False,False,True,False,False,False,False,False,False,False,False,False,False,True,False,False
TX-00070,False,True,True,False,False,False,False,False,False,True,False,True,False,True,True,False,False,False,True,False,True,False,False,False,False,True,False,False,False,True,False,False,False,False,False,False,False,True,True,False,False,True,False
TX-00071,False,True,True,False,False,False,False,False,False,True,False,True,False,True,True,False,False,False,True,False,True,False,False,False,True,True,False,False,False,True,False,False,False,False,False,False,False,False,True,False,False,True,False
TX-00072,False,True,True,False,False,False,False,False,False,True,False,True,False,True,True,False,False,False,True,False,True,False,False,False,False,True,False,False,False,True,False,False,False,False,False,False,False,True,True,False,True,False,False
TX-00073,False,True,True,False,False,False,False,False,False,True,False,True,False,True,True,False,False,False,True,False,True,False,False,False,False,True,False,False,False,True,False,False,False,False,False,False,False,True,True,False,False,True,False
TX-00074,False,True,True,False,False,False,False,False,False,True,False,True,False,True,True,False,False,False,True,False,True,False,False,False,False,True,False,False,False,True,False,False,False,False,False,False,False,True,True,False,False,True,False
TX-00075,False,True,True,False,False,False,False,False,False,True,False,True,False,True,True,False,False,False,True,False,True,False,False,False,False,True,False,False,False,True,False,False,False,False,False,False,False,True,True,False,False,True,False
TX-00076,False,True,True,False,False,False,False,False,False,True,False,True,False,True,True,False,False,False,True,False,True,False,False,False,False,True,False,False,False,True,False,False,False,False,False,False,False,True,True,False,False,True,False
TX-00077,False,False,True,False,False,False,False,False,False,True,False,True,False,True,True,False,False,False,True,True,True,False,False,False,False,True,True,False,False,True,False,False,False,False,False,False,False,True,False,False,True,False,False
TX-00078,False,True,True,False,False,False,False,False,True,False,False,True,True,False,True,True,False,False,True,False,True,False,False,False,True,False,False,False,False,False,False,False,True,False,False,False,False,False,True,False,False,True,False
TX-00079,False,True,True,False,False,False,False,False,True,False,False,True,True,False,True,True,False,False,True,False,True,False,False,False,False,False,False,False,False,False,False,False,True,False,False,False,False,True,True,False,True,False,False
TX-00080,False,False,True,False,False,False,False,False,True,False,False,True,True,False,True,True,False,False,True,True,True,False,False,False,False,False,False,False,False,False,False,False,True,False,False,False,False,True,True,False,False,True,False
TX-00081,False,True,True,False,False,False,False,False,True,False,False,True,True,False,True,True,False,False,True,False,True,False,False,False,False,False,False,False,False,False,False,False,True,False,False,False,False,True,True,False,False,True,False
TX-00082,False,False,True,False,False,False,False,False,True,False,False,True,True,False,True,True,False,False,True,True,True,False,False,False,True,False,False,False,False,False,False,False,True,False,False,False,False,False,True,False,True,False,False
TX-00083,False,True,True,False,False,False,False,False,True,False,False,True,True,False,True,True,False,False,True,False,True,False,False,False,True,False,False,False,False,False,False,False,True,False,False,False,False,False,True,False,True,False,False
TX-00084,False,True,True,False,False,False,False,False,True,False,False,True,True,False,True,True,False,False,True,False,True,False,False,False,False,False,False,False,False,False,False,False,True,False,False,False,False,True,True,False,False,True,False
TX-00085,False,True,True,False,False,False,False,False,True,False,False,True,True,False,True,True,False,False,True,False,True,False,False,False,False,False,False,False,False,False,False,False,True,False,False,False,False,True,True,False,False,True,False
TX-00086,False,True,True,False,False,False,False,False,True,False,False,True,True,False,True,True,False,False,True,False,True,False,False,False,False,False,False,False,False,False,False,False,True,False,False,False,False,True,True,True,False,False,False
TX-00087,False,True,True,False,False,False,False,False,True,False,False,True,True,False,True,True,False,False,True,False,True,False,False,False,False,False,False,False,False,False,False,False,True,False,False,False,False,True,True,False,False,True,False
TX-00088,False,True,True,False,False,False,False,False,True,False,False,True,True,False,True,True,False,False,True,False,True,False,False,False,False,False,False,False,False,False,False,False,True,False,False,False,False,True,True,False,False,True,False
TX-00089,False,True,True,False,False,False,False,False,True,False,False,True,True,False,True,True,False,False,True,False,True,False,False,False,False,False,False,False,False,False,False,False,True,False,False,False,False,True,True,True,False,False,False
TX-00090,False,True,True,False,False,False,False,False,True,False,False,True,True,False,True,True,False,False,True,False,True,False,False,False,False,False,False,False,False,False,False,False,True,False,False,False,False,True,True,False,False,True,False
TX-00091,False,False,True,False,False,False,False,False,True,False,False,True,True,False,True,True,False,False,True,True,True,False,False,False,True,False,False,False,False,False,False,False,True,False,False,False,False,False,True,False,True,False,False
TX-00092,False,True,True,False,False,False,False,False,True,False,False,True,True,False,True,True,False,False,True,False,True,False,False,False,False,False,False,False,False,False,False,False,True,False,False,False,False,True,True,False,False,True,False
TX-00093,False,True,True,False,False,False,False,False,True,False,False,True,True,False,True,True,False,False,True,False,True,False,False,False,False,False,False,False,False,False,False,True,False,False,False,False,False,True,True,False,False,True,False
TX-00094,False,True,True,False,False,False,False,False,True,False,False,True,True,False,True,True,False,False,True,False,True,False,False,False,True,False,False,False,False,False,False,True,False,False,False,False,False,False,True,False,True,False,False
TX-00095,False,True,True,False,False,False,False,False,True,False,False,True,True,False,True,True,False,False,True,False,True,False,False,False,False,False,False,False,False,False,False,True,False,False,False,False,False,True,True,True,False,False,False
TX-00096,False,True,True,False,False,False,False,False,True,False,False,True,True,False,True,True,False,False,True,False,True,False,False,False,False,False,False,False,False,False,False,True,False,False,False,False,False,True,True,True,False,False,False
TX-00097,False,True,True,False,False,False,False,False,True,False,False,True,True,False,True,True,False,False,True,False,True,False,False,False,True,False,False,False,False,False,False,True,False,False,False,False,False,False,True,False,True,False,False
TX-00098,False,False,True,False,False,False,False,False,True,False,False,True,True,False,True,True,False,False,True,True,True,False,False,False,True,False,False,False,False,False,False,True,False,False,False,False,False,False,True,False,False,True,False
TX-00099,False,False,True,False,False,False,False,False,True,False,False,True,True,False,True,True,False,False,True,True,True,False,False,False,False,False,False,False,False,False,False,True,False,False,False,False,False,True,True,False,False,True,False
TX-00100,False,False,True,False,False,False,False,False,True,False,False,True,True,False,True,True,False,False,True,True,True,False,False,False,False,False,False,False,False,False,False,True,False,False,False,False,False,True,True,False,False,True,False
TX-00101,False,False,True,False,False,False,False,False,True,False,False,True,True,False,True,True,False,False,True,True,True,False,False,False,True,False,False,False,False,False,False,True,False,False,False,False,False,False,True,False,False,True,False
TX-00102,False,True,True,False,False,False,False,False,True,False,False,True,True,False,True,True,False,False,True,False,True,False,False,False,False,False,False,False,False,False,False,True,False,False,False,False,False,True,True,False,False,True,False
TX-00103,False,True,True,False,False,False,False,False,True,False,False,True,True,False,True,True,False,False,True,False,True,False,False,False,False,False,False,False,False,False,False,True,False,False,False,False,False,True,True,False,False,True,False
TX-00104,False,False,True,False,False,False,False,False,True,False,False,True,True,False,True,True,False,False,True,True,True,False,False,False,True,False,False,False,False,False,False,True,False,False,False,False,False,False,True,False,False,True,False
TX-00105,False,True,True,False,False,False,False,False,True,False,False,True,True,False,True,True,False,False,True,False,True,False,False,False,False,False,False,False,False,False,False,True,False,False,False,False,False,True,True,False,False,True,False
TX-00106,False,True,True,False,False,False,False,False,True,False,False,True,True,False,True,True,False,False,True,False,True,False,False,False,False,False,False,False,False,False,False,True,False,False,False,False,False,True,True,False,False,True,False
TX-00107,False,True,True,False,False,False,False,False,True,False,False,True,True,False,True,True,False,False,True,False,True,False,False,False,False,False,False,False,False,False,False,True,False,False,False,False,False,True,True,False,False,True,False
TX-00108,False,True,True,False,False,False,False,False,True,False,False,True,True,False,True,True,False,False,True,False,True,False,False,False,False,False,False,False,False,False,False,True,False,False,False,False,False,True,True,False,False,True,False
TX-00109,False,True,True,False,False,False,False,False,True,False,False,True,True,False,True,True,False,False,True,False,True,False,False,False,False,False,False,False,False,False,False,True,False,False,False,False,False,True,True,False,False,True,False
TX-00110,False,False,True,False,False,False,False,False,True,False,False,True,True,False,True,True,False,False,True,True,True,False,False,False,False,False,False,False,False,False,False,True,False,False,False,False,False,True,True,False,True,False,False
TX-00111,False,True,True,False,False,False,False,False,True,False,False,True,True,False,True,True,False,False,True,False,True,False,False,False,False,False,False,False,False,False,False,True,False,False,False,False,False,True,True,True,False,False,False
TX-00112,False,False,True,False,False,False,False,False,True,False,False,True,True,False,True,True,False,False,True,True,True,False,False,False,False,False,False,False,False,False,False,True,False,False,False,False,False,True,True,False,False,True,False
TX-00113,False,False,True,False,False,False,False,False,True,False,False,True,True,False,True,True,False,False,True,True,True,False,False,False,False,False,False,False,False,False,False,True,False,False,False,False,False,True,True,False,False,True,False
TX-00114,False,True,True,False,False,False,False,False,True,False,False,True,True,False,True,True,False,False,True,False,True,False,False,False,False,False,False,False,False,False,False,True,False,False,False,False,False,True,True,False,True,False,False
TX-00115,False,True,True,False,False,False,False,False,True,False,False,True,True,False,True,True,False,False,True,False,True,False,False,False,False,False,False,False,False,False,False,True,False,False,False,False,False,True,True,True,False,False,False
TX-00116,False,True,True,False,False,False,False,False,True,False,False,True,True,False,True,True,False,False,True,False,True,False,False,False,False,False,False,False,False,False,False,True,False,False,False,False,False,True,True,False,True,False,False
TX-00117,False,True,True,False,False,False,False,False,True,False,False,True,True,False,True,True,False,False,True,False,True,False,False,False,True,False,False,False,False,False,False,True,False,False,False,False,False,False,True,False,False,True,False
TX-00118,False,False,True,False,False,False,False,False,True,False,False,True,True,False,True,True,False,False,True,True,True,False,False,False,False,False,False,False,False,False,False,True,False,False,False,False,False,True,True,False,True,False,False
TX-00119,False,True,True,False,False,False,False,False,True,False,False,True,True,False,True,True,False,False,True,False,True,False,False,False,False,False,False,False,False,False,False,True,False,False,False,False,False,True,True,True,False,False,False
TX-00120,False,True,True,False,False,False,False,False,True,False,False,True,True,False,True,True,False,False,True,False,True,False,False,False,False,False,False,False,False,False,False,True,False,False,False,False,False,True,True,True,False,False,False
TX-00121,False,True,True,False,False,False,False,False,True,False,False,True,True,False,True,True,False,False,True,False,True,False,False,False,False,False,False,False,False,False,False,True,False,False,False,False,False,True,True,False,False,True,False
TX-00122,False,True,True,False,False,False,False,False,True,False,False,True,True,False,True,True,False,False,True,False,True,False,False,False,False,False,False,False,False,False,False,True,False,False,False,False,False,True,True,False,True,False,False
TX-00123,False,False,True,False,False,False,False,False,True,False,False,True,True,False,True,True,False,False,True,True,True,False,False,False,False,False,False,False,False,False,False,True,False,False,False,False,False,True,True,False,False,True,False
TX-00124,False,True,True,False,False,False,False,False,True,False,False,True,True,False,True,True,False,False,True,False,True,False,False,False,False,False,False,False,False,False,False,True,False,False,False,False,False,True,True,True,False,False,False
TX-00125,False,True,True,False,False,False,False,False,True,False,False,True,True,False,True,True,False,False,True,False,True,False,False,False,False,False,False,False,False,False,False,True,False,False,False,False,False,True,True,False,False,True,False
TX-00126,False,True,True,False,False,False,False,False,True,False,False,True,True,False,True,True,False,False,True,False,True,False,False,False,False,False,False,False,False,False,False,True,False,False,False,False,False,True,True,False,False,True,False
TX-00127,False,True,True,False,False,False,False,False,True,False,False,True,True,False,True,True,False,False,True,False,True,False,False,False,False,False,False,False,False,False,False,True,False,False,False,False,False,True,True,True,False,False,False
TX-00128,False,True,True,False,False,False,False,False,True,False,False,True,True,False,True,True,False,False,True,False,True,False,False,False,False,False,False,False,False,False,False,True,False,False,False,False,False,True,True,False,True,False,False
TX-00129,False,True,True,False,False,False,False,False,True,False,False,True,True,False,True,True,False,False,True,False,True,False,False,False,True,False,False,False,False,False,False,True,False,False,False,False,False,False,True,False,True,False,False
TX-00130,False,True,True,False,False,False,False,False,True,False,False,True,True,False,True,True,False,False,True,False,True,False,False,False,False,False,False,False,False,False,False,True,False,False,False,False,False,True,True,True,False,False,False
TX-00131,False,True,True,False,False,False,False,False,True,False,False,True,True,False,True,True,False,False,True,False,True,False,False,False,False,False,False,False,False,False,False,True,False,False,False,False,False,True,True,False,False,True,False
TX-00132,False,True,True,False,False,False,False,False,True,False,False,True,True,False,True,True,False,False,True,False,True,False,False,False,False,False,False,False,False,False,False,True,False,False,False,False,False,True,True,False,False,True,False
TX-00133,False,True,True,False,False,False,False,False,True,False,False,True,True,False,True,True,False,False,True,False,True,False,False,False,True,False,False,False,False,False,False,True,False,False,False,False,False,False,True,False,False,True,False
TX-00134,False,True,True,False,False,False,False,False,True,False,False,True,True,False,True,True,False,False,True,False,True,False,False,False,False,False,False,False,False,False,False,True,False,False,False,False,False,True,True,False,True,False,False
TX-00135,False,True,True,False,False,False,False,False,True,False,False,True,True,False,True,True,False,False,True,False,True,False,False,False,False,False,False,False,False,False,False,True,False,False,False,False,False,True,True,False,False,True,False
TX-00136,False,True,True,False,False,False,False,False,True,False,False,True,True,False,True,True,False,False,True,False,True,False,False,False,True,False,False,False,False,False,False,True,False,False,False,False,False,False,True,False,False,True,False
TX-00137,False,False,True,False,False,False,False,False,True,False,False,True,True,False,True,True,False,False,True,True,True,False,False,False,False,False,False,False,False,False,False,True,False,False,False,False,False,True,True,False,True,False,False
TX-00138,False,True,True,False,False,False,False,False,True,False,False,True,True,False,True,True,False,False,True,False,True,False,False,False,False,False,False,False,False,False,False,True,False,False,False,False,False,True,True,True,False,False,False
TX-00139,False,True,True,False,False,False,False,False,True,False,False,True,True,False,True,True,False,False,True,False,True,False,False,False,False,False,False,False,False,False,False,True,False,False,False,False,False,True,True,False,False,True,False
TX-00140,False,True,True,False,False,False,False,False,True,False,False,True,True,False,True,True,False,False,True,False,True,False,False,False,False,False,False,False,False,False,False,True,False,False,False,False,False,True,True,False,True,False,False
TX-00141,False,False,True,False,False,False,False,False,True,False,False,True,True,False,True,True,False,False,True,True,True,False,False,False,True,False,False,False,False,False,False,True,False,False,False,False,False,False,True,False,False,True,False
TX-00142,False,True,True,False,False,False,False,False,True,False,False,True,True,False,True,True,False,False,True,False,True,False,False,False,False,False,False,False,False,False,False,True,False,False,False,False,False,True,True,True,False,False,False
TX-00143,False,False,True,False,False,False,False,False,True,False,False,True,True,False,True,True,False,False,True,True,True,False,False,False,True,False,False,False,False,False,False,True,False,False,False,False,False,False,True,False,False,True,False
TX-00144,True,True,True,False,False,False,False,False,False,True,False,True,True,False,False,True,False,True,False,False,True,False,False,False,False,False,False,False,False,False,False,False,True,False,False,False,False,True,True,True,False,False,False
TX-00145,True,False,True,False,False,False,False,False,False,True,False,True,True,False,False,True,False,True,False,True,True,False,False,False,False,False,False,False,False,False,False,False,True,False,False,False,False,True,True,False,False,True,False
TX-00146,True,True,True,False,False,False,False,False,False,True,False,True,True,False,False,True,False,True,False,False,True,False,False,False,False,False,False,False,False,False,False,False,True,False,False,False,False,True,True,False,False,True,False
TX-00147,True,True,True,False,False,False,False,False,False,True,False,True,True,False,False,True,False,True,False,False,True,False,False,False,False,False,False,False,False,False,False,False,True,False,False,False,False,True,True,True,False,False,False
TX-00148,True,False,True,False,False,False,False,False,False,True,False,True,True,False,False,True,False,True,False,True,True,False,False,False,True,False,False,False,False,False,False,False,True,False,False,False,False,False,True,False,False,True,False
TX-00149,False,True,True,False,False,False,False,False,True,False,False,True,False,True,True,True,False,False,True,False,True,False,False,False,True,False,False,True,False,False,False,False,False,False,False,False,False,False,True,False,False,True,False
TX-00150,False,False,True,False,False,False,False,False,True,False,False,True,False,True,True,True,False,False,True,True,True,False,False,False,True,False,False,True,False,False,False,False,False,False,False,False,False,False,True,False,True,False,False
TX-00151,False,True,True,False,False,False,False,False,True,False,False,True,False,True,True,True,False,False,True,False,True,False,False,False,False,False,False,True,False,False,False,False,False,False,False,False,False,True,True,False,False,True,False
TX-00152,False,True,True,False,False,False,False,False,True,False,False,True,False,True,True,True,False,False,True,False,True,False,False,False,False,False,False,True,False,False,False,False,False,False,False,False,False,True,True,True,False,False,False
TX-00153,False,False,True,False,False,False,False,False,True,False,False,True,False,True,True,True,False,False,True,True,True,False,False,False,True,False,False,True,False,False,False,False,False,False,False,False,False,False,True,False,True,False,False
TX-00154,False,True,True,False,False,False,False,False,True,False,False,True,False,True,True,True,False,False,True,False,True,False,False,False,True,False,False,True,False,False,False,False,False,False,False,False,False,False,True,False,False,True,False
TX-00155,False,True,True,False,False,False,False,False,True,False,False,True,False,True,True,True,False,False,True,False,True,False,False,False,False,False,False,True,False,False,False,False,False,False,False,False,False,True,True,True,False,False,False
TX-00156,False,True,True,False,False,False,False,False,True,False,False,True,False,True,True,True,False,False,True,False,True,False,False,False,False,False,False,True,False,False,False,False,False,False,False,False,False,True,True,False,False,True,False
TX-00157,False,False,True,False,False,False,False,False,True,False,False,True,False,True,True,True,False,False,True,True,True,False,False,False,True,False,False,True,False,False,False,False,False,False,False,False,False,False,True,False,False,True,False
TX-00158,False,True,True,False,False,False,False,False,True,False,False,True,False,True,True,True,False,False,True,False,True,False,False,False,False,False,False,True,False,False,False,False,False,False,False,False,False,True,True,True,False,False,False
TX-00159,False,True,True,False,False,False,False,False,True,False,False,True,False,True,True,True,False,False,True,False,True,False,False,False,False,False,False,True,False,False,False,False,False,False,False,False,False,True,True,True,False,False,False
TX-00160,False,True,True,False,False,False,False,False,True,False,False,True,False,True,True,True,False,False,True,False,True,False,False,False,False,False,False,True,False,False,False,False,False,False,False,False,False,True,True,True,False,False,False
TX-00161,False,True,True,False,False,False,False,False,True,False,False,True,False,True,True,True,False,False,True,False,True,False,False,False,False,False,False,True,False,False,False,False,False,False,False,False,False,True,True,True,False,False,False
TX-00162,False,False,True,False,False,False,False,False,True,False,False,True,False,True,True,True,False,True,False,True,True,False,False,False,True,False,False,True,False,False,False,False,False,False,False,False,False,False,True,False,True,False,False
TX-00163,False,True,True,False,False,False,False,False,True,False,False,True,False,True,True,True,False,True,False,False,True,False,False,False,False,False,False,True,False,False,False,False,False,False,False,False,False,True,True,False,False,True,False
TX-00164,False,True,True,False,False,False,False,False,True,False,False,True,False,True,True,True,False,True,False,False,True,False,False,False,False,False,False,True,False,False,False,False,False,False,False,False,False,True,True,False,True,False,False
TX-00165,False,True,True,False,False,False,False,False,True,False,False,True,False,True,True,True,False,True,False,False,True,False,False,False,False,False,False,True,False,False,False,False,False,False,False,False,False,True,True,False,False,True,False
TX-00166,False,True,True,False,False,False,False,False,True,False,False,True,False,True,True,True,False,True,False,False,True,False,False,False,False,False,False,True,False,False,False,False,False,False,False,False,False,True,True,False,True,False,False
TX-00167,False,True,True,False,False,False,False,False,True,False,False,True,False,True,True,True,False,True,False,False,True,False,False,False,False,False,False,True,False,False,False,False,False,False,False,False,False,True,True,False,False,True,False
TX-00168,False,False,True,False,False,False,False,False,True,False,False,True,False,True,True,True,False,True,False,True,True,False,False,False,True,False,False,True,False,False,False,False,False,False,False,False,False,False,True,False,False,True,False
TX-00169,False,True,True,False,False,False,False,False,True,False,False,True,False,True,True,True,False,True,False,False,True,False,False,False,True,False,False,True,False,False,False,False,False,False,False,False,False,False,True,False,False,True,False
TX-00170,False,True,True,False,False,False,False,False,True,False,False,True,False,True,True,True,False,True,False,False,True,False,False,False,False,False,False,True,False,False,False,False,False,False,False,False,False,True,True,True,False,False,False
TX-00171,False,True,True,False,False,False,False,False,True,False,False,True,False,True,True,True,False,True,False,False,True,False,False,False,False,False,False,True,False,False,False,False,False,False,False,False,False,True,True,False,False,True,False
TX-00172,False,True,True,False,False,False,False,False,True,False,False,True,False,True,True,True,False,True,False,False,True,False,False,False,False,False,False,True,False,False,False,False,False,False,False,False,False,True,True,True,False,False,False
TX-00173,False,False,True,False,False,False,False,False,True,False,False,True,False,True,True,True,False,True,False,True,True,False,False,False,True,False,False,True,False,False,False,False,False,False,False,False,False,False,True,False,False,True,False
TX-00174,False,True,True,False,False,False,False,False,True,False,False,True,False,True,True,True,False,True,False,False,True,False,False,False,False,False,False,True,False,False,False,False,False,False,False,False,False,True,True,True,False,False,False
TX-00175,False,False,True,False,False,False,False,False,True,False,False,True,False,True,True,True,False,True,False,True,True,False,False,False,True,False,False,True,False,False,False,False,False,False,False,False,False,False,True,False,True,False,False
TX-00176,False,True,True,False,False,False,False,False,True,False,False,True,False,True,True,True,False,True,False,False,True,False,False,False,False,False,False,True,False,False,False,False,False,False,False,False,False,True,True,True,False,False,False
TX-00177,False,True,True,False,False,False,False,False,True,False,False,True,False,True,True,True,False,True,False,False,True,False,False,False,False,False,False,True,False,False,False,False,False,False,False,False,False,True,True,False,False,True,False
TX-00178,False,True,True,False,False,False,False,False,True,False,False,True,False,True,True,True,False,True,False,False,True,False,False,False,False,False,False,True,False,False,False,False,False,False,False,False,False,True,True,True,False,False,False
TX-00179,False,False,True,False,False,False,False,False,True,False,False,True,False,True,True,True,False,True,False,True,True,False,False,False,False,False,False,True,False,False,False,False,False,False,False,False,False,True,True,False,True,False,False
TX-00180,False,False,True,False,False,False,False,False,True,False,False,True,False,True,True,True,False,True,False,True,True,False,False,False,False,False,False,True,False,False,False,False,False,False,False,False,False,True,True,False,False,True,False
TX-00181,False,True,True,False,False,False,False,False,True,False,False,True,False,True,True,True,False,True,False,False,True,False,False,False,False,False,False,True,False,False,False,False,False,False,False,False,False,True,True,False,False,True,False
TX-00182,False,True,True,False,False,False,False,False,True,False,False,True,False,True,True,True,False,True,False,False,True,False,False,False,False,False,False,True,False,False,False,False,False,False,False,False,False,True,True,False,False,True,False
TX-00183,False,True,True,False,False,False,False,False,True,False,False,True,False,True,True,True,False,True,False,False,True,False,False,False,False,False,False,True,False,False,False,False,False,False,False,False,False,True,True,True,False,False,False
TX-00184,False,False,True,False,False,False,False,False,True,False,False,True,False,True,True,True,False,True,False,True,True,False,False,False,True,False,False,True,False,False,False,False,False,False,False,False,False,False,True,False,False,True,False
TX-00185,True,True,True,False,False,False,False,False,False,True,False,True,False,True,False,False,False,False,True,False,True,False,False,False,False,True,False,False,False,False,True,False,False,False,False,False,False,True,True,True,False,False,False
TX-00186,True,True,True,False,False,False,False,False,False,True,False,True,False,True,False,False,False,False,True,False,True,False,False,False,True,True,False,False,False,False,True,False,False,False,False,False,False,False,True,False,False,True,False
TX-00187,True,True,True,False,False,False,False,False,False,True,False,True,False,True,False,False,False,False,True,False,True,False,False,False,True,True,False,False,False,False,True,False,False,False,False,False,False,False,True,False,False,True,False
TX-00188,True,True,True,False,False,False,False,False,False,True,False,True,False,True,False,False,False,False,True,False,True,False,False,False,False,True,False,False,False,False,True,False,False,False,False,False,False,True,True,False,False,True,False
TX-00189,True,True,True,False,False,False,False,False,False,True,False,True,False,True,False,False,False,False,True,False,True,False,False,False,False,True,False,False,False,False,True,False,False,False,False,False,False,True,True,False,False,True,False
TX-00190,True,True,True,False,False,False,False,False,False,True,False,True,False,True,False,False,False,False,True,False,True,False,False,False,True,True,False,False,False,False,True,False,False,False,False,False,False,False,True,False,False,True,False
TX-00191,True,True,True,False,False,False,False,False,False,True,False,True,False,True,False,False,False,False,True,False,True,False,False,False,False,True,False,False,False,False,True,False,False,False,False,False,False,True,True,False,False,True,False
TX-00192,True,True,True,False,False,False,False,False,False,True,False,True,False,True,False,False,False,False,True,False,True,False,False,False,False,True,False,False,False,False,True,False,False,False,False,False,False,True,True,True,False,False,False
TX-00193,True,False,True,False,False,False,False,False,False,True,False,True,False,True,False,False,False,False,True,True,True,False,False,False,False,True,False,False,False,False,True,False,False,False,False,False,False,True,True,False,False,True,False
TX-00194,True,True,True,False,False,False,False,False,False,True,False,True,False,True,False,False,False,False,True,False,True,False,False,False,False,True,False,False,False,False,True,False,False,False,False,False,False,True,True,False,True,False,False
TX-00195,True,True,True,False,False,False,False,False,False,True,False,True,False,True,False,False,False,False,True,False,True,False,False,False,False,True,False,False,False,False,True,False,False,False,False,False,False,True,True,False,False,True,False
TX-00196,True,True,True,False,False,False,False,False,False,True,False,True,False,True,False,False,False,False,True,False,True,False,False,False,False,True,False,False,False,False,True,False,False,False,False,False,False,True,True,True,False,False,False
TX-00197,True,False,True,False,False,False,False,False,False,True,False,True,False,True,False,False,False,False,True,True,True,False,False,False,True,True,False,False,False,False,True,False,False,False,False,False,False,False,True,False,True,False,False
TX-00198,True,True,True,False,False,False,False,False,False,True,False,True,False,True,False,False,False,False,True,False,True,False,False,False,False,True,False,False,False,False,True,False,False,False,False,False,False,True,True,True,False,False,False
TX-00199,True,True,True,False,False,False,False,False,False,True,False,True,False,True,False,False,False,False,True,False,True,False,False,False,False,True,False,False,False,False,True,False,False,False,False,False,False,True,True,True,False,False,False
TX-00200,True,True,True,False,False,False,False,False,False,True,False,True,False,True,False,False,False,False,True,False,True,False,False,False,False,True,False,False,False,False,True,False,False,False,False,False,False,True,True,False,True,False,False
TX-00201,True,False,True,False,False,False,False,False,False,True,False,True,False,True,False,False,False,False,True,True,True,False,False,False,False,True,False,False,False,False,True,False,False,False,False,False,False,True,True,False,False,True,False
TX-00202,True,True,True,False,False,False,False,False,False,True,False,True,False,True,False,False,False,False,True,False,True,False,False,False,False,True,False,False,False,False,True,False,False,False,False,False,False,True,True,False,False,True,False
TX-00203,True,False,True,False,False,False,False,False,False,True,False,True,False,True,False,False,False,False,True,True,True,False,False,False,True,True,False,False,False,False,True,False,False,False,False,False,False,False,True,False,True,False,False
TX-00204,True,True,True,False,False,False,False,False,False,True,False,True,False,True,False,False,False,False,True,False,True,False,False,False,False,True,False,False,False,False,True,False,False,False,False,False,False,True,True,True,False,False,False
TX-00205,True,False,True,False,False,False,False,False,False,True,False,True,False,True,False,False,False,False,True,True,True,False,False,False,False,True,False,False,False,False,True,False,False,False,False,False,False,True,True,False,True,False,False
TX-00206,True,False,True,False,False,False,False,False,False,True,False,True,False,True,False,False,False,False,True,True,True,False,False,False,True,True,False,False,False,False,True,False,False,False,False,False,False,False,True,False,False,True,False
TX-00207,True,False,True,False,False,False,False,False,False,True,False,True,False,True,False,False,False,False,True,True,True,False,False,False,True,True,False,False,False,False,True,False,False,False,False,False,False,False,True,False,False,True,False
TX-00208,True,True,True,False,False,False,False,False,False,True,False,True,False,True,False,False,False,False,True,False,True,False,False,False,False,True,False,False,False,False,True,False,False,False,False,False,False,True,True,True,False,False,False
TX-00209,True,True,True,False,False,False,False,False,False,True,False,True,False,True,False,False,False,False,True,False,True,False,False,False,False,True,False,False,False,False,True,False,False,False,False,False,False,True,True,False,False,True,False
TX-00210,True,True,True,False,False,False,False,False,False,True,False,True,False,True,False,False,False,False,True,False,True,False,False,False,False,True,False,False,False,False,True,False,False,False,False,False,False,True,True,False,False,True,False
TX-00211,True,True,True,False,False,False,False,False,False,True,False,True,False,True,False,False,False,False,True,False,True,False,False,False,False,True,False,False,False,False,True,False,False,False,False,False,False,True,True,False,False,True,False
TX-00212,True,False,True,False,False,False,False,False,False,True,False,True,False,True,False,False,False,False,True,True,True,False,False,False,False,True,False,False,False,False,True,False,False,False,False,False,False,True,True,False,False,True,False
TX-00213,True,False,True,False,False,False,False,False,False,True,False,True,False,True,False,False,False,False,True,True,True,False,False,False,False,True,False,False,False,False,True,False,False,False,False,False,False,True,True,False,True,False,False
TX-00214,True,True,True,False,False,False,False,False,False,True,False,True,False,True,False,False,False,False,True,False,True,False,False,False,False,True,False,False,False,False,True,False,False,False,False,False,False,True,True,False,False,True,False
TX-00215,True,True,True,False,False,False,False,False,False,True,False,True,False,True,False,False,False,False,True,False,True,False,False,False,True,True,False,False,False,False,True,False,False,False,False,False,False,False,True,False,False,True,False
TX-00216,True,True,True,False,False,False,False,False,False,True,False,True,False,True,False,False,False,False,True,False,True,False,False,False,False,True,False,False,False,False,True,False,False,False,False,False,False,True,True,False,True,False,False
TX-00217,True,True,True,False,False,False,False,False,False,True,False,True,False,True,False,False,False,False,True,False,True,False,False,False,False,True,False,False,False,False,True,False,False,False,False,False,False,True,True,False,False,True,False
TX-00218,True,True,True,False,False,False,False,False,False,True,False,True,False,True,False,False,False,False,True,False,True,False,False,False,False,True,False,False,False,False,True,False,False,False,False,False,False,True,True,False,False,True,False
TX-00219,True,False,True,False,False,False,False,False,False,True,False,True,False,True,False,False,False,False,True,True,True,False,False,False,False,True,False,False,False,False,True,False,False,False,False,False,False,True,True,False,True,False,False
TX-00220,True,True,True,False,False,False,False,False,False,True,False,True,False,True,False,False,False,False,True,False,True,False,False,False,False,True,False,False,False,False,True,False,False,False,False,False,False,True,True,True,False,False,False
TX-00221,True,True,True,False,False,False,False,False,False,True,False,True,False,True,False,False,False,False,True,False,True,False,False,False,False,True,False,False,False,False,True,False,False,False,False,False,False,True,True,False,False,True,False
TX-00222,True,False,True,False,False,False,False,False,False,True,False,True,False,True,False,False,False,False,True,True,True,False,False,False,False,True,False,False,False,False,True,False,False,False,False,False,False,True,True,False,True,False,False
TX-00223,True,True,True,False,False,False,False,False,False,True,True,False,False,True,False,False,False,False,True,False,True,False,False,False,False,True,False,False,False,False,False,True,False,False,False,False,False,True,True,False,False,True,False
TX-00224,True,True,True,False,False,False,False,False,False,True,True,False,False,True,False,False,False,False,True,False,True,False,False,False,False,True,False,False,False,False,False,True,False,False,False,False,False,True,True,False,False,True,False
TX-00225,True,True,True,False,False,False,False,False,False,True,True,False,False,True,False,False,False,False,True,False,True,False,False,False,False,True,False,False,False,False,False,True,False,False,False,False,False,True,True,True,False,False,False
TX-00226,True,True,True,False,False,False,False,False,False,True,True,False,False,True,False,False,False,False,True,False,True,False,False,False,False,True,False,False,False,False,False,True,False,False,False,False,False,True,True,False,False,True,False
TX-00227,True,False,True,False,False,False,False,False,False,True,True,False,False,True,False,False,False,False,True,True,True,False,False,False,True,True,False,False,False,False,False,True,False,False,False,False,False,False,True,False,True,False,False
TX-00228,True,True,True,False,False,False,False,False,False,True,True,False,False,True,False,False,False,False,True,False,True,False,False,False,False,True,False,False,False,False,False,True,False,False,False,False,False,True,True,False,False,True,False
TX-00229,True,True,True,False,False,False,False,False,False,True,True,False,False,True,False,False,False,False,True,False,True,False,False,False,True,True,False,False,False,False,False,True,False,False,False,False,False,False,True,False,False,True,False
TX-00230,True,True,True,False,False,False,False,False,False,True,True,False,False,True,False,False,False,False,True,False,True,False,False,False,False,True,False,False,False,False,False,True,False,False,False,False,False,True,True,True,False,False,False
TX-00231,True,True,True,False,False,False,False,False,False,True,True,False,False,True,False,False,False,False,True,False,True,False,False,False,False,True,False,False,False,False,False,True,False,False,False,False,False,True,True,True,False,False,False
TX-00232,True,False,True,False,False,False,False,False,False,True,True,False,False,True,False,False,False,False,True,True,True,False,False,False,False,True,False,False,False,False,False,True,False,False,False,False,False,True,True,False,True,False,False
TX-00233,True,False,True,False,False,False,False,False,False,True,True,False,False,True,False,False,False,False,True,True,True,False,False,False,True,True,False,False,False,False,False,True,False,False,False,False,False,False,True,False,True,False,False
TX-00234,True,False,True,False,False,False,False,False,False,True,True,False,False,True,False,False,False,False,True,True,True,False,False,False,True,True,False,False,False,False,False,True,False,False,False,False,False,False,True,False,False,True,False
TX-00235,True,True,True,False,False,False,False,False,False,True,True,False,False,True,False,False,False,False,True,False,True,False,False,False,False,True,False,False,False,False,False,True,False,False,False,False,False,True,True,True,False,False,False
TX-00236,True,False,True,False,False,False,False,False,False,True,True,False,False,True,False,False,False,False,True,True,True,False,False,False,False,True,False,False,False,False,False,True,False,False,False,False,False,True,True,False,False,True,False
TX-00237,True,True,True,False,False,False,False,False,False,True,True,False,False,True,False,False,False,False,True,False,True,False,False,False,True,True,False,False,False,False,False,True,False,False,False,False,False,False,True,False,True,False,False
TX-00238,True,True,True,False,False,False,False,False,False,True,True,False,False,True,False,False,False,False,True,False,True,False,False,False,False,True,False,False,False,False,False,True,False,False,False,False,False,True,True,True,False,False,False
TX-00239,True,True,True,False,False,False,False,False,False,True,True,False,False,True,False,False,False,False,True,False,True,False,False,False,False,True,False,False,False,False,False,True,False,False,False,False,False,True,True,True,False,False,False
TX-00240,True,True,True,False,False,False,False,False,False,True,True,False,False,True,False,False,False,False,True,False,True,False,False,False,True,True,False,False,False,False,False,True,False,False,False,False,False,False,True,False,True,False,False
TX-00241,True,False,True,False,False,False,False,False,False,True,True,False,False,True,False,False,False,False,True,True,True,False,False,False,False,True,False,False,False,False,False,True,False,False,False,False,False,True,True,False,True,False,False
TX-00242,True,False,True,False,False,False,False,False,False,True,True,False,False,True,False,False,False,False,True,True,True,False,False,False,True,True,False,False,False,False,False,True,False,False,False,False,False,False,True,False,False,True,False
TX-00243,True,True,True,False,False,False,False,False,False,True,True,False,False,True,False,False,False,False,True,False,True,False,False,False,False,True,False,False,False,False,False,True,False,False,False,False,False,True,True,False,False,True,False
TX-00244,True,True,True,False,False,False,False,False,False,True,True,False,False,True,False,False,False,False,True,False,True,False,False,False,False,True,False,False,False,False,False,True,False,False,False,False,False,True,True,False,False,True,False
TX-00245,True,True,True,False,False,False,False,False,False,True,True,False,False,True,False,False,False,False,True,False,True,False,False,False,False,True,False,False,False,False,False,True,False,False,False,False,False,True,True,True,False,False,False
TX-00246,True,True,True,False,False,False,False,False,False,True,True,False,False,True,False,False,False,False,True,False,True,False,False,False,False,True,False,False,False,False,False,True,False,False,False,False,False,True,True,False,False,True,False
TX-00247,True,True,True,False,False,False,False,False,False,True,True,False,False,True,False,False,False,False,True,False,True,False,False,False,False,True,False,False,False,False,False,True,False,False,False,False,False,True,True,False,True,False,False
TX-00248,True,False,True,False,False,False,False,False,False,True,True,False,False,True,False,False,False,False,True,True,True,False,False,False,True,True,False,False,False,False,False,True,False,False,False,False,False,False,True,False,False,True,False
TX-00249,True,False,True,False,False,False,False,False,False,True,True,False,False,True,False,False,False,False,True,True,True,False,False,False,False,True,False,False,False,False,False,True,False,False,False,False,False,True,True,False,True,False,False
TX-00250,True,True,True,False,False,False,False,False,False,True,True,False,False,True,False,False,False,False,True,False,True,False,False,False,True,True,False,False,False,False,False,True,False,False,False,False,False,False,True,False,True,False,False
TX-00251,True,False,True,False,False,False,False,False,False,True,True,False,False,True,False,False,False,False,True,True,True,False,False,False,True,True,False,False,False,False,False,True,False,False,False,False,False,False,True,False,False,True,False
TX-00252,True,False,True,False,False,False,False,False,False,True,True,False,False,True,False,False,False,False,True,True,True,False,False,False,False,True,False,False,False,False,False,True,False,False,False,False,False,True,True,False,True,False,False
TX-00253,True,True,True,False,False,False,False,False,False,True,True,False,False,True,False,False,False,False,True,False,True,False,False,False,False,True,False,False,False,False,False,True,False,False,False,False,False,True,True,False,False,True,False
TX-00254,True,True,True,False,False,False,False,False,False,True,True,False,False,True,False,False,False,False,True,False,True,False,False,False,False,True,False,False,False,False,False,True,False,False,False,False,False,True,True,True,False,False,False
TX-00255,True,True,True,False,False,False,False,False,False,True,True,False,False,True,False,False,False,False,True,False,True,False,False,False,False,True,False,False,False,False,False,True,False,False,False,False,False,True,True,False,True,False,False
TX-00256,True,True,True,False,False,False,False,False,False,True,True,False,False,True,False,False,False,False,True,False,True,False,False,False,False,True,False,False,False,False,False,True,False,False,False,False,False,True,True,False,True,False,False
TX-00257,True,True,True,False,False,False,False,False,False,True,True,False,False,True,False,False,False,False,True,False,True,False,False,False,False,True,False,False,False,False,False,True,False,False,False,False,False,True,True,False,True,False,False
TX-00258,True,True,True,False,False,False,False,False,False,True,True,False,False,True,False,False,False,False,True,False,True,False,False,False,False,True,False,False,False,False,False,True,False,False,False,False,False,True,True,False,False,True,False
TX-00259,True,True,True,False,False,False,False,False,False,True,True,False,False,True,False,True,False,False,True,False,True,False,False,False,True,False,False,True,False,False,False,False,False,False,False,False,False,False,True,False,False,True,False
TX-00260,True,False,True,False,False,False,False,False,False,True,True,False,False,True,False,True,False,False,True,True,True,False,False,False,False,False,False,True,False,False,False,False,False,False,False,False,False,True,True,False,False,True,False
TX-00261,True,True,True,False,False,False,False,False,False,True,True,False,False,True,False,True,False,False,True,False,True,False,False,False,False,False,False,True,False,False,False,False,False,False,False,False,False,True,True,True,False,False,False
TX-00262,True,True,True,False,False,False,False,False,False,True,True,False,False,True,False,True,False,False,True,False,True,False,False,False,False,False,False,True,False,False,False,False,False,False,False,False,False,True,True,True,False,False,False
TX-00263,True,True,True,False,False,False,False,False,False,True,True,False,False,True,False,True,False,False,True,False,True,False,False,False,False,False,False,True,False,False,False,False,False,False,False,False,False,True,True,False,True,False,False
TX-00264,True,False,True,False,False,False,False,False,False,True,True,False,False,True,False,True,False,False,True,True,True,False,False,False,True,False,False,True,False,False,False,False,False,False,False,False,False,False,True,False,True,False,False
TX-00265,True,True,True,False,False,False,False,False,False,True,True,False,False,True,False,True,False,False,True,False,True,False,False,False,False,False,False,True,False,False,False,False,False,False,False,False,False,True,True,False,False,True,False
TX-00266,True,True,True,False,False,False,False,False,False,True,True,False,False,True,False,True,False,False,True,False,True,False,False,False,False,False,False,True,False,False,False,False,False,False,False,False,False,True,True,False,False,True,False
TX-00267,True,False,True,False,False,False,False,False,False,True,True,False,False,True,False,True,False,False,True,True,True,False,False,False,False,False,False,True,False,False,False,False,False,False,False,False,False,True,True,False,True,False,False
TX-00268,True,True,True,False,False,False,False,False,False,True,True,False,False,True,False,True,False,False,True,False,True,False,False,False,False,False,False,True,False,False,False,False,False,False,False,False,False,True,True,False,False,True,False
TX-00269,True,True,True,False,False,False,False,False,False,True,True,False,False,True,False,True,False,False,True,False,True,False,False,False,False,False,False,True,False,False,False,False,False,False,False,False,False,True,True,True,False,False,False
TX-00270,True,True,True,False,False,False,False,False,False,True,True,False,False,True,False,True,False,False,True,False,True,False,False,False,False,False,False,True,False,False,False,False,False,False,False,False,False,True,True,True,False,False,False
TX-00271,True,True,True,False,False,False,False,False,False,True,True,False,False,True,False,True,False,True,False,False,True,False,False,False,False,False,False,True,False,False,False,False,False,False,False,False,False,True,True,True,False,False,False
TX-00272,True,True,True,False,False,False,False,False,False,True,True,False,False,True,False,True,False,True,False,False,True,False,False,False,False,False,False,True,False,False,False,False,False,False,False,False,False,True,True,True,False,False,False
TX-00273,True,False,True,False,False,False,False,False,False,True,True,False,False,True,False,True,False,True,False,True,True,False,False,False,True,False,False,True,False,False,False,False,False,False,False,False,False,False,True,False,False,True,False
TX-00274,True,False,True,False,False,False,False,False,False,True,True,False,False,True,False,True,False,True,False,True,True,False,False,False,True,False,False,True,False,False,False,False,False,False,False,False,False,False,True,False,True,False,False
TX-00275,True,True,True,False,False,False,False,False,False,True,True,False,False,True,False,True,False,True,False,False,True,False,False,False,True,False,False,True,False,False,False,False,False,False,False,False,False,False,True,False,False,True,False
TX-00276,True,True,True,False,False,False,False,False,False,True,True,False,False,True,False,True,False,True,False,False,True,False,False,False,False,False,False,True,False,False,False,False,False,False,False,False,False,True,True,True,False,False,False
TX-00277,True,True,True,False,False,False,False,False,False,True,True,False,False,True,False,True,False,True,False,False,True,False,False,False,False,False,False,True,False,False,False,False,False,False,False,False,False,True,True,False,False,True,False
TX-00278,True,True,True,False,False,False,False,False,False,True,True,False,False,True,False,True,False,True,False,False,True,False,False,False,False,False,False,True,False,False,False,False,False,False,False,False,False,True,True,False,False,True,False
TX-00279,True,True,True,False,False,False,False,False,False,True,True,False,False,True,False,True,False,False,True,False,True,False,False,False,False,False,False,True,False,False,False,False,False,False,False,False,False,True,True,False,False,True,False
TX-00280,True,False,True,False,False,False,False,False,False,True,True,False,False,True,False,True,False,False,True,True,True,False,False,False,False,False,False,True,False,False,False,False,False,False,False,False,False,True,True,False,True,False,False
TX-00281,True,False,True,False,False,False,False,False,False,True,True,False,False,True,False,True,False,False,True,True,True,False,False,False,True,False,False,True,False,False,False,False,False,False,False,False,False,False,True,False,False,True,False
TX-00282,True,True,True,False,False,False,False,False,False,True,True,False,False,True,False,True,False,False,True,False,True,False,False,False,False,False,False,True,False,False,False,False,False,False,False,False,False,True,True,True,False,False,False
TX-00283,True,True,True,False,False,False,False,False,False,True,True,False,False,True,False,True,False,False,True,False,True,False,False,False,True,False,False,True,False,False,False,False,False,False,False,False,False,False,True,False,False,True,False
TX-00284,True,True,True,False,False,False,False,False,False,True,True,False,False,True,False,True,False,False,True,False,True,False,False,False,True,False,False,True,False,False,False,False,False,False,False,False,False,False,True,False,False,True,False
TX-00285,True,False,True,False,False,False,False,False,False,True,True,False,False,True,False,True,False,False,True,True,True,False,False,False,False,False,False,True,False,False,False,False,False,False,False,False,False,True,True,False,True,False,False
TX-00286,True,True,True,False,False,False,False,False,False,True,True,False,False,True,False,True,False,False,True,False,True,False,False,False,False,False,False,True,False,False,False,False,False,False,False,False,False,True,True,False,False,True,False
TX-00287,True,True,True,False,False,False,False,False,False,True,True,False,False,True,False,True,False,False,True,False,True,False,False,False,False,False,False,True,False,False,False,False,False,False,False,False,False,True,True,False,False,True,False
TX-00288,True,True,True,False,False,False,False,False,False,True,True,False,False,True,False,True,False,False,True,False,True,False,False,False,True,False,False,True,False,False,False,False,False,False,False,False,False,False,True,False,False,True,False
TX-00289,True,True,True,False,False,False,False,False,False,True,True,False,False,True,False,True,False,False,True,False,True,False,False,False,False,False,False,True,False,False,False,False,False,False,False,False,False,True,True,True,False,False,False
TX-00290,True,True,True,False,False,False,False,False,False,True,True,False,False,True,False,True,False,False,True,False,True,False,False,False,False,False,False,True,False,False,False,False,False,False,False,False,False,True,True,True,False,False,False
TX-00291,True,True,True,False,False,False,False,False,False,True,True,False,False,True,False,True,False,False,True,False,True,False,False,False,False,False,False,True,False,False,False,False,False,False,False,False,False,True,True,True,False,False,False
TX-00292,True,True,True,False,False,False,False,False,False,True,True,False,False,True,False,True,False,False,True,False,True,False,False,False,False,False,False,True,False,False,False,False,False,False,False,False,False,True,True,True,False,False,False
TX-00293,True,True,True,False,False,False,False,False,False,True,True,False,False,True,False,True,False,False,True,False,True,False,False,False,False,False,False,True,False,False,False,False,False,False,False,False,False,True,True,False,True,False,False
TX-00294,True,False,True,False,False,False,False,False,False,True,True,False,False,True,False,True,False,False,True,True,True,False,False,False,True,False,False,True,False,False,False,False,False,False,False,False,False,False,True,False,False,True,False
TX-00295,True,True,True,False,False,False,False,False,False,True,True,False,False,True,False,True,False,False,True,False,True,False,False,False,False,False,False,True,False,False,False,False,False,False,False,False,False,True,True,False,False,True,False
TX-00296,True,True,True,False,False,False,False,False,False,True,True,False,False,True,False,True,False,False,True,False,True,False,False,False,True,False,False,True,False,False,False,False,False,False,False,False,False,False,True,False,False,True,False
TX-00297,True,True,True,False,False,False,False,False,False,True,True,False,False,True,False,True,False,False,True,False,True,False,False,False,False,False,False,True,False,False,False,False,False,False,False,False,False,True,True,False,False,True,False
TX-00298,True,False,True,False,False,False,False,False,False,True,True,False,False,True,False,True,False,False,True,True,True,False,False,False,True,False,False,True,False,False,False,False,False,False,False,False,False,False,True,False,False,True,False
TX-00299,True,True,True,False,False,False,False,False,False,True,True,False,False,True,False,True,False,False,True,False,True,False,False,False,False,False,False,True,False,False,False,False,False,False,False,False,False,True,True,True,False,False,False
TX-00300,True,True,True,False,False,False,False,False,False,True,True,False,False,True,False,True,False,False,True,False,True,False,False,False,False,False,False,True,False,False,False,False,False,False,False,False,False,True,True,False,False,True,False
TX-00301,True,True,True,False,False,False,False,False,False,True,True,False,False,True,False,True,False,False,True,False,True,False,False,False,False,False,False,True,False,False,False,False,False,False,False,False,False,True,True,False,False,True,False
TX-00302,True,False,True,False,False,False,False,False,False,True,True,False,False,True,False,True,False,False,True,True,True,False,False,False,True,False,False,True,False,False,False,False,False,False,False,False,False,False,True,False,False,True,False
TX-00303,True,True,True,False,False,False,False,False,False,True,True,False,False,True,False,True,False,False,True,False,True,False,False,False,False,False,False,True,False,False,False,False,False,False,False,False,False,True,True,True,False,False,False
TX-00304,True,True,True,False,False,False,False,False,False,True,True,False,False,True,False,True,False,False,True,False,True,False,False,False,False,False,False,True,False,False,False,False,False,False,False,False,False,True,True,False,False,True,False
TX-00305,True,True,True,False,False,False,False,False,False,True,True,False,False,True,False,True,False,False,True,False,True,False,False,False,False,False,False,True,False,False,False,False,False,False,False,False,False,True,True,True,False,False,False
TX-00306,True,True,True,False,False,False,False,False,False,True,True,False,False,True,False,True,False,False,True,False,True,False,False,False,False,False,False,True,False,False,False,False,False,False,False,False,False,True,True,False,False,True,False
TX-00307,True,True,True,False,False,False,False,False,False,True,True,False,False,True,False,True,False,False,True,False,True,False,False,False,False,False,False,True,False,False,False,False,False,False,False,False,False,True,True,False,True,False,False
TX-00308,True,True,True,False,False,False,False,False,False,True,True,False,False,True,False,True,False,False,True,False,True,False,False,False,False,False,False,True,False,False,False,False,False,False,False,False,False,True,True,False,False,True,False
TX-00309,True,True,True,False,False,False,False,False,False,True,True,False,False,True,False,True,False,False,True,False,True,False,False,False,False,False,False,True,False,False,False,False,False,False,False,False,False,True,True,True,False,False,False
TX-00310,True,True,True,False,False,False,False,False,False,True,True,False,False,True,False,True,False,False,True,False,True,False,False,False,False,False,False,True,False,False,False,False,False,False,False,False,False,True,True,False,True,False,False
TX-00311,True,False,True,False,False,False,False,False,False,True,True,False,False,True,False,True,False,False,True,True,True,False,False,False,False,False,False,True,False,False,False,False,False,False,False,False,False,True,True,False,False,True,False
TX-00312,True,False,True,False,False,False,False,False,False,True,True,False,False,True,False,True,False,False,True,True,True,False,False,False,True,False,False,True,False,False,False,False,False,False,False,False,False,False,True,False,True,False,False
TX-00313,True,True,True,False,False,False,False,False,False,True,True,False,False,True,False,True,False,False,True,False,True,False,False,False,False,False,False,True,False,False,False,False,False,False,False,False,False,True,True,False,False,True,False
TX-00314,True,False,True,False,False,False,False,False,False,True,True,False,False,True,False,True,False,False,True,True,True,False,False,False,True,False,False,True,False,False,False,False,False,False,False,False,False,False,True,False,True,False,False
TX-00315,True,True,True,False,False,False,False,False,False,True,True,False,False,True,False,True,False,True,False,False,True,False,False,False,False,False,False,True,False,False,False,False,False,False,False,False,False,True,True,True,False,False,False
TX-00316,True,False,True,False,False,False,False,False,False,True,True,False,False,True,False,True,False,True,False,True,True,False,False,False,True,False,False,True,False,False,False,False,False,False,False,False,False,False,True,False,False,True,False
TX-00317,True,True,True,False,False,False,False,False,False,True,True,False,False,True,False,True,False,True,False,False,True,False,False,False,False,False,False,True,False,False,False,False,False,False,False,False,False,True,True,True,False,False,False
TX-00318,True,True,True,False,False,False,False,False,False,True,True,False,False,True,False,True,False,False,True,False,True,False,False,False,False,False,False,True,False,False,False,False,False,False,False,False,False,True,True,False,False,True,False
TX-00319,True,True,True,False,False,False,False,False,False,True,True,False,False,True,False,True,False,False,True,False,True,False,False,False,False,False,False,True,False,False,False,False,False,False,False,False,False,True,True,False,False,True,False
TX-00320,True,True,True,False,False,False,False,False,False,True,True,False,False,True,False,True,False,False,True,False,True,False,False,False,False,False,False,True,False,False,False,False,False,False,False,False,False,True,True,False,False,True,False
TX-00321,True,True,True,False,False,False,False,False,False,True,True,False,False,True,False,True,False,False,True,False,True,False,False,False,False,False,False,True,False,False,False,False,False,False,False,False,False,True,True,False,True,False,False
TX-00322,True,True,True,False,False,False,False,False,False,True,True,False,False,True,False,True,False,False,True,False,True,False,False,False,True,False,False,True,False,False,False,False,False,False,False,False,False,False,True,False,False,True,False
TX-00323,True,True,True,False,False,False,False,False,False,True,True,False,False,True,False,True,False,False,True,False,True,False,False,False,False,False,False,True,False,False,False,False,False,False,False,False,False,True,True,False,False,True,False
TX-00324,True,False,True,False,False,False,False,False,False,True,True,False,False,True,False,True,False,False,True,True,True,False,False,False,True,False,False,True,False,False,False,False,False,False,False,False,False,False,True,False,False,True,False
TX-00325,True,True,True,False,False,False,False,False,False,True,True,False,False,True,False,True,False,False,True,False,True,False,False,False,True,False,False,True,False,False,False,False,False,False,False,False,False,False,True,False,False,True,False
TX-00326,True,False,True,False,False,False,False,False,False,True,True,False,False,True,False,True,False,False,True,True,True,False,False,False,False,False,False,True,False,False,False,False,False,False,False,False,False,True,True,False,False,True,False
TX-00327,True,False,True,False,False,False,False,False,False,True,True,False,False,True,False,True,False,False,True,True,True,False,False,False,False,False,False,True,False,False,False,False,False,False,False,False,False,True,True,False,False,True,False
TX-00328,True,True,True,False,False,False,False,False,False,True,True,False,False,True,False,True,False,False,True,False,True,False,False,False,False,False,False,True,False,False,False,False,False,False,False,False,False,True,True,True,False,False,False
TX-00329,True,True,True,False,False,False,False,False,False,True,True,False,False,True,False,True,False,False,True,False,True,False,False,False,False,False,False,True,False,False,False,False,False,False,False,False,False,True,True,False,True,False,False
TX-00330,True,True,True,False,False,False,False,False,False,True,True,False,False,True,False,True,False,False,True,False,True,False,False,False,False,False,False,True,False,False,False,False,False,False,False,False,False,True,True,False,False,True,False
TX-00331,True,True,True,False,False,False,False,False,False,True,True,False,False,True,False,True,False,False,True,False,True,False,False,False,True,False,False,True,False,False,False,False,False,False,False,False,False,False,True,False,True,False,False
TX-00332,True,False,True,False,False,False,False,False,False,True,True,False,False,True,False,True,False,False,True,True,True,False,False,False,False,False,False,True,False,False,False,False,False,False,False,False,False,True,True,False,True,False,False
TX-00333,True,False,True,False,False,False,False,False,False,True,True,False,False,True,False,True,False,False,True,True,True,False,False,False,False,False,False,True,False,False,False,False,False,False,False,False,False,True,True,False,False,True,False
TX-00334,True,True,True,False,False,False,False,False,False,True,True,False,False,True,False,True,False,False,True,False,True,False,False,False,False,False,False,True,False,False,False,False,False,False,False,False,False,True,True,False,False,True,False
TX-00335,True,True,True,False,False,False,False,False,False,True,True,False,False,True,False,True,False,False,True,False,True,False,False,False,False,False,False,True,False,False,False,False,False,False,False,False,False,True,True,False,False,True,False
TX-00336,True,True,True,False,False,False,False,False,False,True,True,False,False,True,False,True,False,False,True,False,True,False,False,False,False,False,False,True,False,False,False,False,False,False,False,False,False,True,True,True,False,False,False
TX-00337,True,True,True,False,False,False,False,False,False,True,True,False,False,True,False,True,False,False,True,False,True,False,False,False,False,False,False,True,False,False,False,False,False,False,False,False,False,True,True,False,False,True,False
TX-00338,True,True,True,False,False,False,False,False,False,True,True,False,False,True,False,True,False,False,True,False,True,False,False,False,False,False,False,True,False,False,False,False,False,False,False,False,False,True,True,False,False,True,False
TX-00339,True,True,True,False,False,False,False,False,False,True,True,False,False,True,False,True,False,False,True,False,True,False,False,False,False,False,False,True,False,False,False,False,False,False,False,False,False,True,True,False,False,True,False
TX-00340,True,False,True,False,False,False,False,False,False,True,True,False,False,True,False,True,False,True,False,True,True,False,False,False,True,False,False,True,False,False,False,False,False,False,False,False,False,False,True,False,True,False,False
TX-00341,True,True,True,False,False,False,False,False,False,True,True,False,False,True,False,True,False,True,False,False,True,False,False,False,False,False,False,True,False,False,False,False,False,False,False,False,False,True,True,True,False,False,False
TX-00342,True,True,True,False,False,False,False,False,False,True,True,False,False,True,False,True,False,True,False,False,True,False,False,False,False,False,False,True,False,False,False,False,False,False,False,False,False,True,True,False,False,True,False
TX-00343,True,True,True,False,False,False,False,False,False,True,True,False,False,True,False,True,False,True,False,False,True,False,False,False,False,False,False,True,False,False,False,False,False,False,False,False,False,True,True,False,False,True,False
TX-00344,True,True,True,False,False,False,False,False,False,True,True,False,False,True,False,True,False,True,False,False,True,False,False,False,True,False,False,True,False,False,False,False,False,False,False,False,False,False,True,False,False,True,False
TX-00345,True,False,True,False,False,False,False,False,False,True,True,False,False,True,False,True,False,True,False,True,True,False,False,False,True,False,False,True,False,False,False,False,False,False,False,False,False,False,True,False,True,False,False
TX-00346,True,True,True,False,False,False,False,False,False,True,True,False,False,True,False,True,False,True,False,False,True,False,False,False,False,False,False,True,False,False,False,False,False,False,False,False,False,True,True,True,False,False,False
TX-00347,True,True,True,False,False,False,False,False,False,True,True,False,False,True,False,True,False,True,False,False,True,False,False,False,False,False,False,True,False,False,False,False,False,False,False,False,False,True,True,True,False,False,False
TX-00348,True,True,True,False,False,False,False,False,False,True,True,False,False,True,False,True,False,True,False,False,True,False,False,False,False,False,False,True,False,False,False,False,False,False,False,False,False,True,True,False,False,True,False
TX-00349,True,True,True,False,False,False,False,True,False,False,True,False,False,True,False,True,False,False,True,False,True,False,False,False,False,False,False,False,False,True,False,False,False,False,False,False,False,True,True,True,False,False,False
TX-00350,True,True,True,False,False,False,False,True,False,False,True,False,False,True,False,True,False,False,True,False,True,False,False,False,False,False,False,False,False,True,False,False,False,False,False,False,False,True,True,False,False,True,False
TX-00351,True,True,True,False,False,False,False,True,False,False,True,False,False,True,False,True,False,False,True,False,True,False,False,False,False,False,False,False,False,True,False,False,False,False,False,False,False,True,True,False,False,True,False
TX-00352,True,False,True,False,False,False,False,True,False,False,True,False,False,True,False,True,False,False,True,True,True,False,False,False,False,False,False,False,False,True,False,False,False,False,False,False,False,True,True,False,False,True,False
TX-00353,True,True,True,False,False,False,False,True,False,False,True,False,False,True,False,True,False,False,True,False,True,False,False,False,False,False,False,False,False,True,False,False,False,False,False,False,False,True,True,False,False,True,False
TX-00354,True,True,True,False,False,False,False,True,False,False,True,False,False,True,False,True,False,False,True,False,True,False,False,False,False,False,False,False,False,True,False,False,False,False,False,False,False,True,True,True,False,False,False
TX-00355,True,False,True,False,False,False,False,True,False,False,True,False,False,True,False,True,False,False,True,True,True,False,False,False,False,False,False,False,False,True,False,False,False,False,False,False,False,True,True,False,True,False,False
TX-00356,True,True,True,False,False,False,False,True,False,False,True,False,False,True,False,True,False,False,True,False,True,False,False,False,False,False,False,False,False,True,False,False,False,False,False,False,False,True,True,False,True,False,False
TX-00357,True,True,True,False,False,False,False,True,False,False,True,False,False,True,False,True,False,False,True,False,True,False,False,False,False,False,False,False,False,True,False,False,False,False,False,False,False,True,True,False,False,True,False
TX-00358,True,True,True,False,False,False,False,True,False,False,True,False,False,True,False,True,False,False,True,False,True,False,False,False,False,False,False,False,False,True,False,False,False,False,False,False,False,True,True,False,False,True,False
TX-00359,True,False,True,False,False,False,False,True,False,False,True,False,False,True,False,True,False,False,True,True,True,False,False,False,False,False,False,False,False,True,False,False,False,False,False,False,False,True,True,False,True,False,False
TX-00360,True,True,True,False,False,False,False,True,False,False,True,False,False,True,False,True,False,False,True,False,True,False,False,False,False,False,False,False,False,True,False,False,False,False,False,False,False,True,True,False,False,True,False
TX-00361,True,False,True,False,False,False,False,True,False,False,True,False,False,True,False,True,False,False,True,True,True,False,False,False,False,False,False,False,False,True,False,False,False,False,False,False,False,True,True,False,True,False,False
TX-00362,True,True,True,False,False,False,False,True,False,False,True,False,False,True,False,True,False,False,True,False,True,False,False,False,False,False,False,False,False,True,False,False,False,False,False,False,False,True,True,False,True,False,False
TX-00363,True,True,True,False,False,False,False,True,False,False,True,False,False,True,False,True,False,False,True,False,True,False,False,False,False,False,False,False,False,True,False,False,False,False,False,False,False,True,True,True,False,False,False
TX-00364,True,False,True,False,False,False,False,True,False,False,True,False,False,True,False,True,False,False,True,True,True,False,False,False,False,False,False,False,False,True,False,False,False,False,False,False,False,True,True,False,True,False,False
TX-00365,True,True,True,False,False,False,False,True,False,False,True,False,False,True,False,True,False,False,True,False,True,False,False,False,True,False,False,False,False,True,False,False,False,False,False,False,False,False,True,False,False,True,False
TX-00366,True,True,True,False,False,False,False,True,False,False,True,False,False,True,False,True,False,False,True,False,True,False,False,False,True,False,False,False,False,True,False,False,False,False,False,False,False,False,True,False,True,False,False
TX-00367,True,True,True,False,False,False,False,True,False,False,True,False,False,True,False,True,False,False,True,False,True,False,False,False,False,False,False,False,False,True,False,False,False,False,False,False,False,True,True,False,False,True,False
TX-00368,True,True,True,False,False,False,False,True,False,False,True,False,False,True,False,True,False,False,True,False,True,False,False,False,False,False,False,False,False,True,False,False,False,False,False,False,False,True,True,True,False,False,False
TX-00369,True,True,True,False,False,False,False,True,False,False,True,False,False,True,False,True,False,False,True,False,True,False,False,False,False,False,False,False,False,True,False,False,False,False,False,False,False,True,True,True,False,False,False
TX-00370,True,True,True,False,False,False,False,True,False,False,True,False,False,True,False,True,False,False,True,False,True,False,False,False,False,False,False,False,False,True,False,False,False,False,False,False,False,True,True,False,False,True,False
TX-00371,True,True,True,False,False,False,False,True,False,False,True,False,False,True,False,True,False,False,True,False,True,False,False,False,False,False,False,False,False,True,False,False,False,False,False,False,False,True,True,True,False,False,False
TX-00372,True,True,True,False,False,False,False,True,False,False,True,False,False,True,False,True,False,False,True,False,True,False,False,False,False,False,False,False,False,True,False,False,False,False,False,False,False,True,True,True,False,False,False
TX-00373,True,False,True,False,False,False,False,True,False,False,True,False,False,True,False,True,False,False,True,True,True,False,False,False,False,False,False,False,False,True,False,False,False,False,False,False,False,True,True,False,False,True,False
TX-00374,True,True,True,False,False,False,False,True,False,False,True,False,False,True,False,True,False,False,True,False,True,False,False,False,False,False,False,False,False,True,False,False,False,False,False,False,False,True,True,True,False,False,False
TX-00375,True,True,True,False,False,False,False,True,False,False,True,False,False,True,False,True,False,False,True,False,True,False,False,False,True,False,False,False,False,True,False,False,False,False,False,False,False,False,True,False,False,True,False
TX-00376,True,True,True,False,False,False,False,True,False,False,True,False,False,True,False,True,False,False,True,False,True,False,False,False,False,False,False,False,False,True,False,False,False,False,False,False,False,True,True,False,True,False,False
TX-00377,True,True,True,False,False,False,False,True,False,False,True,False,False,True,False,True,False,False,True,False,True,False,False,False,True,False,False,False,False,True,False,False,False,False,False,False,False,False,True,False,True,False,False
TX-00378,True,True,True,False,False,False,False,True,False,False,True,False,False,True,False,True,False,False,True,False,True,False,False,False,False,False,False,False,False,True,False,False,False,False,False,False,False,True,True,False,False,True,False
TX-00379,True,False,True,False,False,False,False,True,False,False,True,False,False,True,False,True,False,False,True,True,True,False,False,False,True,False,False,False,False,True,False,False,False,False,False,False,False,False,True,False,False,True,False
TX-00380,True,False,True,False,False,False,False,True,False,False,True,False,False,True,False,True,False,False,True,True,True,False,False,False,False,False,False,False,False,True,False,False,False,False,False,False,False,True,True,False,True,False,False
TX-00381,True,True,True,False,False,False,False,True,False,False,True,False,False,True,False,True,False,False,True,False,True,False,False,False,False,False,False,False,False,True,False,False,False,False,False,False,False,True,True,True,False,False,False
TX-00382,True,True,True,False,False,False,False,True,False,False,True,False,False,True,False,True,False,False,True,False,True,False,False,False,False,False,False,False,False,True,False,False,False,False,False,False,False,True,True,False,False,True,False
TX-00383,True,True,True,False,False,False,False,True,False,False,True,False,False,True,False,True,False,False,True,False,True,False,False,False,False,False,False,False,False,True,False,False,False,False,False,False,False,True,True,False,False,True,False
TX-00384,True,False,True,False,False,False,False,True,False,False,True,False,False,True,False,True,False,False,True,True,True,False,False,False,False,False,False,False,False,True,False,False,False,False,False,False,False,True,True,False,False,True,False
TX-00385,True,True,True,False,False,False,False,True,False,False,True,False,False,True,False,True,False,False,True,False,True,False,False,False,False,False,False,False,False,True,False,False,False,False,False,False,False,True,True,False,True,False,False
TX-00386,True,True,True,False,False,False,False,True,False,False,True,False,False,True,False,True,False,False,True,False,True,False,False,False,False,False,False,False,False,True,False,False,False,False,False,False,False,True,True,True,False,False,False
TX-00387,True,False,True,False,False,False,False,True,False,False,True,False,False,True,False,True,False,False,True,True,True,False,False,False,False,False,False,False,False,True,False,False,False,False,False,False,False,True,True,False,False,True,False
TX-00388,True,True,True,False,False,False,False,True,False,False,True,False,False,True,False,True,False,False,True,False,True,False,False,False,False,False,False,False,False,True,False,False,False,False,False,False,False,True,True,False,False,True,False
TX-00389,True,True,True,False,False,False,False,True,False,False,True,False,False,True,False,True,False,False,True,False,True,False,False,False,True,False,False,False,False,True,False,False,False,False,False,False,False,False,True,False,False,True,False
TX-00390,True,True,True,False,False,False,False,True,False,False,True,False,False,True,False,True,False,False,True,False,True,False,False,False,False,False,False,False,False,True,False,False,False,False,False,False,False,True,True,True,False,False,False
TX-00391,True,True,True,False,False,False,False,True,False,False,True,False,False,True,False,True,False,False,True,False,True,False,False,False,True,False,False,False,False,True,False,False,False,False,False,False,False,False,True,False,False,True,False
TX-00392,True,True,True,False,False,False,False,True,False,False,True,False,False,True,False,True,False,False,True,False,True,False,False,False,False,False,False,False,False,True,False,False,False,False,False,False,False,True,True,False,False,True,False
TX-00393,True,False,True,False,False,False,False,True,False,False,True,False,False,True,False,True,False,False,True,True,True,False,False,False,True,False,False,False,False,True,False,False,False,False,False,False,False,False,True,False,False,True,False
TX-00394,True,False,True,False,False,False,False,True,False,False,True,False,False,True,False,True,False,False,True,True,True,False,False,False,True,False,False,False,False,True,False,False,False,False,False,False,False,False,True,False,True,False,False
TX-00395,True,True,True,False,False,False,False,True,False,False,True,False,False,True,False,True,False,False,True,False,True,False,False,False,False,False,False,False,False,True,False,False,False,False,False,False,False,True,True,False,False,True,False
TX-00396,True,False,True,False,False,False,False,True,False,False,True,False,False,True,False,True,False,False,True,True,True,False,False,False,False,False,False,False,False,True,False,False,False,False,False,False,False,True,True,True,False,False,False
TX-00397,True,True,True,False,False,False,False,True,False,False,True,False,False,True,False,True,False,False,True,False,True,False,False,False,False,False,False,False,False,True,False,False,False,False,False,False,False,True,True,False,False,True,False
TX-00398,True,True,True,False,False,False,False,True,False,False,True,False,False,True,False,True,False,False,True,False,True,False,False,False,False,False,False,False,False,True,False,False,False,False,False,False,False,True,True,True,False,False,False
TX-00399,True,False,True,False,False,False,False,True,False,False,True,False,False,True,False,True,False,False,True,True,True,False,False,False,True,False,False,False,False,True,False,False,False,False,False,False,False,False,True,False,True,False,False
TX-00400,True,True,True,False,False,False,False,True,False,False,True,False,False,True,False,True,False,False,True,False,True,False,False,False,False,False,False,False,False,True,False,False,False,False,False,False,False,True,True,True,False,False,False
TX-00401,True,True,True,False,False,False,False,True,False,False,True,False,False,True,False,True,False,False,True,False,True,False,False,False,True,False,False,False,False,True,False,False,False,False,False,False,False,False,True,False,False,True,False
TX-00402,True,True,True,False,False,False,False,True,False,False,True,False,False,True,False,True,False,False,True,False,True,False,False,False,False,False,False,False,False,True,False,False,False,False,False,False,False,True,True,False,False,True,False
TX-00403,True,True,True,False,False,False,False,True,False,False,True,False,False,True,False,True,False,False,True,False,True,False,False,False,False,False,False,False,False,True,False,False,False,False,False,False,False,True,True,False,True,False,False
TX-00404,True,True,True,False,False,False,False,True,False,False,True,False,False,True,False,True,False,False,True,False,True,False,False,False,False,False,False,False,False,True,False,False,False,False,False,False,False,True,True,False,False,True,False
TX-00405,False,True,True,False,False,False,False,False,False,True,False,True,True,False,True,True,False,True,False,False,True,False,False,False,False,False,False,True,False,False,False,False,False,False,False,False,False,True,True,True,False,False,False
TX-00406,False,False,True,False,False,False,False,False,False,True,False,True,True,False,True,True,False,True,False,True,True,False,False,False,False,False,True,True,False,False,False,False,False,False,False,False,False,True,False,False,False,True,False
TX-00407,False,True,True,False,False,False,False,False,False,True,False,True,True,False,True,True,False,True,False,False,True,False,False,False,False,False,False,True,False,False,False,False,False,False,False,False,False,True,True,True,False,False,False
TX-00408,False,False,True,False,False,False,False,False,False,True,False,True,True,False,True,True,False,True,False,True,True,False,False,False,False,False,True,True,False,False,False,False,False,False,False,False,False,True,False,False,False,True,False
TX-00409,False,True,True,False,False,False,False,False,False,True,False,True,True,False,True,True,False,True,False,False,True,False,False,False,False,False,False,True,False,False,False,False,False,False,False,False,False,True,True,False,False,True,False
TX-00410,False,True,True,False,False,False,False,False,False,True,False,True,True,False,True,True,False,True,False,False,True,False,False,False,False,False,False,True,False,False,False,False,False,False,False,False,False,True,True,True,False,False,False
TX-00411,False,True,True,False,False,False,False,False,False,True,False,True,True,False,True,True,False,True,False,False,True,False,False,False,False,False,False,True,False,False,False,False,False,False,False,False,False,True,True,True,False,False,False
TX-00412,False,True,True,False,False,False,False,False,False,True,False,True,True,False,True,True,False,True,False,False,True,False,False,False,False,False,False,True,False,False,False,False,False,False,False,False,False,True,True,True,False,False,False
TX-00413,False,True,True,False,False,False,False,False,False,True,False,True,True,False,True,True,False,True,False,False,True,False,False,False,False,False,False,True,False,False,False,False,False,False,False,False,False,True,True,True,False,False,False
TX-00414,False,True,True,False,False,False,False,False,False,True,False,True,True,False,True,True,False,True,False,False,True,False,False,False,False,False,False,True,False,False,False,False,False,False,False,False,False,True,True,False,False,True,False
TX-00415,False,False,True,False,False,False,False,False,False,True,False,True,True,False,True,True,False,True,False,True,True,False,False,False,False,False,True,True,False,False,False,False,False,False,False,False,False,True,False,False,True,False,False
TX-00416,False,False,True,False,False,False,False,False,False,True,False,True,False,True,True,False,False,True,False,True,True,False,False,False,True,True,True,True,False,False,False,False,False,False,False,False,False,False,False,False,True,False,False
TX-00417,False,False,True,False,False,False,False,False,False,True,False,True,False,True,True,False,False,True,False,True,True,False,False,False,True,True,True,True,False,False,False,False,False,False,False,False,False,False,False,False,True,False,False
TX-00418,False,True,True,False,False,False,False,False,False,True,False,True,False,True,True,False,False,True,False,False,True,False,False,False,False,True,False,True,False,False,False,False,False,False,False,False,False,True,True,True,False,False,False
TX-00419,False,True,True,False,False,False,False,False,False,True,False,True,False,True,True,False,False,True,False,False,True,False,False,False,False,True,False,True,False,False,False,False,False,False,False,False,False,True,True,True,False,False,False
TX-00420,False,True,True,False,False,False,False,False,False,True,False,True,False,True,True,False,False,True,False,False,True,False,False,False,False,True,False,True,False,False,False,False,False,False,False,False,False,True,True,False,False,True,False
TX-00421,False,False,True,False,False,False,False,False,False,True,False,True,False,True,True,False,False,True,False,True,True,False,False,False,False,True,True,True,False,False,False,False,False,False,False,False,False,True,False,False,False,True,False
TX-00422,False,True,True,False,False,False,False,False,False,True,False,True,False,True,True,False,False,True,False,False,True,False,False,False,False,True,False,True,False,False,False,False,False,False,False,False,False,True,True,False,False,True,False
TX-00423,False,True,True,False,False,False,False,False,False,True,False,True,False,True,True,False,False,True,False,False,True,False,False,False,False,True,False,True,False,False,False,False,False,False,False,False,False,True,True,False,True,False,False
TX-00424,False,False,True,False,False,False,False,False,False,True,False,True,False,True,True,False,False,True,False,True,True,False,False,False,False,True,True,True,False,False,False,False,False,False,False,False,False,True,False,False,False,True,False
TX-00425,False,True,True,False,False,False,False,False,False,True,False,True,False,True,True,False,False,True,False,False,True,False,False,False,True,True,False,True,False,False,False,False,False,False,False,False,False,False,True,False,False,True,False
TX-00426,False,True,True,False,False,False,False,False,False,True,False,True,False,True,True,False,False,True,False,False,True,False,False,False,False,True,False,True,False,False,False,False,False,False,False,False,False,True,True,True,False,False,False
TX-00427,False,True,True,False,False,False,False,False,False,True,False,True,False,True,True,False,False,True,False,False,True,False,False,False,False,True,False,True,False,False,False,False,False,False,False,False,False,True,True,True,False,False,False
TX-00428,False,True,True,False,False,False,False,False,False,True,False,True,False,True,True,False,False,True,False,False,True,False,False,False,False,True,False,True,False,False,False,False,False,False,False,False,False,True,True,False,False,True,False
TX-00429,False,True,True,False,False,False,False,False,False,True,False,True,False,True,True,False,False,True,False,False,True,False,False,False,False,True,False,True,False,False,False,False,False,False,False,False,False,True,True,False,False,True,False
TX-00430,False,True,True,False,False,False,False,False,False,True,False,True,False,True,True,False,False,True,False,False,True,False,False,False,False,True,False,True,False,False,False,False,False,False,False,False,False,True,True,True,False,False,False
TX-00431,False,False,True,False,False,False,False,False,False,True,False,True,False,True,True,False,False,True,False,True,True,False,False,False,False,True,True,True,False,False,False,False,False,False,False,False,False,True,False,False,False,True,False
TX-00432,False,False,True,False,False,False,False,False,False,True,False,True,False,True,True,False,False,True,False,True,True,False,False,False,True,True,True,True,False,False,False,False,False,False,False,False,False,False,False,False,True,False,False
TX-00433,False,True,True,False,False,False,False,False,False,True,False,True,False,True,True,False,False,True,False,False,True,False,False,False,False,True,False,True,False,False,False,False,False,False,False,False,False,True,True,False,False,True,False
TX-00434,False,False,True,False,False,False,False,False,False,True,False,True,False,True,True,False,False,True,False,True,True,False,False,False,True,True,True,True,False,False,False,False,False,False,False,False,False,False,False,False,False,True,False
TX-00435,False,True,True,False,False,False,False,False,False,True,False,True,False,True,True,False,False,True,False,False,True,False,False,False,False,True,False,True,False,False,False,False,False,False,False,False,False,True,True,False,False,True,False
TX-00436,False,False,True,False,False,False,False,False,False,True,False,True,False,True,True,False,False,True,False,True,True,False,False,False,True,True,True,True,False,False,False,False,False,False,False,False,False,False,False,False,False,True,False
TX-00437,False,True,True,False,False,False,False,False,False,True,False,True,False,True,True,False,False,True,False,False,True,False,False,False,False,True,False,True,False,False,False,False,False,False,False,False,False,True,True,False,False,True,False
TX-00438,False,True,True,False,False,False,False,False,False,True,False,True,False,True,True,False,False,True,False,False,True,False,False,False,False,True,False,True,False,False,False,False,False,False,False,False,False,True,True,True,False,False,False
TX-00439,False,True,True,False,False,False,False,False,False,True,False,True,False,True,True,False,False,True,False,False,True,False,False,False,False,True,False,True,False,False,False,False,False,False,False,False,False,True,True,True,False,False,False
TX-00440,False,False,True,False,False,False,False,False,False,True,False,True,False,True,True,False,False,True,False,True,True,False,False,False,False,True,True,True,False,False,False,False,False,False,False,False,False,True,False,False,True,False,False
TX-00441,False,True,True,False,False,False,False,False,True,False,False,True,False,True,True,True,False,True,False,False,True,False,False,False,False,False,False,True,False,False,False,False,False,False,False,False,False,True,True,False,False,True,False
TX-00442,False,True,True,False,False,False,False,False,True,False,False,True,False,True,True,True,False,True,False,False,True,False,False,False,False,False,False,True,False,False,False,False,False,False,False,False,False,True,True,True,False,False,False
TX-00443,False,True,True,False,False,False,False,False,True,False,False,True,False,True,True,True,False,True,False,False,True,False,False,False,False,False,False,True,False,False,False,False,False,False,False,False,False,True,True,False,False,True,False
TX-00444,False,False,True,False,False,False,False,False,True,False,False,True,False,True,True,True,False,True,False,True,True,False,False,False,True,False,False,True,False,False,False,False,False,False,False,False,False,False,True,False,False,True,False
TX-00445,False,False,True,False,False,False,False,False,True,False,False,True,False,True,True,True,False,True,False,True,True,False,False,False,False,False,False,True,False,False,False,False,False,False,False,False,False,True,True,False,False,True,False
TX-00446,False,True,True,False,False,False,False,False,True,False,False,True,False,True,True,True,False,True,False,False,True,False,False,False,False,False,False,True,False,False,False,False,False,False,False,False,False,True,True,False,False,True,False
TX-00447,False,True,True,False,False,False,False,False,True,False,False,True,False,True,True,True,False,True,False,False,True,False,False,False,False,False,False,True,False,False,False,False,False,False,False,False,False,True,True,False,True,False,False
TX-00448,False,True,True,False,False,False,False,False,True,False,False,True,False,True,True,True,False,True,False,False,True,False,False,False,False,False,False,True,False,False,False,False,False,False,False,False,False,True,True,True,False,False,False
TX-00449,False,True,True,False,False,False,False,False,True,False,False,True,False,True,True,True,False,True,False,False,True,False,False,False,False,False,False,True,False,False,False,False,False,False,False,False,False,True,True,True,False,False,False
TX-00450,False,False,True,False,False,False,False,False,True,False,False,True,False,True,True,True,False,True,False,True,True,False,False,False,False,False,False,True,False,False,False,False,False,False,False,False,False,True,True,False,True,False,False
TX-00451,False,True,True,False,False,False,False,False,True,False,False,True,False,True,True,True,False,True,False,False,True,False,False,False,False,False,False,True,False,False,False,False,False,False,False,False,False,True,True,True,False,False,False
TX-00452,False,False,True,False,False,False,False,False,True,False,False,True,False,True,True,True,False,True,False,True,True,False,False,False,True,False,False,True,False,False,False,False,False,False,False,False,False,False,True,False,True,False,False
TX-00453,False,True,True,False,False,False,False,False,True,False,False,True,False,True,True,True,False,True,False,False,True,False,False,False,False,False,False,True,False,False,False,False,False,False,False,False,False,True,True,True,False,False,False
TX-00454,False,True,True,False,False,False,False,False,True,False,False,True,False,True,True,True,False,True,False,False,True,False,False,False,False,False,False,True,False,False,False,False,False,False,False,False,False,True,True,False,False,True,False
TX-00455,False,False,True,False,False,False,False,False,True,False,False,True,False,True,True,True,False,True,False,True,True,False,False,False,True,False,False,True,False,False,False,False,False,False,False,False,False,False,True,False,False,True,False
TX-00456,False,True,True,False,False,False,False,False,True,False,False,True,False,True,True,True,False,True,False,False,True,False,False,False,False,False,False,True,False,False,False,False,False,False,False,False,False,True,True,True,False,False,False
TX-00457,False,True,True,False,False,False,False,False,True,False,False,True,False,True,True,True,False,True,False,False,True,False,False,False,False,False,False,True,False,False,False,False,False,False,False,False,False,True,True,False,False,True,False
TX-00458,False,False,True,False,False,False,False,False,True,False,False,True,False,True,True,True,False,True,False,True,True,False,False,False,False,False,False,True,False,False,False,False,False,False,False,False,False,True,True,False,True,False,False
TX-00459,False,True,True,False,False,False,False,False,True,False,False,True,False,True,True,True,False,True,False,False,True,False,False,False,False,False,False,True,False,False,False,False,False,False,False,False,False,True,True,True,False,False,False
TX-00460,False,True,True,False,False,False,False,False,True,False,False,True,False,True,True,True,False,True,False,False,True,False,False,False,False,False,False,True,False,False,False,False,False,False,False,False,False,True,True,True,False,False,False
TX-00461,False,True,True,False,False,False,False,False,False,True,False,True,False,True,True,True,False,False,True,False,True,False,False,False,False,False,False,False,False,True,False,False,False,False,False,False,False,True,True,False,True,False,False
TX-00462,False,True,True,False,False,False,False,False,False,True,False,True,False,True,True,True,False,False,True,False,True,False,False,False,False,False,False,False,False,True,False,False,False,False,False,False,False,True,True,False,False,True,False
TX-00463,False,True,True,False,False,False,False,False,False,True,False,True,False,True,True,True,False,False,True,False,True,False,False,False,False,False,False,False,False,True,False,False,False,False,False,False,False,True,True,False,False,True,False
TX-00464,False,True,True,False,False,False,False,False,False,True,False,True,False,True,True,True,False,False,True,False,True,False,False,False,False,False,False,False,False,True,False,False,False,False,False,False,False,True,True,False,False,True,False
TX-00465,False,True,True,False,False,False,False,False,False,True,False,True,False,True,True,True,False,False,True,False,True,False,False,False,False,False,False,False,False,True,False,False,False,False,False,False,False,True,True,False,True,False,False
TX-00466,False,True,True,False,False,False,False,False,False,True,False,True,False,True,True,True,False,False,True,False,True,False,False,False,False,False,False,False,False,True,False,False,False,False,False,False,False,True,True,True,False,False,False
TX-00467,False,True,True,False,False,False,False,False,False,True,False,True,False,True,True,True,False,False,True,False,True,False,False,False,False,False,False,False,False,True,False,False,False,False,False,False,False,True,True,True,False,False,False
TX-00468,False,True,True,False,False,False,False,False,False,True,False,True,False,True,True,True,False,False,True,False,True,False,False,False,False,False,False,False,False,True,False,False,False,False,False,False,False,True,True,True,False,False,False
TX-00469,False,False,True,False,False,False,False,False,False,True,False,True,False,True,True,True,False,False,True,True,True,False,False,False,False,False,True,False,False,True,False,False,False,False,False,False,False,True,False,False,False,True,False
TX-00470,False,False,True,False,False,False,False,False,False,True,False,True,False,True,True,True,False,False,True,True,True,False,False,False,True,False,True,False,False,True,False,False,False,False,False,False,False,False,False,False,True,False,False
TX-00471,False,True,True,False,False,False,False,False,False,True,False,True,False,True,True,True,False,False,True,False,True,False,False,False,False,False,False,False,False,True,False,False,False,False,False,False,False,True,True,True,False,False,False
TX-00472,False,True,True,False,False,False,False,False,False,True,False,True,False,True,True,True,False,False,True,False,True,False,False,False,False,False,False,False,False,True,False,False,False,False,False,False,False,True,True,True,False,False,False
TX-00473,False,False,True,False,False,False,False,False,False,True,False,True,False,True,True,True,False,False,True,True,True,False,False,False,False,False,True,False,False,True,False,False,False,False,False,False,False,True,False,False,True,False,False
TX-00474,False,True,True,False,False,False,False,False,False,True,False,True,False,True,True,True,False,False,True,False,True,False,False,False,False,False,False,False,False,True,False,False,False,False,False,False,False,True,True,False,False,True,False
TX-00475,False,True,True,False,False,False,False,False,False,True,False,True,False,True,True,True,False,False,True,False,True,False,False,False,False,False,False,False,False,True,False,False,False,False,False,False,False,True,True,False,False,True,False
TX-00476,False,True,True,False,False,False,False,False,False,True,False,True,False,True,True,True,False,False,True,False,True,False,False,False,False,False,False,False,False,True,False,False,False,False,False,False,False,True,True,False,False,True,False
TX-00477,False,True,True,False,False,False,False,False,False,True,False,True,False,True,True,True,False,False,True,False,True,False,False,False,False,False,False,False,False,True,False,False,False,False,False,False,False,True,True,False,True,False,False
TX-00478,False,True,True,False,False,False,False,False,False,True,False,True,False,True,True,True,False,False,True,False,True,False,False,False,False,False,False,False,False,True,False,False,False,False,False,False,False,True,True,True,False,False,False
TX-00479,False,False,True,False,False,False,False,False,False,True,False,True,False,True,True,True,False,False,True,True,True,False,False,False,False,False,True,False,False,True,False,False,False,False,False,False,False,True,False,False,False,True,False
TX-00480,False,True,True,False,False,False,False,False,False,True,False,True,False,True,True,True,False,False,True,False,True,False,False,False,False,False,False,False,False,True,False,False,False,False,False,False,False,True,True,True,False,False,False
TX-00481,False,True,True,False,False,False,False,False,False,True,False,True,False,True,True,True,False,False,True,False,True,False,False,False,False,False,False,False,False,True,False,False,False,False,False,False,False,True,True,False,False,True,False
TX-00482,False,True,True,False,False,False,False,False,False,True,False,True,False,True,True,True,False,False,True,False,True,False,False,False,False,False,False,False,False,True,False,False,False,False,False,False,False,True,True,False,False,True,False
TX-00483,False,True,True,False,False,False,False,False,False,True,False,True,False,True,True,True,False,False,True,False,True,False,False,False,True,False,False,False,False,True,False,False,False,False,False,False,False,False,True,False,False,True,False
TX-00484,False,False,True,False,False,False,False,False,False,True,False,True,False,True,True,True,False,False,True,True,True,False,False,False,True,False,True,False,False,True,False,False,False,False,False,False,False,False,False,False,True,False,False
TX-00485,False,True,True,False,False,False,False,False,False,True,False,True,False,True,True,True,False,False,True,False,True,False,False,False,False,False,False,False,False,True,False,False,False,False,False,False,False,True,True,True,False,False,False
TX-00486,False,True,True,False,False,False,False,False,False,True,False,True,False,True,True,True,False,False,True,False,True,False,False,False,False,False,False,False,False,True,False,False,False,False,False,False,False,True,True,True,False,False,False
TX-00487,False,False,True,False,False,False,False,False,False,True,False,True,False,True,True,True,False,False,True,True,True,False,False,False,False,False,True,False,False,True,False,False,False,False,False,False,False,True,False,False,False,True,False
TX-00488,False,True,True,False,False,False,False,False,False,True,False,True,False,True,True,True,False,False,True,False,True,False,False,False,False,False,False,False,False,True,False,False,False,False,False,False,False,True,True,False,False,True,False
TX-00489,False,True,True,False,False,False,False,False,False,True,False,True,False,True,True,True,False,False,True,False,True,False,False,False,True,False,False,False,False,True,False,False,False,False,False,False,False,False,True,False,True,False,False
TX-00490,False,True,True,False,False,False,False,False,False,True,False,True,False,True,True,True,False,False,True,False,True,False,False,False,True,False,False,False,False,True,False,False,False,False,False,False,False,False,True,False,False,True,False
TX-00491,False,False,True,False,False,False,False,False,False,True,False,True,False,True,True,True,False,False,True,True,True,False,False,False,True,False,True,False,False,True,False,False,False,False,False,False,False,False,False,False,False,True,False
TX-00492,False,True,True,False,False,False,False,False,False,True,False,True,False,True,True,True,False,False,True,False,True,False,False,False,False,False,False,False,False,True,False,False,False,False,False,False,False,True,True,True,False,False,False
TX-00493,False,False,True,False,False,False,False,False,False,True,False,True,False,True,True,True,False,False,True,True,True,False,False,False,True,False,True,False,False,True,False,False,False,False,False,False,False,False,False,False,True,False,False
TX-00494,False,True,True,False,False,False,False,False,False,True,False,True,False,True,True,True,False,False,True,False,True,False,False,False,True,False,False,False,False,True,False,False,False,False,False,False,False,False,True,False,False,True,False
TX-00495,False,False,True,False,False,False,False,False,False,True,False,True,False,True,True,True,False,False,True,True,True,False,False,False,False,False,True,False,False,True,False,False,False,False,False,False,False,True,False,False,True,False,False
TX-00496,False,True,True,False,False,False,False,False,False,True,False,True,False,True,True,True,False,False,True,False,True,False,False,False,True,False,False,False,False,True,False,False,False,False,False,False,False,False,True,False,True,False,False
TX-00497,False,True,True,False,False,False,False,False,False,True,False,True,False,True,True,True,False,False,True,False,True,False,False,False,False,False,False,False,False,True,False,False,False,False,False,False,False,True,True,True,False,False,False
TX-00498,False,True,True,False,False,False,False,False,False,True,False,True,False,True,True,True,False,False,True,False,True,False,False,False,False,False,False,False,False,True,False,False,False,False,False,False,False,True,True,True,False,False,False
TX-00499,False,False,True,False,False,False,False,False,False,True,False,True,False,True,True,True,False,False,True,True,True,False,False,False,False,False,True,False,False,True,False,False,False,False,False,False,False,True,False,False,False,True,False
TX-00500,False,True,True,False,False,False,False,False,False,True,False,True,False,True,True,True,False,False,True,False,True,False,False,False,False,False,False,False,False,True,False,False,False,False,False,False,False,True,True,False,False,True,False
TX-00501,False,True,True,False,False,False,False,False,False,True,False,True,False,True,True,True,False,False,True,False,True,False,False,False,False,False,False,False,False,True,False,False,False,False,False,False,False,True,True,True,False,False,False
TX-00502,False,True,True,False,False,False,False,False,False,True,False,True,False,True,True,True,False,False,True,False,True,False,False,False,False,False,False,False,False,True,False,False,False,False,False,False,False,True,True,True,False,False,False
TX-00503,False,True,False,True,False,False,False,False,False,True,True,False,False,True,True,True,False,False,True,False,True,False,False,False,False,False,False,False,False,False,True,False,False,False,False,False,False,True,True,True,False,False,False
TX-00504,False,True,False,True,False,False,False,False,False,True,True,False,False,True,True,True,False,False,True,False,True,False,False,False,True,False,False,False,False,False,True,False,False,False,False,False,False,False,True,False,False,True,False
TX-00505,False,True,False,True,False,False,False,False,False,True,True,False,False,True,True,True,False,False,True,False,True,False,False,False,False,False,False,False,False,False,True,False,False,False,False,False,False,True,True,True,False,False,False
TX-00506,False,True,False,True,False,False,False,False,False,True,True,False,False,True,True,True,False,False,True,False,True,False,False,False,False,False,False,False,False,False,True,False,False,False,False,False,False,True,True,False,False,True,False
TX-00507,False,True,False,True,False,False,False,False,False,True,True,False,False,True,True,True,False,False,True,False,True,False,False,False,True,False,False,False,False,False,True,False,False,False,False,False,False,False,True,False,False,True,False
TX-00508,False,False,False,True,False,False,False,False,False,True,True,False,False,True,True,True,False,False,True,True,True,False,False,False,False,False,True,False,False,False,True,False,False,False,False,False,False,True,False,False,True,False,False
TX-00509,False,True,False,True,False,False,False,False,False,True,True,False,False,True,True,True,False,False,True,False,True,False,False,False,False,False,False,False,False,False,True,False,False,False,False,False,False,True,True,False,False,True,False
TX-00510,False,True,False,True,False,False,False,False,False,True,True,False,False,True,True,True,False,False,True,False,True,False,False,False,False,False,False,False,False,False,True,False,False,False,False,False,False,True,True,True,False,False,False
TX-00511,False,True,False,True,False,False,False,False,False,True,True,False,False,True,True,True,False,False,True,False,True,False,False,False,False,False,False,False,False,False,True,False,False,False,False,False,False,True,True,True,False,False,False
TX-00512,False,True,False,True,False,False,False,False,False,True,True,False,False,True,True,True,False,False,True,False,True,False,False,False,False,False,False,False,False,False,True,False,False,False,False,False,False,True,True,False,True,False,False
TX-00513,False,False,False,True,False,False,False,False,False,True,True,False,False,True,True,True,False,False,True,True,True,False,False,False,False,False,True,False,False,False,True,False,False,False,False,False,False,True,False,False,False,True,False
TX-00514,False,False,False,True,False,False,False,False,False,True,True,False,False,True,True,True,False,False,True,True,True,False,False,False,True,False,True,False,False,False,True,False,False,False,False,False,False,False,False,False,True,False,False
TX-00515,False,True,False,True,False,False,False,False,False,True,True,False,False,True,True,True,False,False,True,False,True,False,False,False,False,False,False,False,False,False,True,False,False,False,False,False,False,True,True,False,False,True,False
TX-00516,False,False,False,True,False,False,False,False,False,True,True,False,False,True,True,True,False,False,True,True,True,False,False,False,False,False,True,False,False,False,True,False,False,False,False,False,False,True,False,False,False,True,False
TX-00517,False,True,False,True,False,False,False,False,False,True,True,False,False,True,True,True,False,False,True,False,True,False,False,False,False,False,False,False,False,False,True,False,False,False,False,False,False,True,True,True,False,False,False
TX-00518,False,True,False,True,False,False,False,False,False,True,True,False,False,True,True,True,False,False,True,False,True,False,False,False,False,False,False,False,False,False,True,False,False,False,False,False,False,True,True,True,False,False,False
TX-00519,False,True,False,True,False,False,False,False,False,True,True,False,False,True,True,True,False,False,True,False,True,False,False,False,False,False,False,False,False,False,True,False,False,False,False,False,False,True,True,True,False,False,False
TX-00520,False,True,False,True,False,False,False,False,False,True,True,False,False,True,True,True,False,False,True,False,True,False,False,False,False,False,False,False,False,False,True,False,False,False,False,False,False,True,True,False,False,True,False
TX-00521,False,True,False,True,False,False,False,False,False,True,True,False,False,True,True,True,False,False,True,False,True,False,False,False,True,False,False,False,False,False,True,False,False,False,False,False,False,False,True,False,False,True,False
TX-00522,False,True,False,True,False,False,False,False,False,True,True,False,False,True,True,True,False,False,True,False,True,False,False,False,False,False,False,False,False,False,True,False,False,False,False,False,False,True,True,False,False,True,False
TX-00523,False,True,False,True,False,False,False,False,False,True,True,False,False,True,True,True,False,False,True,False,True,False,False,False,False,False,False,False,False,False,True,False,False,False,False,False,False,True,True,True,False,False,False
TX-00524,False,True,False,True,False,False,False,False,False,True,True,False,False,True,True,True,False,False,True,False,True,False,False,False,False,False,False,False,False,False,True,False,False,False,False,False,False,True,True,True,False,False,False
TX-00525,False,False,False,True,False,False,False,False,False,True,True,False,False,True,True,True,False,False,True,True,True,False,False,False,True,False,True,False,False,False,True,False,False,False,False,False,False,False,False,False,False,True,False
TX-00526,False,True,False,True,False,False,False,False,False,True,True,False,False,True,True,True,False,False,True,False,True,False,False,False,False,False,False,False,False,False,True,False,False,False,False,False,False,True,True,True,False,False,False
TX-00527,False,False,False,True,False,False,False,False,False,True,True,False,False,True,True,True,False,False,True,True,True,False,False,False,True,False,True,False,False,False,True,False,False,False,False,False,False,False,False,False,False,True,False
TX-00528,False,True,False,True,False,False,False,False,False,True,True,False,False,True,True,True,False,False,True,False,True,False,False,False,False,False,False,False,False,False,True,False,False,False,False,False,False,True,True,False,False,True,False
TX-00529,False,True,False,True,False,False,False,False,False,True,True,False,False,True,True,True,False,False,True,False,True,False,False,False,True,False,False,False,False,False,True,False,False,False,False,False,False,False,True,False,True,False,False
TX-00530,False,False,False,True,False,False,False,False,False,True,True,False,False,True,True,True,False,False,True,True,True,False,False,False,False,False,True,False,False,False,True,False,False,False,False,False,False,True,False,False,False,True,False
TX-00531,False,True,False,True,False,False,False,False,False,True,True,False,False,True,True,True,False,False,True,False,True,False,False,False,False,False,False,False,False,False,True,False,False,False,False,False,False,True,True,False,False,True,False
TX-00532,False,True,False,True,False,False,False,False,False,True,True,False,False,True,True,True,False,False,True,False,True,False,False,False,False,False,False,False,False,False,True,False,False,False,False,False,False,True,True,False,False,True,False
TX-00533,False,True,False,True,False,False,False,False,False,True,True,False,False,True,True,True,False,False,True,False,True,False,False,False,False,False,False,False,False,False,True,False,False,False,False,False,False,True,True,False,False,True,False
TX-00534,False,True,False,True,False,False,False,False,False,True,True,False,False,True,True,True,False,False,True,False,True,False,False,False,False,False,False,False,False,False,True,False,False,False,False,False,False,True,True,False,False,True,False
TX-00535,False,False,False,True,False,False,False,False,False,True,True,False,False,True,True,True,False,False,True,True,True,False,False,False,True,False,True,False,False,False,True,False,False,False,False,False,False,False,False,False,False,True,False
TX-00536,False,True,False,True,False,False,False,False,False,True,True,False,False,True,True,True,False,False,True,False,True,False,False,False,False,False,False,False,False,False,True,False,False,False,False,False,False,True,True,False,False,True,False
TX-00537,False,True,False,True,False,False,False,False,False,True,True,False,False,True,True,True,False,False,True,False,True,False,False,False,False,False,False,False,False,False,True,False,False,False,False,False,False,True,True,True,False,False,False
TX-00538,False,True,False,True,False,False,False,False,False,True,True,False,False,True,True,True,False,False,True,False,True,False,False,False,False,False,False,False,False,False,True,False,False,False,False,False,False,True,True,False,False,True,False
TX-00539,False,True,False,True,False,False,False,False,False,True,True,False,False,True,True,True,False,False,True,False,True,False,False,False,False,False,False,False,False,False,True,False,False,False,False,False,False,True,True,False,False,True,False
TX-00540,False,False,False,True,False,False,False,False,False,True,True,False,False,True,True,True,False,False,True,True,True,False,False,False,False,False,True,False,False,False,True,False,False,False,False,False,False,True,False,False,True,False,False
TX-00541,False,True,False,True,False,False,False,False,False,True,True,False,False,True,True,True,False,False,True,False,True,False,False,False,True,False,False,False,False,False,True,False,False,False,False,False,False,False,True,False,True,False,False
TX-00542,False,True,False,True,False,False,False,False,False,True,True,False,False,True,True,True,False,False,True,False,True,False,False,False,False,False,False,False,False,False,True,False,False,False,False,False,False,True,True,False,False,True,False
TX-00543,False,True,False,True,False,False,False,False,False,True,True,False,False,True,True,True,False,False,True,False,True,False,False,False,False,False,False,False,False,False,True,False,False,False,False,False,False,True,True,True,False,False,False
TX-00544,False,False,False,True,False,False,False,False,False,True,True,False,False,True,True,True,False,False,True,True,True,False,False,False,False,False,True,False,False,False,True,False,False,False,False,False,False,True,False,False,False,True,False
TX-00545,False,True,False,True,False,False,False,False,False,True,True,False,False,True,True,True,False,False,True,False,True,False,False,False,True,False,False,False,False,False,True,False,False,False,False,False,False,False,True,False,True,False,False
TX-00546,False,True,False,True,False,False,False,False,False,True,True,False,False,True,True,True,False,False,True,False,True,False,False,False,False,False,False,False,False,False,True,False,False,False,False,False,False,True,True,False,False,True,False
TX-00547,False,True,False,True,False,False,False,False,False,True,True,False,False,True,True,True,False,False,True,False,True,False,False,False,False,False,False,False,False,False,True,False,False,False,False,False,False,True,True,False,False,True,False
TX-00548,False,False,False,True,False,False,False,False,False,True,True,False,False,True,True,True,False,False,True,True,True,False,False,False,False,False,True,False,False,False,True,False,False,False,False,False,False,True,False,False,False,True,False
TX-00549,False,True,False,True,False,False,False,False,False,True,True,False,False,True,True,True,False,False,True,False,True,False,False,False,False,False,False,False,False,False,True,False,False,False,False,False,False,True,True,False,False,True,False
TX-00550,False,True,False,True,False,False,False,False,False,True,True,False,False,True,True,True,False,False,True,False,True,False,False,False,False,False,False,False,False,False,True,False,False,False,False,False,False,True,True,True,False,False,False
TX-00551,False,False,False,True,False,False,False,False,False,True,True,False,False,True,True,True,False,False,True,True,True,False,False,False,False,False,True,False,False,False,True,False,False,False,False,False,False,True,False,False,False,True,False
TX-00552,False,True,False,False,True,False,False,True,False,False,True,False,False,True,True,False,True,False,False,False,True,False,False,False,False,True,False,False,False,False,True,False,False,False,False,False,False,True,True,False,False,False,True
TX-00553,False,True,False,False,True,False,False,True,False,False,True,False,False,True,True,False,True,False,False,False,True,False,False,False,False,True,False,False,False,False,True,False,False,False,False,False,False,True,True,True,False,False,False
TX-00554,False,False,False,False,True,False,False,True,False,False,True,False,False,True,True,False,True,False,False,True,True,False,False,False,False,True,True,False,False,False,True,False,False,False,False,False,False,True,False,False,False,True,False
TX-00555,False,True,False,False,True,False,False,True,False,False,True,False,False,True,True,False,True,False,False,False,True,False,False,False,False,True,False,False,False,False,True,False,False,False,False,False,False,True,True,False,False,True,False
TX-00556,False,True,False,False,True,False,False,True,False,False,True,False,False,True,True,False,True,False,False,False,True,False,False,False,False,True,False,False,False,False,True,False,False,False,False,False,False,True,True,True,False,False,False
TX-00557,False,False,False,False,True,False,False,True,False,False,True,False,False,True,True,False,True,False,False,True,True,False,False,False,False,True,True,False,False,False,True,False,False,False,False,False,False,True,False,False,False,True,False
TX-00558,False,False,False,False,True,False,False,True,False,False,True,False,False,True,True,False,True,False,False,True,True,False,False,False,False,True,True,False,False,False,True,False,False,False,False,False,False,True,False,False,False,True,False
TX-00559,False,True,False,False,True,False,False,True,False,False,True,False,False,True,True,False,True,False,False,False,True,False,False,False,False,True,False,False,False,False,True,False,False,False,False,False,False,True,True,False,False,True,False
TX-00560,False,True,False,False,True,False,False,True,False,False,True,False,False,True,True,False,True,False,False,False,True,False,False,False,False,True,False,False,False,False,True,False,False,False,False,False,False,True,True,False,False,True,False
TX-00561,False,True,False,False,True,False,False,True,False,False,True,False,False,True,True,False,True,False,False,False,True,False,False,False,False,True,False,False,False,False,True,False,False,False,False,False,False,True,True,True,False,False,False
TX-00562,False,False,False,False,True,False,False,True,False,False,True,False,False,True,True,False,True,False,False,True,True,False,False,False,True,True,True,False,False,False,True,False,False,False,False,False,False,False,False,False,True,False,False
TX-00563,False,False,False,False,True,False,False,True,False,False,True,False,False,True,True,False,True,False,False,True,True,False,False,False,True,True,True,False,False,False,True,False,False,False,False,False,False,False,False,False,True,False,False
TX-00564,False,True,False,False,True,False,False,True,False,False,True,False,False,True,True,False,True,False,False,False,True,False,False,False,False,True,False,False,False,False,True,False,False,False,False,False,False,True,True,False,False,True,False
TX-00565,False,True,False,False,True,False,False,True,False,False,True,False,False,True,True,False,True,False,False,False,True,False,False,False,False,True,False,False,False,False,True,False,False,False,False,False,False,True,True,True,False,False,False
TX-00566,False,True,False,False,True,False,False,True,False,False,True,False,False,True,True,False,True,False,False,False,True,False,False,False,True,True,False,False,False,False,True,False,False,False,False,False,False,False,True,False,True,False,False
TX-00567,False,True,False,False,True,False,False,True,False,False,True,False,False,True,True,False,True,False,False,False,True,False,False,False,False,True,False,False,False,False,True,False,False,False,False,False,False,True,True,False,False,True,False
TX-00568,False,True,False,False,True,False,False,True,False,False,True,False,False,True,True,False,True,False,False,False,True,False,False,False,False,True,False,False,False,False,True,False,False,False,False,False,False,True,True,False,True,False,False
TX-00569,False,True,False,False,True,False,False,True,False,False,True,False,False,True,True,False,True,False,False,False,True,False,False,False,False,True,False,False,False,False,True,False,False,False,False,False,False,True,True,False,False,True,False
TX-00570,False,True,False,False,True,False,False,True,False,False,True,False,False,True,True,False,True,False,False,False,True,False,False,False,False,True,False,False,False,False,True,False,False,False,False,False,False,True,True,False,False,True,False
TX-00571,False,True,False,False,True,False,False,True,False,False,True,False,False,True,True,False,True,False,False,False,True,False,False,False,True,True,False,False,False,False,True,False,False,False,False,False,False,False,True,False,False,True,False
TX-00572,False,True,False,False,True,False,False,True,False,False,True,False,False,True,True,False,True,False,False,False,True,False,False,False,False,True,False,False,False,False,True,False,False,False,False,False,False,True,True,True,False,False,False
TX-00573,False,True,False,False,True,False,False,True,False,False,True,False,False,True,True,False,True,False,False,False,True,False,False,False,False,True,False,False,False,False,True,False,False,False,False,False,False,True,True,False,True,False,False
TX-00574,False,False,False,False,True,False,False,True,False,False,True,False,False,True,True,False,True,False,False,True,True,False,False,False,True,True,True,False,False,False,True,False,False,False,False,False,False,False,False,False,True,False,False
TX-00575,False,False,False,False,True,False,False,True,False,False,True,False,False,True,True,False,True,False,False,True,True,False,False,False,False,True,True,False,False,False,True,False,False,False,False,False,False,True,False,False,False,True,False
TX-00576,False,True,False,False,True,False,False,True,False,False,True,False,False,True,True,False,True,False,False,False,True,False,False,False,False,True,False,False,False,False,True,False,False,False,False,False,False,True,True,False,False,True,False
TX-00577,False,False,False,False,True,False,False,True,False,False,True,False,False,True,True,False,True,False,False,True,True,False,False,False,False,True,True,False,False,False,True,False,False,False,False,False,False,True,False,False,False,True,False
TX-00578,False,True,False,False,True,False,False,True,False,False,True,False,False,True,True,False,True,False,False,False,True,False,False,False,False,True,False,False,False,False,True,False,False,False,False,False,False,True,True,False,False,True,False
TX-00579,False,True,False,False,True,False,False,True,False,False,True,False,False,True,True,False,True,False,False,False,True,False,False,False,False,True,False,False,False,False,True,False,False,False,False,False,False,True,True,True,False,False,False
TX-00580,False,False,False,False,True,False,False,True,False,False,True,False,False,True,True,False,True,False,False,True,True,False,False,False,False,True,True,False,False,False,True,False,False,False,False,False,False,True,False,False,False,True,False
TX-00581,False,False,False,False,True,False,False,True,False,False,True,False,False,True,True,False,True,False,False,True,True,False,False,False,False,True,True,False,False,False,True,False,False,False,False,False,False,True,False,False,True,False,False
TX-00582,False,False,False,False,True,False,False,True,False,False,True,False,False,True,True,False,True,False,False,True,True,False,False,False,False,True,True,False,False,False,True,False,False,False,False,False,False,True,False,False,False,True,False
TX-00583,False,True,False,False,True,False,False,True,False,False,True,False,False,True,True,False,True,False,False,False,True,False,False,False,True,True,False,False,False,False,True,False,False,False,False,False,False,False,True,False,False,True,False
TX-00584,False,True,False,False,True,False,False,True,False,False,True,False,False,True,True,False,True,False,False,False,True,False,False,False,True,True,False,False,False,False,True,False,False,False,False,False,False,False,True,False,True,False,False
TX-00585,False,True,False,False,True,False,False,True,False,False,True,False,False,True,True,False,True,False,False,False,True,False,False,False,True,True,False,False,False,False,True,False,False,False,False,False,False,False,True,False,False,True,False
TX-00586,False,False,False,False,True,False,False,True,False,False,True,False,False,True,True,False,True,False,False,True,True,False,False,False,False,True,True,False,False,False,True,False,False,False,False,False,False,True,False,False,True,False,False
TX-00587,False,True,False,False,True,False,False,True,False,False,True,False,False,True,True,False,True,False,False,False,True,False,False,False,False,True,False,False,False,False,True,False,False,False,False,False,False,True,True,False,False,True,False
TX-00588,False,True,False,False,True,False,False,True,False,False,True,False,False,True,True,False,True,False,False,False,True,False,False,False,False,True,False,False,False,False,True,False,False,False,False,False,False,True,True,False,False,True,False
TX-00589,False,False,False,False,True,False,False,True,False,False,True,False,False,True,True,False,True,False,False,True,True,False,False,False,True,True,True,False,False,False,True,False,False,False,False,False,False,False,False,False,False,True,False
TX-00590,False,True,False,False,True,False,False,True,False,False,True,False,False,True,True,False,True,False,False,False,True,False,False,False,False,True,False,False,False,False,True,False,False,False,False,False,False,True,True,False,False,True,False
TX-00591,False,True,False,False,True,False,False,True,False,False,True,False,False,True,True,False,True,False,False,False,True,False,False,False,False,True,False,False,False,False,True,False,False,False,False,False,False,True,True,True,False,False,False
TX-00592,False,True,False,False,True,False,False,True,False,False,True,False,False,True,True,False,True,False,False,False,True,False,False,False,False,True,False,False,False,False,True,False,False,False,False,False,False,True,True,False,False,True,False
TX-00593,False,False,False,False,True,False,False,True,False,False,True,False,False,True,True,False,True,False,False,True,True,False,False,False,True,True,True,False,False,False,True,False,False,False,False,False,False,False,False,False,True,False,False
TX-00594,False,False,False,False,True,False,False,True,False,False,True,False,False,True,True,False,True,False,False,True,True,False,False,False,True,True,True,False,False,False,True,False,False,False,False,False,False,False,False,False,True,False,False
TX-00595,False,True,False,False,True,False,False,True,False,False,True,False,False,True,True,False,True,False,False,False,True,False,False,False,False,True,False,False,False,False,True,False,False,False,False,False,False,True,True,False,False,True,False
TX-00596,False,True,False,False,True,False,False,True,False,False,True,False,False,True,True,False,True,False,False,False,True,False,False,False,False,True,False,False,False,False,True,False,False,False,False,False,False,True,True,False,True,False,False
TX-00597,False,True,False,False,True,False,False,True,False,False,True,False,False,True,True,False,True,False,False,False,True,False,False,False,True,True,False,False,False,False,True,False,False,False,False,False,False,False,True,False,False,True,False
TX-00598,False,True,False,False,True,False,False,True,False,False,True,False,False,True,True,False,True,False,False,False,True,False,False,False,True,True,False,False,False,False,True,False,False,False,False,False,False,False,True,False,False,True,False
TX-00599,False,True,False,False,True,False,False,True,False,False,True,False,False,True,True,False,True,False,False,False,True,False,False,False,False,True,False,False,False,False,True,False,False,False,False,False,False,True,True,False,False,True,False
TX-00600,False,False,False,False,True,False,False,True,False,False,True,False,False,True,True,False,True,False,False,True,True,False,False,False,False,True,True,False,False,False,True,False,False,False,False,False,False,True,False,False,True,False,False
TX-00601,False,False,False,False,True,False,False,True,False,False,True,False,False,True,True,False,True,False,False,True,True,False,False,False,True,True,True,False,False,False,True,False,False,False,False,False,False,False,False,False,False,True,False
TX-00602,False,False,False,False,True,False,False,True,False,False,True,False,False,True,True,False,True,False,False,True,True,False,False,False,True,True,True,False,False,False,True,False,False,False,False,False,False,False,False,False,False,True,False
TX-00603,False,True,False,False,True,False,False,True,False,False,True,False,False,True,True,False,True,False,False,False,True,False,False,False,True,True,False,False,False,False,True,False,False,False,False,False,False,False,True,False,False,True,False
TX-00604,False,True,False,False,True,False,False,True,False,False,True,False,False,True,True,False,True,False,False,False,True,False,False,False,False,True,False,False,False,False,True,False,False,False,False,False,False,True,True,True,False,False,False
TX-00605,False,False,False,False,True,False,False,True,False,False,True,False,False,True,True,False,True,False,False,True,True,False,False,False,True,True,True,False,False,False,True,False,False,False,False,False,False,False,False,False,True,False,False
TX-00606,False,False,False,False,True,False,False,True,False,False,True,False,False,True,True,False,True,False,False,True,True,False,False,False,True,True,True,False,False,False,True,False,False,False,False,False,False,False,False,False,True,False,False
TX-00607,False,False,False,False,True,False,False,True,False,False,True,False,False,True,True,False,True,False,False,True,True,False,False,False,True,True,True,False,False,False,True,False,False,False,False,False,False,False,False,False,False,True,False
TX-00608,False,False,False,False,True,False,False,True,False,False,True,False,False,True,True,False,True,False,False,True,True,False,False,False,True,True,True,False,False,False,True,False,False,False,False,False,False,False,False,False,True,False,False
TX-00609,False,True,False,False,True,False,False,True,False,False,True,False,False,True,True,False,True,False,False,False,True,False,False,False,False,True,False,False,False,False,True,False,False,False,False,False,False,True,True,False,False,True,False
TX-00610,False,True,False,False,True,False,False,True,False,False,True,False,False,True,True,False,True,False,False,False,True,False,False,False,False,True,False,False,False,False,True,False,False,False,False,False,False,True,True,False,False,True,False
TX-00611,False,True,False,False,True,False,False,True,False,False,True,False,False,True,True,False,True,False,False,False,True,False,False,False,True,True,False,False,False,False,True,False,False,False,False,False,False,False,True,False,False,True,False
TX-00612,False,False,False,False,True,False,False,True,False,False,True,False,False,True,True,False,True,False,False,True,True,False,False,False,False,True,True,False,False,False,True,False,False,False,False,False,False,True,False,False,False,True,False
TX-00613,False,True,False,False,True,False,False,True,False,False,True,False,False,True,True,False,True,False,False,False,True,False,False,False,False,True,False,False,False,False,True,False,False,False,False,False,False,True,True,False,False,True,False
TX-00614,False,False,False,False,True,False,False,True,False,False,True,False,False,True,True,False,True,False,False,True,True,False,False,False,True,True,True,False,False,False,True,False,False,False,False,False,False,False,False,False,True,False,False
TX-00615,False,True,False,False,True,False,False,True,False,False,True,False,False,True,True,False,True,False,False,False,True,False,False,False,False,True,False,False,False,False,True,False,False,False,False,False,False,True,True,True,False,False,False
TX-00616,False,False,False,False,True,False,False,True,False,False,True,False,False,True,True,False,True,False,False,True,True,False,False,False,False,True,True,False,False,False,True,False,False,False,False,False,False,True,False,False,False,True,False
TX-00617,False,False,False,False,True,False,False,True,False,False,True,False,False,True,True,False,True,False,False,True,True,False,False,False,False,True,True,False,False,False,True,False,False,False,False,False,False,True,False,False,True,False,False
TX-00618,False,False,False,False,True,False,False,True,False,False,True,False,False,True,True,False,True,False,False,True,True,False,False,False,True,True,True,False,False,False,True,False,False,False,False,False,False,False,False,False,True,False,False
TX-00619,False,False,False,False,True,False,False,True,False,False,True,False,False,True,True,False,True,False,False,True,True,False,False,False,False,True,True,False,False,False,True,False,False,False,False,False,False,True,False,False,False,True,False
TX-00620,False,True,False,False,True,False,False,True,False,False,True,False,False,True,True,False,True,False,False,False,True,False,False,False,False,True,False,False,False,False,True,False,False,False,False,False,False,True,True,False,False,True,False
TX-00621,False,True,False,False,True,False,False,True,False,False,True,False,False,True,True,False,True,False,False,False,True,False,False,False,True,True,False,False,False,False,True,False,False,False,False,False,False,False,True,False,False,True,False
TX-00622,False,True,False,False,True,False,False,True,False,False,True,False,False,True,True,False,True,False,False,False,True,False,False,False,False,True,False,False,False,False,True,False,False,False,False,False,False,True,True,False,False,True,False
TX-00623,False,True,False,False,True,False,False,True,False,False,True,False,False,True,True,False,True,False,False,False,True,False,False,False,False,True,False,False,False,False,True,False,False,False,False,False,False,True,True,False,True,False,False
TX-00624,False,False,False,False,True,False,False,True,False,False,True,False,False,True,True,False,True,False,False,True,True,False,False,False,False,True,True,False,False,False,True,False,False,False,False,False,False,True,False,False,False,True,False
TX-00625,False,True,False,False,True,False,False,True,False,False,True,False,False,True,True,False,True,False,False,False,True,False,False,False,True,True,False,False,False,False,True,False,False,False,False,False,False,False,True,False,True,False,False
TX-00626,False,True,False,False,True,False,False,True,False,False,True,False,False,True,True,False,True,False,False,False,True,False,False,False,False,True,False,False,False,False,True,False,False,False,False,False,False,True,True,False,False,True,False
TX-00627,False,False,False,False,True,False,False,True,False,False,True,False,False,True,True,False,True,False,False,True,True,False,False,False,True,True,True,False,False,False,True,False,False,False,False,False,False,False,False,False,False,True,False
TX-00628,False,False,False,False,True,False,False,True,False,False,True,False,False,True,True,False,True,False,False,True,True,False,False,False,True,True,True,False,False,False,True,False,False,False,False,False,False,False,False,False,False,True,False
TX-00629,False,False,False,False,True,False,False,True,False,False,True,False,False,True,True,False,True,False,False,True,True,False,False,False,True,True,True,False,False,False,True,False,False,False,False,False,False,False,False,False,False,True,False
TX-00630,False,True,False,False,True,False,False,True,False,False,True,False,False,True,True,False,True,False,False,False,True,False,False,False,False,True,False,False,False,False,True,False,False,False,False,False,False,True,True,True,False,False,False
TX-00631,False,True,False,False,True,False,False,True,False,False,True,False,False,True,True,False,True,False,False,False,True,False,False,False,False,True,False,False,False,False,True,False,False,False,False,False,False,True,True,False,False,True,False
TX-00632,False,True,False,False,True,False,False,True,False,False,True,False,False,True,True,False,True,False,False,False,True,False,False,False,False,True,False,False,False,False,True,False,False,False,False,False,False,True,True,False,False,True,False
TX-00633,False,True,False,False,True,False,False,True,False,False,True,False,False,True,True,False,True,False,False,False,True,False,False,False,False,True,False,False,False,False,True,False,False,False,False,False,False,True,True,False,False,False,True
TX-00634,False,False,False,False,True,False,False,True,False,False,True,False,False,True,True,False,True,False,False,True,True,False,False,False,True,True,True,False,False,False,True,False,False,False,False,False,False,False,False,False,False,True,False
TX-00635,False,False,False,False,True,False,False,True,False,False,True,False,False,True,True,False,True,False,False,True,True,False,False,False,False,True,True,False,False,False,True,False,False,False,False,False,False,True,False,False,True,False,False
TX-00636,False,False,False,False,True,False,False,True,False,False,True,False,False,True,True,False,True,False,False,True,True,False,False,False,False,True,True,False,False,False,True,False,False,False,False,False,False,True,False,False,False,True,False
TX-00637,False,True,False,False,True,False,False,True,False,False,True,False,False,True,True,False,True,False,False,False,True,False,False,False,False,True,False,False,False,False,True,False,False,False,False,False,False,True,True,False,True,False,False
TX-00638,False,False,False,False,True,False,False,True,False,False,True,False,False,True,True,False,True,False,False,True,True,False,False,False,False,True,True,False,False,False,True,False,False,False,False,False,False,True,False,False,True,False,False
TX-00639,False,True,False,False,True,False,False,True,False,False,True,False,False,True,True,False,True,False,False,False,True,False,False,False,False,True,False,False,False,False,True,False,False,False,False,False,False,True,True,True,False,False,False
TX-00640,False,True,False,False,True,False,False,True,False,False,True,False,False,True,True,False,True,False,False,False,True,False,False,False,True,True,False,False,False,False,True,False,False,False,False,False,False,False,True,False,True,False,False
TX-00641,False,False,False,False,True,False,False,True,False,False,True,False,False,True,True,False,True,False,False,True,True,False,False,False,False,True,True,False,False,False,True,False,False,False,False,False,False,True,False,False,True,False,False
TX-00642,False,True,False,False,False,False,True,False,False,True,True,False,False,True,True,True,False,False,True,False,True,False,False,False,False,False,False,False,False,False,True,False,False,False,False,False,False,True,True,False,False,True,False
TX-00643,False,True,False,False,False,False,True,False,False,True,True,False,False,True,True,True,False,False,True,False,True,False,False,False,True,False,False,False,False,False,True,False,False,False,False,False,False,False,True,False,False,True,False
TX-00644,False,True,False,False,False,False,True,False,False,True,True,False,False,True,True,True,False,False,True,False,True,False,False,False,False,False,False,False,False,False,True,False,False,False,False,False,False,True,True,False,False,True,False
TX-00645,False,True,False,False,False,False,True,False,False,True,True,False,False,True,True,True,False,False,True,False,True,False,False,False,False,False,False,False,False,False,True,False,False,False,False,False,False,True,True,True,False,False,False
TX-00646,False,True,False,False,False,False,True,False,False,True,True,False,False,True,True,True,False,False,True,False,True,False,False,False,False,False,False,False,False,False,True,False,False,False,False,False,False,True,True,False,False,True,False
TX-00647,False,True,False,False,False,False,True,False,False,True,True,False,False,True,True,True,False,False,True,False,True,False,False,False,False,False,False,False,False,False,True,False,False,False,False,False,False,True,True,False,False,True,False
TX-00648,False,True,False,False,False,False,True,False,False,True,True,False,False,True,True,True,False,False,True,False,True,False,False,False,False,False,False,False,False,False,True,False,False,False,False,False,False,True,True,False,True,False,False
TX-00649,False,True,False,False,False,False,True,False,False,True,True,False,False,True,True,True,False,False,True,False,True,False,False,False,False,False,False,False,False,False,True,False,False,False,False,False,False,True,True,False,False,True,False
TX-00650,False,True,False,False,False,False,True,False,False,True,True,False,False,True,True,True,False,False,True,False,True,False,False,False,False,False,False,False,False,False,True,False,False,False,False,False,False,True,True,True,False,False,False
TX-00651,False,True,False,False,False,False,True,False,False,True,True,False,False,True,True,True,False,False,True,False,True,False,False,False,False,False,False,False,False,False,True,False,False,False,False,False,False,True,True,False,False,True,False
TX-00652,False,True,False,False,False,False,True,False,False,True,True,False,False,True,True,True,False,False,True,False,True,False,False,False,True,False,False,False,False,False,True,False,False,False,False,False,False,False,True,False,False,True,False
TX-00653,False,True,False,False,False,False,True,False,False,True,True,False,False,True,True,True,False,False,True,False,True,False,False,False,False,False,False,False,False,False,True,False,False,False,False,False,False,True,True,False,True,False,False
TX-00654,False,True,False,False,False,False,True,False,False,True,True,False,False,True,True,True,False,False,True,False,True,False,False,False,True,False,False,False,False,False,True,False,False,False,False,False,False,False,True,False,False,True,False
TX-00655,False,True,False,False,False,False,True,False,False,True,True,False,False,True,True,True,False,False,True,False,True,False,False,False,True,False,False,False,False,False,True,False,False,False,False,False,False,False,True,False,False,True,False
TX-00656,False,True,False,False,False,False,True,False,False,True,True,False,False,True,True,True,False,False,True,False,True,False,False,False,False,False,False,False,False,False,True,False,False,False,False,False,False,True,True,False,False,True,False
TX-00657,False,True,False,False,False,False,True,False,False,True,True,False,False,True,True,True,False,False,True,False,True,False,False,False,False,False,False,False,False,False,True,False,False,False,False,False,False,True,True,False,False,True,False
TX-00658,False,True,False,False,False,False,True,False,False,True,True,False,False,True,True,True,False,False,True,False,True,False,False,False,False,False,False,False,False,False,True,False,False,False,False,False,False,True,True,False,True,False,False
TX-00659,False,False,False,False,False,False,True,False,False,True,True,False,False,True,True,True,False,False,True,True,True,False,False,False,False,False,True,False,False,False,True,False,False,False,False,False,False,True,False,False,False,True,False
TX-00660,False,True,False,False,False,False,True,False,False,True,True,False,False,True,True,True,False,False,True,False,True,False,False,False,False,False,False,False,False,False,True,False,False,False,False,False,False,True,True,True,False,False,False
TX-00661,False,False,False,False,False,False,True,False,False,True,True,False,False,True,True,True,False,False,True,True,True,False,False,False,False,False,True,False,False,False,True,False,False,False,False,False,False,True,False,False,False,True,False
TX-00662,False,True,False,False,False,False,True,False,False,True,True,False,False,True,True,True,False,False,True,False,True,False,False,False,False,False,False,False,False,False,True,False,False,False,False,False,False,True,True,False,False,True,False
TX-00663,False,False,False,False,False,False,True,False,False,True,True,False,False,True,True,True,False,False,True,True,True,False,False,False,False,False,True,False,False,False,True,False,False,False,False,False,False,True,False,False,False,True,False
TX-00664,False,True,False,False,False,False,True,False,False,True,True,False,False,True,True,True,False,False,True,False,True,False,False,False,False,False,False,False,False,False,True,False,False,False,False,False,False,True,True,False,False,True,False
TX-00665,False,True,False,False,False,False,True,False,False,True,True,False,False,True,True,True,False,False,True,False,True,False,False,False,False,False,False,False,False,False,True,False,False,False,False,False,False,True,True,False,True,False,False
TX-00666,False,True,False,False,False,False,True,False,False,True,True,False,False,True,True,True,False,False,True,False,True,False,False,False,True,False,False,False,False,False,True,False,False,False,False,False,False,False,True,False,True,False,False
TX-00667,False,True,False,False,False,False,True,False,False,True,True,False,False,True,True,True,False,False,True,False,True,False,False,False,False,False,False,False,False,False,True,False,False,False,False,False,False,True,True,True,False,False,False
TX-00668,False,True,False,False,False,False,True,False,False,True,True,False,False,True,True,True,False,False,True,False,True,False,False,False,False,False,False,False,False,False,True,False,False,False,False,False,False,True,True,False,False,True,False
TX-00669,False,False,False,False,False,False,True,False,False,True,True,False,False,True,True,True,False,False,True,True,True,False,False,False,True,False,True,False,False,False,True,False,False,False,False,False,False,False,False,False,False,True,False
TX-00670,False,True,False,False,False,False,True,False,False,True,True,False,False,True,True,True,False,False,True,False,True,False,False,False,False,False,False,False,False,False,True,False,False,False,False,False,False,True,True,True,False,False,False
TX-00671,False,True,False,False,False,False,True,False,False,True,True,False,False,True,True,True,False,False,True,False,True,False,False,False,False,False,False,False,False,False,True,False,False,False,False,False,False,True,True,True,False,False,False
TX-00672,False,True,False,False,False,False,True,False,False,True,True,False,False,True,True,True,False,False,True,False,True,False,False,False,False,False,False,False,False,False,True,False,False,False,False,False,False,True,True,False,False,True,False
TX-00673,False,False,False,False,False,False,True,False,False,True,True,False,False,True,True,True,False,False,True,True,True,False,False,False,False,False,True,False,False,False,True,False,False,False,False,False,False,True,False,False,False,True,False
TX-00674,False,True,False,False,False,False,True,False,False,True,True,False,False,True,True,True,False,False,True,False,True,False,False,False,True,False,False,False,False,False,True,False,False,False,False,False,False,False,True,False,False,True,False
TX-00675,False,False,False,False,False,False,True,False,False,True,True,False,False,True,True,True,False,False,True,True,True,False,False,False,True,False,True,False,False,False,True,False,False,False,False,False,False,False,False,False,False,True,False
TX-00676,False,True,False,False,False,False,True,False,False,True,True,False,False,True,True,True,False,False,True,False,True,False,False,False,False,False,False,False,False,False,True,False,False,False,False,False,False,True,True,False,False,True,False
TX-00677,False,False,False,False,False,False,True,False,False,True,True,False,False,True,True,True,False,False,True,True,True,False,False,False,False,False,True,False,False,False,True,False,False,False,False,False,False,True,False,False,True,False,False
TX-00678,False,False,False,False,False,False,True,False,False,True,True,False,False,True,True,True,False,False,True,True,True,False,False,False,False,False,True,False,False,False,True,False,False,False,False,False,False,True,False,False,True,False,False
TX-00679,False,False,False,False,False,False,True,False,False,True,True,False,False,True,True,True,False,False,True,True,True,False,False,False,False,False,True,False,False,False,True,False,False,False,False,False,False,True,False,False,False,True,False
TX-00680,False,False,False,False,False,False,True,False,False,True,True,False,False,True,True,True,False,False,True,True,True,False,False,False,True,False,True,False,False,False,True,False,False,False,False,False,False,False,False,False,False,True,False
TX-00681,False,True,False,False,False,False,True,False,False,True,True,False,False,True,True,True,False,False,True,False,True,False,False,False,False,False,False,False,False,False,True,False,False,False,False,False,False,True,True,False,False,True,False
TX-00682,False,False,False,False,False,False,True,False,False,True,True,False,False,True,True,True,False,False,True,True,True,False,False,False,True,False,True,False,False,False,True,False,False,False,False,False,False,False,False,False,False,True,False
TX-00683,False,True,False,False,False,False,True,False,False,True,True,False,False,True,True,True,False,False,True,False,True,False,False,False,False,False,False,False,False,False,True,False,False,False,False,False,False,True,True,False,False,True,False
TX-00684,False,True,False,False,False,False,True,False,False,True,True,False,False,True,True,True,False,False,True,False,True,False,False,False,False,False,False,False,False,False,True,False,False,False,False,False,False,True,True,False,False,True,False
TX-00685,False,False,False,False,False,False,True,False,False,True,True,False,False,True,True,True,False,False,True,True,True,False,False,False,True,False,True,False,False,False,True,False,False,False,False,False,False,False,False,False,False,True,False
TX-00686,False,True,False,False,False,False,True,False,False,True,True,False,False,True,True,True,False,False,True,False,True,False,False,False,False,False,False,False,False,False,True,False,False,False,False,False,False,True,True,True,False,False,False
TX-00687,False,True,False,False,False,False,True,False,False,True,True,False,False,True,True,True,False,False,True,False,True,False,False,False,False,False,False,False,False,False,True,False,False,False,False,False,False,True,True,True,False,False,False
TX-00688,False,False,False,False,True,False,False,True,False,False,True,False,False,True,True,False,False,False,True,True,True,False,False,False,True,True,True,False,False,False,False,True,False,False,False,False,False,False,False,False,True,False,False
TX-00689,False,True,False,False,True,False,False,True,False,False,True,False,False,True,True,False,False,False,True,False,True,False,False,False,False,True,False,False,False,False,False,True,False,False,False,False,False,True,True,False,False,True,False
TX-00690,False,True,False,False,True,False,False,True,False,False,True,False,False,True,True,False,False,False,True,False,True,False,False,False,False,True,False,False,False,False,False,True,False,False,False,False,False,True,True,True,False,False,False
TX-00691,False,True,False,False,True,False,False,True,False,False,True,False,False,True,True,False,False,False,True,False,True,False,False,False,True,True,False,False,False,False,False,True,False,False,False,False,False,False,True,False,False,True,False
TX-00692,False,False,False,False,True,False,False,True,False,False,True,False,False,True,True,False,False,False,True,True,True,False,False,False,False,True,True,False,False,False,False,True,False,False,False,False,False,True,False,True,False,False,False
TX-00693,False,False,False,False,True,False,False,True,False,False,True,False,False,True,True,False,False,False,True,True,True,False,False,False,False,True,True,False,False,False,False,True,False,False,False,False,False,True,False,False,True,False,False
TX-00694,False,True,False,False,True,False,False,True,False,False,True,False,False,True,True,False,False,False,True,False,True,False,False,False,True,True,False,False,False,False,False,True,False,False,False,False,False,False,True,False,False,True,False
TX-00695,False,True,False,False,True,False,False,True,False,False,True,False,False,True,True,False,False,False,True,False,True,False,False,False,False,True,False,False,False,False,False,True,False,False,False,False,False,True,True,False,True,False,False
TX-00696,False,True,False,False,True,False,False,True,False,False,True,False,False,True,True,False,False,False,True,False,True,False,False,False,False,True,False,False,False,False,False,True,False,False,False,False,False,True,True,False,False,True,False
TX-00697,False,True,False,False,True,False,False,True,False,False,True,False,False,True,True,False,False,False,True,False,True,False,False,False,False,True,False,False,False,False,False,True,False,False,False,False,False,True,True,False,False,True,False
TX-00698,False,False,False,False,True,False,False,True,False,False,True,False,False,True,True,False,False,False,True,True,True,False,False,False,True,True,True,False,False,False,False,True,False,False,False,False,False,False,False,False,False,True,False
TX-00699,False,False,False,False,True,False,False,True,False,False,True,False,False,True,True,False,False,False,True,True,True,False,False,False,False,True,True,False,False,False,False,True,False,False,False,False,False,True,False,False,False,True,False
TX-00700,False,True,False,False,True,False,False,True,False,False,True,False,False,True,True,False,False,False,True,False,True,False,False,False,False,True,False,False,False,False,False,True,False,False,False,False,False,True,True,False,False,True,False
TX-00701,False,True,False,False,True,False,False,True,False,False,True,False,False,True,True,False,False,False,True,False,True,False,False,False,False,True,False,False,False,False,False,True,False,False,False,False,False,True,True,False,False,False,True
TX-00702,False,True,False,False,True,False,False,True,False,False,True,False,False,True,True,False,False,False,True,False,True,False,False,False,True,True,False,False,False,False,False,True,False,False,False,False,False,False,True,False,True,False,False
TX-00703,False,True,False,False,True,False,False,True,False,False,True,False,False,True,True,False,False,False,True,False,True,False,False,False,False,True,False,False,False,False,False,True,False,False,False,False,False,True,True,False,False,True,False
TX-00704,False,False,False,False,True,False,False,True,False,False,True,False,False,True,True,False,False,False,True,True,True,False,False,False,True,True,True,False,False,False,False,True,False,False,False,False,False,False,False,False,False,True,False
TX-00705,False,False,False,False,True,False,False,True,False,False,True,False,False,True,True,False,False,False,True,True,True,False,False,False,True,True,True,False,False,False,False,True,False,False,False,False,False,False,False,False,True,False,False
TX-00706,False,True,False,False,True,False,False,True,False,False,True,False,False,True,True,False,False,False,True,False,True,False,False,False,False,True,False,False,False,False,False,True,False,False,False,False,False,True,True,False,False,True,False
TX-00707,False,True,False,False,True,False,False,True,False,False,True,False,False,True,True,False,False,False,True,False,True,False,False,False,False,True,False,False,False,False,False,True,False,False,False,False,False,True,True,False,True,False,False
TX-00708,False,True,False,False,False,False,True,False,False,True,True,False,False,True,True,True,False,True,False,False,True,False,False,False,False,False,False,False,False,False,False,False,True,False,False,False,False,True,True,True,False,False,False
TX-00709,False,True,False,False,False,False,True,False,False,True,True,False,False,True,True,True,False,True,False,False,True,False,False,False,True,False,False,False,False,False,False,False,True,False,False,False,False,False,True,False,False,True,False
TX-00710,False,True,False,False,False,False,True,False,False,True,True,False,False,True,True,True,False,True,False,False,True,False,False,False,False,False,False,False,False,False,False,False,True,False,False,False,False,True,True,False,False,True,False
TX-00711,False,False,False,False,False,False,True,False,False,True,True,False,False,True,True,True,False,True,False,True,True,False,False,False,False,False,True,False,False,False,False,False,True,False,False,False,False,True,False,False,False,True,False
TX-00712,False,True,False,False,False,False,True,False,False,True,True,False,False,True,True,True,False,True,False,False,True,False,False,False,True,False,False,False,False,False,False,False,True,False,False,False,False,False,True,False,False,True,False
TX-00713,False,True,False,False,False,False,True,False,False,True,True,False,False,True,True,True,False,True,False,False,True,False,False,False,False,False,False,False,False,False,False,False,True,False,False,False,False,True,True,False,True,False,False
TX-00714,False,False,False,False,False,False,True,False,False,True,True,False,False,True,True,True,False,True,False,True,True,False,False,False,False,False,True,False,False,False,False,False,True,False,False,False,False,True,False,False,False,True,False
TX-00715,False,True,False,False,False,False,True,False,False,True,True,False,False,True,True,True,False,True,False,False,True,False,False,False,False,False,False,False,False,False,False,False,True,False,False,False,False,True,True,False,False,True,False
TX-00716,False,True,False,False,False,False,True,False,False,True,True,False,False,True,True,True,False,True,False,False,True,False,False,False,False,False,False,False,False,False,False,False,True,False,False,False,False,True,True,False,True,False,False
TX-00717,False,True,False,False,False,False,True,False,False,True,True,False,False,True,True,True,False,True,False,False,True,False,False,False,False,False,False,False,False,False,False,False,True,False,False,False,False,True,True,False,False,True,False
TX-00718,False,False,False,False,False,False,True,False,False,True,True,False,False,True,True,True,False,True,False,True,True,False,False,False,True,False,True,False,False,False,False,False,True,False,False,False,False,False,False,False,False,True,False
TX-00719,False,True,False,False,False,False,True,False,False,True,True,False,False,True,True,True,False,True,False,False,True,False,False,False,False,False,False,False,False,False,False,False,True,False,False,False,False,True,True,False,False,True,False
TX-00720,False,True,False,False,False,False,True,False,False,True,True,False,False,True,True,True,False,True,False,False,True,False,False,False,False,False,False,False,False,False,False,False,True,False,False,False,False,True,True,False,False,True,False
TX-00721,False,False,False,False,False,False,True,False,False,True,True,False,False,True,True,True,False,True,False,True,True,False,False,False,False,False,True,False,False,False,False,False,True,False,False,False,False,True,False,False,True,False,False
TX-00722,False,True,False,False,False,False,True,False,False,True,True,False,False,True,True,True,False,True,False,False,True,False,False,False,False,False,False,False,False,False,False,False,True,False,False,False,False,True,True,False,False,True,False
TX-00723,False,False,False,False,False,False,True,False,False,True,True,False,False,True,True,True,False,True,False,True,True,False,False,False,False,False,True,False,False,False,False,False,True,False,False,False,False,True,False,False,False,True,False
TX-00724,False,True,False,False,False,False,True,False,False,True,True,False,False,True,True,True,False,True,False,False,True,False,False,False,False,False,False,False,False,False,False,False,True,False,False,False,False,True,True,False,False,True,False
TX-00725,False,True,False,False,False,False,True,False,False,True,True,False,False,True,True,True,False,True,False,False,True,False,False,False,False,False,False,False,False,False,False,False,True,False,False,False,False,True,True,True,False,False,False
TX-00726,False,False,False,False,False,False,True,False,False,True,True,False,False,True,True,True,False,True,False,True,True,False,False,False,False,False,True,False,False,False,False,False,True,False,False,False,False,True,False,False,True,False,False
TX-00727,False,True,False,False,False,False,True,False,False,True,True,False,False,True,True,True,False,True,False,False,True,False,False,False,True,False,False,False,False,False,False,False,True,False,False,False,False,False,True,False,False,True,False
TX-00728,False,True,False,False,False,False,True,False,False,True,True,False,False,True,True,True,False,True,False,False,True,False,False,False,False,False,False,False,False,False,False,False,True,False,False,False,False,True,True,False,False,True,False
TX-00729,False,True,False,False,False,False,True,False,False,True,True,False,False,True,True,True,False,True,False,False,True,False,False,False,False,False,False,False,False,False,False,False,True,False,False,False,False,True,True,False,False,True,False
TX-00730,False,False,False,False,False,False,True,False,False,True,True,False,False,True,True,True,False,True,False,True,True,False,False,False,True,False,True,False,False,False,False,False,True,False,False,False,False,False,False,False,True,False,False
TX-00731,False,True,False,False,False,False,True,False,False,True,True,False,False,True,True,True,False,True,False,False,True,False,False,False,False,False,False,False,False,False,False,False,True,False,False,False,False,True,True,False,False,True,False
TX-00732,False,True,False,False,False,False,True,False,False,True,True,False,False,True,True,True,False,True,False,False,True,False,False,False,False,False,False,False,False,False,False,False,True,False,False,False,False,True,True,True,False,False,False
TX-00733,False,True,False,True,False,False,False,True,False,False,True,False,False,True,True,False,False,False,True,False,True,False,False,False,True,True,False,False,False,False,False,False,True,False,False,False,False,False,True,False,False,True,False
TX-00734,False,True,False,True,False,False,False,True,False,False,True,False,False,True,True,False,False,False,True,False,True,False,False,False,True,True,False,False,False,False,False,False,True,False,False,False,False,False,True,False,False,True,False
TX-00735,False,True,False,True,False,False,False,True,False,False,True,False,False,True,True,False,False,False,True,False,True,False,False,False,False,True,False,False,False,False,False,False,True,False,False,False,False,True,True,False,False,True,False
TX-00736,False,True,False,True,False,False,False,True,False,False,True,False,False,True,True,False,False,False,True,False,True,False,False,False,False,True,False,False,False,False,False,False,True,False,False,False,False,True,True,False,False,True,False
TX-00737,False,True,False,True,False,False,False,True,False,False,True,False,False,True,True,False,False,False,True,False,True,False,False,False,False,True,False,False,False,False,False,False,True,False,False,False,False,True,True,False,False,True,False
TX-00738,False,False,False,True,False,False,False,True,False,False,True,False,False,True,True,False,False,False,True,True,True,False,False,False,True,True,True,False,False,False,False,False,True,False,False,False,False,False,False,False,True,False,False
TX-00739,False,True,False,True,False,False,False,True,False,False,True,False,False,True,True,False,False,False,True,False,True,False,False,False,False,True,False,False,False,False,False,False,True,False,False,False,False,True,True,True,False,False,False
TX-00740,False,True,False,True,False,False,False,True,False,False,True,False,False,True,True,False,False,False,True,False,True,False,False,False,False,True,False,False,False,False,False,False,True,False,False,False,False,True,True,False,False,False,True
TX-00741,False,True,False,True,False,False,False,True,False,False,True,False,False,True,True,False,False,False,True,False,True,False,False,False,False,True,False,False,False,False,False,False,True,False,False,False,False,True,True,False,False,True,False
TX-00742,False,False,False,True,False,False,False,True,False,False,True,False,False,True,True,False,False,False,True,True,True,False,False,False,True,True,True,False,False,False,False,False,True,False,False,False,False,False,False,False,False,True,False
TX-00743,False,True,False,True,False,False,False,True,False,False,True,False,False,True,True,False,False,False,True,False,True,False,False,False,False,True,False,False,False,False,False,False,True,False,False,False,False,True,True,True,False,False,False
TX-00744,False,True,False,True,False,False,False,True,False,False,True,False,False,True,True,False,False,False,True,False,True,False,False,False,False,True,False,False,False,False,False,False,True,False,False,False,False,True,True,True,False,False,False
TX-00745,False,True,False,True,False,False,False,True,False,False,True,False,False,True,True,False,False,False,True,False,True,False,False,False,True,True,False,False,False,False,False,False,True,False,False,False,False,False,True,False,False,True,False
TX-00746,False,True,False,True,False,False,False,False,True,False,False,True,False,True,True,True,False,False,True,False,True,False,False,False,True,False,False,False,False,False,False,False,True,False,False,False,False,False,True,False,False,True,False
TX-00747,False,False,False,True,False,False,False,False,True,False,False,True,False,True,True,True,False,False,True,True,True,False,False,False,False,False,False,False,False,False,False,False,True,False,False,False,False,True,True,False,False,True,False
TX-00748,False,False,False,True,False,False,False,False,True,False,False,True,False,True,True,True,False,False,True,True,True,False,False,False,False,False,False,False,False,False,False,False,True,False,False,False,False,True,True,True,False,False,False
TX-00749,False,True,False,True,False,False,False,False,True,False,False,True,False,True,True,True,False,False,True,False,True,False,False,False,False,False,False,False,False,False,False,False,True,False,False,False,False,True,True,True,False,False,False
TX-00750,False,False,False,True,False,False,False,False,True,False,False,True,False,True,True,True,False,False,True,True,True,False,False,False,True,False,False,False,False,False,False,False,True,False,False,False,False,False,True,False,False,True,False
TX-00751,False,False,False,True,False,False,False,False,True,False,False,True,False,True,True,True,False,False,True,True,True,False,False,False,True,False,False,False,False,False,False,False,True,False,False,False,False,False,True,False,False,True,False
TX-00752,False,True,False,True,False,False,False,False,True,False,False,True,False,True,True,True,False,False,True,False,True,False,False,False,True,False,False,False,False,False,False,False,True,False,False,False,False,False,True,False,True,False,False
TX-00753,False,True,False,True,False,False,False,False,True,False,False,True,False,True,True,True,False,False,True,False,True,False,False,False,False,False,False,False,False,False,False,False,True,False,False,False,False,True,True,False,True,False,False
TX-00754,False,True,False,True,False,False,False,False,True,False,False,True,False,True,True,True,False,False,True,False,True,False,False,False,False,False,False,False,False,False,False,False,True,False,False,False,False,True,True,True,False,False,False
TX-00755,False,True,False,True,False,False,False,False,True,False,False,True,False,True,True,True,False,False,True,False,True,False,False,False,False,False,False,False,False,False,False,False,True,False,False,False,False,True,True,True,False,False,False
TX-00756,False,True,False,True,False,False,False,False,True,False,False,True,False,True,True,True,False,False,True,False,True,False,False,False,False,False,False,False,False,False,False,False,True,False,False,False,False,True,True,False,False,True,False
TX-00757,False,True,False,True,False,False,False,False,True,False,False,True,False,True,True,True,False,False,True,False,True,False,False,False,False,False,False,False,False,False,False,False,True,False,False,False,False,True,True,True,False,False,False
TX-00758,False,True,False,True,False,False,False,False,True,False,False,True,False,True,True,True,False,False,True,False,True,False,False,False,False,False,False,False,False,False,False,False,True,False,False,False,False,True,True,False,False,True,False
TX-00759,False,False,False,True,False,False,False,False,True,False,False,True,False,True,True,True,False,False,True,True,True,False,False,False,False,False,False,False,False,False,False,False,True,False,False,False,False,True,True,False,False,True,False
TX-00760,False,True,False,True,False,False,False,False,True,False,False,True,False,True,True,True,False,False,True,False,True,False,False,False,False,False,False,False,False,False,False,False,True,False,False,False,False,True,True,False,False,True,False
TX-00761,False,True,False,True,False,False,False,False,True,False,False,True,False,True,True,True,False,False,True,False,True,False,False,False,False,False,False,False,False,False,False,False,True,False,False,False,False,True,True,False,False,True,False
TX-00762,False,True,False,True,False,False,False,False,True,False,False,True,False,True,True,True,False,False,True,False,True,False,False,False,False,False,False,False,False,False,False,False,True,False,False,False,False,True,True,True,False,False,False
TX-00763,False,True,False,True,False,False,False,False,True,False,False,True,False,True,True,True,False,False,True,False,True,False,False,False,False,False,False,False,False,False,False,False,True,False,False,False,False,True,True,False,False,True,False
TX-00764,False,False,False,False,True,False,False,False,False,True,True,False,False,True,True,True,False,False,True,True,True,False,False,False,False,False,True,False,False,False,False,False,True,False,False,False,False,True,False,False,False,True,False
TX-00765,False,False,False,False,True,False,False,False,False,True,True,False,False,True,True,True,False,False,True,True,True,False,False,False,True,False,True,False,False,False,False,False,True,False,False,False,False,False,False,False,False,True,False
TX-00766,False,True,False,False,True,False,False,False,False,True,True,False,False,True,True,True,False,False,True,False,True,False,False,False,False,False,False,False,False,False,False,False,True,False,False,False,False,True,True,True,False,False,False
TX-00767,False,True,False,False,True,False,False,False,False,True,True,False,False,True,True,True,False,False,True,False,True,False,False,False,True,False,False,False,False,False,False,False,True,False,False,False,False,False,True,False,False,True,False
TX-00768,False,False,False,False,True,False,False,False,False,True,True,False,False,True,True,True,False,False,True,True,True,False,False,False,False,False,True,False,False,False,False,False,True,False,False,False,False,True,False,False,True,False,False
TX-00769,False,True,False,False,True,False,False,False,False,True,True,False,False,True,True,True,False,False,True,False,True,False,False,False,False,False,False,False,False,False,False,False,True,False,False,False,False,True,True,True,False,False,False
TX-00770,False,True,False,False,True,False,False,False,False,True,True,False,False,True,True,True,False,False,True,False,True,False,False,False,False,False,False,False,False,False,False,False,True,False,False,False,False,True,True,False,False,True,False
TX-00771,False,False,False,False,True,False,False,False,False,True,True,False,False,True,True,True,False,False,True,True,True,False,False,False,True,False,True,False,False,False,False,False,True,False,False,False,False,False,False,False,False,True,False
TX-00772,False,True,False,False,True,False,False,False,False,True,True,False,False,True,True,True,False,False,True,False,True,False,False,False,False,False,False,False,False,False,False,False,True,False,False,False,False,True,True,False,False,True,False
TX-00773,False,True,False,False,True,False,False,False,False,True,True,False,False,True,True,True,False,False,True,False,True,False,False,False,False,False,False,False,False,False,False,False,True,False,False,False,False,True,True,True,False,False,False
TX-00774,False,True,False,False,True,False,False,False,False,True,True,False,False,True,True,True,False,False,True,False,True,False,False,False,False,False,False,False,False,False,False,False,True,False,False,False,False,True,True,False,False,True,False
TX-00775,False,True,False,False,True,False,False,False,False,True,True,False,False,True,True,True,False,False,True,False,True,False,False,False,False,False,False,False,False,False,False,False,True,False,False,False,False,True,True,True,False,False,False
TX-00776,False,True,False,False,True,False,False,False,False,True,True,False,False,True,True,True,False,False,True,False,True,False,False,False,True,False,False,False,False,False,False,False,True,False,False,False,False,False,True,False,True,False,False
TX-00777,False,False,False,False,True,False,False,False,False,True,True,False,False,True,True,True,False,False,True,True,True,False,False,False,False,False,True,False,False,False,False,False,True,False,False,False,False,True,False,False,False,True,False
TX-00778,False,True,False,False,True,False,False,False,False,True,True,False,False,True,True,True,False,False,True,False,True,False,False,False,False,False,False,False,False,False,False,False,True,False,False,False,False,True,True,True,False,False,False
TX-00779,False,False,False,False,True,False,False,False,False,True,True,False,False,True,True,True,False,False,True,True,True,False,False,False,False,False,True,False,False,False,False,False,True,False,False,False,False,True,False,False,True,False,False
TX-00780,False,False,False,False,True,False,False,False,False,True,True,False,False,True,True,True,False,False,True,True,True,False,False,False,False,False,True,False,False,False,False,False,True,False,False,False,False,True,False,False,False,True,False
TX-00781,False,True,False,False,True,False,False,False,False,True,True,False,False,True,True,True,False,False,True,False,True,False,False,False,False,False,False,False,False,False,False,False,True,False,False,False,False,True,True,True,False,False,False
TX-00782,False,False,False,False,False,True,False,False,False,True,True,False,False,True,True,True,False,False,True,True,True,False,False,False,True,False,True,False,False,False,False,False,True,False,False,False,False,False,False,False,True,False,False
TX-00783,False,False,False,False,False,True,False,False,False,True,True,False,False,True,True,True,False,False,True,True,True,False,False,False,False,False,True,False,False,False,False,False,True,False,False,False,False,True,False,False,False,True,False
TX-00784,False,True,False,False,False,True,False,False,False,True,True,False,False,True,True,True,False,False,True,False,True,False,False,False,True,False,False,False,False,False,False,False,True,False,False,False,False,False,True,False,False,True,False
TX-00785,False,True,False,False,False,True,False,False,False,True,True,False,False,True,True,True,False,False,True,False,True,False,False,False,True,False,False,False,False,False,False,False,True,False,False,False,False,False,True,False,False,True,False
TX-00786,False,False,False,False,False,True,False,False,False,True,True,False,False,True,True,True,False,False,True,True,True,False,False,False,False,False,True,False,False,False,False,False,True,False,False,False,False,True,False,False,False,True,False
TX-00787,False,True,False,False,False,True,False,False,False,True,True,False,False,True,True,True,False,False,True,False,True,False,False,False,False,False,False,False,False,False,False,False,True,False,False,False,False,True,True,True,False,False,False
TX-00788,False,True,False,False,False,True,False,False,False,True,True,False,False,True,True,True,False,False,True,False,True,False,False,False,False,False,False,False,False,False,False,False,True,False,False,False,False,True,True,False,False,True,False
TX-00789,False,True,False,False,False,True,False,False,False,True,True,False,False,True,True,True,False,False,True,False,True,False,False,False,False,False,False,False,False,False,False,False,True,False,False,False,False,True,True,False,True,False,False
TX-00790,False,True,False,False,False,True,False,False,False,True,True,False,False,True,True,True,False,False,True,False,True,False,False,False,False,False,False,False,False,False,False,False,True,False,False,False,False,True,True,False,True,False,False
TX-00791,False,True,False,False,False,True,False,False,False,True,True,False,False,True,True,True,False,False,True,False,True,False,False,False,False,False,False,False,False,False,False,False,True,False,False,False,False,True,True,False,False,True,False
TX-00792,False,True,False,False,False,True,False,False,False,True,True,False,False,True,True,True,False,False,True,False,True,False,False,False,False,False,False,False,False,False,False,False,True,False,False,False,False,True,True,False,False,True,False
TX-00793,False,True,False,False,False,True,False,False,False,True,True,False,False,True,True,True,False,False,True,False,True,False,False,False,True,False,False,False,False,False,False,False,True,False,False,False,False,False,True,False,False,True,False
TX-00794,False,True,False,False,False,True,False,False,False,True,True,False,False,True,True,True,False,False,True,False,True,False,False,False,False,False,False,False,False,False,False,False,True,False,False,False,False,True,True,False,False,True,False
TX-00795,False,True,False,False,False,True,False,False,False,True,True,False,False,True,True,True,False,False,True,False,True,False,False,False,False,False,False,False,False,False,False,False,True,False,False,False,False,True,True,False,False,True,False
TX-00796,False,True,False,False,False,True,False,False,False,True,True,False,False,True,True,True,False,False,True,False,True,False,False,False,False,False,False,False,False,False,False,False,True,False,False,False,False,True,True,False,False,True,False
TX-00797,False,False,False,False,False,True,False,False,False,True,True,False,False,True,True,True,False,False,True,True,True,False,False,False,False,False,True,False,False,False,False,False,True,False,False,False,False,True,False,False,True,False,False
TX-00798,False,True,False,False,False,True,False,False,False,True,True,False,False,True,True,True,False,False,True,False,True,False,False,False,False,False,False,False,False,False,False,False,True,False,False,False,False,True,True,False,False,True,False
TX-00799,False,False,False,False,False,True,False,False,False,True,True,False,False,True,True,True,False,False,True,True,True,False,False,False,False,False,True,False,False,False,False,False,True,False,False,False,False,True,False,False,False,True,False
TX-00800,False,True,False,False,False,True,False,False,False,True,True,False,False,True,True,True,False,False,True,False,True,False,False,False,False,False,False,False,False,False,False,False,True,False,False,False,False,True,True,True,False,False,False
TX-00801,False,True,False,False,False,False,True,True,False,False,True,False,False,True,True,True,False,False,True,False,True,False,False,False,False,False,False,False,False,False,False,False,False,False,True,False,False,True,True,False,False,True,False
TX-00802,False,True,False,False,False,False,True,True,False,False,True,False,False,True,True,True,False,False,True,False,True,False,False,False,False,False,False,False,False,False,False,False,False,False,True,False,False,True,True,True,False,False,False
TX-00803,False,False,False,False,False,False,True,True,False,False,True,False,False,True,True,True,False,False,True,True,True,False,False,False,False,False,True,False,False,False,False,False,False,False,True,False,False,True,False,False,False,True,False
TX-00804,False,True,False,False,False,False,True,True,False,False,True,False,False,True,True,True,False,False,True,False,True,False,False,False,False,False,False,False,False,False,False,False,False,False,True,False,False,True,True,False,False,True,False
TX-00805,False,True,False,False,False,False,True,True,False,False,True,False,False,True,True,True,False,False,True,False,True,False,False,False,False,False,False,False,False,False,False,False,False,False,True,False,False,True,True,False,True,False,False
TX-00806,False,True,False,False,False,False,True,True,False,False,True,False,False,True,True,True,False,False,True,False,True,False,False,False,False,False,False,False,False,False,False,False,False,False,True,False,False,True,True,True,False,False,False
TX-00807,False,True,False,False,False,False,True,True,False,False,True,False,False,True,True,True,False,False,True,False,True,False,False,False,False,False,False,False,False,False,False,False,False,False,True,False,False,True,True,True,False,False,False
TX-00808,False,True,False,False,False,False,True,True,False,False,True,False,False,True,True,True,False,False,True,False,True,False,False,False,False,False,False,False,False,False,False,False,False,False,True,False,False,True,True,True,False,False,False
TX-00809,False,True,False,False,False,False,True,True,False,False,True,False,False,True,True,True,False,False,True,False,True,False,False,False,False,False,False,False,False,False,False,False,False,False,True,False,False,True,True,True,False,False,False
TX-00810,False,True,False,False,False,False,True,True,False,False,True,False,False,True,True,True,False,False,True,False,True,False,False,False,True,False,False,False,False,False,False,False,False,False,True,False,False,False,True,False,False,True,False
TX-00811,False,True,False,False,False,False,True,True,False,False,True,False,False,True,True,True,False,False,True,False,True,False,False,False,True,False,False,False,False,False,False,False,False,False,True,False,False,False,True,False,True,False,False
TX-00812,False,True,False,False,False,False,True,True,False,False,True,False,False,True,True,True,False,False,True,False,True,False,False,False,False,False,False,False,False,False,False,False,False,False,True,False,False,True,True,True,False,False,False
TX-00813,False,True,False,False,False,False,True,True,False,False,True,False,False,True,True,True,False,False,True,False,True,False,False,False,False,False,False,False,False,False,False,False,False,False,True,False,False,True,True,False,False,True,False
TX-00814,False,False,False,False,False,False,True,True,False,False,True,False,False,True,True,True,False,False,True,True,True,False,False,False,False,False,True,False,False,False,False,False,False,False,True,False,False,True,False,False,False,True,False
TX-00815,False,True,False,False,False,False,True,True,False,False,True,False,False,True,True,True,False,False,True,False,True,False,False,False,False,False,False,False,False,False,False,False,False,False,True,False,False,True,True,True,False,False,False
TX-00816,False,True,False,False,False,False,True,True,False,False,True,False,False,True,True,True,False,False,True,False,True,False,False,False,False,False,False,False,False,False,False,False,False,False,True,False,False,True,True,True,False,False,False
TX-00817,False,False,False,False,False,False,True,True,False,False,True,False,False,True,True,True,False,False,True,True,True,False,False,False,True,False,True,False,False,False,False,False,False,False,True,False,False,False,False,False,False,True,False
TX-00818,False,True,False,False,False,False,True,True,False,False,True,False,False,True,True,True,False,False,True,False,True,False,False,False,False,False,False,False,False,False,False,False,False,False,True,False,False,True,True,False,False,True,False
TX-00819,False,False,False,False,False,False,True,True,False,False,True,False,False,True,True,True,False,False,True,True,True,False,False,False,False,False,True,False,False,False,False,False,False,False,True,False,False,True,False,False,False,True,False
TX-00820,False,True,False,False,False,False,True,True,False,False,True,False,False,True,True,True,False,False,True,False,True,False,False,False,False,False,False,False,False,False,False,False,False,False,True,False,False,True,True,False,False,True,False
TX-00821,False,True,False,False,False,False,True,True,False,False,True,False,False,True,True,True,False,False,True,False,True,False,False,False,True,False,False,False,False,False,False,False,False,False,True,False,False,False,True,False,False,True,False
TX-00822,False,False,False,False,False,False,True,True,False,False,True,False,False,True,True,True,False,False,True,True,True,False,False,False,True,False,True,False,False,False,False,False,False,False,True,False,False,False,False,False,True,False,False
TX-00823,False,False,False,False,False,False,True,True,False,False,True,False,False,True,True,True,False,False,True,True,True,False,False,False,True,False,True,False,False,False,False,False,False,False,True,False,False,False,False,False,False,True,False
TX-00824,False,False,False,False,False,False,True,True,False,False,True,False,False,True,True,True,False,False,True,True,True,False,False,False,True,False,True,False,False,False,False,False,False,False,True,False,False,False,False,False,True,False,False
TX-00825,False,True,False,False,False,False,True,True,False,False,True,False,False,True,True,True,False,False,True,False,True,False,False,False,False,False,False,False,False,False,False,False,False,False,True,False,False,True,True,False,False,True,False
TX-00826,False,True,False,False,False,False,True,True,False,False,True,False,False,True,True,True,False,False,True,False,True,False,False,False,False,False,False,False,False,False,False,False,False,False,True,False,False,True,True,False,False,True,False
TX-00827,False,False,False,True,False,False,False,False,False,True,True,False,False,True,True,True,False,False,True,True,True,False,False,False,False,False,True,False,False,False,False,False,False,False,True,False,False,True,False,False,False,True,False
TX-00828,False,True,False,True,False,False,False,False,False,True,True,False,False,True,True,True,False,False,True,False,True,False,False,False,False,False,False,False,False,False,False,False,False,False,True,False,False,True,True,True,False,False,False
TX-00829,False,True,False,True,False,False,False,False,False,True,True,False,False,True,True,True,False,False,True,False,True,False,False,False,True,False,False,False,False,False,False,False,False,False,True,False,False,False,True,False,False,True,False
TX-00830,False,False,False,True,False,False,False,False,False,True,True,False,False,True,True,True,False,False,True,True,True,False,False,False,False,False,True,False,False,False,False,False,False,False,True,False,False,True,False,False,True,False,False
TX-00831,False,True,False,True,False,False,False,False,False,True,True,False,False,True,True,True,False,False,True,False,True,False,False,False,False,False,False,False,False,False,False,False,False,False,True,False,False,True,True,False,False,True,False
TX-00832,False,True,False,True,False,False,False,False,False,True,True,False,False,True,True,True,False,False,True,False,True,False,False,False,False,False,False,False,False,False,False,False,False,False,True,False,False,True,True,True,False,False,False
TX-00833,False,False,False,True,False,False,False,False,False,True,True,False,False,True,True,True,False,False,True,True,True,False,False,False,False,False,True,False,False,False,False,False,False,False,True,False,False,True,False,False,True,False,False
TX-00834,False,True,False,True,False,False,False,False,False,True,True,False,False,True,True,True,False,False,True,False,True,False,False,False,False,False,False,False,False,False,False,False,False,False,True,False,False,True,True,False,False,True,False
TX-00835,False,True,False,True,False,False,False,False,False,True,True,False,False,True,True,True,False,False,True,False,True,False,False,False,False,False,False,False,False,False,False,False,False,False,True,False,False,True,True,False,False,True,False
TX-00836,False,True,False,True,False,False,False,False,False,True,True,False,False,True,True,True,False,False,True,False,True,False,False,False,False,False,False,False,False,False,False,False,False,False,True,False,False,True,True,False,True,False,False
TX-00837,False,False,False,True,False,False,False,False,False,True,True,False,False,True,True,True,False,False,True,True,True,False,False,False,True,False,True,False,False,False,False,False,False,False,True,False,False,False,False,False,False,True,False
TX-00838,False,True,False,True,False,False,False,False,False,True,True,False,False,True,True,True,False,False,True,False,True,False,False,False,False,False,False,False,False,False,False,False,False,False,True,False,False,True,True,False,False,True,False
TX-00839,False,True,False,True,False,False,False,False,False,True,True,False,False,True,True,True,False,False,True,False,True,False,False,False,False,False,False,False,False,False,False,False,False,False,True,False,False,True,True,False,True,False,False
TX-00840,False,True,False,True,False,False,False,False,False,True,True,False,False,True,True,True,False,False,True,False,True,False,False,False,False,False,False,False,False,False,False,False,False,False,True,False,False,True,True,True,False,False,False
TX-00841,False,False,False,True,False,False,False,False,False,True,True,False,False,True,True,True,False,False,True,True,True,False,False,False,True,False,True,False,False,False,False,False,False,False,True,False,False,False,False,False,True,False,False
TX-00842,False,True,False,True,False,False,False,False,False,True,True,False,False,True,True,True,False,False,True,False,True,False,False,False,True,False,False,False,False,False,False,False,False,False,True,False,False,False,True,False,True,False,False
TX-00843,False,False,False,True,False,False,False,False,False,True,True,False,False,True,True,True,False,False,True,True,True,False,False,False,False,False,True,False,False,False,False,False,False,False,True,False,False,True,False,False,False,True,False
TX-00844,False,False,False,True,False,False,False,False,False,True,True,False,False,True,True,True,False,False,True,True,True,False,False,False,False,False,True,False,False,False,False,False,False,False,True,False,False,True,False,False,True,False,False
TX-00845,False,False,False,True,False,False,False,False,False,True,True,False,False,True,True,True,False,False,True,True,True,False,False,False,False,False,True,False,False,False,False,False,False,False,True,False,False,True,False,False,False,True,False
TX-00846,False,True,False,True,False,False,False,False,False,True,True,False,False,True,True,True,False,False,True,False,True,False,False,False,False,False,False,False,False,False,False,False,False,False,True,False,False,True,True,False,False,True,False
TX-00847,False,False,False,True,False,False,False,False,False,True,True,False,False,True,True,True,False,False,True,True,True,False,False,False,True,False,True,False,False,False,False,False,False,False,True,False,False,False,False,False,False,True,False
TX-00848,False,True,False,True,False,False,False,False,False,True,True,False,False,True,True,True,False,False,True,False,True,False,False,False,False,False,False,False,False,False,False,False,False,False,True,False,False,True,True,False,False,True,False
TX-00849,False,False,False,True,False,False,False,False,False,True,True,False,False,True,True,True,False,False,True,True,True,False,False,False,False,False,True,False,False,False,False,False,False,False,True,False,False,True,False,False,True,False,False
TX-00850,False,True,False,True,False,False,False,False,False,True,True,False,False,True,True,True,False,False,True,False,True,False,False,False,True,False,False,False,False,False,False,False,False,False,True,False,False,False,True,False,False,True,False
TX-00851,False,True,False,True,False,False,False,False,False,True,True,False,False,True,True,True,False,False,True,False,True,False,False,False,False,False,False,False,False,False,False,False,False,False,True,False,False,True,True,False,False,True,False
TX-00852,False,True,False,True,False,False,False,False,False,True,True,False,False,True,True,True,False,False,True,False,True,False,False,False,False,False,False,False,False,False,False,False,False,False,True,False,False,True,True,True,False,False,False
TX-00853,False,True,False,True,False,False,False,False,True,False,False,True,False,True,True,True,False,False,True,False,True,False,False,False,True,False,False,False,False,False,False,False,False,False,True,False,False,False,True,False,True,False,False
TX-00854,False,False,False,True,False,False,False,False,True,False,False,True,False,True,True,True,False,False,True,True,True,False,False,False,True,False,False,False,False,False,False,False,False,False,True,False,False,False,True,False,True,False,False
TX-00855,False,True,False,True,False,False,False,False,True,False,False,True,False,True,True,True,False,False,True,False,True,False,False,False,False,False,False,False,False,False,False,False,False,False,True,False,False,True,True,False,False,True,False
TX-00856,False,False,False,True,False,False,False,False,True,False,False,True,False,True,True,True,False,False,True,True,True,False,False,False,False,False,False,False,False,False,False,False,False,False,True,False,False,True,True,False,True,False,False
TX-00857,False,True,False,True,False,False,False,False,True,False,False,True,False,True,True,True,False,False,True,False,True,False,False,False,False,False,False,False,False,False,False,False,False,False,True,False,False,True,True,False,False,True,False
TX-00858,False,True,False,True,False,False,False,False,True,False,False,True,False,True,True,True,False,False,True,False,True,False,False,False,False,False,False,False,False,False,False,False,False,False,True,False,False,True,True,False,False,True,False
TX-00859,False,True,False,True,False,False,False,False,True,False,False,True,False,True,True,True,False,False,True,False,True,False,False,False,False,False,False,False,False,False,False,False,False,False,True,False,False,True,True,True,False,False,False
TX-00860,False,True,False,True,False,False,False,False,True,False,False,True,False,True,True,True,False,False,True,False,True,False,False,False,True,False,False,False,False,False,False,False,False,False,True,False,False,False,True,False,False,True,False
TX-00861,False,True,False,True,False,False,False,False,True,False,False,True,False,True,True,True,False,False,True,False,True,False,False,False,False,False,False,False,False,False,False,False,False,False,True,False,False,True,True,True,False,False,False
TX-00862,False,True,False,True,False,False,False,False,True,False,False,True,False,True,True,True,False,False,True,False,True,False,False,False,False,False,False,False,False,False,False,False,False,False,True,False,False,True,True,True,False,False,False
TX-00863,False,True,False,True,False,False,False,False,True,False,False,True,False,True,True,True,False,False,True,False,True,False,False,False,False,False,False,False,False,False,False,False,False,False,True,False,False,True,True,False,False,True,False
TX-00864,False,True,False,True,False,False,False,False,True,False,False,True,False,True,True,True,False,False,True,False,True,False,False,False,False,False,False,False,False,False,False,False,False,False,True,False,False,True,True,False,False,True,False
TX-00865,False,False,False,True,False,False,False,False,True,False,False,True,False,True,True,True,False,False,True,True,True,False,False,False,False,False,False,False,False,False,False,False,False,False,True,False,False,True,True,False,True,False,False
TX-00866,False,False,False,True,False,False,False,False,False,True,False,True,False,True,True,False,False,False,True,True,True,False,False,False,True,True,True,False,False,False,False,False,False,False,True,False,False,False,False,False,False,True,False
TX-00867,False,False,False,True,False,False,False,False,False,True,False,True,False,True,True,False,False,False,True,True,True,False,False,False,False,True,True,False,False,False,False,False,False,False,True,False,False,True,False,False,True,False,False
TX-00868,False,False,False,True,False,False,False,False,False,True,False,True,False,True,True,False,False,False,True,True,True,False,False,False,True,True,True,False,False,False,False,False,False,False,True,False,False,False,False,False,True,False,False
TX-00869,False,True,False,True,False,False,False,False,False,True,False,True,False,True,True,False,False,False,True,False,True,False,False,False,False,True,False,False,False,False,False,False,False,False,True,False,False,True,True,False,True,False,False
TX-00870,False,True,False,True,False,False,False,False,False,True,False,True,False,True,True,False,False,False,True,False,True,False,False,False,True,True,False,False,False,False,False,False,False,False,True,False,False,False,True,False,False,True,False
TX-00871,False,True,False,True,False,False,False,False,False,True,False,True,False,True,True,False,False,False,True,False,True,False,False,False,False,True,False,False,False,False,False,False,False,False,True,False,False,True,True,False,False,True,False
TX-00872,False,True,False,True,False,False,False,False,False,True,False,True,False,True,True,False,False,False,True,False,True,False,False,False,True,True,False,False,False,False,False,False,False,False,True,False,False,False,True,False,True,False,False
TX-00873,False,True,False,True,False,False,False,False,False,True,False,True,False,True,True,False,False,False,True,False,True,False,False,False,True,True,False,False,False,False,False,False,False,False,True,False,False,False,True,False,False,True,False
TX-00874,False,False,False,True,False,False,False,False,False,True,False,True,False,True,True,False,False,False,True,True,True,False,False,False,False,True,True,False,False,False,False,False,False,False,True,False,False,True,False,False,False,True,False
TX-00875,False,True,False,True,False,False,False,False,False,True,False,True,False,True,True,False,False,False,True,False,True,False,False,False,False,True,False,False,False,False,False,False,False,False,True,False,False,True,True,False,True,False,False
TX-00876,False,True,False,True,False,False,False,False,False,True,False,True,False,True,True,False,False,False,True,False,True,False,False,False,False,True,False,False,False,False,False,False,False,False,True,False,False,True,True,True,False,False,False
TX-00877,False,False,False,True,False,False,False,False,False,True,False,True,False,True,True,False,False,False,True,True,True,False,False,False,False,True,True,False,False,False,False,False,False,False,True,False,False,True,False,False,False,True,False
TX-00878,False,False,False,True,False,False,False,False,False,True,False,True,False,True,True,False,False,False,True,True,True,False,False,False,False,True,True,False,False,False,False,False,False,False,True,False,False,True,False,True,False,False,False
TX-00879,False,True,False,True,False,False,False,False,False,True,False,True,False,True,True,False,False,False,True,False,True,False,False,False,False,True,False,False,False,False,False,False,False,False,True,False,False,True,True,False,False,True,False
TX-00880,False,True,False,True,False,False,False,False,False,True,False,True,False,True,True,False,False,False,True,False,True,False,False,False,False,True,False,False,False,False,False,False,False,False,True,False,False,True,True,True,False,False,False
TX-00881,False,True,False,True,False,False,False,False,False,True,False,True,False,True,True,False,False,False,True,False,True,False,False,False,False,True,False,False,False,False,False,False,False,False,True,False,False,True,True,False,False,True,False
TX-00882,False,False,False,True,False,False,False,False,False,True,False,True,False,True,True,False,False,False,True,True,True,False,False,False,True,True,True,False,False,False,False,False,False,False,True,False,False,False,False,False,False,True,False
TX-00883,False,False,False,True,False,False,False,False,False,True,False,True,False,True,True,False,False,False,True,True,True,False,False,False,True,True,True,False,False,False,False,False,False,False,True,False,False,False,False,False,False,True,False
TX-00884,False,True,False,True,False,False,False,False,False,True,False,True,False,True,True,False,False,False,True,False,True,False,False,False,False,True,False,False,False,False,False,False,False,False,True,False,False,True,True,True,False,False,False
TX-00885,False,True,False,True,False,False,False,False,False,True,False,True,False,True,True,False,False,False,True,False,True,False,False,False,False,True,False,False,False,False,False,False,False,False,True,False,False,True,True,False,True,False,False
TX-00886,False,True,False,True,False,False,False,False,False,True,False,True,False,True,True,False,False,False,True,False,True,False,False,False,False,True,False,False,False,False,False,False,False,False,True,False,False,True,True,True,False,False,False
TX-00887,False,True,False,True,False,False,False,False,False,True,False,True,False,True,True,False,False,False,True,False,True,False,False,False,False,True,False,False,False,False,False,False,False,False,True,False,False,True,True,True,False,False,False
TX-00888,False,True,False,True,False,False,False,False,False,True,False,True,False,True,True,False,False,False,True,False,True,False,False,False,False,True,False,False,False,False,False,False,False,False,True,False,False,True,True,True,False,False,False
TX-00889,False,False,False,True,False,False,False,False,False,True,False,True,False,True,True,False,False,False,True,True,True,False,False,False,True,True,True,False,False,False,False,False,False,False,True,False,False,False,False,False,True,False,False
TX-00890,False,False,False,False,True,False,False,False,False,True,True,False,False,True,True,True,False,False,True,True,True,False,False,False,False,False,True,False,False,False,False,False,False,False,True,False,False,True,False,False,False,True,False
TX-00891,False,True,False,False,True,False,False,False,False,True,True,False,False,True,True,True,False,False,True,False,True,False,False,False,False,False,False,False,False,False,False,False,False,False,True,False,False,True,True,False,True,False,False
TX-00892,False,False,False,False,True,False,False,False,False,True,True,False,False,True,True,True,False,False,True,True,True,False,False,False,True,False,True,False,False,False,False,False,False,False,True,False,False,False,False,False,True,False,False
TX-00893,False,False,False,False,True,False,False,False,False,True,True,False,False,True,True,True,False,False,True,True,True,False,False,False,False,False,True,False,False,False,False,False,False,False,True,False,False,True,False,False,False,True,False
TX-00894,False,False,False,False,True,False,False,False,False,True,True,False,False,True,True,True,False,False,True,True,True,False,False,False,True,False,True,False,False,False,False,False,False,False,True,False,False,False,False,False,False,True,False
TX-00895,False,True,False,False,True,False,False,False,False,True,True,False,False,True,True,True,False,False,True,False,True,False,False,False,False,False,False,False,False,False,False,False,False,False,True,False,False,True,True,True,False,False,False
TX-00896,False,True,False,False,True,False,False,False,False,True,True,False,False,True,True,True,False,False,True,False,True,False,False,False,True,False,False,False,False,False,False,False,False,False,True,False,False,False,True,False,True,False,False
TX-00897,False,False,False,False,True,False,False,False,False,True,True,False,False,True,True,True,False,False,True,True,True,False,False,False,False,False,True,False,False,False,False,False,False,False,True,False,False,True,False,False,False,True,False
TX-00898,False,True,False,False,True,False,False,False,False,True,True,False,False,True,True,True,False,False,True,False,True,False,False,False,False,False,False,False,False,False,False,False,False,False,True,False,False,True,True,True,False,False,False
TX-00899,False,True,False,False,True,False,False,False,False,True,True,False,False,True,True,True,False,False,True,False,True,False,False,False,True,False,False,False,False,False,False,False,False,False,True,False,False,False,True,False,False,True,False
TX-00900,False,True,False,False,True,False,False,False,False,True,True,False,False,True,True,True,False,False,True,False,True,False,False,False,False,False,False,False,False,False,False,False,False,False,True,False,False,True,True,True,False,False,False
TX-00901,False,False,False,False,True,False,False,False,False,True,True,False,False,True,True,True,False,False,True,True,True,False,False,False,False,False,True,False,False,False,False,False,False,False,True,False,False,True,False,False,False,True,False
TX-00902,False,True,False,False,True,False,False,False,False,True,True,False,False,True,True,True,False,False,True,False,True,False,False,False,False,False,False,False,False,False,False,False,False,False,True,False,False,True,True,False,False,True,False
TX-00903,False,False,False,False,True,False,False,False,False,True,True,False,False,True,True,True,False,False,True,True,True,False,False,False,True,False,True,False,False,False,False,False,False,False,True,False,False,False,False,False,True,False,False
TX-00904,False,False,False,False,True,False,False,False,False,True,True,False,False,True,True,True,False,False,True,True,True,False,False,False,True,False,True,False,False,False,False,False,False,False,True,False,False,False,False,False,True,False,False
TX-00905,False,False,False,False,True,False,False,False,False,True,True,False,False,True,True,True,False,False,True,True,True,False,False,False,True,False,True,False,False,False,False,False,False,False,True,False,False,False,False,False,True,False,False
TX-00906,False,True,False,False,True,False,False,False,False,True,True,False,False,True,True,True,False,False,True,False,True,False,False,False,False,False,False,False,False,False,False,False,False,False,True,False,False,True,True,True,False,False,False
TX-00907,False,True,False,False,True,False,False,False,False,True,True,False,False,True,True,True,False,False,True,False,True,False,False,False,False,False,False,False,False,False,False,False,False,False,True,False,False,True,True,False,False,True,False
TX-00908,False,True,False,False,True,False,False,False,False,True,True,False,False,True,True,True,False,False,True,False,True,False,False,False,False,False,False,False,False,False,False,False,False,False,True,False,False,True,True,False,False,True,False
TX-00909,False,True,False,False,True,False,False,False,False,True,True,False,False,True,True,True,False,False,True,False,True,False,False,False,False,False,False,False,False,False,False,False,False,False,True,False,False,True,True,True,False,False,False
TX-00910,False,True,False,False,True,False,False,False,False,True,True,False,False,True,True,True,False,False,True,False,True,False,False,False,False,False,False,False,False,False,False,False,False,False,True,False,False,True,True,False,False,True,False
TX-00911,False,True,False,False,True,False,False,False,False,True,True,False,False,True,True,True,False,False,True,False,True,False,False,False,False,False,False,False,False,False,False,False,False,False,True,False,False,True,True,False,False,True,False
TX-00912,False,False,False,False,True,False,False,False,False,True,True,False,False,True,True,True,False,False,True,True,True,False,False,False,True,False,True,False,False,False,False,False,False,False,True,False,False,False,False,False,False,True,False
TX-00913,False,True,False,False,True,False,False,False,False,True,True,False,False,True,True,True,False,False,True,False,True,False,False,False,False,False,False,False,False,False,False,False,False,False,True,False,False,True,True,False,False,True,False
TX-00914,False,False,False,False,True,False,False,False,False,True,True,False,False,True,True,True,False,False,True,True,True,False,False,False,True,False,True,False,False,False,False,False,False,False,True,False,False,False,False,False,False,True,False
TX-00915,False,True,False,False,True,False,False,False,False,True,True,False,False,True,True,True,False,False,True,False,True,False,False,False,True,False,False,False,False,False,False,False,False,False,True,False,False,False,True,False,True,False,False
TX-00916,False,True,False,False,True,False,False,False,False,True,True,False,False,True,True,True,False,False,True,False,True,False,False,False,False,False,False,False,False,False,False,False,False,False,True,False,False,True,True,True,False,False,False
TX-00917,False,True,False,False,True,False,False,False,False,True,True,False,False,True,True,True,False,False,True,False,True,False,False,False,False,False,False,False,False,False,False,False,False,False,True,False,False,True,True,False,False,True,False
TX-00918,False,True,False,False,False,True,False,False,False,True,False,True,False,True,True,True,False,False,True,False,True,False,False,False,False,False,False,False,False,False,False,False,False,False,True,False,False,True,True,True,False,False,False
TX-00919,False,True,False,False,False,True,False,False,False,True,False,True,False,True,True,True,False,False,True,False,True,False,False,False,True,False,False,False,False,False,False,False,False,False,True,False,False,False,True,False,False,True,False
TX-00920,False,True,False,False,False,True,False,False,False,True,False,True,False,True,True,True,False,False,True,False,True,False,False,False,True,False,False,False,False,False,False,False,False,False,True,False,False,False,True,False,False,True,False
TX-00921,False,False,False,False,False,True,False,False,False,True,False,True,False,True,True,True,False,False,True,True,True,False,False,False,False,False,True,False,False,False,False,False,False,False,True,False,False,True,False,False,True,False,False
TX-00922,False,True,False,False,False,True,False,False,False,True,False,True,False,True,True,True,False,False,True,False,True,False,False,False,False,False,False,False,False,False,False,False,False,False,True,False,False,True,True,True,False,False,False
TX-00923,False,True,False,False,False,True,False,False,False,True,False,True,False,True,True,True,False,False,True,False,True,False,False,False,False,False,False,False,False,False,False,False,False,False,True,False,False,True,True,False,False,True,False
TX-00924,False,True,False,False,False,True,False,False,False,True,False,True,False,True,True,True,False,False,True,False,True,False,False,False,False,False,False,False,False,False,False,False,False,False,True,False,False,True,True,False,False,True,False
TX-00925,False,True,False,False,False,True,False,False,False,True,False,True,False,True,True,True,False,False,True,False,True,False,False,False,False,False,False,False,False,False,False,False,False,False,True,False,False,True,True,True,False,False,False
TX-00926,False,True,False,False,False,True,False,False,False,True,False,True,False,True,True,True,False,False,True,False,True,False,False,False,False,False,False,False,False,False,False,False,False,False,True,False,False,True,True,True,False,False,False
TX-00927,False,True,False,False,False,True,False,False,False,True,False,True,False,True,True,True,False,False,True,False,True,False,False,False,False,False,False,False,False,False,False,False,False,False,True,False,False,True,True,True,False,False,False
TX-00928,False,False,False,False,False,True,False,False,False,True,False,True,False,True,True,True,False,False,True,True,True,False,False,False,True,False,True,False,False,False,False,False,False,False,True,False,False,False,False,False,True,False,False
TX-00929,False,False,False,False,False,True,False,False,False,True,False,True,False,True,True,True,False,False,True,True,True,False,False,False,False,False,True,False,False,False,False,False,False,False,True,False,False,True,False,False,False,True,False
TX-00930,False,True,False,False,False,True,False,False,False,True,False,True,False,True,True,True,False,False,True,False,True,False,False,False,False,False,False,False,False,False,False,False,False,False,True,False,False,True,True,True,False,False,False
TX-00931,False,True,False,False,False,True,False,False,False,True,False,True,False,True,True,True,False,False,True,False,True,False,False,False,False,False,False,False,False,False,False,False,False,False,True,False,False,True,True,True,False,False,False
TX-00932,False,True,False,False,False,True,False,False,False,True,False,True,False,True,True,True,False,False,True,False,True,False,False,False,False,False,False,False,False,False,False,False,False,False,True,False,False,True,True,False,False,True,False
TX-00933,False,False,False,False,False,True,False,False,False,True,False,True,False,True,True,True,False,False,True,True,True,False,False,False,True,False,True,False,False,False,False,False,False,False,True,False,False,False,False,False,False,True,False
TX-00934,False,True,False,False,False,True,False,False,False,True,False,True,False,True,True,True,False,False,True,False,True,False,False,False,False,False,False,False,False,False,False,False,False,False,True,False,False,True,True,True,False,False,False
TX-00935,False,True,False,False,False,True,False,False,False,True,False,True,False,True,True,True,False,False,True,False,True,False,False,False,False,False,False,False,False,False,False,False,False,False,True,False,False,True,True,False,True,False,False
TX-00936,False,False,False,False,False,True,False,False,False,True,False,True,False,True,True,True,False,False,True,True,True,False,False,False,True,False,True,False,False,False,False,False,False,False,True,False,False,False,False,False,False,True,False
TX-00937,False,True,False,False,False,True,False,False,False,True,False,True,False,True,True,True,False,False,True,False,True,False,False,False,False,False,False,False,False,False,False,False,False,False,True,False,False,True,True,False,False,True,False
TX-00938,False,False,False,False,False,True,False,False,False,True,False,True,False,True,True,True,False,False,True,True,True,False,False,False,True,False,True,False,False,False,False,False,False,False,True,False,False,False,False,False,False,True,False
TX-00939,False,True,False,False,False,True,False,False,False,True,False,True,False,True,True,True,False,False,True,False,True,False,False,False,True,False,False,False,False,False,False,False,False,False,True,False,False,False,True,False,False,True,False
TX-00940,False,True,False,False,False,True,False,False,False,True,False,True,False,True,True,True,False,False,True,False,True,False,False,False,False,False,False,False,False,False,False,False,False,False,True,False,False,True,True,False,False,True,False
TX-00941,False,True,False,False,False,True,False,False,False,True,False,True,False,True,True,True,False,False,True,False,True,False,False,False,False,False,False,False,False,False,False,False,False,False,True,False,False,True,True,True,False,False,False
TX-00942,False,False,False,False,False,True,False,False,False,True,False,True,False,True,True,True,False,False,True,True,True,False,False,False,False,False,True,False,False,False,False,False,False,False,True,False,False,True,False,False,False,True,False
TX-00943,False,True,False,False,False,True,False,False,False,True,False,True,False,True,True,True,False,False,True,False,True,False,False,False,False,False,False,False,False,False,False,False,False,False,True,False,False,True,True,True,False,False,False
TX-00944,False,False,False,False,False,True,False,False,False,True,False,True,False,True,True,True,False,False,True,True,True,False,False,False,False,False,True,False,False,False,False,False,False,False,True,False,False,True,False,False,False,True,False
TX-00945,False,True,False,False,False,False,True,False,False,True,False,True,False,True,True,True,False,False,True,False,True,False,False,False,False,False,False,False,False,False,False,False,False,False,False,False,True,True,True,False,False,True,False
TX-00946,False,False,False,False,False,False,True,False,False,True,False,True,False,True,True,True,False,False,True,True,True,False,False,False,False,False,True,False,False,False,False,False,False,False,False,False,True,True,False,False,True,False,False
TX-00947,False,True,False,False,False,False,True,False,False,True,False,True,False,True,True,True,False,False,True,False,True,False,False,False,False,False,False,False,False,False,False,False,False,False,False,False,True,True,True,False,False,True,False
TX-00948,False,True,False,False,False,False,True,False,False,True,False,True,False,True,True,True,False,False,True,False,True,False,False,False,True,False,False,False,False,False,False,False,False,False,False,False,True,False,True,False,False,True,False
TX-00949,False,True,False,False,False,False,True,False,False,True,False,True,False,True,True,True,False,False,True,False,True,False,False,False,False,False,False,False,False,False,False,False,False,False,False,False,True,True,True,False,False,True,False
TX-00950,False,True,False,False,False,False,True,False,False,True,False,True,False,True,True,True,False,False,True,False,True,False,False,False,False,False,False,False,False,False,False,False,False,False,False,False,True,True,True,False,False,True,False
TX-00951,False,False,False,False,False,False,True,False,False,True,False,True,False,True,True,True,False,False,True,True,True,False,False,False,True,False,True,False,False,False,False,False,False,False,False,False,True,False,False,False,False,True,False
TX-00952,False,False,False,False,False,False,True,False,False,True,False,True,False,True,True,True,False,False,True,True,True,False,False,False,True,False,True,False,False,False,False,False,False,False,False,False,True,False,False,False,False,True,False
TX-00953,False,True,False,False,False,False,True,False,False,True,False,True,False,True,True,True,False,False,True,False,True,False,False,False,True,False,False,False,False,False,False,False,False,False,False,False,True,False,True,False,True,False,False
TX-00954,False,True,False,False,False,False,True,False,False,True,False,True,False,True,True,True,False,False,True,False,True,False,False,False,False,False,False,False,False,False,False,False,False,False,False,False,True,True,True,False,False,True,False
TX-00955,False,True,False,False,False,False,True,False,False,True,False,True,False,True,True,True,False,False,True,False,True,False,False,False,False,False,False,False,False,False,False,False,False,False,False,False,True,True,True,False,False,True,False
TX-00956,False,True,False,False,False,False,True,False,False,True,False,True,False,True,True,True,False,False,True,False,True,False,False,False,False,False,False,False,False,False,False,False,False,False,False,False,True,True,True,True,False,False,False
TX-00957,False,True,False,False,False,False,True,False,False,True,False,True,False,True,True,True,False,False,True,False,True,False,False,False,False,False,False,False,False,False,False,False,False,False,False,False,True,True,True,False,False,True,False
TX-00958,False,True,False,False,False,False,True,False,False,True,False,True,False,True,True,True,False,False,True,False,True,False,False,False,False,False,False,False,False,False,False,False,False,False,False,False,True,True,True,True,False,False,False
TX-00959,False,False,False,True,False,False,False,False,False,True,False,True,False,True,True,True,False,False,True,True,True,False,False,False,True,False,True,False,False,False,False,False,False,False,False,False,True,False,False,False,False,True,False
TX-00960,False,True,False,True,False,False,False,False,False,True,False,True,False,True,True,True,False,False,True,False,True,False,False,False,False,False,False,False,False,False,False,False,False,False,False,False,True,True,True,True,False,False,False
TX-00961,False,False,False,True,False,False,False,False,False,True,False,True,False,True,True,True,False,False,True,True,True,False,False,False,False,False,True,False,False,False,False,False,False,False,False,False,True,True,False,False,False,True,False
TX-00962,False,True,False,True,False,False,False,False,False,True,False,True,False,True,True,True,False,False,True,False,True,False,False,False,False,False,False,False,False,False,False,False,False,False,False,False,True,True,True,False,False,True,False
TX-00963,False,True,False,True,False,False,False,False,False,True,False,True,False,True,True,True,False,False,True,False,True,False,False,False,False,False,False,False,False,False,False,False,False,False,False,False,True,True,True,True,False,False,False
TX-00964,False,True,False,True,False,False,False,False,False,True,False,True,False,True,True,True,False,False,True,False,True,False,False,False,False,False,False,False,False,False,False,False,False,False,False,False,True,True,True,False,False,True,False
TX-00965,False,False,False,True,False,False,False,False,False,True,False,True,False,True,True,True,False,False,True,True,True,False,False,False,True,False,True,False,False,False,False,False,False,False,False,False,True,False,False,False,True,False,False
TX-00966,False,True,False,True,False,False,False,False,False,True,False,True,False,True,True,True,False,False,True,False,True,False,False,False,False,False,False,False,False,False,False,False,False,False,False,False,True,True,True,False,False,True,False
TX-00967,False,True,False,True,False,False,False,False,False,True,False,True,False,True,True,True,False,False,True,False,True,False,False,False,False,False,False,False,False,False,False,False,False,False,False,False,True,True,True,True,False,False,False
TX-00968,False,True,False,True,False,False,False,False,False,True,False,True,False,True,True,True,False,False,True,False,True,False,False,False,True,False,False,False,False,False,False,False,False,False,False,False,True,False,True,False,True,False,False
TX-00969,False,True,False,True,False,False,False,False,False,True,False,True,False,True,True,True,False,False,True,False,True,False,False,False,False,False,False,False,False,False,False,False,False,False,False,False,True,True,True,True,False,False,False
TX-00970,False,True,False,True,False,False,False,False,False,True,False,True,False,True,True,True,False,False,True,False,True,False,False,False,False,False,False,False,False,False,False,False,False,False,False,False,True,True,True,True,False,False,False
TX-00971,False,True,False,True,False,False,False,False,False,True,False,True,False,True,True,True,False,False,True,False,True,False,False,False,True,False,False,False,False,False,False,False,False,False,False,False,True,False,True,False,False,True,False
TX-00972,False,False,False,False,True,False,False,False,False,True,True,False,False,True,True,True,False,False,True,True,True,False,False,False,True,False,True,False,False,False,False,False,False,False,False,False,True,False,False,False,True,False,False
TX-00973,False,True,False,False,True,False,False,False,False,True,True,False,False,True,True,True,False,False,True,False,True,False,False,False,False,False,False,False,False,False,False,False,False,False,False,False,True,True,True,True,False,False,False
TX-00974,False,False,False,False,True,False,False,False,False,True,True,False,False,True,True,True,False,False,True,True,True,False,False,False,True,False,True,False,False,False,False,False,False,False,False,False,True,False,False,False,False,True,False
TX-00975,False,True,False,False,True,False,False,False,False,True,True,False,False,True,True,True,False,False,True,False,True,False,False,False,False,False,False,False,False,False,False,False,False,False,False,False,True,True,True,False,False,True,False
TX-00976,False,True,False,False,True,False,False,False,False,True,True,False,False,True,True,True,False,False,True,False,True,False,False,False,True,False,False,False,False,False,False,False,False,False,False,False,True,False,True,False,True,False,False
TX-00977,False,True,False,False,True,False,False,False,False,True,True,False,False,True,True,True,False,False,True,False,True,False,False,False,False,False,False,False,False,False,False,False,False,False,False,False,True,True,True,True,False,False,False
TX-00978,False,True,False,False,True,False,False,False,False,True,True,False,False,True,True,True,False,False,True,False,True,False,False,False,True,False,False,False,False,False,False,False,False,False,False,False,True,False,True,False,False,True,False
TX-00979,False,False,False,False,True,False,False,False,False,True,True,False,False,True,True,True,False,False,True,True,True,False,False,False,False,False,True,False,False,False,False,False,False,False,False,False,True,True,False,False,False,True,False
TX-00980,False,True,False,False,True,False,False,False,False,True,True,False,False,True,True,True,False,False,True,False,True,False,False,False,False,False,False,False,False,False,False,False,False,False,False,False,True,True,True,True,False,False,False
TX-00981,False,True,False,False,True,False,False,False,False,True,True,False,False,True,True,True,False,False,True,False,True,False,False,False,True,False,False,False,False,False,False,False,False,False,False,False,True,False,True,False,False,True,False
TX-00982,False,True,False,False,True,False,False,False,False,True,True,False,False,True,True,True,False,False,True,False,True,False,False,False,False,False,False,False,False,False,False,False,False,False,False,False,True,True,True,False,False,True,False
TX-00983,False,False,False,False,True,False,False,False,False,True,False,True,False,True,True,True,False,True,False,True,True,False,False,False,False,False,True,False,False,False,False,False,False,False,False,False,True,True,False,False,False,True,False
TX-00984,False,True,False,False,True,False,False,False,False,True,False,True,False,True,True,True,False,True,False,False,True,False,False,False,False,False,False,False,False,False,False,False,False,False,False,False,True,True,True,False,False,False,True
TX-00985,False,False,False,False,True,False,False,False,False,True,False,True,False,True,True,True,False,True,False,True,True,False,False,False,False,False,True,False,False,False,False,False,False,False,False,False,True,True,False,False,False,True,False
TX-00986,False,True,False,False,True,False,False,False,False,True,False,True,False,True,True,True,False,True,False,False,True,False,False,False,False,False,False,False,False,False,False,False,False,False,False,False,True,True,True,False,False,True,False
TX-00987,False,True,False,False,True,False,False,False,False,True,False,True,False,True,True,True,False,True,False,False,True,False,False,False,False,False,False,False,False,False,False,False,False,False,False,False,True,True,True,False,False,False,True
TX-00988,False,True,False,False,True,False,False,False,False,True,False,True,False,True,True,True,False,True,False,False,True,False,False,False,False,False,False,False,False,False,False,False,False,False,False,False,True,True,True,True,False,False,False
TX-00989,False,True,False,False,True,False,False,False,False,True,False,True,False,True,True,True,False,True,False,False,True,False,False,False,False,False,False,False,False,False,False,False,False,False,False,False,True,True,True,False,False,True,False
TX-00990,False,False,False,False,False,True,False,False,True,False,False,True,False,True,True,True,False,True,False,True,True,False,False,False,False,False,False,False,False,False,False,False,False,False,False,False,True,True,True,False,False,True,False
TX-00991,False,True,False,False,False,True,False,False,True,False,False,True,False,True,True,True,False,True,False,False,True,False,False,False,False,False,False,False,False,False,False,False,False,False,False,False,True,True,True,True,False,False,False
TX-00992,False,True,False,False,False,True,False,False,True,False,False,True,False,True,True,True,False,True,False,False,True,False,False,False,False,False,False,False,False,False,False,False,False,False,False,False,True,True,True,False,False,True,False
TX-00993,False,False,False,False,False,True,False,False,True,False,False,True,False,True,True,True,False,True,False,True,True,False,False,False,False,False,False,False,False,False,False,False,False,False,False,False,True,True,True,False,False,True,False
TX-00994,False,True,False,False,False,True,False,False,True,False,False,True,False,True,True,True,False,True,False,False,True,False,False,False,False,False,False,False,False,False,False,False,False,False,False,False,True,True,True,False,False,True,False
TX-00995,True,False,True,False,False,False,False,True,False,False,True,False,False,True,False,True,False,False,True,True,True,False,False,False,False,False,False,False,False,False,True,False,False,False,False,False,False,True,True,False,True,False,False
TX-00996,True,True,True,False,False,False,False,True,False,False,True,False,False,True,False,True,False,False,True,False,True,False,False,False,False,False,False,False,False,False,True,False,False,False,False,False,False,True,True,False,False,True,False
TX-00997,True,False,True,False,False,False,False,True,False,False,True,False,False,True,False,True,False,False,True,True,True,False,False,False,True,False,False,False,False,False,True,False,False,False,False,False,False,False,True,False,True,False,False
TX-00998,True,True,True,False,False,False,False,True,False,False,True,False,False,True,False,True,False,False,True,False,True,False,False,False,False,False,False,False,False,False,True,False,False,False,False,False,False,True,True,False,False,True,False
TX-00999,True,True,True,False,False,False,False,True,False,False,True,False,False,True,False,True,False,False,True,False,True,False,False,False,False,False,False,False,False,False,True,False,False,False,False,False,False,True,True,False,False,True,False
TX-01000,True,True,True,False,False,False,False,True,False,False,True,False,False,True,False,True,False,False,True,False,True,False,False,False,False,False,False,False,False,False,True,False,False,False,False,False,False,True,True,False,False,True,False
TX-01001,True,True,True,False,False,False,False,True,False,False,True,False,False,True,False,True,False,False,True,False,True,False,False,False,False,False,False,False,False,False,True,False,False,False,False,False,False,True,True,False,True,False,False
TX-01002,True,True,True,False,False,False,False,True,False,False,True,False,False,True,False,True,False,False,True,False,True,False,False,False,True,False,False,False,False,False,True,False,False,False,False,False,False,False,True,False,False,True,False
TX-01003,True,True,True,False,False,False,False,True,False,False,True,False,False,True,False,True,False,False,True,False,True,False,False,False,False,False,False,False,False,False,True,False,False,False,False,False,False,True,True,True,False,False,False
TX-01004,True,True,True,False,False,False,False,True,False,False,True,False,False,True,False,True,False,False,True,False,True,False,False,False,False,False,False,False,False,False,True,False,False,False,False,False,False,True,True,False,False,True,False
TX-01005,True,False,True,False,False,False,False,True,False,False,True,False,False,True,False,True,False,False,True,True,True,False,False,False,True,False,False,False,False,False,True,False,False,False,False,False,False,False,True,False,False,True,False
TX-01006,True,True,True,False,False,False,False,True,False,False,True,False,False,True,False,True,False,False,True,False,True,False,False,False,False,False,False,False,False,False,True,False,False,False,False,False,False,True,True,False,False,True,False
TX-01007,True,True,True,False,False,False,False,True,False,False,True,False,False,True,False,True,False,False,True,False,True,False,False,False,True,False,False,False,False,False,True,False,False,False,False,False,False,False,True,False,False,True,False
TX-01008,True,False,True,False,False,False,False,True,False,False,True,False,False,True,False,True,False,False,True,True,True,False,False,False,False,False,False,False,False,False,True,False,False,False,False,False,False,True,True,False,False,True,False
TX-01009,True,True,True,False,False,False,False,True,False,False,True,False,False,True,False,True,False,False,True,False,True,False,False,False,False,False,False,False,False,False,True,False,False,False,False,False,False,True,True,False,True,False,False
TX-01010,True,False,True,False,False,False,False,True,False,False,True,False,False,True,False,True,False,False,True,True,True,False,False,False,True,False,False,False,False,False,True,False,False,False,False,False,False,False,True,False,True,False,False
TX-01011,True,True,True,False,False,False,False,True,False,False,True,False,False,True,False,True,False,False,True,False,True,False,False,False,False,False,False,False,False,False,True,False,False,False,False,False,False,True,True,True,False,False,False
TX-01012,True,True,True,False,False,False,False,True,False,False,True,False,False,True,False,True,False,False,True,False,True,False,False,False,False,False,False,False,False,False,True,False,False,False,False,False,False,True,True,False,False,True,False
TX-01013,True,True,True,False,False,False,False,True,False,False,True,False,False,True,False,True,False,False,True,False,True,False,False,False,False,False,False,False,False,False,True,False,False,False,False,False,False,True,True,False,False,True,False
TX-01014,True,True,True,False,False,False,False,True,False,False,True,False,False,True,False,True,False,False,True,False,True,False,False,False,False,False,False,False,False,False,True,False,False,False,False,False,False,True,True,True,False,False,False
TX-01015,True,True,True,False,False,False,False,True,False,False,True,False,False,True,False,True,False,False,True,False,True,False,False,False,False,False,False,False,False,False,True,False,False,False,False,False,False,True,True,False,False,True,False
TX-01016,True,False,True,False,False,False,False,True,False,False,True,False,False,True,False,True,False,False,True,True,True,False,False,False,False,False,False,False,False,False,True,False,False,False,False,False,False,True,True,False,True,False,False
TX-01017,True,True,True,False,False,False,False,True,False,False,True,False,False,True,False,True,False,False,True,False,True,False,False,False,False,False,False,False,False,False,True,False,False,False,False,False,False,True,True,False,False,True,False
TX-01018,True,True,True,False,False,False,False,True,False,False,True,False,False,True,False,True,False,False,True,False,True,False,False,False,False,False,False,False,False,False,True,False,False,False,False,False,False,True,True,False,False,True,False
TX-01019,True,True,True,False,False,False,False,True,False,False,True,False,False,True,False,True,False,False,True,False,True,False,False,False,False,False,False,False,False,False,True,False,False,False,False,False,False,True,True,True,False,False,False
TX-01020,True,True,True,False,False,False,False,True,False,False,True,False,False,True,False,True,False,False,True,False,True,False,False,False,True,False,False,False,False,False,True,False,False,False,False,False,False,False,True,False,True,False,False
TX-01021,True,True,True,False,False,False,False,True,False,False,True,False,False,True,False,True,False,False,True,False,True,False,False,False,False,False,False,False,False,False,True,False,False,False,False,False,False,True,True,False,False,True,False
TX-01022,True,False,True,False,False,False,False,True,False,False,True,False,False,True,False,True,False,False,True,True,True,False,False,False,True,False,False,False,False,False,True,False,False,False,False,False,False,False,True,False,False,True,False
TX-01023,True,True,True,False,False,False,False,True,False,False,True,False,False,True,False,True,False,False,True,False,True,False,False,False,False,False,False,False,False,False,True,False,False,False,False,False,False,True,True,True,False,False,False
TX-01024,True,False,True,False,False,False,False,True,False,False,True,False,False,True,False,True,False,False,True,True,True,False,False,False,True,False,False,False,False,False,True,False,False,False,False,False,False,False,True,False,False,True,False
TX-01025,True,True,True,False,False,False,False,True,False,False,True,False,False,True,False,True,False,False,True,False,True,False,False,False,False,False,False,False,False,False,True,False,False,False,False,False,False,True,True,False,False,True,False
TX-01026,True,True,True,False,False,False,False,True,False,False,True,False,False,True,False,True,False,False,True,False,True,False,False,False,False,False,False,False,False,False,True,False,False,False,False,False,False,True,True,True,False,False,False
TX-01027,True,True,True,False,False,False,False,True,False,False,True,False,False,True,False,True,False,False,True,False,True,False,False,False,False,False,False,False,False,False,True,False,False,False,False,False,False,True,True,True,False,False,False
TX-01028,True,True,True,False,False,False,False,True,False,False,True,False,False,True,False,True,False,False,True,False,True,False,False,False,False,False,False,False,False,False,True,False,False,False,False,False,False,True,True,True,False,False,False
TX-01029,True,True,True,False,False,False,False,True,False,False,True,False,False,True,False,True,False,False,True,False,True,False,False,False,False,False,False,False,False,False,True,False,False,False,False,False,False,True,True,True,False,False,False
TX-01030,True,True,True,False,False,False,False,True,False,False,True,False,False,True,False,True,False,False,True,False,True,False,False,False,True,False,False,False,False,False,True,False,False,False,False,False,False,False,True,False,False,True,False
TX-01031,True,True,True,False,False,False,False,True,False,False,True,False,False,True,False,True,False,False,True,False,True,False,False,False,False,False,False,False,False,False,True,False,False,False,False,False,False,True,True,True,False,False,False
TX-01032,True,True,True,False,False,False,False,True,False,False,True,False,False,True,False,True,False,False,True,False,True,False,False,False,False,False,False,False,False,False,True,False,False,False,False,False,False,True,True,False,True,False,False
TX-01033,True,True,True,False,False,False,False,True,False,False,True,False,False,True,False,True,False,False,True,False,True,False,False,False,False,False,False,False,False,False,True,False,False,False,False,False,False,True,True,True,False,False,False
TX-01034,True,True,True,False,False,False,False,True,False,False,True,False,False,True,False,True,False,False,True,False,True,False,False,False,False,False,False,False,False,False,True,False,False,False,False,False,False,True,True,False,False,True,False
TX-01035,True,True,True,False,False,False,False,True,False,False,True,False,False,True,False,True,False,False,True,False,True,False,False,False,False,False,False,False,False,False,True,False,False,False,False,False,False,True,True,True,False,False,False
TX-01036,True,True,True,False,False,False,False,True,False,False,True,False,False,True,False,True,False,False,True,False,True,False,False,False,False,False,False,False,False,False,True,False,False,False,False,False,False,True,True,False,False,True,False
TX-01037,True,True,True,False,False,False,False,True,False,False,True,False,False,True,False,True,False,False,True,False,True,False,False,False,False,False,False,False,False,False,True,False,False,False,False,False,False,True,True,False,False,True,False
TX-01038,True,True,True,False,False,False,False,True,False,False,True,False,False,True,False,True,False,False,True,False,True,False,False,False,False,False,False,False,False,False,True,False,False,False,False,False,False,True,True,False,True,False,False
TX-01039,True,False,True,False,False,False,False,True,False,False,True,False,False,True,False,True,False,False,True,True,True,False,False,False,True,False,False,False,False,False,True,False,False,False,False,False,False,False,True,False,False,True,False
TX-01040,True,True,True,False,False,False,False,True,False,False,True,False,False,True,False,True,False,False,True,False,True,False,False,False,False,False,False,False,False,False,True,False,False,False,False,False,False,True,True,False,False,True,False
TX-01041,True,True,True,False,False,False,False,True,False,False,True,False,False,True,False,True,False,False,True,False,True,False,False,False,False,False,False,False,False,False,True,False,False,False,False,False,False,True,True,True,False,False,False
TX-01042,True,True,True,False,False,False,False,True,False,False,True,False,False,True,False,True,False,False,True,False,True,False,False,False,True,False,False,False,False,False,True,False,False,False,False,False,False,False,True,False,False,True,False
TX-01043,True,False,True,False,False,False,False,True,False,False,True,False,False,True,False,True,False,False,True,True,True,False,False,False,False,False,False,False,False,False,True,False,False,False,False,False,False,True,True,False,False,True,False
TX-01044,True,True,True,False,False,False,False,True,False,False,True,False,False,True,False,True,False,False,True,False,True,False,False,False,False,False,False,False,False,False,True,False,False,False,False,False,False,True,True,True,False,False,False
TX-01045,True,False,True,False,False,False,False,True,False,False,True,False,False,True,False,True,False,False,True,True,True,False,False,False,True,False,False,False,False,False,True,False,False,False,False,False,False,False,True,False,False,True,False
TX-01046,True,False,True,False,False,False,False,True,False,False,True,False,False,True,False,True,False,False,True,True,True,False,False,False,False,False,False,False,False,False,True,False,False,False,False,False,False,True,True,False,False,True,False
TX-01047,True,True,True,False,False,False,False,True,False,False,True,False,False,True,False,True,False,False,True,False,True,False,False,False,False,False,False,False,False,False,True,False,False,False,False,False,False,True,True,False,False,True,False
TX-01048,True,True,True,False,False,False,False,True,False,False,True,False,False,True,False,True,False,False,True,False,True,False,False,False,False,False,False,False,False,False,True,False,False,False,False,False,False,True,True,True,False,False,False
TX-01049,True,True,True,False,False,False,False,True,False,False,True,False,False,True,False,True,False,False,True,False,True,False,False,False,False,False,False,False,False,False,True,False,False,False,False,False,False,True,True,False,False,True,False
TX-01050,True,True,True,False,False,False,False,True,False,False,True,False,False,True,False,True,False,False,True,False,True,False,False,False,False,False,False,False,False,False,True,False,False,False,False,False,False,True,True,False,False,True,False
TX-01051,True,True,True,False,False,False,False,True,False,False,True,False,False,True,False,True,False,False,True,False,True,False,False,False,True,False,False,False,False,False,True,False,False,False,False,False,False,False,True,False,False,True,False
TX-01052,True,False,True,False,False,False,False,True,False,False,True,False,False,True,False,True,False,False,True,True,True,False,False,False,True,False,False,False,False,False,True,False,False,False,False,False,False,False,True,False,False,True,False
TX-01053,True,True,True,False,False,False,False,True,False,False,True,False,False,True,False,True,False,False,True,False,True,False,False,False,False,False,False,False,False,False,True,False,False,False,False,False,False,True,True,False,True,False,False
TX-01054,True,True,True,False,False,False,False,True,False,False,True,False,False,True,False,True,False,False,True,False,True,False,False,False,True,False,False,False,False,False,True,False,False,False,False,False,False,False,True,False,False,True,False
TX-01055,True,True,True,False,False,False,False,True,False,False,True,False,False,True,False,True,False,False,True,False,True,False,False,False,True,False,False,False,False,False,True,False,False,False,False,False,False,False,True,False,False,True,False
TX-01056,True,True,True,False,False,False,False,True,False,False,True,False,False,True,False,True,False,False,True,False,True,False,False,False,False,False,False,False,False,False,True,False,False,False,False,False,False,True,True,False,True,False,False
TX-01057,True,False,True,False,False,False,False,True,False,False,True,False,False,True,False,True,False,False,True,True,True,False,False,False,False,False,False,False,False,False,True,False,False,False,False,False,False,True,True,False,False,True,False
TX-01058,True,True,True,False,False,False,False,True,False,False,True,False,False,True,False,True,False,False,True,False,True,False,False,False,False,False,False,False,False,False,True,False,False,False,False,False,False,True,True,False,False,True,False
TX-01059,True,False,True,False,False,False,False,True,False,False,True,False,False,True,False,True,False,False,True,True,True,False,False,False,False,False,False,False,False,False,True,False,False,False,False,False,False,True,True,False,False,True,False
TX-01060,True,False,True,False,False,False,False,True,False,False,True,False,False,True,False,True,False,False,True,True,True,False,False,False,False,False,False,False,False,False,True,False,False,False,False,False,False,True,True,False,False,True,False
TX-01061,True,True,True,False,False,False,False,True,False,False,True,False,False,True,False,True,False,False,True,False,True,False,False,False,False,False,False,False,False,False,True,False,False,False,False,False,False,True,True,True,False,False,False
TX-01062,True,True,True,False,False,False,False,True,False,False,True,False,False,True,False,True,False,False,True,False,True,False,False,False,True,False,False,False,False,False,True,False,False,False,False,False,False,False,True,False,False,True,False
TX-01063,True,True,True,False,False,False,False,True,False,False,True,False,False,True,False,True,False,False,True,False,True,False,False,False,False,False,False,False,False,False,True,False,False,False,False,False,False,True,True,False,False,True,False
TX-01064,True,True,True,False,False,False,False,True,False,False,True,False,False,True,False,True,False,False,True,False,True,False,False,False,False,False,False,False,False,False,True,False,False,False,False,False,False,True,True,True,False,False,False
TX-01065,True,True,True,False,False,False,False,True,False,False,True,False,False,True,False,True,False,False,True,False,True,False,False,False,False,False,False,False,False,False,True,False,False,False,False,False,False,True,True,True,False,False,False
TX-01066,True,False,True,False,False,False,False,True,False,False,True,False,False,True,False,True,False,False,True,True,True,False,False,False,True,False,False,False,False,False,True,False,False,False,False,False,False,False,True,False,True,False,False
TX-01067,True,False,True,False,False,False,False,True,False,False,True,False,False,True,False,True,False,False,True,True,True,False,False,False,False,False,False,False,False,False,True,False,False,False,False,False,False,True,True,False,True,False,False
TX-01068,True,False,True,False,False,False,False,True,False,False,True,False,False,True,False,True,False,False,True,True,True,False,False,False,True,False,False,False,False,False,True,False,False,False,False,False,False,False,True,False,False,True,False
TX-01069,True,True,True,False,False,False,False,True,False,False,True,False,False,True,False,True,False,False,True,False,True,False,False,False,False,False,False,False,False,False,True,False,False,False,False,False,False,True,True,True,False,False,False
TX-01070,True,True,True,False,False,False,False,True,False,False,True,False,False,True,False,True,False,False,True,False,True,False,False,False,False,False,False,False,False,False,True,False,False,False,False,False,False,True,True,False,False,True,False
TX-01071,True,False,True,False,False,False,False,True,False,False,True,False,False,True,False,True,False,True,False,True,True,False,False,False,True,False,False,False,False,False,True,False,False,False,False,False,False,False,True,False,False,True,False
TX-01072,True,True,True,False,False,False,False,True,False,False,True,False,False,True,False,True,False,True,False,False,True,False,False,False,False,False,False,False,False,False,True,False,False,False,False,False,False,True,True,False,False,True,False
TX-01073,True,True,True,False,False,False,False,True,False,False,True,False,False,True,False,True,False,True,False,False,True,False,False,False,False,False,False,False,False,False,True,False,False,False,False,False,False,True,True,False,False,True,False
TX-01074,True,True,True,False,False,False,False,False,False,True,True,False,False,True,False,True,False,False,True,False,True,False,False,False,False,False,False,False,False,False,False,True,False,False,False,False,False,True,True,True,False,False,False
TX-01075,True,False,True,False,False,False,False,False,False,True,True,False,False,True,False,True,False,False,True,True,True,False,False,False,True,False,False,False,False,False,False,True,False,False,False,False,False,False,True,False,True,False,False
TX-01076,True,True,True,False,False,False,False,False,False,True,True,False,False,True,False,True,False,False,True,False,True,False,False,False,False,False,False,False,False,False,False,True,False,False,False,False,False,True,True,True,False,False,False
TX-01077,True,True,True,False,False,False,False,False,False,True,True,False,False,True,False,True,False,False,True,False,True,False,False,False,False,False,False,False,False,False,False,True,False,False,False,False,False,True,True,True,False,False,False
TX-01078,True,False,True,False,False,False,False,False,False,True,True,False,False,True,False,True,False,False,True,True,True,False,False,False,False,False,False,False,False,False,False,True,False,False,False,False,False,True,True,False,False,True,False
TX-01079,True,True,True,False,False,False,False,False,False,True,True,False,False,True,False,True,False,False,True,False,True,False,False,False,False,False,False,False,False,False,False,True,False,False,False,False,False,True,True,False,False,True,False
TX-01080,True,True,True,False,False,False,False,False,False,True,True,False,False,True,False,True,False,False,True,False,True,False,False,False,False,False,False,False,False,False,False,True,False,False,False,False,False,True,True,False,False,True,False
TX-01081,True,True,True,False,False,False,False,False,False,True,True,False,False,True,False,True,False,False,True,False,True,False,False,False,False,False,False,False,False,False,False,True,False,False,False,False,False,True,True,False,False,True,False
TX-01082,True,True,True,False,False,False,False,False,False,True,True,False,False,True,False,True,False,False,True,False,True,False,False,False,False,False,False,False,False,False,False,True,False,False,False,False,False,True,True,False,False,True,False
TX-01083,True,True,True,False,False,False,False,False,False,True,True,False,False,True,False,True,False,False,True,False,True,False,False,False,True,False,False,False,False,False,False,True,False,False,False,False,False,False,True,False,False,True,False
TX-01084,True,True,True,False,False,False,False,False,False,True,True,False,False,True,False,True,False,False,True,False,True,False,False,False,True,False,False,False,False,False,False,True,False,False,False,False,False,False,True,False,True,False,False
TX-01085,True,False,True,False,False,False,False,False,False,True,True,False,False,True,False,True,False,False,True,True,True,False,False,False,False,False,False,False,False,False,False,True,False,False,False,False,False,True,True,True,False,False,False
TX-01086,True,True,True,False,False,False,False,False,False,True,True,False,False,True,False,True,False,False,True,False,True,False,False,False,True,False,False,False,False,False,False,True,False,False,False,False,False,False,True,False,False,True,False
TX-01087,True,True,True,False,False,False,False,False,False,True,True,False,False,True,False,True,False,False,True,False,True,False,False,False,False,False,False,False,False,False,False,True,False,False,False,False,False,True,True,False,False,True,False
TX-01088,True,True,True,False,False,False,False,False,False,True,True,False,False,True,False,True,False,False,True,False,True,False,False,False,False,False,False,False,False,False,False,True,False,False,False,False,False,True,True,True,False,False,False
TX-01089,True,True,True,False,False,False,False,False,False,True,True,False,False,True,False,True,False,False,True,False,True,False,False,False,False,False,False,False,False,False,False,True,False,False,False,False,False,True,True,False,False,True,False
TX-01090,True,True,True,False,False,False,False,False,False,True,True,False,False,True,False,True,False,False,True,False,True,False,False,False,False,False,False,False,False,False,False,True,False,False,False,False,False,True,True,True,False,False,False
TX-01091,True,False,True,False,False,False,False,False,False,True,True,False,False,True,False,True,False,False,True,True,True,False,False,False,False,False,False,False,False,False,False,True,False,False,False,False,False,True,True,False,False,True,False
TX-01092,True,True,True,False,False,False,False,False,False,True,True,False,False,True,False,True,False,True,False,False,True,False,False,False,False,False,False,False,False,False,False,True,False,False,False,False,False,True,True,True,False,False,False
TX-01093,True,False,True,False,False,False,False,False,False,True,True,False,False,True,False,True,False,True,False,True,True,False,False,False,True,False,False,False,False,False,False,True,False,False,False,False,False,False,True,False,False,True,False
TX-01094,True,True,True,False,False,False,False,False,False,True,True,False,False,True,False,True,False,True,False,False,True,False,False,False,False,False,False,False,False,False,False,True,False,False,False,False,False,True,True,False,True,False,False
TX-01095,True,True,True,False,False,False,False,False,False,True,True,False,False,True,False,True,False,True,False,False,True,False,False,False,False,False,False,False,False,False,False,True,False,False,False,False,False,True,True,False,True,False,False
TX-01096,True,True,True,False,False,False,False,False,False,True,True,False,False,True,False,True,False,True,False,False,True,False,False,False,False,False,False,False,False,False,False,True,False,False,False,False,False,True,True,False,True,False,False
TX-01097,True,True,True,False,False,False,False,False,False,True,True,False,False,True,False,True,False,True,False,False,True,False,False,False,False,False,False,False,False,False,False,True,False,False,False,False,False,True,True,False,False,True,False
TX-01098,True,False,True,False,False,False,False,False,False,True,True,False,False,True,False,True,False,True,False,True,True,False,False,False,True,False,False,False,False,False,False,True,False,False,False,False,False,False,True,False,False,True,False
TX-01099,True,True,True,False,False,False,False,False,False,True,True,False,False,True,False,True,False,False,True,False,True,False,False,False,False,False,False,False,False,False,False,True,False,False,False,False,False,True,True,True,False,False,False
TX-01100,True,False,True,False,False,False,False,False,False,True,True,False,False,True,False,True,False,False,True,True,True,False,False,False,True,False,False,False,False,False,False,True,False,False,False,False,False,False,True,False,False,True,False
TX-01101,True,True,True,False,False,False,False,False,False,True,True,False,False,True,False,True,False,False,True,False,True,False,False,False,False,False,False,False,False,False,False,True,False,False,False,False,False,True,True,True,False,False,False
TX-01102,True,True,True,False,False,False,False,False,False,True,True,False,False,True,False,True,False,False,True,False,True,False,False,False,False,False,False,False,False,False,False,True,False,False,False,False,False,True,True,False,False,True,False
TX-01103,True,False,True,False,False,False,False,False,False,True,True,False,False,True,False,True,False,False,True,True,True,False,False,False,False,False,False,False,False,False,False,True,False,False,False,False,False,True,True,False,False,True,False
TX-01104,True,True,True,False,False,False,False,False,False,True,True,False,False,True,False,True,False,False,True,False,True,False,False,False,True,False,False,False,False,False,False,True,False,False,False,False,False,False,True,False,True,False,False
TX-01105,True,True,True,False,False,False,False,False,False,True,True,False,False,True,False,True,False,False,True,False,True,False,False,False,False,False,False,False,False,False,False,True,False,False,False,False,False,True,True,True,False,False,False
TX-01106,True,True,True,False,False,False,False,False,False,True,True,False,False,True,False,True,False,False,True,False,True,False,False,False,False,False,False,False,False,False,False,True,False,False,False,False,False,True,True,False,True,False,False
TX-01107,True,True,True,False,False,False,False,False,False,True,True,False,False,True,False,True,False,False,True,False,True,False,False,False,False,False,False,False,False,False,False,True,False,False,False,False,False,True,True,True,False,False,False
TX-01108,True,True,True,False,False,False,False,False,False,True,True,False,False,True,False,True,False,False,True,False,True,False,False,False,False,False,False,False,False,False,False,True,False,False,False,False,False,True,True,True,False,False,False
TX-01109,True,False,True,False,False,False,False,False,False,True,True,False,False,True,False,True,False,False,True,True,True,False,False,False,True,False,False,False,False,False,False,True,False,False,False,False,False,False,True,False,True,False,False
TX-01110,True,True,True,False,False,False,False,False,False,True,True,False,False,True,False,True,False,False,True,False,True,False,False,False,False,False,False,False,False,False,False,True,False,False,False,False,False,True,True,True,False,False,False
TX-01111,True,False,True,False,False,False,False,False,False,True,True,False,False,True,False,True,False,False,True,True,True,False,False,False,False,False,False,False,False,False,False,True,False,False,False,False,False,True,True,False,False,True,False
TX-01112,True,True,True,False,False,False,False,False,False,True,True,False,False,True,False,True,False,False,True,False,True,False,False,False,False,False,False,False,False,False,False,True,False,False,False,False,False,True,True,True,False,False,False
TX-01113,True,False,True,False,False,False,False,False,False,True,True,False,False,True,False,True,False,False,True,True,True,False,False,False,True,False,False,False,False,False,False,True,False,False,False,False,False,False,True,False,False,True,False
TX-01114,True,True,True,False,False,False,False,False,False,True,True,False,False,True,False,True,False,False,True,False,True,False,False,False,False,False,False,False,False,False,False,True,False,False,False,False,False,True,True,True,False,False,False
TX-01115,True,True,True,False,False,False,False,False,False,True,True,False,False,True,False,True,False,False,True,False,True,False,False,False,False,False,False,False,False,False,False,True,False,False,False,False,False,True,True,True,False,False,False
TX-01116,True,True,True,False,False,False,False,False,False,True,True,False,False,True,False,True,False,False,True,False,True,False,False,False,True,False,False,False,False,False,False,True,False,False,False,False,False,False,True,False,False,True,False
TX-01117,True,True,True,False,False,False,False,False,False,True,True,False,False,True,False,True,False,False,True,False,True,False,False,False,False,False,False,False,False,False,False,True,False,False,False,False,False,True,True,False,True,False,False
TX-01118,True,True,True,False,False,False,False,False,False,True,True,False,False,True,False,True,False,False,True,False,True,False,False,False,False,False,False,False,False,False,False,True,False,False,False,False,False,True,True,False,False,True,False
TX-01119,True,True,True,False,False,False,False,False,False,True,True,False,False,True,False,True,False,False,True,False,True,False,False,False,False,False,False,False,False,False,False,True,False,False,False,False,False,True,True,True,False,False,False
TX-01120,True,False,True,False,False,False,False,False,False,True,True,False,False,True,False,True,False,False,True,True,True,False,False,False,False,False,False,False,False,False,False,True,False,False,False,False,False,True,True,False,True,False,False
TX-01121,False,True,True,False,False,False,False,False,True,False,False,True,True,False,True,True,False,True,False,False,True,False,False,False,False,False,False,False,False,False,False,False,False,True,False,False,False,True,True,False,False,True,False
TX-01122,False,True,True,False,False,False,False,False,True,False,False,True,True,False,True,True,False,True,False,False,True,False,False,False,False,False,False,False,False,False,False,False,False,True,False,False,False,True,True,True,False,False,False
TX-01123,False,True,True,False,False,False,False,False,True,False,False,True,True,False,True,True,False,True,False,False,True,False,False,False,False,False,False,False,False,False,False,False,False,True,False,False,False,True,True,True,False,False,False
TX-01124,False,True,True,False,False,False,False,False,True,False,False,True,True,False,True,True,False,True,False,False,True,False,False,False,True,False,False,False,False,False,False,False,False,True,False,False,False,False,True,False,False,True,False
TX-01125,False,False,True,False,False,False,False,False,True,False,False,True,True,False,True,True,False,True,False,True,True,False,False,False,False,False,False,False,False,False,False,False,False,True,False,False,False,True,True,False,False,True,False
TX-01126,False,True,True,False,False,False,False,False,True,False,False,True,True,False,True,True,False,True,False,False,True,False,False,False,False,False,False,False,False,False,False,False,False,True,False,False,False,True,True,False,False,True,False
TX-01127,False,False,True,False,False,False,False,False,True,False,False,True,True,False,True,True,False,True,False,True,True,False,False,False,False,False,False,False,False,False,False,False,False,True,False,False,False,True,True,False,False,True,False
TX-01128,False,True,True,False,False,False,False,False,True,False,False,True,True,False,True,True,False,True,False,False,True,False,False,False,False,False,False,False,False,False,False,False,False,True,False,False,False,True,True,False,False,True,False
TX-01129,False,True,True,False,False,False,False,False,True,False,False,True,True,False,True,True,False,True,False,False,True,False,False,False,False,False,False,False,False,False,False,False,False,True,False,False,False,True,True,True,False,False,False
TX-01130,True,True,True,False,False,False,False,False,False,True,True,False,False,True,False,True,False,True,False,False,True,False,False,False,False,False,False,False,False,False,False,False,True,False,False,False,False,True,True,False,True,False,False
TX-01131,True,False,True,False,False,False,False,False,False,True,True,False,False,True,False,True,False,True,False,True,True,False,False,False,True,False,False,False,False,False,False,False,True,False,False,False,False,False,True,False,True,False,False
TX-01132,True,True,True,False,False,False,False,False,False,True,True,False,False,True,False,True,False,True,False,False,True,False,False,False,False,False,False,False,False,False,False,False,True,False,False,False,False,True,True,False,False,True,False
TX-01133,True,True,True,False,False,False,False,False,False,True,True,False,False,True,False,True,False,True,False,False,True,False,False,False,True,False,False,False,False,False,False,False,True,False,False,False,False,False,True,False,False,True,False
TX-01134,True,False,True,False,False,False,False,False,False,True,True,False,False,True,False,True,False,True,False,True,True,False,False,False,True,False,False,False,False,False,False,False,True,False,False,False,False,False,True,False,False,True,False
TX-01135,True,True,True,False,False,False,False,False,False,True,True,False,False,True,False,True,False,True,False,False,True,False,False,False,False,False,False,False,False,False,False,False,True,False,False,False,False,True,True,True,False,False,False
TX-01136,True,True,True,False,False,False,False,False,False,True,True,False,False,True,False,True,False,True,False,False,True,False,False,False,False,False,False,False,False,False,False,False,True,False,False,False,False,True,True,False,True,False,False
TX-01137,True,True,True,False,False,False,False,False,False,True,False,True,False,True,False,True,False,True,False,False,True,False,False,False,False,False,False,False,False,False,False,False,True,False,False,False,False,True,True,False,False,True,False
TX-01138,True,True,True,False,False,False,False,False,False,True,False,True,False,True,False,True,False,True,False,False,True,False,False,False,False,False,False,False,False,False,False,False,True,False,False,False,False,True,True,True,False,False,False
TX-01139,True,False,True,False,False,False,False,False,False,True,False,True,False,True,False,True,False,True,False,True,True,False,False,False,True,False,False,False,False,False,False,False,True,False,False,False,False,False,True,False,False,True,False
TX-01140,True,False,True,False,False,False,False,False,False,True,False,True,False,True,False,True,False,True,False,True,True,False,False,False,True,False,False,False,False,False,False,False,True,False,False,False,False,False,True,False,False,True,False
TX-01141,True,True,True,False,False,False,False,False,False,True,False,True,False,True,False,True,False,True,False,False,True,False,False,False,False,False,False,False,False,False,False,False,True,False,False,False,False,True,True,False,True,False,False
TX-01142,True,True,True,False,False,False,False,False,False,True,False,True,False,True,False,True,False,True,False,False,True,False,False,False,False,False,False,False,False,False,False,False,True,False,False,False,False,True,True,False,False,True,False
TX-01143,True,True,True,False,False,False,False,False,False,True,False,True,False,True,False,True,False,True,False,False,True,False,False,False,False,False,False,False,False,False,False,False,True,False,False,False,False,True,True,False,True,False,False
TX-01144,True,True,True,False,False,False,False,False,False,True,False,True,False,True,False,True,False,True,False,False,True,False,False,False,True,False,False,False,False,False,False,False,True,False,False,False,False,False,True,False,False,True,False
TX-01145,True,True,True,False,False,False,False,False,False,True,False,True,False,True,False,True,False,True,False,False,True,False,False,False,False,False,False,False,False,False,False,False,True,False,False,False,False,True,True,False,False,True,False
TX-01146,True,True,False,False,False,False,True,False,False,True,True,False,False,True,False,True,False,True,False,False,True,False,False,False,False,False,False,False,False,False,False,False,False,True,False,False,False,True,True,False,False,True,False
TX-01147,True,True,False,False,False,False,True,False,False,True,True,False,False,True,False,True,False,True,False,False,True,False,False,False,False,False,False,False,False,False,False,False,False,True,False,False,False,True,True,True,False,False,False
TX-01148,True,True,False,False,False,False,True,False,False,True,True,False,False,True,False,True,False,True,False,False,True,False,False,False,True,False,False,False,False,False,False,False,False,True,False,False,False,False,True,False,False,True,False
TX-01149,True,False,False,False,False,False,True,False,False,True,True,False,False,True,False,True,False,True,False,True,True,False,False,False,False,False,False,False,False,False,False,False,False,True,False,False,False,True,True,False,False,True,False
TX-01150,True,True,False,False,False,False,True,False,False,True,True,False,False,True,False,True,False,True,False,False,True,False,False,False,False,False,False,False,False,False,False,False,False,True,False,False,False,True,True,True,False,False,False
TX-01151,True,False,False,False,False,False,True,False,False,True,True,False,False,True,False,True,False,True,False,True,True,False,False,False,False,False,False,False,False,False,False,False,False,True,False,False,False,True,True,False,False,True,False
TX-01152,True,True,False,False,False,False,True,False,False,True,True,False,False,True,False,True,False,True,False,False,True,False,False,False,False,False,False,False,False,False,False,False,False,True,False,False,False,True,True,True,False,False,False
TX-01153,True,True,False,False,False,False,True,False,False,True,True,False,False,True,False,True,False,True,False,False,True,False,False,False,False,False,False,False,False,False,False,False,False,True,False,False,False,True,True,False,False,True,False
TX-01154,True,True,True,False,False,False,False,False,False,True,True,False,True,False,False,True,False,False,True,False,True,False,False,False,False,False,False,False,False,False,False,False,False,False,False,True,False,True,True,False,False,True,False
TX-01155,True,False,True,False,False,False,False,False,False,True,True,False,True,False,False,True,False,False,True,True,True,False,False,False,False,False,False,False,False,False,False,False,False,False,False,True,False,True,True,False,True,False,False
TX-01156,True,True,True,False,False,False,False,False,False,True,True,False,True,False,False,True,False,False,True,False,True,False,False,False,False,False,False,False,False,False,False,False,False,False,False,True,False,True,True,False,False,True,False
TX-01157,True,True,True,False,False,False,False,False,False,True,True,False,True,False,False,True,False,False,True,False,True,False,False,False,False,False,False,False,False,False,False,False,False,False,False,True,False,True,True,False,False,True,False
TX-01158,True,True,True,False,False,False,False,False,False,True,True,False,True,False,False,True,False,False,True,False,True,False,False,False,False,False,False,False,False,False,False,False,False,False,False,True,False,True,True,False,False,True,False
TX-01159,True,True,True,False,False,False,False,False,False,True,True,False,True,False,False,True,False,False,True,False,True,False,False,False,False,False,False,False,False,False,False,False,False,False,False,True,False,True,True,True,False,False,False
TX-01160,True,True,True,False,False,False,False,False,False,True,True,False,True,False,False,True,False,False,True,False,True,False,False,False,False,False,False,False,False,False,False,False,False,False,False,True,False,True,True,False,False,True,False
TX-01161,True,False,True,False,False,False,False,False,False,True,True,False,True,False,False,True,False,False,True,True,True,False,False,False,False,False,False,False,False,False,False,False,False,False,False,True,False,True,True,True,False,False,False
TX-01162,True,True,True,False,False,False,False,False,False,True,True,False,True,False,False,True,False,False,True,False,True,False,False,False,False,False,False,False,False,False,False,False,False,False,False,True,False,True,True,False,False,True,False
TX-01163,True,True,True,False,False,False,False,False,False,True,True,False,True,False,False,True,False,False,True,False,True,False,False,False,True,False,False,False,False,False,False,False,False,False,False,True,False,False,True,False,False,True,False
TX-01164,True,True,True,False,False,False,False,False,False,True,True,False,True,False,False,True,False,False,True,False,True,False,False,False,False,False,False,False,False,False,False,False,False,False,False,True,False,True,True,True,False,False,False
TX-01165,True,False,True,False,False,False,False,False,False,True,True,False,True,False,False,True,False,False,True,True,True,False,False,False,True,False,False,False,False,False,False,False,False,False,False,True,False,False,True,False,False,True,False
TX-01166,True,True,True,False,False,False,False,False,False,True,True,False,True,False,False,True,False,False,True,False,True,False,False,False,False,False,False,False,False,False,False,False,False,False,False,True,False,True,True,False,False,True,False
TX-01167,True,True,True,False,False,False,False,False,False,True,True,False,True,False,False,True,False,False,True,False,True,False,False,False,False,False,False,False,False,False,False,False,False,False,False,True,False,True,True,False,False,True,False
TX-01168,True,True,True,False,False,False,False,False,False,True,True,False,True,False,False,True,False,False,True,False,True,False,False,False,False,False,False,False,False,False,False,False,False,False,False,True,False,True,True,False,True,False,False
TX-01169,True,True,True,False,False,False,False,False,False,True,True,False,True,False,False,True,False,False,True,False,True,False,False,False,False,False,False,False,False,False,False,False,False,False,False,True,False,True,True,True,False,False,False
TX-01170,True,False,True,False,False,False,False,False,False,True,True,False,True,False,False,True,False,False,True,True,True,False,False,False,True,False,False,False,False,False,False,False,False,False,False,True,False,False,True,False,True,False,False
TX-01171,True,True,True,False,False,False,False,False,False,True,True,False,True,False,False,True,False,False,True,False,True,False,False,False,True,False,False,False,False,False,False,False,False,False,False,True,False,False,True,False,False,True,False
TX-01172,True,True,True,False,False,False,False,False,False,True,True,False,True,False,False,True,False,False,True,False,True,False,False,False,True,False,False,False,False,False,False,False,False,False,False,True,False,False,True,False,False,True,False
TX-01173,True,True,True,False,False,False,False,False,False,True,True,False,True,False,False,True,False,False,True,False,True,False,False,False,False,False,False,False,False,False,False,False,False,False,False,True,False,True,True,False,False,True,False
TX-01174,False,True,True,False,False,False,False,False,False,True,False,True,True,False,True,True,False,True,False,False,True,False,False,False,False,False,False,False,False,False,False,False,True,False,False,False,False,True,True,True,False,False,False
TX-01175,False,True,True,False,False,False,False,False,False,True,False,True,True,False,True,True,False,True,False,False,True,False,False,False,False,False,False,False,False,False,False,False,True,False,False,False,False,True,True,False,True,False,False
TX-01176,False,True,True,False,False,False,False,False,False,True,False,True,True,False,True,True,False,True,False,False,True,False,False,False,False,False,False,False,False,False,False,False,True,False,False,False,False,True,True,False,False,True,False
TX-01177,False,False,True,False,False,False,False,False,False,True,False,True,True,False,True,True,False,True,False,True,True,False,False,False,True,False,True,False,False,False,False,False,True,False,False,False,False,False,False,False,True,False,False
TX-01178,False,True,True,False,False,False,False,False,False,True,False,True,True,False,True,True,False,True,False,False,True,False,False,False,True,False,False,False,False,False,False,False,True,False,False,False,False,False,True,False,False,True,False
TX-01179,False,False,True,False,False,False,False,False,False,True,False,True,True,False,True,True,False,True,False,True,True,False,False,False,True,False,True,False,False,False,False,False,True,False,False,False,False,False,False,False,True,False,False
TX-01180,False,True,True,False,False,False,False,False,False,True,False,True,True,False,True,True,False,True,False,False,True,False,False,False,False,False,False,False,False,False,False,False,True,False,False,False,False,True,True,True,False,False,False
TX-01181,False,True,True,False,False,False,False,False,False,True,False,True,True,False,True,True,False,True,False,False,True,False,False,False,False,False,False,False,False,False,False,False,True,False,False,False,False,True,True,True,False,False,False
TX-01182,False,True,True,False,False,False,False,False,False,True,False,True,True,False,True,True,False,True,False,False,True,False,False,False,False,False,False,False,False,False,False,False,True,False,False,False,False,True,True,True,False,False,False
TX-01183,False,True,True,False,False,False,False,False,False,True,False,True,True,False,True,True,False,True,False,False,True,False,False,False,False,False,False,False,False,False,False,False,False,True,False,False,False,True,True,True,False,False,False
TX-01184,False,True,False,False,False,False,True,False,False,True,False,True,False,True,True,True,False,False,True,False,True,False,False,False,False,False,False,False,False,False,False,False,False,False,True,False,False,True,True,False,True,False,False
TX-01185,False,True,False,False,False,False,True,False,False,True,False,True,False,True,True,True,False,False,True,False,True,False,False,False,False,False,False,False,False,False,False,False,False,False,True,False,False,True,True,False,False,True,False
TX-01186,False,False,False,False,False,False,True,False,False,True,False,True,False,True,True,True,False,False,True,True,True,False,False,False,False,False,True,False,False,False,False,False,False,False,True,False,False,True,False,False,False,True,False
TX-01187,False,True,False,False,False,False,True,False,False,True,False,True,False,True,True,True,False,False,True,False,True,False,False,False,False,False,False,False,False,False,False,False,False,False,True,False,False,True,True,True,False,False,False
TX-01188,False,True,False,False,False,False,True,False,False,True,False,True,False,True,True,True,False,False,True,False,True,False,False,False,False,False,False,False,False,False,False,False,False,False,True,False,False,True,True,True,False,False,False
TX-01189,False,True,False,False,False,False,True,False,False,True,False,True,False,True,True,True,False,False,True,False,True,False,False,False,False,False,False,False,False,False,False,False,False,False,True,False,False,True,True,True,False,False,False
TX-01190,False,True,False,False,False,False,True,False,False,True,False,True,False,True,True,True,False,False,True,False,True,False,False,False,True,False,False,False,False,False,False,False,False,False,True,False,False,False,True,False,False,True,False
TX-01191,False,False,False,False,False,False,True,False,False,True,False,True,False,True,True,True,False,False,True,True,True,False,False,False,True,False,True,False,False,False,False,False,False,False,True,False,False,False,False,False,True,False,False
TX-01192,False,True,False,False,False,False,True,False,False,True,False,True,False,True,True,True,False,False,True,False,True,False,False,False,False,False,False,False,False,False,False,False,False,False,True,False,False,True,True,True,False,False,False
TX-01193,False,False,False,False,False,False,True,False,False,True,False,True,False,True,True,True,False,False,True,True,True,False,False,False,True,False,True,False,False,False,False,False,False,False,True,False,False,False,False,False,False,True,False
TX-01194,False,True,False,False,False,False,True,False,False,True,False,True,False,True,True,True,False,False,True,False,True,False,False,False,False,False,False,False,False,False,False,False,False,False,True,False,False,True,True,False,False,True,False
TX-01195,False,True,False,False,False,False,True,False,False,True,False,True,False,True,True,True,False,False,True,False,True,False,False,False,False,False,False,False,False,False,False,False,False,False,True,False,False,True,True,True,False,False,False
TX-01196,True,True,True,False,False,False,False,False,True,False,False,True,True,False,False,True,False,True,False,False,True,False,False,False,False,False,False,False,True,False,False,False,False,False,False,False,False,True,True,True,False,False,False
TX-01197,True,True,True,False,False,False,False,False,True,False,False,True,True,False,False,True,False,True,False,False,True,False,False,False,False,False,False,False,True,False,False,False,False,False,False,False,False,True,True,False,True,False,False
TX-01198,True,True,True,False,False,False,False,False,True,False,False,True,True,False,False,True,False,True,False,False,True,False,False,False,False,False,False,False,True,False,False,False,False,False,False,False,False,True,True,False,False,True,False
TX-01199,True,False,True,False,False,False,False,False,True,False,False,True,True,False,False,True,False,True,False,True,True,False,False,False,False,False,False,False,True,False,False,False,False,False,False,False,False,True,True,False,False,True,False
TX-01200,True,True,True,False,False,False,False,False,True,False,False,True,True,False,False,True,False,True,False,False,True,False,False,False,True,False,False,False,True,False,False,False,False,False,False,False,False,False,True,False,True,False,False
TX-01201,True,True,True,False,False,False,False,False,True,False,False,True,True,False,False,True,False,True,False,False,True,False,False,False,False,False,False,False,True,False,False,False,False,False,False,False,False,True,True,True,False,False,False
TX-01202,True,False,True,False,False,False,False,False,True,False,False,True,True,False,False,True,False,True,False,True,True,False,False,False,True,False,False,False,True,False,False,False,False,False,False,False,False,False,True,False,False,True,False
TX-01203,True,True,True,False,False,False,False,False,True,False,False,True,True,False,False,True,False,True,False,False,True,False,False,False,False,False,False,False,True,False,False,False,False,False,False,False,False,True,True,False,False,True,False
TX-01204,True,True,True,False,False,False,False,False,True,False,False,True,True,False,False,True,False,True,False,False,True,False,False,False,False,False,False,False,True,False,False,False,False,False,False,False,False,True,True,False,False,True,False
TX-01205,False,True,True,False,False,False,False,False,True,False,False,True,True,False,True,True,False,True,False,False,True,False,False,False,False,False,False,False,False,False,False,False,False,False,True,False,False,True,True,False,True,False,False
TX-01206,False,True,True,False,False,False,False,False,True,False,False,True,True,False,True,True,False,True,False,False,True,False,False,False,False,False,False,False,False,False,False,False,False,False,True,False,False,True,True,False,False,True,False
TX-01207,False,False,True,False,False,False,False,False,True,False,False,True,True,False,True,True,False,True,False,True,True,False,False,False,False,False,False,False,False,False,False,False,False,False,True,False,False,True,True,False,False,True,False
TX-01208,False,True,True,False,False,False,False,False,True,False,False,True,True,False,True,True,False,True,False,False,True,False,False,False,False,False,False,False,False,False,False,False,False,False,True,False,False,True,True,False,True,False,False
TX-01209,False,False,True,False,False,False,False,False,True,False,False,True,True,False,True,True,False,True,False,True,True,False,False,False,False,False,False,False,False,False,False,False,False,False,True,False,False,True,True,False,False,True,False
TX-01210,False,True,True,False,False,False,False,False,True,False,False,True,True,False,True,True,False,True,False,False,True,False,False,False,False,False,False,False,False,False,False,False,False,False,True,False,False,True,True,True,False,False,False
TX-01211,False,True,False,False,True,False,False,False,True,False,False,True,True,False,True,True,False,True,False,False,True,False,False,False,False,False,False,False,False,False,False,False,False,False,True,False,False,True,True,True,False,False,False
TX-01212,True,True,False,False,False,False,True,True,False,False,True,False,False,True,False,True,False,False,True,False,True,False,False,False,False,False,False,False,False,False,False,True,False,False,False,False,False,True,True,False,False,True,False
TX-01213,True,True,False,False,False,False,True,True,False,False,True,False,False,True,False,True,False,False,True,False,True,False,False,False,False,False,False,False,False,False,False,True,False,False,False,False,False,True,True,True,False,False,False
TX-01214,True,False,False,False,False,False,True,True,False,False,True,False,False,True,False,True,False,False,True,True,True,False,False,False,True,False,False,False,False,False,False,True,False,False,False,False,False,False,True,False,False,True,False
TX-01215,True,False,False,False,False,False,True,True,False,False,True,False,False,True,False,True,False,False,True,True,True,False,False,False,False,False,False,False,False,False,False,True,False,False,False,False,False,True,True,False,True,False,False
TX-01216,True,False,False,False,False,False,True,True,False,False,True,False,False,True,False,True,False,False,True,True,True,False,False,False,False,False,False,False,False,False,False,True,False,False,False,False,False,True,True,False,True,False,False
TX-01217,True,True,False,False,False,False,True,True,False,False,True,False,False,True,False,True,False,False,True,False,True,False,False,False,True,False,False,False,False,False,False,True,False,False,False,False,False,False,True,False,False,True,False
TX-01218,True,True,False,False,False,False,True,True,False,False,True,False,False,True,False,True,False,False,True,False,True,False,False,False,False,False,False,False,False,False,False,True,False,False,False,False,False,True,True,True,False,False,False
TX-01219,True,True,False,False,False,False,True,True,False,False,True,False,False,True,False,True,False,False,True,False,True,False,False,False,False,False,False,False,False,False,False,True,False,False,False,False,False,True,True,False,True,False,False
TX-01220,True,True,False,False,False,False,True,True,False,False,True,False,False,True,False,True,False,False,True,False,True,False,False,False,False,False,False,False,False,False,False,True,False,False,False,False,False,True,True,True,False,False,False
TX-01221,True,True,False,False,False,False,True,True,False,False,True,False,False,True,False,True,False,False,True,False,True,False,False,False,False,False,False,False,False,False,False,True,False,False,False,False,False,True,True,False,False,True,False
TX-01222,True,False,False,False,False,False,True,True,False,False,True,False,False,True,False,True,False,False,True,True,True,False,False,False,False,False,False,False,False,False,False,True,False,False,False,False,False,True,True,False,False,True,False
TX-01223,True,True,False,False,False,False,True,True,False,False,True,False,False,True,False,True,False,False,True,False,True,False,False,False,False,False,False,False,False,False,False,True,False,False,False,False,False,True,True,True,False,False,False
TX-01224,True,True,False,False,False,False,True,True,False,False,True,False,False,True,False,True,False,False,True,False,True,False,False,False,False,False,False,False,False,False,False,True,False,False,False,False,False,True,True,False,False,True,False
TX-01225,True,True,False,False,False,False,True,True,False,False,True,False,False,True,False,True,False,False,True,False,True,False,False,False,False,False,False,False,False,False,False,True,False,False,False,False,False,True,True,False,True,False,False
TX-01226,True,True,False,False,False,False,True,True,False,False,True,False,False,True,False,True,False,False,True,False,True,False,False,False,True,False,False,False,False,False,False,True,False,False,False,False,False,False,True,False,False,True,False
TX-01227,True,True,False,False,False,False,True,True,False,False,True,False,False,True,False,True,False,False,True,False,True,False,False,False,False,False,False,False,False,False,False,True,False,False,False,False,False,True,True,False,False,True,False
TX-01228,True,False,False,False,False,False,True,True,False,False,True,False,False,True,False,True,False,False,True,True,True,False,False,False,True,False,False,False,False,False,False,True,False,False,False,False,False,False,True,False,False,True,False
TX-01229,True,True,False,False,False,False,True,True,False,False,True,False,False,True,False,True,False,False,True,False,True,False,False,False,False,False,False,False,False,False,False,True,False,False,False,False,False,True,True,False,False,True,False
TX-01230,True,False,False,False,False,False,True,True,False,False,True,False,False,True,False,True,False,False,True,True,True,False,False,False,True,False,False,False,False,False,False,True,False,False,False,False,False,False,True,False,True,False,False
TX-01231,True,True,False,False,False,False,True,True,False,False,True,False,False,True,False,True,False,False,True,False,True,False,False,False,False,False,False,False,False,False,False,True,False,False,False,False,False,True,True,False,False,True,False
TX-01232,True,True,False,False,False,False,True,True,False,False,True,False,False,True,False,True,False,False,True,False,True,False,False,False,False,False,False,False,False,False,False,True,False,False,False,False,False,True,True,True,False,False,False
TX-01233,True,True,False,False,False,False,True,True,False,False,True,False,False,True,False,True,False,False,True,False,True,False,False,False,True,False,False,False,False,False,False,True,False,False,False,False,False,False,True,False,False,True,False
TX-01234,True,True,False,False,False,False,True,True,False,False,True,False,False,True,False,True,False,False,True,False,True,False,False,False,False,False,False,False,False,False,False,True,False,False,False,False,False,True,True,True,False,False,False
TX-01235,True,True,False,False,False,False,True,True,False,False,True,False,False,True,False,True,False,False,True,False,True,False,False,False,False,False,False,False,False,False,False,True,False,False,False,False,False,True,True,False,False,True,False
TX-01236,True,False,False,False,False,False,True,True,False,False,True,False,False,True,False,True,False,False,True,True,True,False,False,False,True,False,False,False,False,False,False,True,False,False,False,False,False,False,True,False,True,False,False
TX-01237,True,False,False,False,False,False,True,True,False,False,True,False,False,True,False,True,False,False,True,True,True,False,False,False,True,False,False,False,False,False,False,True,False,False,False,False,False,False,True,False,True,False,False
TX-01238,True,True,False,False,False,False,True,True,False,False,True,False,False,True,False,True,False,False,True,False,True,False,False,False,False,False,False,False,False,False,False,True,False,False,False,False,False,True,True,False,False,True,False
TX-01239,True,True,False,False,False,False,True,True,False,False,True,False,False,True,False,True,False,False,True,False,True,False,False,False,False,False,False,False,False,False,False,True,False,False,False,False,False,True,True,False,False,True,False
TX-01240,False,False,False,False,False,False,True,False,True,False,False,True,True,False,True,True,False,True,False,True,True,False,False,False,False,False,False,False,False,False,False,False,False,False,True,False,False,True,True,False,False,True,False
TX-01241,False,True,False,False,False,False,True,False,True,False,False,True,True,False,True,True,False,True,False,False,True,False,False,False,False,False,False,False,False,False,False,False,False,False,True,False,False,True,True,False,False,True,False
TX-01242,False,True,False,False,False,False,True,False,True,False,False,True,True,False,True,True,False,True,False,False,True,False,False,False,False,False,False,False,False,False,False,False,False,False,True,False,False,True,True,False,False,True,False
TX-01243,False,False,False,False,False,False,True,False,True,False,False,True,True,False,True,True,False,True,False,True,True,False,False,False,True,False,False,False,False,False,False,False,False,False,True,False,False,False,True,False,True,False,False
TX-01244,False,True,False,False,False,False,True,False,True,False,False,True,True,False,True,True,False,True,False,False,True,False,False,False,False,False,False,False,False,False,False,False,False,False,True,False,False,True,True,True,False,False,False
TX-01245,False,True,True,False,False,False,False,False,False,True,True,False,False,True,True,True,False,True,False,False,False,True,False,False,False,False,False,False,False,True,False,False,False,False,False,False,False,True,True,False,False,True,False
TX-01246,False,True,True,False,False,False,False,False,False,True,True,False,False,True,True,True,False,True,False,False,False,True,False,False,False,False,False,False,False,True,False,False,False,False,False,False,False,True,True,False,False,True,False
TX-01247,False,False,True,False,False,False,False,False,False,True,True,False,False,True,True,True,False,True,False,True,False,True,False,False,False,False,True,False,False,True,False,False,False,False,False,False,False,True,False,False,False,True,False
TX-01248,False,True,True,False,False,False,False,False,False,True,True,False,False,True,True,True,False,True,False,False,False,True,False,False,False,False,False,False,False,True,False,False,False,False,False,False,False,True,True,False,True,False,False
TX-01249,False,True,True,False,False,False,False,False,False,True,True,False,False,True,True,True,False,True,False,False,False,True,False,False,False,False,False,False,False,True,False,False,False,False,False,False,False,True,True,False,False,True,False
TX-01250,False,True,True,False,False,False,False,False,False,True,True,False,False,True,True,True,False,True,False,False,False,True,False,False,False,False,False,False,False,True,False,False,False,False,False,False,False,True,True,False,False,True,False
TX-01251,False,False,True,False,False,False,False,False,False,True,True,False,False,True,True,True,False,True,False,True,False,True,False,False,False,False,True,False,False,True,False,False,False,False,False,False,False,True,False,False,False,True,False
TX-01252,False,True,True,False,False,False,False,False,False,True,True,False,False,True,True,True,False,True,False,False,False,True,False,False,True,False,False,False,False,True,False,False,False,False,False,False,False,False,True,False,True,False,False
TX-01253,False,True,True,False,False,False,False,False,False,True,True,False,False,True,True,True,False,False,True,False,False,True,False,False,False,False,False,False,False,True,False,False,False,False,False,False,False,True,True,False,True,False,False
TX-01254,False,True,True,False,False,False,False,False,False,True,True,False,False,True,True,True,False,False,True,False,False,True,False,False,False,False,False,False,False,True,False,False,False,False,False,False,False,True,True,False,False,True,False
TX-01255,False,False,True,False,False,False,False,False,False,True,True,False,False,True,True,True,False,False,True,True,False,True,False,False,True,False,True,False,False,True,False,False,False,False,False,False,False,False,False,False,False,True,False
TX-01256,False,False,True,False,False,False,False,False,False,True,True,False,False,True,True,True,False,False,True,True,False,True,False,False,False,False,True,False,False,True,False,False,False,False,False,False,False,True,False,False,True,False,False
TX-01257,False,True,True,False,False,False,False,False,False,True,True,False,False,True,True,True,False,False,True,False,False,True,False,False,False,False,False,False,False,True,False,False,False,False,False,False,False,True,True,False,False,True,False
TX-01258,False,True,True,False,False,False,False,False,False,True,True,False,False,True,True,True,False,False,True,False,False,True,False,False,False,False,False,False,False,True,False,False,False,False,False,False,False,True,True,False,False,True,False
TX-01259,False,True,True,False,False,False,False,False,False,True,True,False,False,True,True,True,False,False,True,False,False,True,False,False,False,False,False,False,False,True,False,False,False,False,False,False,False,True,True,False,False,True,False
TX-01260,False,True,True,False,False,False,False,False,False,True,True,False,False,True,True,True,False,False,True,False,False,True,False,False,True,False,False,False,False,True,False,False,False,False,False,False,False,False,True,False,True,False,False
TX-01261,False,True,True,False,False,False,False,False,False,True,True,False,False,True,True,True,False,False,True,False,False,True,False,False,False,False,False,False,False,True,False,False,False,False,False,False,False,True,True,True,False,False,False
TX-01262,False,False,True,False,False,False,False,False,False,True,True,False,False,True,True,True,False,False,True,True,False,True,False,False,True,False,True,False,False,True,False,False,False,False,False,False,False,False,False,False,False,True,False
TX-01263,False,True,True,False,False,False,False,False,False,True,True,False,False,True,True,True,False,False,True,False,False,True,False,False,False,False,False,False,False,True,False,False,False,False,False,False,False,True,True,False,False,True,False
TX-01264,False,True,True,False,False,False,False,False,False,True,True,False,False,True,True,True,False,True,False,False,False,True,False,False,False,False,False,False,False,True,False,False,False,False,False,False,False,True,True,True,False,False,False
TX-01265,False,True,True,False,False,False,False,False,False,True,True,False,False,True,True,True,False,True,False,False,False,True,False,False,True,False,False,False,False,True,False,False,False,False,False,False,False,False,True,False,True,False,False
TX-01266,False,False,True,False,False,False,False,False,False,True,True,False,False,True,True,True,False,True,False,True,False,True,False,False,False,False,True,False,False,True,False,False,False,False,False,False,False,True,False,False,True,False,False
TX-01267,False,False,True,False,False,False,False,False,False,True,True,False,False,True,True,True,False,True,False,True,False,True,False,False,True,False,True,False,False,True,False,False,False,False,False,False,False,False,False,False,False,True,False
TX-01268,False,True,True,False,False,False,False,False,False,True,True,False,False,True,True,True,False,True,False,False,False,True,False,False,False,False,False,False,False,True,False,False,False,False,False,False,False,True,True,False,False,True,False
TX-01269,False,True,True,False,False,False,False,False,False,True,True,False,False,True,True,True,False,True,False,False,False,True,False,False,False,False,False,False,False,True,False,False,False,False,False,False,False,True,True,False,False,True,False
TX-01270,False,True,True,False,False,False,False,False,False,True,True,False,False,True,True,True,False,True,False,False,False,True,False,False,False,False,False,False,False,True,False,False,False,False,False,False,False,True,True,False,False,True,False
TX-01271,False,True,True,False,False,False,False,False,False,True,True,False,False,True,True,True,False,True,False,False,False,True,False,False,False,False,False,False,False,True,False,False,False,False,False,False,False,True,True,True,False,False,False
TX-01272,False,True,True,False,False,False,False,False,False,True,True,False,False,True,True,True,False,True,False,False,False,True,False,False,False,False,False,False,False,True,False,False,False,False,False,False,False,True,True,False,False,True,False
TX-01273,False,False,True,False,False,False,False,False,False,True,True,False,False,True,True,True,False,True,False,True,False,True,False,False,False,False,True,False,False,True,False,False,False,False,False,False,False,True,False,False,False,True,False
TX-01274,False,True,True,False,False,False,False,False,False,True,True,False,False,True,True,True,False,True,False,False,False,True,False,False,False,False,False,False,False,True,False,False,False,False,False,False,False,True,True,False,False,True,False
TX-01275,False,True,True,False,False,False,False,False,False,True,True,False,False,True,True,True,False,True,False,False,False,True,False,False,False,False,False,False,False,True,False,False,False,False,False,False,False,True,True,True,False,False,False
TX-01276,False,True,True,False,False,False,False,False,False,True,True,False,False,True,True,True,False,True,False,False,False,True,False,False,False,False,False,False,False,True,False,False,False,False,False,False,False,True,True,False,True,False,False
TX-01277,False,True,True,False,False,False,False,False,False,True,False,True,False,True,True,False,False,False,True,False,False,True,False,False,False,True,False,False,False,True,False,False,False,False,False,False,False,True,True,True,False,False,False
TX-01278,False,True,True,False,False,False,False,False,False,True,False,True,False,True,True,False,False,False,True,False,False,True,False,False,False,True,False,False,False,True,False,False,False,False,False,False,False,True,True,False,False,True,False
TX-01279,False,True,True,False,False,False,False,False,False,True,False,True,False,True,True,False,False,False,True,False,False,True,False,False,False,True,False,False,False,True,False,False,False,False,False,False,False,True,True,True,False,False,False
TX-01280,False,True,True,False,False,False,False,False,False,True,False,True,False,True,True,False,False,False,True,False,False,True,False,False,False,True,False,False,False,True,False,False,False,False,False,False,False,True,True,False,False,True,False
TX-01281,False,True,True,False,False,False,False,False,False,True,False,True,False,True,True,False,False,False,True,False,False,True,False,False,True,True,False,False,False,True,False,False,False,False,False,False,False,False,True,False,False,True,False
TX-01282,False,True,True,False,False,False,False,False,False,True,False,True,False,True,True,False,False,False,True,False,False,True,False,False,False,True,False,False,False,True,False,False,False,False,False,False,False,True,True,False,False,True,False
TX-01283,False,True,True,False,False,False,False,False,False,True,False,True,False,True,True,False,False,False,True,False,False,True,False,False,False,True,False,False,False,True,False,False,False,False,False,False,False,True,True,False,False,True,False
TX-01284,False,True,True,False,False,False,False,False,False,True,False,True,False,True,True,False,False,False,True,False,False,True,False,False,False,True,False,False,False,True,False,False,False,False,False,False,False,True,True,False,False,True,False
TX-01285,False,True,True,False,False,False,False,False,False,True,False,True,False,True,True,False,False,False,True,False,False,True,False,False,False,True,False,False,False,True,False,False,False,False,False,False,False,True,True,False,True,False,False
TX-01286,False,False,True,False,False,False,False,False,False,True,False,True,False,True,True,False,False,False,True,True,False,True,False,False,False,True,True,False,False,True,False,False,False,False,False,False,False,True,False,False,True,False,False
TX-01287,False,True,True,False,False,False,False,False,False,True,False,True,False,True,True,False,False,False,True,False,False,True,False,False,False,True,False,False,False,True,False,False,False,False,False,False,False,True,True,False,False,True,False
TX-01288,False,True,True,False,False,False,False,False,False,True,False,True,False,True,True,False,False,False,True,False,False,True,False,False,True,True,False,False,False,True,False,False,False,False,False,False,False,False,True,False,True,False,False
TX-01289,False,False,True,False,False,False,False,False,False,True,False,True,False,True,True,False,False,False,True,True,False,True,False,False,False,True,True,False,False,True,False,False,False,False,False,False,False,True,False,False,True,False,False
TX-01290,False,False,True,False,False,False,False,False,False,True,False,True,False,True,True,False,False,False,True,True,False,True,False,False,True,True,True,False,False,True,False,False,False,False,False,False,False,False,False,False,False,True,False
TX-01291,False,False,True,False,False,False,False,False,False,True,False,True,False,True,True,False,False,False,True,True,False,True,False,False,True,True,True,False,False,True,False,False,False,False,False,False,False,False,False,False,True,False,False
TX-01292,False,True,True,False,False,False,False,False,False,True,False,True,False,True,True,False,False,False,True,False,False,True,False,False,False,True,False,False,False,True,False,False,False,False,False,False,False,True,True,False,False,True,False
TX-01293,False,True,True,False,False,False,False,False,False,True,False,True,False,True,True,False,False,False,True,False,False,True,False,False,False,True,False,False,False,True,False,False,False,False,False,False,False,True,True,True,False,False,False
TX-01294,False,False,True,False,False,False,False,False,False,True,False,True,False,True,True,False,False,False,True,True,False,True,False,False,False,True,True,False,False,True,False,False,False,False,False,False,False,True,False,False,True,False,False
TX-01295,False,True,True,False,False,False,False,False,False,True,False,True,False,True,True,False,False,True,False,False,False,True,False,False,False,True,False,False,False,True,False,False,False,False,False,False,False,True,True,True,False,False,False
TX-01296,False,False,True,False,False,False,False,False,False,True,False,True,False,True,True,False,False,True,False,True,False,True,False,False,True,True,True,False,False,True,False,False,False,False,False,False,False,False,False,False,False,True,False
TX-01297,False,True,True,False,False,False,False,False,False,True,False,True,False,True,True,False,False,True,False,False,False,True,False,False,False,True,False,False,False,True,False,False,False,False,False,False,False,True,True,False,False,True,False
TX-01298,False,True,True,False,False,False,False,False,False,True,False,True,False,True,True,False,False,True,False,False,False,True,False,False,False,True,False,False,False,True,False,False,False,False,False,False,False,True,True,False,True,False,False
TX-01299,False,False,True,False,False,False,False,False,False,True,False,True,False,True,True,False,False,True,False,True,False,True,False,False,True,True,True,False,False,True,False,False,False,False,False,False,False,False,False,False,False,True,False
TX-01300,False,True,True,False,False,False,False,False,False,True,False,True,False,True,True,False,False,True,False,False,False,True,False,False,True,True,False,False,False,True,False,False,False,False,False,False,False,False,True,False,True,False,False
TX-01301,False,True,True,False,False,False,False,False,False,True,False,True,False,True,True,False,False,True,False,False,False,True,False,False,False,True,False,False,False,True,False,False,False,False,False,False,False,True,True,False,False,True,False
TX-01302,False,True,True,False,False,False,False,False,False,True,False,True,False,True,True,False,False,True,False,False,False,True,False,False,False,True,False,False,False,True,False,False,False,False,False,False,False,True,True,True,False,False,False
TX-01303,False,True,True,False,False,False,False,False,False,True,False,True,False,True,True,False,False,False,True,False,False,True,False,False,True,True,False,False,False,True,False,False,False,False,False,False,False,False,True,False,False,True,False
TX-01304,False,True,True,False,False,False,False,False,False,True,False,True,False,True,True,False,False,False,True,False,False,True,False,False,False,True,False,False,False,True,False,False,False,False,False,False,False,True,True,False,False,True,False
TX-01305,False,False,True,False,False,False,False,False,False,True,False,True,False,True,True,False,False,False,True,True,False,True,False,False,True,True,True,False,False,True,False,False,False,False,False,False,False,False,False,False,False,True,False
TX-01306,False,True,True,False,False,False,False,False,False,True,False,True,False,True,True,False,False,False,True,False,False,True,False,False,False,True,False,False,False,True,False,False,False,False,False,False,False,True,True,True,False,False,False
TX-01307,False,True,True,False,False,False,False,False,False,True,False,True,False,True,True,False,False,False,True,False,False,True,False,False,False,True,False,False,False,True,False,False,False,False,False,False,False,True,True,True,False,False,False
TX-01308,False,False,True,False,False,False,False,False,False,True,False,True,False,True,True,False,False,False,True,True,False,True,False,False,False,True,True,False,False,True,False,False,False,False,False,False,False,True,False,False,False,True,False
TX-01309,False,False,True,False,False,False,False,False,False,True,False,True,False,True,True,False,False,False,True,True,False,True,False,False,True,True,True,False,False,True,False,False,False,False,False,False,False,False,False,False,True,False,False
TX-01310,False,False,True,False,False,False,False,False,False,True,False,True,False,True,True,False,False,False,True,True,False,True,False,False,True,True,True,False,False,True,False,False,False,False,False,False,False,False,False,False,False,True,False
TX-01311,False,True,True,False,False,False,False,False,False,True,False,True,False,True,True,False,False,False,True,False,False,True,False,False,True,True,False,False,False,True,False,False,False,False,False,False,False,False,True,False,False,True,False
TX-01312,False,False,True,False,False,False,False,False,False,True,False,True,False,True,True,False,False,False,True,True,False,True,False,False,True,True,True,False,False,True,False,False,False,False,False,False,False,False,False,False,True,False,False
TX-01313,False,True,True,False,False,False,False,False,False,True,False,True,False,True,True,False,False,False,True,False,False,True,False,False,False,True,False,False,False,True,False,False,False,False,False,False,False,True,True,False,False,True,False
TX-01314,False,True,True,False,False,False,False,False,False,True,False,True,False,True,True,False,False,False,True,False,False,True,False,False,False,True,False,False,False,True,False,False,False,False,False,False,False,True,True,False,True,False,False
TX-01315,False,True,True,False,False,False,False,False,False,True,False,True,False,True,True,False,False,False,True,False,False,True,False,False,False,True,False,False,False,True,False,False,False,False,False,False,False,True,True,True,False,False,False
TX-01316,False,True,True,False,False,False,False,False,False,True,False,True,False,True,True,False,False,False,True,False,False,True,False,False,False,True,False,False,False,True,False,False,False,False,False,False,False,True,True,True,False,False,False
TX-01317,False,True,True,False,False,False,False,False,False,True,False,True,False,True,True,False,False,False,True,False,False,True,False,False,False,True,False,False,False,True,False,False,False,False,False,False,False,True,True,True,False,False,False
TX-01318,False,True,True,False,False,False,False,False,False,True,False,True,False,True,True,False,False,False,True,False,False,True,False,False,False,True,False,False,False,True,False,False,False,False,False,False,False,True,True,False,True,False,False
TX-01319,False,True,True,False,False,False,False,False,False,True,False,True,False,True,True,False,False,False,True,False,False,True,False,False,False,True,False,False,False,True,False,False,False,False,False,False,False,True,True,True,False,False,False
TX-01320,False,True,True,False,False,False,False,False,False,True,False,True,False,True,True,False,False,False,True,False,False,True,False,False,False,True,False,False,False,True,False,False,False,False,False,False,False,True,True,False,False,True,False
TX-01321,False,True,True,False,False,False,False,False,False,True,False,True,False,True,True,False,False,False,True,False,False,True,False,False,False,True,False,False,False,True,False,False,False,False,False,False,False,True,True,False,False,True,False
TX-01322,False,True,True,False,False,False,False,False,False,True,False,True,False,True,True,False,False,False,True,False,False,True,False,False,False,True,False,False,False,True,False,False,False,False,False,False,False,True,True,False,False,True,False
TX-01323,False,True,True,False,False,False,False,False,False,True,False,True,False,True,True,False,False,False,True,False,False,True,False,False,False,True,False,False,False,True,False,False,False,False,False,False,False,True,True,False,False,True,False
TX-01324,False,True,True,False,False,False,False,False,False,True,False,True,False,True,True,False,False,False,True,False,False,True,False,False,True,True,False,False,False,True,False,False,False,False,False,False,False,False,True,False,False,True,False
TX-01325,False,True,True,False,False,False,False,False,False,True,False,True,False,True,True,False,False,False,True,False,False,True,False,False,False,True,False,False,False,True,False,False,False,False,False,False,False,True,True,True,False,False,False
TX-01326,False,False,True,False,False,False,False,False,False,True,False,True,False,True,True,False,False,False,True,True,False,True,False,False,False,True,True,False,False,True,False,False,False,False,False,False,False,True,False,False,False,True,False
TX-01327,False,False,True,False,False,False,False,False,False,True,False,True,False,True,True,False,False,False,True,True,False,True,False,False,False,True,True,False,False,True,False,False,False,False,False,False,False,True,False,False,True,False,False
TX-01328,False,True,True,False,False,False,False,False,False,True,False,True,False,True,True,False,False,False,True,False,False,True,False,False,False,True,False,False,False,True,False,False,False,False,False,False,False,True,True,True,False,False,False
TX-01329,False,False,True,False,False,False,False,False,False,True,False,True,False,True,True,False,False,False,True,True,False,True,False,False,True,True,True,False,False,True,False,False,False,False,False,False,False,False,False,False,False,True,False
TX-01330,False,True,True,False,False,False,False,False,False,True,False,True,False,True,True,False,False,False,True,False,False,True,False,False,False,True,False,False,False,True,False,False,False,False,False,False,False,True,True,False,False,True,False
TX-01331,False,False,True,False,False,False,False,False,True,False,False,True,True,False,True,True,False,False,True,True,False,True,False,False,True,False,False,False,False,False,False,True,False,False,False,False,False,False,True,False,False,True,False
TX-01332,False,True,True,False,False,False,False,False,True,False,False,True,True,False,True,True,False,False,True,False,False,True,False,False,False,False,False,False,False,False,False,True,False,False,False,False,False,True,True,True,False,False,False
TX-01333,False,True,True,False,False,False,False,False,True,False,False,True,True,False,True,True,False,False,True,False,False,True,False,False,True,False,False,False,False,False,False,True,False,False,False,False,False,False,True,False,False,True,False
TX-01334,False,True,True,False,False,False,False,False,True,False,False,True,True,False,True,True,False,False,True,False,False,True,False,False,False,False,False,False,False,False,False,True,False,False,False,False,False,True,True,False,False,True,False
TX-01335,False,False,True,False,False,False,False,False,True,False,False,True,True,False,True,True,False,False,True,True,False,True,False,False,True,False,False,False,False,False,False,True,False,False,False,False,False,False,True,False,False,True,False
TX-01336,False,True,True,False,False,False,False,False,True,False,False,True,True,False,True,True,False,False,True,False,False,True,False,False,False,False,False,False,False,False,False,True,False,False,False,False,False,True,True,False,False,True,False
TX-01337,False,False,True,False,False,False,False,False,True,False,False,True,True,False,True,True,False,False,True,True,False,True,False,False,False,False,False,False,False,False,False,True,False,False,False,False,False,True,True,False,True,False,False
TX-01338,False,True,True,False,False,False,False,False,True,False,False,True,True,False,True,True,False,False,True,False,False,True,False,False,True,False,False,False,False,False,False,True,False,False,False,False,False,False,True,False,False,True,False
TX-01339,False,True,True,False,False,False,False,False,True,False,False,True,True,False,True,True,False,False,True,False,False,True,False,False,False,False,False,False,False,False,False,True,False,False,False,False,False,True,True,True,False,False,False
TX-01340,False,True,True,False,False,False,False,False,True,False,False,True,True,False,True,True,False,False,True,False,False,True,False,False,True,False,False,False,False,False,False,True,False,False,False,False,False,False,True,False,False,True,False
TX-01341,False,True,True,False,False,False,False,False,True,False,False,True,True,False,True,True,False,False,True,False,False,True,False,False,False,False,False,False,False,False,False,True,False,False,False,False,False,True,True,False,False,True,False
TX-01342,False,True,True,False,False,False,False,False,True,False,False,True,True,False,True,True,False,False,True,False,False,True,False,False,False,False,False,False,False,False,False,True,False,False,False,False,False,True,True,True,False,False,False
TX-01343,False,True,True,False,False,False,False,False,True,False,False,True,True,False,True,True,False,False,True,False,False,True,False,False,False,False,False,False,False,False,False,True,False,False,False,False,False,True,True,True,False,False,False
TX-01344,False,True,True,False,False,False,False,False,True,False,False,True,True,False,True,True,False,False,True,False,False,True,False,False,False,False,False,False,False,False,False,True,False,False,False,False,False,True,True,False,False,True,False
TX-01345,False,True,True,False,False,False,False,False,True,False,False,True,True,False,True,True,False,False,True,False,False,True,False,False,False,False,False,False,False,False,False,True,False,False,False,False,False,True,True,True,False,False,False
TX-01346,False,True,True,False,False,False,False,False,True,False,False,True,True,False,True,True,False,False,True,False,False,True,False,False,False,False,False,False,False,False,False,True,False,False,False,False,False,True,True,False,False,True,False
TX-01347,False,True,True,False,False,False,False,False,True,False,False,True,True,False,True,True,False,False,True,False,False,True,False,False,False,False,False,False,False,False,False,True,False,False,False,False,False,True,True,True,False,False,False
TX-01348,False,True,True,False,False,False,False,False,True,False,False,True,True,False,True,True,False,False,True,False,False,True,False,False,False,False,False,False,False,False,False,True,False,False,False,False,False,True,True,False,False,True,False
TX-01349,False,False,True,False,False,False,False,False,True,False,False,True,True,False,True,True,False,False,True,True,False,True,False,False,False,False,False,False,False,False,False,True,False,False,False,False,False,True,True,False,False,True,False
TX-01350,False,True,True,False,False,False,False,False,True,False,False,True,True,False,True,True,False,False,True,False,False,True,False,False,False,False,False,False,False,False,False,True,False,False,False,False,False,True,True,False,False,True,False
TX-01351,False,False,True,False,False,False,False,False,True,False,False,True,True,False,True,True,False,False,True,True,False,True,False,False,False,False,False,False,False,False,False,True,False,False,False,False,False,True,True,False,False,True,False
TX-01352,False,False,True,False,False,False,False,False,True,False,False,True,True,False,True,True,False,False,True,True,False,True,False,False,True,False,False,False,False,False,False,True,False,False,False,False,False,False,True,False,False,True,False
TX-01353,False,True,True,False,False,False,False,False,True,False,False,True,True,False,True,True,False,False,True,False,False,True,False,False,False,False,False,False,False,False,False,True,False,False,False,False,False,True,True,True,False,False,False
TX-01354,False,True,True,False,False,False,False,False,True,False,False,True,True,False,True,True,False,False,True,False,False,True,False,False,False,False,False,False,False,False,False,True,False,False,False,False,False,True,True,True,False,False,False
TX-01355,False,True,True,False,False,False,False,False,True,False,False,True,True,False,True,True,False,False,True,False,False,True,False,False,False,False,False,False,False,False,False,True,False,False,False,False,False,True,True,False,True,False,False
TX-01356,False,False,True,False,False,False,False,False,True,False,False,True,True,False,True,True,False,False,True,True,False,True,False,False,True,False,False,False,False,False,False,True,False,False,False,False,False,False,True,False,False,True,False
TX-01357,False,True,True,False,False,False,False,False,True,False,False,True,True,False,True,True,False,False,True,False,False,True,False,False,False,False,False,False,False,False,False,True,False,False,False,False,False,True,True,False,False,True,False
TX-01358,True,True,True,False,False,False,False,False,False,True,False,True,True,False,False,True,False,True,False,False,False,True,False,False,False,False,False,False,False,False,False,False,True,False,False,False,False,True,True,True,False,False,False
TX-01359,True,False,True,False,False,False,False,False,False,True,False,True,True,False,False,True,False,True,False,True,False,True,False,False,False,False,False,False,False,False,False,False,True,False,False,False,False,True,True,False,False,True,False
TX-01360,True,True,True,False,False,False,False,False,False,True,False,True,True,False,False,True,False,True,False,False,False,True,False,False,False,False,False,False,False,False,False,False,True,False,False,False,False,True,True,False,False,True,False
TX-01361,True,True,True,False,False,False,False,False,False,True,False,True,True,False,False,True,False,True,False,False,False,True,False,False,False,False,False,False,False,False,False,False,True,False,False,False,False,True,True,False,False,True,False
TX-01362,True,True,True,False,False,False,False,False,False,True,False,True,True,False,False,True,False,True,False,False,False,True,False,False,False,False,False,False,False,False,False,False,True,False,False,False,False,True,True,False,False,True,False
TX-01363,True,True,True,False,False,False,False,False,False,True,False,True,True,False,False,True,False,True,False,False,False,True,False,False,False,False,False,False,False,False,False,False,True,False,False,False,False,True,True,False,False,True,False
TX-01364,True,True,True,False,False,False,False,False,False,True,False,True,True,False,False,True,False,True,False,False,False,True,False,False,True,False,False,False,False,False,False,False,True,False,False,False,False,False,True,False,False,True,False
TX-01365,True,False,True,False,False,False,False,False,False,True,False,True,True,False,False,True,False,True,False,True,False,True,False,False,True,False,False,False,False,False,False,False,True,False,False,False,False,False,True,False,True,False,False
TX-01366,True,True,True,False,False,False,False,False,False,True,False,True,False,True,False,False,False,False,True,False,False,True,False,False,False,True,False,False,False,False,True,False,False,False,False,False,False,True,True,True,False,False,False
TX-01367,True,True,True,False,False,False,False,False,False,True,False,True,False,True,False,False,False,False,True,False,False,True,False,False,False,True,False,False,False,False,True,False,False,False,False,False,False,True,True,False,False,True,False
TX-01368,True,True,True,False,False,False,False,False,False,True,False,True,False,True,False,False,False,False,True,False,False,True,False,False,False,True,False,False,False,False,True,False,False,False,False,False,False,True,True,False,False,True,False
TX-01369,True,True,True,False,False,False,False,False,False,True,False,True,False,True,False,False,False,False,True,False,False,True,False,False,False,True,False,False,False,False,True,False,False,False,False,False,False,True,True,False,False,True,False
TX-01370,True,True,True,False,False,False,False,False,False,True,False,True,False,True,False,False,False,False,True,False,False,True,False,False,False,True,False,False,False,False,True,False,False,False,False,False,False,True,True,True,False,False,False
TX-01371,True,True,True,False,False,False,False,False,False,True,False,True,False,True,False,False,False,False,True,False,False,True,False,False,True,True,False,False,False,False,True,False,False,False,False,False,False,False,True,False,False,True,False
TX-01372,True,False,True,False,False,False,False,False,False,True,False,True,False,True,False,False,False,False,True,True,False,True,False,False,False,True,False,False,False,False,True,False,False,False,False,False,False,True,True,False,False,True,False
TX-01373,True,True,True,False,False,False,False,False,False,True,False,True,False,True,False,False,False,False,True,False,False,True,False,False,True,True,False,False,False,False,True,False,False,False,False,False,False,False,True,False,False,True,False
TX-01374,True,True,True,False,False,False,False,False,False,True,False,True,False,True,False,False,False,False,True,False,False,True,False,False,False,True,False,False,False,False,True,False,False,False,False,False,False,True,True,False,True,False,False
TX-01375,True,False,True,False,False,False,False,False,False,True,False,True,False,True,False,False,False,False,True,True,False,True,False,False,False,True,False,False,False,False,True,False,False,False,False,False,False,True,True,False,False,True,False
TX-01376,True,True,True,False,False,False,False,False,False,True,False,True,False,True,False,False,False,False,True,False,False,True,False,False,True,True,False,False,False,False,True,False,False,False,False,False,False,False,True,False,False,True,False
TX-01377,True,False,True,False,False,False,False,False,False,True,False,True,False,True,False,False,False,False,True,True,False,True,False,False,True,True,False,False,False,False,True,False,False,False,False,False,False,False,True,False,True,False,False
TX-01378,True,True,True,False,False,False,False,False,False,True,False,True,False,True,False,False,False,False,True,False,False,True,False,False,False,True,False,False,False,False,True,False,False,False,False,False,False,True,True,False,False,True,False
TX-01379,True,True,True,False,False,False,False,False,False,True,False,True,False,True,False,False,False,False,True,False,False,True,False,False,False,True,False,False,False,False,True,False,False,False,False,False,False,True,True,False,True,False,False
TX-01380,True,True,True,False,False,False,False,False,False,True,False,True,False,True,False,False,False,False,True,False,False,True,False,False,False,True,False,False,False,False,True,False,False,False,False,False,False,True,True,True,False,False,False
TX-01381,True,False,True,False,False,False,False,False,False,True,False,True,False,True,False,False,False,False,True,True,False,True,False,False,False,True,False,False,False,False,True,False,False,False,False,False,False,True,True,False,False,True,False
TX-01382,True,True,True,False,False,False,False,False,False,True,False,True,False,True,False,False,False,False,True,False,False,True,False,False,False,True,False,False,False,False,True,False,False,False,False,False,False,True,True,True,False,False,False
TX-01383,True,True,True,False,False,False,False,False,False,True,False,True,False,True,False,False,False,False,True,False,False,True,False,False,False,True,False,False,False,False,True,False,False,False,False,False,False,True,True,True,False,False,False
TX-01384,True,True,True,False,False,False,False,False,False,True,False,True,False,True,False,False,False,False,True,False,False,True,False,False,False,True,False,False,False,False,True,False,False,False,False,False,False,True,True,True,False,False,False
TX-01385,True,False,True,False,False,False,False,False,False,True,False,True,False,True,False,False,False,False,True,True,False,True,False,False,True,True,False,False,False,False,True,False,False,False,False,False,False,False,True,False,True,False,False
TX-01386,True,False,True,False,False,False,False,False,False,True,False,True,False,True,False,False,False,False,True,True,False,True,False,False,True,True,False,False,False,False,True,False,False,False,False,False,False,False,True,False,True,False,False
TX-01387,True,True,True,False,False,False,False,False,False,True,False,True,False,True,False,False,False,False,True,False,False,True,False,False,False,True,False,False,False,False,True,False,False,False,False,False,False,True,True,True,False,False,False
TX-01388,True,True,True,False,False,False,False,False,False,True,False,True,False,True,False,False,False,False,True,False,False,True,False,False,False,True,False,False,False,False,True,False,False,False,False,False,False,True,True,True,False,False,False
TX-01389,True,True,True,False,False,False,False,False,False,True,False,True,False,True,False,False,False,False,True,False,False,True,False,False,False,True,False,False,False,False,True,False,False,False,False,False,False,True,True,False,False,True,False
TX-01390,True,True,True,False,False,False,False,False,False,True,False,True,False,True,False,False,False,False,True,False,False,True,False,False,False,True,False,False,False,False,True,False,False,False,False,False,False,True,True,True,False,False,False
TX-01391,True,True,True,False,False,False,False,False,False,True,False,True,False,True,False,False,False,False,True,False,False,True,False,False,False,True,False,False,False,False,True,False,False,False,False,False,False,True,True,True,False,False,False
TX-01392,True,True,True,False,False,False,False,False,False,True,False,True,False,True,False,False,False,False,True,False,False,True,False,False,True,True,False,False,False,False,True,False,False,False,False,False,False,False,True,False,False,True,False
TX-01393,True,False,True,False,False,False,False,False,False,True,False,True,False,True,False,False,False,False,True,True,False,True,False,False,False,True,False,False,False,False,True,False,False,False,False,False,False,True,True,False,True,False,False
TX-01394,True,False,True,False,False,False,False,False,False,True,False,True,False,True,False,False,False,False,True,True,False,True,False,False,False,True,False,False,False,False,True,False,False,False,False,False,False,True,True,False,False,True,False
TX-01395,True,False,True,False,False,False,False,False,False,True,False,True,False,True,False,False,False,False,True,True,False,True,False,False,False,True,False,False,False,False,True,False,False,False,False,False,False,True,True,False,False,True,False
TX-01396,True,True,True,False,False,False,False,False,False,True,False,True,False,True,False,False,False,False,True,False,False,True,False,False,False,True,False,False,False,False,True,False,False,False,False,False,False,True,True,True,False,False,False
TX-01397,True,True,True,False,False,False,False,False,False,True,False,True,False,True,False,False,False,False,True,False,False,True,False,False,False,True,False,False,False,False,True,False,False,False,False,False,False,True,True,False,False,True,False
TX-01398,True,False,True,False,False,False,False,False,False,True,False,True,False,True,False,False,False,False,True,True,False,True,False,False,True,True,False,False,False,False,True,False,False,False,False,False,False,False,True,False,False,True,False
TX-01399,True,True,True,False,False,False,False,False,False,True,False,True,False,True,False,False,False,True,False,False,False,True,False,False,False,True,False,False,False,False,True,False,False,False,False,False,False,True,True,False,False,True,False
TX-01400,True,True,True,False,False,False,False,False,False,True,False,True,False,True,False,False,False,True,False,False,False,True,False,False,False,True,False,False,False,False,True,False,False,False,False,False,False,True,True,True,False,False,False
TX-01401,True,True,True,False,False,False,False,False,False,True,False,True,False,True,False,False,False,True,False,False,False,True,False,False,False,True,False,False,False,False,True,False,False,False,False,False,False,True,True,True,False,False,False
TX-01402,True,True,True,False,False,False,False,False,False,True,False,True,False,True,False,False,False,True,False,False,False,True,False,False,True,True,False,False,False,False,True,False,False,False,False,False,False,False,True,False,False,True,False
TX-01403,True,True,True,False,False,False,False,False,False,True,False,True,False,True,False,False,False,True,False,False,False,True,False,False,False,True,False,False,False,False,True,False,False,False,False,False,False,True,True,False,True,False,False
TX-01404,True,False,True,False,False,False,False,False,False,True,False,True,False,True,False,False,False,True,False,True,False,True,False,False,False,True,False,False,False,False,True,False,False,False,False,False,False,True,True,False,False,True,False
TX-01405,True,False,True,False,False,False,False,False,False,True,False,True,False,True,False,False,False,True,False,True,False,True,False,False,False,True,False,False,False,False,True,False,False,False,False,False,False,True,True,False,True,False,False
TX-01406,True,True,True,False,False,False,False,False,False,True,False,True,False,True,False,False,False,True,False,False,False,True,False,False,False,True,False,False,False,False,True,False,False,False,False,False,False,True,True,False,False,True,False
TX-01407,True,False,True,False,False,False,False,False,False,True,True,False,False,True,False,False,False,False,True,True,False,True,False,False,True,True,False,False,False,False,False,True,False,False,False,False,False,False,True,False,False,True,False
TX-01408,True,True,True,False,False,False,False,False,False,True,True,False,False,True,False,False,False,False,True,False,False,True,False,False,True,True,False,False,False,False,False,True,False,False,False,False,False,False,True,False,False,True,False
TX-01409,True,True,True,False,False,False,False,False,False,True,True,False,False,True,False,False,False,False,True,False,False,True,False,False,False,True,False,False,False,False,False,True,False,False,False,False,False,True,True,False,False,True,False
TX-01410,True,True,True,False,False,False,False,False,False,True,True,False,False,True,False,False,False,False,True,False,False,True,False,False,False,True,False,False,False,False,False,True,False,False,False,False,False,True,True,False,False,True,False
TX-01411,True,False,True,False,False,False,False,False,False,True,True,False,False,True,False,False,False,False,True,True,False,True,False,False,False,True,False,False,False,False,False,True,False,False,False,False,False,True,True,False,False,True,False
TX-01412,True,True,True,False,False,False,False,False,False,True,True,False,False,True,False,False,False,False,True,False,False,True,False,False,False,True,False,False,False,False,False,True,False,False,False,False,False,True,True,False,False,True,False
TX-01413,True,True,True,False,False,False,False,False,False,True,True,False,False,True,False,False,False,False,True,False,False,True,False,False,False,True,False,False,False,False,False,True,False,False,False,False,False,True,True,True,False,False,False
TX-01414,True,True,True,False,False,False,False,False,False,True,True,False,False,True,False,False,False,False,True,False,False,True,False,False,False,True,False,False,False,False,False,True,False,False,False,False,False,True,True,True,False,False,False
TX-01415,True,False,True,False,False,False,False,False,False,True,True,False,False,True,False,False,False,False,True,True,False,True,False,False,False,True,False,False,False,False,False,True,False,False,False,False,False,True,True,False,True,False,False
TX-01416,True,True,True,False,False,False,False,False,False,True,True,False,False,True,False,False,False,False,True,False,False,True,False,False,True,True,False,False,False,False,False,True,False,False,False,False,False,False,True,False,True,False,False
TX-01417,True,True,True,False,False,False,False,False,False,True,True,False,False,True,False,False,False,False,True,False,False,True,False,False,False,True,False,False,False,False,False,True,False,False,False,False,False,True,True,True,False,False,False
TX-01418,True,True,True,False,False,False,False,False,False,True,True,False,False,True,False,False,False,False,True,False,False,True,False,False,False,True,False,False,False,False,False,True,False,False,False,False,False,True,True,False,False,True,False
TX-01419,True,False,True,False,False,False,False,False,False,True,True,False,False,True,False,False,False,False,True,True,False,True,False,False,True,True,False,False,False,False,False,True,False,False,False,False,False,False,True,False,True,False,False
TX-01420,True,True,True,False,False,False,False,False,False,True,True,False,False,True,False,False,False,False,True,False,False,True,False,False,True,True,False,False,False,False,False,True,False,False,False,False,False,False,True,False,False,True,False
TX-01421,True,True,True,False,False,False,False,False,False,True,True,False,False,True,False,False,False,False,True,False,False,True,False,False,False,True,False,False,False,False,False,True,False,False,False,False,False,True,True,True,False,False,False
TX-01422,True,True,True,False,False,False,False,False,False,True,True,False,False,True,False,False,False,False,True,False,False,True,False,False,False,True,False,False,False,False,False,True,False,False,False,False,False,True,True,False,False,True,False
TX-01423,True,True,True,False,False,False,False,False,False,True,True,False,False,True,False,False,False,False,True,False,False,True,False,False,False,True,False,False,False,False,False,True,False,False,False,False,False,True,True,False,False,True,False
TX-01424,True,True,True,False,False,False,False,False,False,True,True,False,False,True,False,False,False,False,True,False,False,True,False,False,False,True,False,False,False,False,False,True,False,False,False,False,False,True,True,True,False,False,False
TX-01425,True,True,True,False,False,False,False,False,False,True,True,False,False,True,False,False,False,False,True,False,False,True,False,False,False,True,False,False,False,False,False,True,False,False,False,False,False,True,True,False,False,True,False
TX-01426,True,False,True,False,False,False,False,False,False,True,True,False,False,True,False,False,False,False,True,True,False,True,False,False,True,True,False,False,False,False,False,True,False,False,False,False,False,False,True,False,False,True,False
TX-01427,True,True,True,False,False,False,False,False,False,True,True,False,False,True,False,False,False,False,True,False,False,True,False,False,False,True,False,False,False,False,False,True,False,False,False,False,False,True,True,False,True,False,False
TX-01428,True,False,True,False,False,False,False,False,False,True,True,False,False,True,False,False,False,False,True,True,False,True,False,False,True,True,False,False,False,False,False,True,False,False,False,False,False,False,True,False,True,False,False
TX-01429,True,True,True,False,False,False,False,False,False,True,True,False,False,True,False,False,False,False,True,False,False,True,False,False,False,True,False,False,False,False,False,True,False,False,False,False,False,True,True,True,False,False,False
TX-01430,True,False,True,False,False,False,False,False,False,True,True,False,False,True,False,False,False,False,True,True,False,True,False,False,True,True,False,False,False,False,False,True,False,False,False,False,False,False,True,False,True,False,False
TX-01431,True,False,True,False,False,False,False,False,False,True,True,False,False,True,False,False,False,True,False,True,False,True,False,False,True,True,False,False,False,False,False,True,False,False,False,False,False,False,True,False,False,True,False
TX-01432,True,True,True,False,False,False,False,False,False,True,True,False,False,True,False,False,False,True,False,False,False,True,False,False,False,True,False,False,False,False,False,True,False,False,False,False,False,True,True,True,False,False,False
TX-01433,True,False,True,False,False,False,False,False,False,True,True,False,False,True,False,False,False,True,False,True,False,True,False,False,True,True,False,False,False,False,False,True,False,False,False,False,False,False,True,False,True,False,False
TX-01434,True,True,True,False,False,False,False,False,False,True,True,False,False,True,False,False,False,True,False,False,False,True,False,False,False,True,False,False,False,False,False,True,False,False,False,False,False,True,True,True,False,False,False
TX-01435,True,True,True,False,False,False,False,False,False,True,True,False,False,True,False,False,False,True,False,False,False,True,False,False,False,True,False,False,False,False,False,True,False,False,False,False,False,True,True,False,False,True,False
TX-01436,True,True,True,False,False,False,False,False,False,True,True,False,False,True,False,False,False,True,False,False,False,True,False,False,False,True,False,False,False,False,False,True,False,False,False,False,False,True,True,False,False,True,False
TX-01437,True,True,True,False,False,False,False,False,False,True,True,False,False,True,False,False,False,True,False,False,False,True,False,False,True,True,False,False,False,False,False,True,False,False,False,False,False,False,True,False,False,True,False
TX-01438,True,False,True,False,False,False,False,False,False,True,True,False,False,True,False,False,False,True,False,True,False,True,False,False,False,True,False,False,False,False,False,True,False,False,False,False,False,True,True,False,True,False,False
TX-01439,True,True,True,False,False,False,False,False,False,True,True,False,False,True,False,False,False,True,False,False,False,True,False,False,False,True,False,False,False,False,False,True,False,False,False,False,False,True,True,True,False,False,False
TX-01440,True,True,True,False,False,False,False,False,False,True,True,False,False,True,False,False,False,True,False,False,False,True,False,False,False,True,False,False,False,False,False,True,False,False,False,False,False,True,True,False,True,False,False
TX-01441,True,False,True,False,False,False,False,False,False,True,True,False,False,True,False,True,False,False,True,True,False,True,False,False,True,False,False,True,False,False,False,False,False,False,False,False,False,False,True,False,True,False,False
TX-01442,True,False,True,False,False,False,False,False,False,True,True,False,False,True,False,True,False,False,True,True,False,True,False,False,False,False,False,True,False,False,False,False,False,False,False,False,False,True,True,False,False,True,False
TX-01443,True,True,True,False,False,False,False,False,False,True,True,False,False,True,False,True,False,False,True,False,False,True,False,False,False,False,False,True,False,False,False,False,False,False,False,False,False,True,True,True,False,False,False
TX-01444,True,True,True,False,False,False,False,False,False,True,True,False,False,True,False,True,False,False,True,False,False,True,False,False,False,False,False,True,False,False,False,False,False,False,False,False,False,True,True,False,False,True,False
TX-01445,True,True,True,False,False,False,False,False,False,True,True,False,False,True,False,True,False,False,True,False,False,True,False,False,False,False,False,True,False,False,False,False,False,False,False,False,False,True,True,True,False,False,False
TX-01446,True,True,True,False,False,False,False,False,False,True,True,False,False,True,False,True,False,False,True,False,False,True,False,False,True,False,False,True,False,False,False,False,False,False,False,False,False,False,True,False,False,True,False
TX-01447,True,True,True,False,False,False,False,False,False,True,True,False,False,True,False,True,False,False,True,False,False,True,False,False,False,False,False,True,False,False,False,False,False,False,False,False,False,True,True,True,False,False,False
TX-01448,True,True,True,False,False,False,False,False,False,True,True,False,False,True,False,True,False,False,True,False,False,True,False,False,False,False,False,True,False,False,False,False,False,False,False,False,False,True,True,True,False,False,False
TX-01449,True,True,True,False,False,False,False,False,False,True,True,False,False,True,False,True,False,False,True,False,False,True,False,False,False,False,False,True,False,False,False,False,False,False,False,False,False,True,True,True,False,False,False
TX-01450,True,True,True,False,False,False,False,False,False,True,True,False,False,True,False,True,False,False,True,False,False,True,False,False,True,False,False,True,False,False,False,False,False,False,False,False,False,False,True,False,False,True,False
TX-01451,True,True,True,False,False,False,False,False,False,True,True,False,False,True,False,True,False,False,True,False,False,True,False,False,False,False,False,True,False,False,False,False,False,False,False,False,False,True,True,True,False,False,False
TX-01452,True,True,True,False,False,False,False,False,False,True,True,False,False,True,False,True,False,False,True,False,False,True,False,False,False,False,False,True,False,False,False,False,False,False,False,False,False,True,True,False,False,True,False
TX-01453,True,False,True,False,False,False,False,False,False,True,True,False,False,True,False,True,False,False,True,True,False,True,False,False,True,False,False,True,False,False,False,False,False,False,False,False,False,False,True,False,False,True,False
TX-01454,True,True,True,False,False,False,False,False,False,True,True,False,False,True,False,True,False,False,True,False,False,True,False,False,False,False,False,True,False,False,False,False,False,False,False,False,False,True,True,False,True,False,False
TX-01455,True,False,True,False,False,False,False,False,False,True,True,False,False,True,False,True,False,False,True,True,False,True,False,False,False,False,False,True,False,False,False,False,False,False,False,False,False,True,True,False,True,False,False
TX-01456,True,False,True,False,False,False,False,False,False,True,True,False,False,True,False,True,False,False,True,True,False,True,False,False,False,False,False,True,False,False,False,False,False,False,False,False,False,True,True,False,False,True,False
TX-01457,True,True,True,False,False,False,False,False,False,True,True,False,False,True,False,True,False,False,True,False,False,True,False,False,False,False,False,True,False,False,False,False,False,False,False,False,False,True,True,False,False,True,False
TX-01458,True,True,True,False,False,False,False,False,False,True,True,False,False,True,False,True,False,False,True,False,False,True,False,False,False,False,False,True,False,False,False,False,False,False,False,False,False,True,True,False,False,True,False
TX-01459,True,True,True,False,False,False,False,False,False,True,True,False,False,True,False,True,False,False,True,False,False,True,False,False,False,False,False,True,False,False,False,False,False,False,False,False,False,True,True,False,False,True,False
TX-01460,True,True,True,False,False,False,False,False,False,True,True,False,False,True,False,True,False,False,True,False,False,True,False,False,True,False,False,True,False,False,False,False,False,False,False,False,False,False,True,False,False,True,False
TX-01461,True,True,True,False,False,False,False,False,False,True,True,False,False,True,False,True,False,False,True,False,False,True,False,False,False,False,False,True,False,False,False,False,False,False,False,False,False,True,True,False,False,True,False
TX-01462,True,True,True,False,False,False,False,False,False,True,True,False,False,True,False,True,False,False,True,False,False,True,False,False,False,False,False,True,False,False,False,False,False,False,False,False,False,True,True,True,False,False,False
TX-01463,True,True,True,False,False,False,False,False,False,True,True,False,False,True,False,True,False,False,True,False,False,True,False,False,True,False,False,True,False,False,False,False,False,False,False,False,False,False,True,False,True,False,False
TX-01464,True,True,True,False,False,False,False,False,False,True,True,False,False,True,False,True,False,False,True,False,False,True,False,False,False,False,False,True,False,False,False,False,False,False,False,False,False,True,True,False,False,True,False
TX-01465,True,False,True,False,False,False,False,False,False,True,True,False,False,True,False,True,False,False,True,True,False,True,False,False,False,False,False,True,False,False,False,False,False,False,False,False,False,True,True,False,False,True,False
TX-01466,True,False,True,False,False,False,False,False,False,True,True,False,False,True,False,True,False,False,True,True,False,True,False,False,False,False,False,True,False,False,False,False,False,False,False,False,False,True,True,False,False,True,False
TX-01467,True,True,True,False,False,False,False,False,False,True,True,False,False,True,False,True,False,False,True,False,False,True,False,False,False,False,False,True,False,False,False,False,False,False,False,False,False,True,True,False,False,True,False
TX-01468,True,True,True,False,False,False,False,False,False,True,True,False,False,True,False,True,False,False,True,False,False,True,False,False,False,False,False,True,False,False,False,False,False,False,False,False,False,True,True,False,True,False,False
TX-01469,True,True,True,False,False,False,False,False,False,True,True,False,False,True,False,True,False,False,True,False,False,True,False,False,False,False,False,True,False,False,False,False,False,False,False,False,False,True,True,True,False,False,False
TX-01470,True,True,True,False,False,False,False,False,False,True,True,False,False,True,False,True,False,False,True,False,False,True,False,False,False,False,False,True,False,False,False,False,False,False,False,False,False,True,True,False,False,True,False
TX-01471,True,True,True,False,False,False,False,False,False,True,True,False,False,True,False,True,False,False,True,False,False,True,False,False,False,False,False,True,False,False,False,False,False,False,False,False,False,True,True,False,False,True,False
TX-01472,True,True,True,False,False,False,False,False,False,True,True,False,False,True,False,True,False,False,True,False,False,True,False,False,False,False,False,True,False,False,False,False,False,False,False,False,False,True,True,False,False,True,False
TX-01473,True,True,True,False,False,False,False,False,False,True,True,False,False,True,False,True,False,False,True,False,False,True,False,False,True,False,False,True,False,False,False,False,False,False,False,False,False,False,True,False,False,True,False
TX-01474,True,True,True,False,False,False,False,False,False,True,True,False,False,True,False,True,False,False,True,False,False,True,False,False,False,False,False,True,False,False,False,False,False,False,False,False,False,True,True,True,False,False,False
TX-01475,True,False,True,False,False,False,False,False,False,True,True,False,False,True,False,True,False,False,True,True,False,True,False,False,False,False,False,True,False,False,False,False,False,False,False,False,False,True,True,False,False,True,False
TX-01476,True,True,True,False,False,False,False,False,False,True,True,False,False,True,False,True,False,False,True,False,False,True,False,False,False,False,False,True,False,False,False,False,False,False,False,False,False,True,True,False,False,True,False
TX-01477,True,False,True,False,False,False,False,False,False,True,True,False,False,True,False,True,False,False,True,True,False,True,False,False,False,False,False,True,False,False,False,False,False,False,False,False,False,True,True,False,False,True,False
TX-01478,True,True,True,False,False,False,False,False,False,True,True,False,False,True,False,True,False,False,True,False,False,True,False,False,False,False,False,True,False,False,False,False,False,False,False,False,False,True,True,True,False,False,False
TX-01479,True,True,True,False,False,False,False,False,False,True,True,False,False,True,False,True,False,False,True,False,False,True,False,False,True,False,False,True,False,False,False,False,False,False,False,False,False,False,True,False,True,False,False
TX-01480,True,True,True,False,False,False,False,False,False,True,True,False,False,True,False,True,False,False,True,False,False,True,False,False,False,False,False,True,False,False,False,False,False,False,False,False,False,True,True,False,False,True,False
TX-01481,True,True,True,False,False,False,False,False,False,True,True,False,False,True,False,True,False,False,True,False,False,True,False,False,False,False,False,True,False,False,False,False,False,False,False,False,False,True,True,True,False,False,False
TX-01482,True,True,True,False,False,False,False,False,False,True,True,False,False,True,False,True,False,False,True,False,False,True,False,False,False,False,False,True,False,False,False,False,False,False,False,False,False,True,True,False,False,True,False
TX-01483,True,True,True,False,False,False,False,False,False,True,True,False,False,True,False,True,False,False,True,False,False,True,False,False,False,False,False,True,False,False,False,False,False,False,False,False,False,True,True,False,True,False,False
TX-01484,True,True,True,False,False,False,False,False,False,True,True,False,False,True,False,True,False,False,True,False,False,True,False,False,True,False,False,True,False,False,False,False,False,False,False,False,False,False,True,False,False,True,False
TX-01485,True,False,True,False,False,False,False,False,False,True,True,False,False,True,False,True,False,False,True,True,False,True,False,False,True,False,False,True,False,False,False,False,False,False,False,False,False,False,True,False,False,True,False
TX-01486,True,False,True,False,False,False,False,False,False,True,True,False,False,True,False,True,False,False,True,True,False,True,False,False,True,False,False,True,False,False,False,False,False,False,False,False,False,False,True,False,False,True,False
TX-01487,True,True,True,False,False,False,False,False,False,True,True,False,False,True,False,True,False,False,True,False,False,True,False,False,False,False,False,True,False,False,False,False,False,False,False,False,False,True,True,True,False,False,False
TX-01488,True,True,True,False,False,False,False,False,False,True,True,False,False,True,False,True,False,False,True,False,False,True,False,False,False,False,False,True,False,False,False,False,False,False,False,False,False,True,True,True,False,False,False
TX-01489,True,True,True,False,False,False,False,False,False,True,True,False,False,True,False,True,False,False,True,False,False,True,False,False,False,False,False,True,False,False,False,False,False,False,False,False,False,True,True,False,False,True,False
TX-01490,True,True,True,False,False,False,False,False,False,True,True,False,False,True,False,True,False,False,True,False,False,True,False,False,False,False,False,True,False,False,False,False,False,False,False,False,False,True,True,False,False,True,False
TX-01491,True,False,True,False,False,False,False,False,False,True,True,False,False,True,False,True,False,False,True,True,False,True,False,False,False,False,False,True,False,False,False,False,False,False,False,False,False,True,True,False,True,False,False
TX-01492,True,True,True,False,False,False,False,False,False,True,True,False,False,True,False,True,False,False,True,False,False,True,False,False,False,False,False,True,False,False,False,False,False,False,False,False,False,True,True,False,False,True,False
TX-01493,True,False,True,False,False,False,False,False,False,True,True,False,False,True,False,True,False,False,True,True,False,True,False,False,True,False,False,True,False,False,False,False,False,False,False,False,False,False,True,False,False,True,False
TX-01494,True,True,True,False,False,False,False,False,False,True,True,False,False,True,False,True,False,False,True,False,False,True,False,False,False,False,False,True,False,False,False,False,False,False,False,False,False,True,True,False,False,True,False
TX-01495,True,True,True,False,False,False,False,False,False,True,True,False,False,True,False,True,False,False,True,False,False,True,False,False,True,False,False,True,False,False,False,False,False,False,False,False,False,False,True,False,True,False,False
TX-01496,True,True,True,False,False,False,False,False,False,True,True,False,False,True,False,True,False,False,True,False,False,True,False,False,False,False,False,True,False,False,False,False,False,False,False,False,False,True,True,False,False,True,False
TX-01497,True,True,True,False,False,False,False,False,False,True,True,False,False,True,False,True,False,False,True,False,False,True,False,False,False,False,False,True,False,False,False,False,False,False,False,False,False,True,True,True,False,False,False
TX-01498,True,True,True,False,False,False,False,False,False,True,True,False,False,True,False,True,False,False,True,False,False,True,False,False,False,False,False,True,False,False,False,False,False,False,False,False,False,True,True,False,False,True,False
TX-01499,True,True,True,False,False,False,False,False,False,True,True,False,False,True,False,True,False,False,True,False,False,True,False,False,True,False,False,True,False,False,False,False,False,False,False,False,False,False,True,False,True,False,False
TX-01500,True,False,True,False,False,False,False,False,False,True,True,False,False,True,False,True,False,False,True,True,False,True,False,False,False,False,False,True,False,False,False,False,False,False,False,False,False,True,True,False,False,True,False
TX-01501,True,True,True,False,False,False,False,False,False,True,True,False,False,True,False,True,False,False,True,False,False,True,False,False,False,False,False,True,False,False,False,False,False,False,False,False,False,True,True,False,True,False,False
TX-01502,True,True,True,False,False,False,False,False,False,True,True,False,False,True,False,True,False,False,True,False,False,True,False,False,False,False,False,True,False,False,False,False,False,False,False,False,False,True,True,False,True,False,False
TX-01503,True,False,True,False,False,False,False,False,False,True,True,False,False,True,False,True,False,False,True,True,False,True,False,False,False,False,False,True,False,False,False,False,False,False,False,False,False,True,True,False,True,False,False
TX-01504,True,False,True,False,False,False,False,False,False,True,True,False,False,True,False,True,False,False,True,True,False,True,False,False,True,False,False,True,False,False,False,False,False,False,False,False,False,False,True,False,False,True,False
TX-01505,True,True,True,False,False,False,False,False,False,True,True,False,False,True,False,True,False,False,True,False,False,True,False,False,False,False,False,True,False,False,False,False,False,False,False,False,False,True,True,False,False,True,False
TX-01506,True,True,True,False,False,False,False,False,False,True,True,False,False,True,False,True,False,False,True,False,False,True,False,False,False,False,False,True,False,False,False,False,False,False,False,False,False,True,True,True,False,False,False
TX-01507,True,False,True,False,False,False,False,False,False,True,True,False,False,True,False,True,False,False,True,True,False,True,False,False,False,False,False,True,False,False,False,False,False,False,False,False,False,True,True,False,False,True,False
TX-01508,True,True,True,False,False,False,False,False,False,True,True,False,False,True,False,True,False,False,True,False,False,True,False,False,False,False,False,True,False,False,False,False,False,False,False,False,False,True,True,True,False,False,False
TX-01509,True,False,True,False,False,False,False,False,False,True,True,False,False,True,False,True,False,False,True,True,False,True,False,False,True,False,False,True,False,False,False,False,False,False,False,False,False,False,True,False,True,False,False
TX-01510,True,True,True,False,False,False,False,False,False,True,True,False,False,True,False,True,False,False,True,False,False,True,False,False,False,False,False,True,False,False,False,False,False,False,False,False,False,True,True,False,False,True,False
TX-01511,True,True,True,False,False,False,False,False,False,True,True,False,False,True,False,True,False,False,True,False,False,True,False,False,False,False,False,True,False,False,False,False,False,False,False,False,False,True,True,False,False,True,False
TX-01512,True,True,True,False,False,False,False,False,False,True,True,False,False,True,False,True,False,True,False,False,False,True,False,False,False,False,False,True,False,False,False,False,False,False,False,False,False,True,True,True,False,False,False
TX-01513,True,True,True,False,False,False,False,False,False,True,True,False,False,True,False,True,False,True,False,False,False,True,False,False,True,False,False,True,False,False,False,False,False,False,False,False,False,False,True,False,True,False,False
TX-01514,True,False,True,False,False,False,False,False,False,True,True,False,False,True,False,True,False,True,False,True,False,True,False,False,False,False,False,True,False,False,False,False,False,False,False,False,False,True,True,False,False,True,False
TX-01515,True,True,True,False,False,False,False,False,False,True,True,False,False,True,False,True,False,True,False,False,False,True,False,False,False,False,False,True,False,False,False,False,False,False,False,False,False,True,True,True,False,False,False
TX-01516,True,False,True,False,False,False,False,False,False,True,True,False,False,True,False,True,False,True,False,True,False,True,False,False,True,False,False,True,False,False,False,False,False,False,False,False,False,False,True,False,False,True,False
TX-01517,True,True,True,False,False,False,False,False,False,True,True,False,False,True,False,True,False,True,False,False,False,True,False,False,False,False,False,True,False,False,False,False,False,False,False,False,False,True,True,True,False,False,False
TX-01518,True,True,True,False,False,False,False,False,False,True,True,False,False,True,False,True,False,True,False,False,False,True,False,False,False,False,False,True,False,False,False,False,False,False,False,False,False,True,True,False,False,True,False
TX-01519,True,True,True,False,False,False,False,False,False,True,True,False,False,True,False,True,False,True,False,False,False,True,False,False,False,False,False,True,False,False,False,False,False,False,False,False,False,True,True,False,False,True,False
TX-01520,True,True,True,False,False,False,False,True,False,False,True,False,False,True,False,True,False,False,True,False,False,True,False,False,True,False,False,False,False,True,False,False,False,False,False,False,False,False,True,False,False,True,False
TX-01521,True,True,True,False,False,False,False,True,False,False,True,False,False,True,False,True,False,False,True,False,False,True,False,False,False,False,False,False,False,True,False,False,False,False,False,False,False,True,True,False,False,True,False
TX-01522,True,True,True,False,False,False,False,True,False,False,True,False,False,True,False,True,False,False,True,False,False,True,False,False,False,False,False,False,False,True,False,False,False,False,False,False,False,True,True,False,False,True,False
TX-01523,True,True,True,False,False,False,False,True,False,False,True,False,False,True,False,True,False,False,True,False,False,True,False,False,False,False,False,False,False,True,False,False,False,False,False,False,False,True,True,False,False,True,False
TX-01524,True,False,True,False,False,False,False,True,False,False,True,False,False,True,False,True,False,False,True,True,False,True,False,False,False,False,False,False,False,True,False,False,False,False,False,False,False,True,True,False,False,True,False
TX-01525,True,True,True,False,False,False,False,True,False,False,True,False,False,True,False,True,False,False,True,False,False,True,False,False,False,False,False,False,False,True,False,False,False,False,False,False,False,True,True,False,False,True,False
TX-01526,True,False,True,False,False,False,False,True,False,False,True,False,False,True,False,True,False,False,True,True,False,True,False,False,False,False,False,False,False,True,False,False,False,False,False,False,False,True,True,False,True,False,False
TX-01527,True,False,True,False,False,False,False,True,False,False,True,False,False,True,False,True,False,False,True,True,False,True,False,False,False,False,False,False,False,True,False,False,False,False,False,False,False,True,True,False,True,False,False
TX-01528,True,True,True,False,False,False,False,True,False,False,True,False,False,True,False,True,False,False,True,False,False,True,False,False,True,False,False,False,False,True,False,False,False,False,False,False,False,False,True,False,False,True,False
TX-01529,True,True,True,False,False,False,False,True,False,False,True,False,False,True,False,True,False,False,True,False,False,True,False,False,False,False,False,False,False,True,False,False,False,False,False,False,False,True,True,False,False,True,False
TX-01530,True,True,True,False,False,False,False,True,False,False,True,False,False,True,False,True,False,False,True,False,False,True,False,False,False,False,False,False,False,True,False,False,False,False,False,False,False,True,True,False,False,True,False
TX-01531,True,True,True,False,False,False,False,True,False,False,True,False,False,True,False,True,False,False,True,False,False,True,False,False,False,False,False,False,False,True,False,False,False,False,False,False,False,True,True,False,False,True,False
TX-01532,True,False,True,False,False,False,False,True,False,False,True,False,False,True,False,True,False,False,True,True,False,True,False,False,True,False,False,False,False,True,False,False,False,False,False,False,False,False,True,False,True,False,False
TX-01533,True,True,True,False,False,False,False,True,False,False,True,False,False,True,False,True,False,False,True,False,False,True,False,False,False,False,False,False,False,True,False,False,False,False,False,False,False,True,True,True,False,False,False
TX-01534,True,False,True,False,False,False,False,True,False,False,True,False,False,True,False,True,False,False,True,True,False,True,False,False,True,False,False,False,False,True,False,False,False,False,False,False,False,False,True,False,False,True,False
TX-01535,True,True,True,False,False,False,False,True,False,False,True,False,False,True,False,True,False,False,True,False,False,True,False,False,False,False,False,False,False,True,False,False,False,False,False,False,False,True,True,False,False,True,False
TX-01536,True,True,True,False,False,False,False,True,False,False,True,False,False,True,False,True,False,False,True,False,False,True,False,False,False,False,False,False,False,True,False,False,False,False,False,False,False,True,True,False,False,True,False
TX-01537,True,True,True,False,False,False,False,True,False,False,True,False,False,True,False,True,False,False,True,False,False,True,False,False,False,False,False,False,False,True,False,False,False,False,False,False,False,True,True,False,False,True,False
TX-01538,True,False,True,False,False,False,False,True,False,False,True,False,False,True,False,True,False,False,True,True,False,True,False,False,True,False,False,False,False,True,False,False,False,False,False,False,False,False,True,False,False,True,False
TX-01539,True,True,True,False,False,False,False,True,False,False,True,False,False,True,False,True,False,False,True,False,False,True,False,False,False,False,False,False,False,True,False,False,False,False,False,False,False,True,True,True,False,False,False
TX-01540,True,True,True,False,False,False,False,True,False,False,True,False,False,True,False,True,False,False,True,False,False,True,False,False,False,False,False,False,False,True,False,False,False,False,False,False,False,True,True,True,False,False,False
TX-01541,True,False,True,False,False,False,False,True,False,False,True,False,False,True,False,True,False,False,True,True,False,True,False,False,True,False,False,False,False,True,False,False,False,False,False,False,False,False,True,False,True,False,False
TX-01542,True,True,True,False,False,False,False,True,False,False,True,False,False,True,False,True,False,False,True,False,False,True,False,False,True,False,False,False,False,True,False,False,False,False,False,False,False,False,True,False,False,True,False
TX-01543,True,False,True,False,False,False,False,True,False,False,True,False,False,True,False,True,False,False,True,True,False,True,False,False,False,False,False,False,False,True,False,False,False,False,False,False,False,True,True,False,False,True,False
TX-01544,True,True,True,False,False,False,False,True,False,False,True,False,False,True,False,True,False,False,True,False,False,True,False,False,False,False,False,False,False,True,False,False,False,False,False,False,False,True,True,False,False,True,False
TX-01545,True,True,True,False,False,False,False,True,False,False,True,False,False,True,False,True,False,False,True,False,False,True,False,False,False,False,False,False,False,True,False,False,False,False,False,False,False,True,True,True,False,False,False
TX-01546,True,True,True,False,False,False,False,True,False,False,True,False,False,True,False,True,False,False,True,False,False,True,False,False,False,False,False,False,False,True,False,False,False,False,False,False,False,True,True,True,False,False,False
TX-01547,True,True,True,False,False,False,False,True,False,False,True,False,False,True,False,True,False,False,True,False,False,True,False,False,True,False,False,False,False,True,False,False,False,False,False,False,False,False,True,False,False,True,False
TX-01548,True,True,True,False,False,False,False,True,False,False,True,False,False,True,False,True,False,False,True,False,False,True,False,False,False,False,False,False,False,True,False,False,False,False,False,False,False,True,True,False,False,True,False
TX-01549,True,True,True,False,False,False,False,True,False,False,True,False,False,True,False,True,False,False,True,False,False,True,False,False,False,False,False,False,False,True,False,False,False,False,False,False,False,True,True,True,False,False,False
TX-01550,True,True,True,False,False,False,False,True,False,False,True,False,False,True,False,True,False,False,True,False,False,True,False,False,False,False,False,False,False,True,False,False,False,False,False,False,False,True,True,True,False,False,False
TX-01551,True,True,True,False,False,False,False,True,False,False,True,False,False,True,False,True,False,False,True,False,False,True,False,False,False,False,False,False,False,True,False,False,False,False,False,False,False,True,True,True,False,False,False
TX-01552,True,True,True,False,False,False,False,True,False,False,True,False,False,True,False,True,False,False,True,False,False,True,False,False,False,False,False,False,False,True,False,False,False,False,False,False,False,True,True,False,False,True,False
TX-01553,True,False,True,False,False,False,False,True,False,False,True,False,False,True,False,True,False,False,True,True,False,True,False,False,False,False,False,False,False,True,False,False,False,False,False,False,False,True,True,False,True,False,False
TX-01554,True,True,True,False,False,False,False,True,False,False,True,False,False,True,False,True,False,False,True,False,False,True,False,False,False,False,False,False,False,True,False,False,False,False,False,False,False,True,True,False,False,True,False
TX-01555,True,False,True,False,False,False,False,True,False,False,True,False,False,True,False,True,False,False,True,True,False,True,False,False,False,False,False,False,False,True,False,False,False,False,False,False,False,True,True,False,True,False,False
TX-01556,True,True,True,False,False,False,False,True,False,False,True,False,False,True,False,True,False,False,True,False,False,True,False,False,True,False,False,False,False,True,False,False,False,False,False,False,False,False,True,False,False,True,False
TX-01557,True,True,True,False,False,False,False,True,False,False,True,False,False,True,False,True,False,False,True,False,False,True,False,False,False,False,False,False,False,True,False,False,False,False,False,False,False,True,True,False,False,True,False
TX-01558,True,True,True,False,False,False,False,True,False,False,True,False,False,True,False,True,False,False,True,False,False,True,False,False,False,False,False,False,False,True,False,False,False,False,False,False,False,True,True,False,False,True,False
TX-01559,True,True,True,False,False,False,False,True,False,False,True,False,False,True,False,True,False,False,True,False,False,True,False,False,False,False,False,False,False,True,False,False,False,False,False,False,False,True,True,True,False,False,False
TX-01560,True,True,True,False,False,False,False,True,False,False,True,False,False,True,False,True,False,False,True,False,False,True,False,False,False,False,False,False,False,True,False,False,False,False,False,False,False,True,True,True,False,False,False
TX-01561,True,True,True,False,False,False,False,True,False,False,True,False,False,True,False,True,False,False,True,False,False,True,False,False,False,False,False,False,False,True,False,False,False,False,False,False,False,True,True,True,False,False,False
TX-01562,True,True,True,False,False,False,False,True,False,False,True,False,False,True,False,True,False,False,True,False,False,True,False,False,False,False,False,False,False,True,False,False,False,False,False,False,False,True,True,False,False,True,False
TX-01563,True,True,True,False,False,False,False,True,False,False,True,False,False,True,False,True,False,False,True,False,False,True,False,False,False,False,False,False,False,True,False,False,False,False,False,False,False,True,True,True,False,False,False
TX-01564,True,True,True,False,False,False,False,True,False,False,True,False,False,True,False,True,False,False,True,False,False,True,False,False,True,False,False,False,False,True,False,False,False,False,False,False,False,False,True,False,False,True,False
TX-01565,True,False,True,False,False,False,False,True,False,False,True,False,False,True,False,True,False,False,True,True,False,True,False,False,False,False,False,False,False,True,False,False,False,False,False,False,False,True,True,False,True,False,False
TX-01566,True,True,True,False,False,False,False,True,False,False,True,False,False,True,False,True,False,False,True,False,False,True,False,False,False,False,False,False,False,True,False,False,False,False,False,False,False,True,True,True,False,False,False
TX-01567,True,False,True,False,False,False,False,True,False,False,True,False,False,True,False,True,False,False,True,True,False,True,False,False,True,False,False,False,False,True,False,False,False,False,False,False,False,False,True,False,True,False,False
TX-01568,True,True,True,False,False,False,False,True,False,False,True,False,False,True,False,True,False,False,True,False,False,True,False,False,False,False,False,False,False,True,False,False,False,False,False,False,False,True,True,True,False,False,False
TX-01569,True,False,True,False,False,False,False,True,False,False,True,False,False,True,False,True,False,False,True,True,False,True,False,False,True,False,False,False,False,True,False,False,False,False,False,False,False,False,True,False,False,True,False
TX-01570,True,True,True,False,False,False,False,True,False,False,True,False,False,True,False,True,False,False,True,False,False,True,False,False,False,False,False,False,False,True,False,False,False,False,False,False,False,True,True,False,False,True,False
TX-01571,False,True,True,False,False,False,False,False,True,False,False,True,True,False,True,True,False,True,False,False,False,True,False,False,False,False,False,False,False,True,False,False,False,False,False,False,False,True,True,False,False,True,False
TX-01572,False,False,True,False,False,False,False,False,True,False,False,True,True,False,True,True,False,True,False,True,False,True,False,False,True,False,False,False,False,True,False,False,False,False,False,False,False,False,True,False,False,True,False
TX-01573,False,True,True,False,False,False,False,False,True,False,False,True,True,False,True,True,False,True,False,False,False,True,False,False,False,False,False,False,False,True,False,False,False,False,False,False,False,True,True,False,False,True,False
TX-01574,False,True,True,False,False,False,False,False,True,False,False,True,True,False,True,True,False,True,False,False,False,True,False,False,False,False,False,False,False,True,False,False,False,False,False,False,False,True,True,False,False,True,False
TX-01575,False,False,True,False,False,False,False,False,True,False,False,True,True,False,True,True,False,True,False,True,False,True,False,False,True,False,False,False,False,True,False,False,False,False,False,False,False,False,True,False,True,False,False
TX-01576,False,True,True,False,False,False,False,False,True,False,False,True,True,False,True,True,False,True,False,False,False,True,False,False,False,False,False,False,False,True,False,False,False,False,False,False,False,True,True,False,False,True,False
TX-01577,False,True,True,False,False,False,False,False,True,False,False,True,True,False,True,True,False,True,False,False,False,True,False,False,False,False,False,False,False,True,False,False,False,False,False,False,False,True,True,True,False,False,False
TX-01578,False,False,True,False,False,False,False,False,True,False,False,True,True,False,True,True,False,True,False,True,False,True,False,False,False,False,False,False,False,True,False,False,False,False,False,False,False,True,True,False,True,False,False
TX-01579,False,True,True,False,False,False,False,False,True,False,False,True,True,False,True,True,False,True,False,False,False,True,False,False,False,False,False,False,False,True,False,False,False,False,False,False,False,True,True,False,False,True,False
TX-01580,False,True,True,False,False,False,False,False,False,True,False,True,False,True,True,False,False,True,False,False,False,True,False,False,False,True,False,True,False,False,False,False,False,False,False,False,False,True,True,True,False,False,False
TX-01581,False,False,True,False,False,False,False,False,False,True,False,True,False,True,True,False,False,True,False,True,False,True,False,False,True,True,True,True,False,False,False,False,False,False,False,False,False,False,False,False,False,True,False
TX-01582,False,False,True,False,False,False,False,False,False,True,False,True,False,True,True,False,False,True,False,True,False,True,False,False,False,True,True,True,False,False,False,False,False,False,False,False,False,True,False,False,True,False,False
TX-01583,False,True,True,False,False,False,False,False,False,True,False,True,False,True,True,False,False,True,False,False,False,True,False,False,False,True,False,True,False,False,False,False,False,False,False,False,False,True,True,True,False,False,False
TX-01584,False,True,True,False,False,False,False,False,False,True,False,True,False,True,True,False,False,True,False,False,False,True,False,False,False,True,False,True,False,False,False,False,False,False,False,False,False,True,True,True,False,False,False
TX-01585,False,True,True,False,False,False,False,False,False,True,False,True,False,True,True,False,False,True,False,False,False,True,False,False,False,True,False,True,False,False,False,False,False,False,False,False,False,True,True,False,True,False,False
TX-01586,False,False,True,False,False,False,False,False,False,True,False,True,False,True,True,False,False,True,False,True,False,True,False,False,True,True,True,True,False,False,False,False,False,False,False,False,False,False,False,False,False,True,False
TX-01587,False,True,True,False,False,False,False,False,False,True,False,True,False,True,True,False,False,True,False,False,False,True,False,False,False,True,False,True,False,False,False,False,False,False,False,False,False,True,True,False,False,True,False
TX-01588,False,False,True,False,False,False,False,False,False,True,False,True,False,True,True,False,False,True,False,True,False,True,False,False,True,True,True,True,False,False,False,False,False,False,False,False,False,False,False,False,False,True,False
TX-01589,False,True,True,False,False,False,False,False,False,True,False,True,False,True,True,False,False,True,False,False,False,True,False,False,False,True,False,True,False,False,False,False,False,False,False,False,False,True,True,True,False,False,False
TX-01590,False,True,True,False,False,False,False,False,False,True,False,True,False,True,True,False,False,True,False,False,False,True,False,False,False,True,False,True,False,False,False,False,False,False,False,False,False,True,True,True,False,False,False
TX-01591,False,True,True,False,False,False,False,False,False,True,False,True,False,True,True,False,False,True,False,False,False,True,False,False,False,True,False,True,False,False,False,False,False,False,False,False,False,True,True,True,False,False,False
TX-01592,False,True,True,False,False,False,False,False,False,True,False,True,False,True,True,False,False,True,False,False,False,True,False,False,False,True,False,True,False,False,False,False,False,False,False,False,False,True,True,False,False,True,False
TX-01593,False,True,True,False,False,False,False,False,False,True,False,True,False,True,True,False,False,True,False,False,False,True,False,False,False,True,False,True,False,False,False,False,False,False,False,False,False,True,True,False,False,True,False
TX-01594,False,True,True,False,False,False,False,False,False,True,False,True,False,True,True,False,False,True,False,False,False,True,False,False,True,True,False,True,False,False,False,False,False,False,False,False,False,False,True,False,False,True,False
TX-01595,False,False,True,False,False,False,False,False,False,True,False,True,False,True,True,False,False,True,False,True,False,True,False,False,True,True,True,True,False,False,False,False,False,False,False,False,False,False,False,False,False,True,False
TX-01596,False,False,True,False,False,False,False,False,False,True,False,True,False,True,True,False,False,True,False,True,False,True,False,False,False,True,True,True,False,False,False,False,False,False,False,False,False,True,False,False,False,True,False
TX-01597,False,True,True,False,False,False,False,False,False,True,False,True,False,True,True,False,False,True,False,False,False,True,False,False,False,True,False,True,False,False,False,False,False,False,False,False,False,True,True,False,False,True,False
TX-01598,False,True,True,False,False,False,False,False,False,True,False,True,False,True,True,False,False,True,False,False,False,True,False,False,False,True,False,True,False,False,False,False,False,False,False,False,False,True,True,False,False,True,False
TX-01599,False,False,True,False,False,False,False,False,False,True,False,True,False,True,True,False,False,True,False,True,False,True,False,False,True,True,True,True,False,False,False,False,False,False,False,False,False,False,False,False,True,False,False
TX-01600,False,False,True,False,False,False,False,False,True,False,False,True,True,False,True,True,False,False,True,True,False,True,False,False,False,False,False,False,False,False,False,False,False,False,False,False,True,True,True,False,True,False,False
TX-01601,False,True,True,False,False,False,False,False,True,False,False,True,True,False,True,True,False,False,True,False,False,True,False,False,False,False,False,False,False,False,False,False,False,False,False,False,True,True,True,True,False,False,False
TX-01602,False,True,True,False,False,False,False,False,True,False,False,True,True,False,True,True,False,False,True,False,False,True,False,False,True,False,False,False,False,False,False,False,False,False,False,False,True,False,True,False,False,True,False
TX-01603,False,False,True,False,False,False,False,False,True,False,False,True,True,False,True,True,False,False,True,True,False,True,False,False,False,False,False,False,False,False,False,False,False,False,False,False,True,True,True,False,True,False,False
TX-01604,False,False,True,False,False,False,False,False,True,False,False,True,True,False,True,True,False,False,True,True,False,True,False,False,False,False,False,False,False,False,False,False,False,False,False,False,True,True,True,False,False,True,False
TX-01605,False,True,True,False,False,False,False,False,True,False,False,True,True,False,True,True,False,False,True,False,False,True,False,False,False,False,False,False,False,False,False,False,False,False,False,False,True,True,True,True,False,False,False
TX-01606,False,True,True,False,False,False,False,False,True,False,False,True,True,False,True,True,False,False,True,False,False,True,False,False,False,False,False,False,False,False,False,False,False,False,False,False,True,True,True,True,False,False,False
TX-01607,False,True,True,False,False,False,False,False,True,False,False,True,True,False,True,True,False,False,True,False,False,True,False,False,False,False,False,False,False,False,False,False,False,False,False,False,True,True,True,False,False,True,False
TX-01608,False,True,True,False,False,False,False,False,True,False,False,True,True,False,True,True,False,False,True,False,False,True,False,False,False,False,False,False,False,False,False,False,False,False,False,False,True,True,True,False,False,True,False
TX-01609,False,True,True,False,False,False,False,False,True,False,False,True,True,False,True,True,False,False,True,False,False,True,False,False,False,False,False,False,False,False,False,False,False,False,False,False,True,True,True,False,False,True,False
TX-01610,False,True,True,False,False,False,False,False,True,False,False,True,True,False,True,True,False,False,True,False,False,True,False,False,False,False,False,False,False,False,False,False,False,False,False,False,True,True,True,True,False,False,False
TX-01611,False,False,True,False,False,False,False,False,True,False,False,True,False,True,True,True,False,True,False,True,False,True,False,False,True,False,False,True,False,False,False,False,False,False,False,False,False,False,True,False,False,True,False
TX-01612,False,True,True,False,False,False,False,False,True,False,False,True,False,True,True,True,False,True,False,False,False,True,False,False,True,False,False,True,False,False,False,False,False,False,False,False,False,False,True,False,False,True,False
TX-01613,False,True,True,False,False,False,False,False,True,False,False,True,False,True,True,True,False,True,False,False,False,True,False,False,False,False,False,True,False,False,False,False,False,False,False,False,False,True,True,True,False,False,False
TX-01614,False,True,True,False,False,False,False,False,True,False,False,True,False,True,True,True,False,True,False,False,False,True,False,False,False,False,False,True,False,False,False,False,False,False,False,False,False,True,True,False,False,True,False
TX-01615,False,False,True,False,False,False,False,False,True,False,False,True,False,True,True,True,False,True,False,True,False,True,False,False,True,False,False,True,False,False,False,False,False,False,False,False,False,False,True,False,True,False,False
TX-01616,False,False,True,False,False,False,False,False,True,False,False,True,False,True,True,True,False,True,False,True,False,True,False,False,True,False,False,True,False,False,False,False,False,False,False,False,False,False,True,False,True,False,False
TX-01617,False,True,True,False,False,False,False,False,True,False,False,True,False,True,True,True,False,True,False,False,False,True,False,False,False,False,False,True,False,False,False,False,False,False,False,False,False,True,True,False,False,True,False
TX-01618,False,True,True,False,False,False,False,False,True,False,False,True,False,True,True,True,False,True,False,False,False,True,False,False,False,False,False,True,False,False,False,False,False,False,False,False,False,True,True,True,False,False,False
TX-01619,False,True,True,False,False,False,False,False,True,False,False,True,False,True,True,True,False,True,False,False,False,True,False,False,False,False,False,True,False,False,False,False,False,False,False,False,False,True,True,False,False,True,False
TX-01620,False,True,True,False,False,False,False,False,True,False,False,True,False,True,True,True,False,True,False,False,False,True,False,False,False,False,False,True,False,False,False,False,False,False,False,False,False,True,True,False,False,True,False
TX-01621,False,True,True,False,False,False,False,False,False,True,False,True,False,True,True,True,False,False,True,False,False,True,False,False,False,False,False,False,False,True,False,False,False,False,False,False,False,True,True,True,False,False,False
TX-01622,False,True,True,False,False,False,False,False,False,True,False,True,False,True,True,True,False,False,True,False,False,True,False,False,True,False,False,False,False,True,False,False,False,False,False,False,False,False,True,False,False,True,False
TX-01623,False,True,True,False,False,False,False,False,False,True,False,True,False,True,True,True,False,False,True,False,False,True,False,False,True,False,False,False,False,True,False,False,False,False,False,False,False,False,True,False,True,False,False
TX-01624,False,True,True,False,False,False,False,False,False,True,False,True,False,True,True,True,False,False,True,False,False,True,False,False,False,False,False,False,False,True,False,False,False,False,False,False,False,True,True,True,False,False,False
TX-01625,False,True,True,False,False,False,False,False,False,True,False,True,False,True,True,True,False,False,True,False,False,True,False,False,False,False,False,False,False,True,False,False,False,False,False,False,False,True,True,False,False,True,False
TX-01626,False,True,True,False,False,False,False,False,False,True,False,True,False,True,True,True,False,False,True,False,False,True,False,False,False,False,False,False,False,True,False,False,False,False,False,False,False,True,True,True,False,False,False
TX-01627,False,False,True,False,False,False,False,False,False,True,False,True,False,True,True,True,False,False,True,True,False,True,False,False,False,False,True,False,False,True,False,False,False,False,False,False,False,True,False,False,True,False,False
TX-01628,False,True,True,False,False,False,False,False,False,True,False,True,False,True,True,True,False,False,True,False,False,True,False,False,False,False,False,False,False,True,False,False,False,False,False,False,False,True,True,False,False,True,False
TX-01629,False,True,True,False,False,False,False,False,False,True,False,True,False,True,True,True,False,False,True,False,False,True,False,False,False,False,False,False,False,True,False,False,False,False,False,False,False,True,True,False,False,True,False
TX-01630,False,True,True,False,False,False,False,False,False,True,False,True,False,True,True,True,False,False,True,False,False,True,False,False,False,False,False,False,False,True,False,False,False,False,False,False,False,True,True,False,False,True,False
TX-01631,False,False,True,False,False,False,False,False,False,True,False,True,False,True,True,True,False,False,True,True,False,True,False,False,True,False,True,False,False,True,False,False,False,False,False,False,False,False,False,False,False,True,False
TX-01632,False,True,True,False,False,False,False,False,False,True,False,True,False,True,True,True,False,False,True,False,False,True,False,False,False,False,False,False,False,True,False,False,False,False,False,False,False,True,True,False,False,True,False
TX-01633,False,False,True,False,False,False,False,False,False,True,False,True,False,True,True,True,False,False,True,True,False,True,False,False,False,False,True,False,False,True,False,False,False,False,False,False,False,True,False,False,True,False,False
TX-01634,False,False,True,False,False,False,False,False,False,True,False,True,False,True,True,True,False,False,True,True,False,True,False,False,True,False,True,False,False,True,False,False,False,False,False,False,False,False,False,False,True,False,False
TX-01635,False,True,True,False,False,False,False,False,False,True,False,True,False,True,True,True,False,False,True,False,False,True,False,False,False,False,False,False,False,True,False,False,False,False,False,False,False,True,True,False,False,True,False
TX-01636,False,True,True,False,False,False,False,False,False,True,False,True,False,True,True,True,False,False,True,False,False,True,False,False,True,False,False,False,False,True,False,False,False,False,False,False,False,False,True,False,False,True,False
TX-01637,False,True,True,False,False,False,False,False,False,True,False,True,False,True,True,True,False,False,True,False,False,True,False,False,False,False,False,False,False,True,False,False,False,False,False,False,False,True,True,False,True,False,False
TX-01638,False,True,True,False,False,False,False,False,False,True,False,True,False,True,True,True,False,False,True,False,False,True,False,False,False,False,False,False,False,True,False,False,False,False,False,False,False,True,True,True,False,False,False
TX-01639,False,True,True,False,False,False,False,False,False,True,False,True,False,True,True,True,False,False,True,False,False,True,False,False,False,False,False,False,False,True,False,False,False,False,False,False,False,True,True,True,False,False,False
TX-01640,False,True,True,False,False,False,False,False,False,True,False,True,False,True,True,True,False,False,True,False,False,True,False,False,True,False,False,False,False,True,False,False,False,False,False,False,False,False,True,False,False,True,False
TX-01641,False,False,True,False,False,False,False,False,False,True,False,True,False,True,True,True,False,False,True,True,False,True,False,False,True,False,True,False,False,True,False,False,False,False,False,False,False,False,False,False,False,True,False
TX-01642,False,True,True,False,False,False,False,False,False,True,False,True,False,True,True,True,False,False,True,False,False,True,False,False,False,False,False,False,False,True,False,False,False,False,False,False,False,True,True,False,False,True,False
TX-01643,False,True,True,False,False,False,False,False,False,True,False,True,False,True,True,True,False,False,True,False,False,True,False,False,False,False,False,False,False,True,False,False,False,False,False,False,False,True,True,True,False,False,False
TX-01644,False,True,True,False,False,False,False,False,False,True,False,True,False,True,True,True,False,False,True,False,False,True,False,False,False,False,False,False,False,True,False,False,False,False,False,False,False,True,True,False,False,True,False
TX-01645,False,False,True,False,False,False,False,False,False,True,False,True,False,True,True,True,False,False,True,True,False,True,False,False,False,False,True,False,False,True,False,False,False,False,False,False,False,True,False,False,False,True,False
TX-01646,False,True,True,False,False,False,False,False,False,True,False,True,False,True,True,True,False,False,True,False,False,True,False,False,False,False,False,False,False,True,False,False,False,False,False,False,False,True,True,True,False,False,False
TX-01647,False,True,True,False,False,False,False,False,False,True,False,True,False,True,True,True,False,False,True,False,False,True,False,False,False,False,False,False,False,True,False,False,False,False,False,False,False,True,True,False,False,True,False
TX-01648,False,False,True,False,False,False,False,False,False,True,False,True,False,True,True,True,False,False,True,True,False,True,False,False,False,False,True,False,False,True,False,False,False,False,False,False,False,True,False,False,True,False,False
TX-01649,False,True,True,False,False,False,False,False,False,True,False,True,False,True,True,True,False,False,True,False,False,True,False,False,False,False,False,False,False,True,False,False,False,False,False,False,False,True,True,False,False,True,False
TX-01650,False,True,True,False,False,False,False,False,False,True,False,True,False,True,True,True,False,False,True,False,False,True,False,False,False,False,False,False,False,True,False,False,False,False,False,False,False,True,True,True,False,False,False
TX-01651,False,True,True,False,False,False,False,False,False,True,False,True,False,True,True,True,False,True,False,False,False,True,False,False,False,False,False,False,False,True,False,False,False,False,False,False,False,True,True,False,True,False,False
TX-01652,False,True,True,False,False,False,False,False,False,True,False,True,False,True,True,True,False,True,False,False,False,True,False,False,True,False,False,False,False,True,False,False,False,False,False,False,False,False,True,False,True,False,False
TX-01653,False,True,True,False,False,False,False,False,False,True,False,True,False,True,True,True,False,True,False,False,False,True,False,False,False,False,False,False,False,True,False,False,False,False,False,False,False,True,True,False,False,True,False
TX-01654,False,True,True,False,False,False,False,False,False,True,False,True,False,True,True,True,False,True,False,False,False,True,False,False,False,False,False,False,False,True,False,False,False,False,False,False,False,True,True,False,False,True,False
TX-01655,False,True,True,False,False,False,False,False,False,True,False,True,False,True,True,True,False,True,False,False,False,True,False,False,False,False,False,False,False,True,False,False,False,False,False,False,False,True,True,False,True,False,False
TX-01656,False,False,True,False,False,False,False,False,False,True,False,True,False,True,True,True,False,True,False,True,False,True,False,False,True,False,True,False,False,True,False,False,False,False,False,False,False,False,False,False,True,False,False
TX-01657,False,True,True,False,False,False,False,False,False,True,False,True,False,True,True,True,False,True,False,False,False,True,False,False,False,False,False,False,False,True,False,False,False,False,False,False,False,True,True,False,False,True,False
TX-01658,False,False,True,False,False,False,False,False,False,True,False,True,False,True,True,True,False,True,False,True,False,True,False,False,True,False,True,False,False,True,False,False,False,False,False,False,False,False,False,False,False,True,False
TX-01659,False,True,True,False,False,False,False,False,False,True,False,True,False,True,True,True,False,True,False,False,False,True,False,False,False,False,False,False,False,True,False,False,False,False,False,False,False,True,True,True,False,False,False
TX-01660,False,False,True,False,False,False,False,False,False,True,False,True,False,True,True,True,False,True,False,True,False,True,False,False,True,False,True,False,False,True,False,False,False,False,False,False,False,False,False,False,False,True,False
TX-01661,False,True,True,False,False,False,False,False,False,True,False,True,False,True,True,True,False,True,False,False,False,True,False,False,False,False,False,False,False,True,False,False,False,False,False,False,False,True,True,False,False,True,False
TX-01662,False,True,True,False,False,False,False,False,False,True,False,True,False,True,True,True,False,True,False,False,False,True,False,False,False,False,False,False,False,True,False,False,False,False,False,False,False,True,True,False,True,False,False
TX-01663,False,True,False,False,True,False,False,True,False,False,True,False,False,True,True,False,True,False,False,False,False,True,False,False,False,True,False,False,False,False,True,False,False,False,False,False,False,True,True,False,False,False,True
TX-01664,False,True,False,False,True,False,False,True,False,False,True,False,False,True,True,False,True,False,False,False,False,True,False,False,True,True,False,False,False,False,True,False,False,False,False,False,False,False,True,False,False,True,False
TX-01665,False,True,False,False,True,False,False,True,False,False,True,False,False,True,True,False,True,False,False,False,False,True,False,False,False,True,False,False,False,False,True,False,False,False,False,False,False,True,True,False,False,True,False
TX-01666,False,True,False,False,True,False,False,True,False,False,True,False,False,True,True,False,True,False,False,False,False,True,False,False,False,True,False,False,False,False,True,False,False,False,False,False,False,True,True,False,False,True,False
TX-01667,False,True,False,False,True,False,False,True,False,False,True,False,False,True,True,False,True,False,False,False,False,True,False,False,False,True,False,False,False,False,True,False,False,False,False,False,False,True,True,False,False,True,False
TX-01668,False,True,False,False,True,False,False,True,False,False,True,False,False,True,True,False,True,False,False,False,False,True,False,False,False,True,False,False,False,False,True,False,False,False,False,False,False,True,True,True,False,False,False
TX-01669,False,True,False,False,True,False,False,True,False,False,True,False,False,True,True,False,True,False,False,False,False,True,False,False,False,True,False,False,False,False,True,False,False,False,False,False,False,True,True,True,False,False,False
TX-01670,False,False,False,False,True,False,False,True,False,False,True,False,False,True,True,False,True,False,False,True,False,True,False,False,False,True,True,False,False,False,True,False,False,False,False,False,False,True,False,False,True,False,False
TX-01671,False,False,False,False,True,False,False,True,False,False,True,False,False,True,True,False,True,False,False,True,False,True,False,False,False,True,True,False,False,False,True,False,False,False,False,False,False,True,False,False,True,False,False
TX-01672,False,False,False,False,True,False,False,True,False,False,True,False,False,True,True,False,True,False,False,True,False,True,False,False,True,True,True,False,False,False,True,False,False,False,False,False,False,False,False,False,True,False,False
TX-01673,False,True,False,False,True,False,False,True,False,False,True,False,False,True,True,False,True,False,False,False,False,True,False,False,False,True,False,False,False,False,True,False,False,False,False,False,False,True,True,False,False,True,False
TX-01674,False,False,False,False,True,False,False,True,False,False,True,False,False,True,True,False,True,False,False,True,False,True,False,False,False,True,True,False,False,False,True,False,False,False,False,False,False,True,False,False,True,False,False
TX-01675,False,False,False,False,True,False,False,True,False,False,True,False,False,True,True,False,True,False,False,True,False,True,False,False,False,True,True,False,False,False,True,False,False,False,False,False,False,True,False,False,False,True,False
TX-01676,False,True,False,False,True,False,False,True,False,False,True,False,False,True,True,False,True,False,False,False,False,True,False,False,False,True,False,False,False,False,True,False,False,False,False,False,False,True,True,False,True,False,False
TX-01677,False,False,False,False,True,False,False,True,False,False,True,False,False,True,True,False,True,False,False,True,False,True,False,False,True,True,True,False,False,False,True,False,False,False,False,False,False,False,False,False,False,True,False
TX-01678,False,False,False,False,True,False,False,True,False,False,True,False,False,True,True,False,True,False,False,True,False,True,False,False,True,True,True,False,False,False,True,False,False,False,False,False,False,False,False,False,False,True,False
TX-01679,False,False,False,False,True,False,False,True,False,False,True,False,False,True,True,False,True,False,False,True,False,True,False,False,True,True,True,False,False,False,True,False,False,False,False,False,False,False,False,False,False,True,False
TX-01680,False,True,False,False,True,False,False,True,False,False,True,False,False,True,True,False,True,False,False,False,False,True,False,False,False,True,False,False,False,False,True,False,False,False,False,False,False,True,True,False,False,True,False
TX-01681,False,True,False,False,True,False,False,True,False,False,True,False,False,True,True,False,True,False,False,False,False,True,False,False,False,True,False,False,False,False,True,False,False,False,False,False,False,True,True,True,False,False,False
TX-01682,False,True,False,False,True,False,False,True,False,False,True,False,False,True,True,False,True,False,False,False,False,True,False,False,False,True,False,False,False,False,True,False,False,False,False,False,False,True,True,True,False,False,False
TX-01683,False,False,False,False,True,False,False,True,False,False,True,False,False,True,True,False,True,False,False,True,False,True,False,False,False,True,True,False,False,False,True,False,False,False,False,False,False,True,False,False,False,True,False
TX-01684,False,True,False,False,True,False,False,True,False,False,True,False,False,True,True,False,True,False,False,False,False,True,False,False,False,True,False,False,False,False,True,False,False,False,False,False,False,True,True,False,False,True,False
TX-01685,False,False,False,False,True,False,False,True,False,False,True,False,False,True,True,False,True,False,False,True,False,True,False,False,False,True,True,False,False,False,True,False,False,False,False,False,False,True,False,False,False,True,False
TX-01686,False,True,False,False,True,False,False,True,False,False,True,False,False,True,True,False,True,False,False,False,False,True,False,False,False,True,False,False,False,False,True,False,False,False,False,False,False,True,True,False,False,True,False
TX-01687,False,False,False,False,True,False,False,True,False,False,True,False,False,True,True,False,True,False,False,True,False,True,False,False,True,True,True,False,False,False,True,False,False,False,False,False,False,False,False,False,True,False,False
TX-01688,False,False,False,False,True,False,False,True,False,False,True,False,False,True,True,False,True,False,False,True,False,True,False,False,False,True,True,False,False,False,True,False,False,False,False,False,False,True,False,False,True,False,False
TX-01689,False,True,False,False,True,False,False,True,False,False,True,False,False,True,True,False,True,False,False,False,False,True,False,False,False,True,False,False,False,False,True,False,False,False,False,False,False,True,True,True,False,False,False
TX-01690,False,True,False,False,True,False,False,True,False,False,True,False,False,True,True,False,True,False,False,False,False,True,False,False,False,True,False,False,False,False,True,False,False,False,False,False,False,True,True,True,False,False,False
TX-01691,False,True,False,False,True,False,False,True,False,False,True,False,False,True,True,False,True,False,False,False,False,True,False,False,False,True,False,False,False,False,True,False,False,False,False,False,False,True,True,True,False,False,False
TX-01692,False,False,False,False,True,False,False,True,False,False,True,False,False,True,True,False,True,False,False,True,False,True,False,False,True,True,True,False,False,False,True,False,False,False,False,False,False,False,False,False,False,True,False
TX-01693,False,True,False,False,True,False,False,True,False,False,True,False,False,True,True,False,True,False,False,False,False,True,False,False,True,True,False,False,False,False,True,False,False,False,False,False,False,False,True,False,False,True,False
TX-01694,False,False,False,False,True,False,False,True,False,False,True,False,False,True,True,False,True,False,False,True,False,True,False,False,False,True,True,False,False,False,True,False,False,False,False,False,False,True,False,False,False,True,False
TX-01695,False,False,False,False,True,False,False,True,False,False,True,False,False,True,True,False,True,False,False,True,False,True,False,False,True,True,True,False,False,False,True,False,False,False,False,False,False,False,False,False,True,False,False
TX-01696,False,True,False,False,True,False,False,True,False,False,True,False,False,True,True,False,True,False,False,False,False,True,False,False,True,True,False,False,False,False,True,False,False,False,False,False,False,False,True,False,False,True,False
TX-01697,False,True,False,False,True,False,False,True,False,False,True,False,False,True,True,False,True,False,False,False,False,True,False,False,False,True,False,False,False,False,True,False,False,False,False,False,False,True,True,False,False,True,False
TX-01698,False,False,False,False,True,False,False,True,False,False,True,False,False,True,True,False,True,False,False,True,False,True,False,False,False,True,True,False,False,False,True,False,False,False,False,False,False,True,False,False,False,True,False
TX-01699,False,False,False,False,True,False,False,True,False,False,True,False,False,True,True,False,True,False,False,True,False,True,False,False,False,True,True,False,False,False,True,False,False,False,False,False,False,True,False,False,True,False,False
TX-01700,False,True,False,False,True,False,False,True,False,False,True,False,False,True,True,False,True,False,False,False,False,True,False,False,True,True,False,False,False,False,True,False,False,False,False,False,False,False,True,False,True,False,False
TX-01701,False,True,False,False,True,False,False,True,False,False,True,False,False,True,True,False,True,False,False,False,False,True,False,False,False,True,False,False,False,False,True,False,False,False,False,False,False,True,True,False,True,False,False
TX-01702,False,False,False,False,True,False,False,True,False,False,True,False,False,True,True,False,True,False,False,True,False,True,False,False,True,True,True,False,False,False,True,False,False,False,False,False,False,False,False,False,True,False,False
TX-01703,False,True,False,False,True,False,False,True,False,False,True,False,False,True,True,False,True,False,False,False,False,True,False,False,False,True,False,False,False,False,True,False,False,False,False,False,False,True,True,False,False,True,False
TX-01704,False,True,False,False,True,False,False,True,False,False,True,False,False,True,True,False,True,False,False,False,False,True,False,False,False,True,False,False,False,False,True,False,False,False,False,False,False,True,True,False,False,True,False
TX-01705,False,True,False,False,True,False,False,True,False,False,True,False,False,True,True,False,True,False,False,False,False,True,False,False,False,True,False,False,False,False,True,False,False,False,False,False,False,True,True,True,False,False,False
TX-01706,False,False,False,False,True,False,False,True,False,False,True,False,False,True,True,False,True,False,False,True,False,True,False,False,False,True,True,False,False,False,True,False,False,False,False,False,False,True,False,False,False,True,False
TX-01707,False,True,False,False,True,False,False,True,False,False,True,False,False,True,True,False,True,False,False,False,False,True,False,False,True,True,False,False,False,False,True,False,False,False,False,False,False,False,True,False,False,True,False
TX-01708,False,False,False,False,True,False,False,True,False,False,True,False,False,True,True,False,True,False,False,True,False,True,False,False,False,True,True,False,False,False,True,False,False,False,False,False,False,True,False,False,False,True,False
TX-01709,False,True,False,False,True,False,False,True,False,False,True,False,False,True,True,False,True,False,False,False,False,True,False,False,False,True,False,False,False,False,True,False,False,False,False,False,False,True,True,True,False,False,False
TX-01710,False,True,False,False,True,False,False,True,False,False,True,False,False,True,True,False,True,False,False,False,False,True,False,False,True,True,False,False,False,False,True,False,False,False,False,False,False,False,True,False,False,True,False
TX-01711,False,True,False,False,True,False,False,True,False,False,True,False,False,True,True,False,True,False,False,False,False,True,False,False,False,True,False,False,False,False,True,False,False,False,False,False,False,True,True,True,False,False,False
TX-01712,False,False,False,False,True,False,False,True,False,False,True,False,False,True,True,False,True,False,False,True,False,True,False,False,False,True,True,False,False,False,True,False,False,False,False,False,False,True,False,False,False,True,False
TX-01713,False,True,False,False,True,False,False,True,False,False,True,False,False,True,True,False,True,False,False,False,False,True,False,False,True,True,False,False,False,False,True,False,False,False,False,False,False,False,True,False,True,False,False
TX-01714,False,True,False,False,True,False,False,True,False,False,True,False,False,True,True,False,True,False,False,False,False,True,False,False,False,True,False,False,False,False,True,False,False,False,False,False,False,True,True,False,False,True,False
TX-01715,False,False,False,False,True,False,False,True,False,False,True,False,False,True,True,False,True,False,False,True,False,True,False,False,False,True,True,False,False,False,True,False,False,False,False,False,False,True,False,False,False,True,False
TX-01716,False,True,False,False,True,False,False,True,False,False,True,False,False,True,True,False,True,False,False,False,False,True,False,False,False,True,False,False,False,False,True,False,False,False,False,False,False,True,True,False,False,True,False
TX-01717,False,False,False,False,True,False,False,True,False,False,True,False,False,True,True,False,True,False,False,True,False,True,False,False,True,True,True,False,False,False,True,False,False,False,False,False,False,False,False,False,False,True,False
TX-01718,False,False,False,False,True,False,False,True,False,False,True,False,False,True,True,False,True,False,False,True,False,True,False,False,False,True,True,False,False,False,True,False,False,False,False,False,False,True,False,False,True,False,False
TX-01719,False,False,False,False,True,False,False,True,False,False,True,False,False,True,True,False,True,False,False,True,False,True,False,False,False,True,True,False,False,False,True,False,False,False,False,False,False,True,False,False,True,False,False
TX-01720,False,True,False,True,False,False,False,False,False,True,True,False,False,True,True,False,False,False,True,False,False,True,False,False,False,True,False,False,False,False,False,True,False,False,False,False,False,True,True,True,False,False,False
TX-01721,False,False,False,True,False,False,False,False,False,True,True,False,False,True,True,False,False,False,True,True,False,True,False,False,True,True,True,False,False,False,False,True,False,False,False,False,False,False,False,False,False,True,False
TX-01722,False,True,False,True,False,False,False,False,False,True,True,False,False,True,True,False,False,False,True,False,False,True,False,False,False,True,False,False,False,False,False,True,False,False,False,False,False,True,True,False,False,True,False
TX-01723,False,True,False,True,False,False,False,False,False,True,True,False,False,True,True,False,False,False,True,False,False,True,False,False,True,True,False,False,False,False,False,True,False,False,False,False,False,False,True,False,False,True,False
TX-01724,False,False,False,True,False,False,False,False,False,True,True,False,False,True,True,False,False,False,True,True,False,True,False,False,True,True,True,False,False,False,False,True,False,False,False,False,False,False,False,False,True,False,False
TX-01725,False,True,False,True,False,False,False,False,False,True,True,False,False,True,True,False,False,False,True,False,False,True,False,False,False,True,False,False,False,False,False,True,False,False,False,False,False,True,True,False,False,True,False
TX-01726,False,False,False,True,False,False,False,False,False,True,True,False,False,True,True,False,False,False,True,True,False,True,False,False,False,True,True,False,False,False,False,True,False,False,False,False,False,True,False,False,True,False,False
TX-01727,False,False,False,True,False,False,False,False,False,True,True,False,False,True,True,False,False,False,True,True,False,True,False,False,False,True,True,False,False,False,False,True,False,False,False,False,False,True,False,False,False,True,False
TX-01728,False,True,False,True,False,False,False,False,False,True,True,False,False,True,True,False,False,False,True,False,False,True,False,False,True,True,False,False,False,False,False,True,False,False,False,False,False,False,True,False,True,False,False
TX-01729,False,False,False,True,False,False,False,False,False,True,True,False,False,True,True,False,False,False,True,True,False,True,False,False,False,True,True,False,False,False,False,True,False,False,False,False,False,True,False,False,True,False,False
TX-01730,False,True,False,True,False,False,False,False,False,True,True,False,False,True,True,False,False,False,True,False,False,True,False,False,True,True,False,False,False,False,False,True,False,False,False,False,False,False,True,False,False,True,False
TX-01731,False,True,False,True,False,False,False,False,False,True,True,False,False,True,True,False,False,False,True,False,False,True,False,False,True,True,False,False,False,False,False,True,False,False,False,False,False,False,True,False,False,True,False
TX-01732,False,True,False,True,False,False,False,False,False,True,True,False,False,True,True,False,False,False,True,False,False,True,False,False,False,True,False,False,False,False,False,True,False,False,False,False,False,True,True,False,False,True,False
TX-01733,False,False,False,True,False,False,False,False,False,True,True,False,False,True,True,False,False,False,True,True,False,True,False,False,True,True,True,False,False,False,False,True,False,False,False,False,False,False,False,False,False,True,False
TX-01734,False,True,False,True,False,False,False,False,False,True,True,False,False,True,True,False,False,False,True,False,False,True,False,False,False,True,False,False,False,False,False,True,False,False,False,False,False,True,True,True,False,False,False
TX-01735,False,True,False,True,False,False,False,False,False,True,True,False,False,True,True,False,False,False,True,False,False,True,False,False,False,True,False,False,False,False,False,True,False,False,False,False,False,True,True,False,False,True,False
TX-01736,False,False,False,True,False,False,False,False,False,True,True,False,False,True,True,False,False,False,True,True,False,True,False,False,False,True,True,False,False,False,False,True,False,False,False,False,False,True,False,False,False,True,False
TX-01737,False,False,False,True,False,False,False,False,False,True,True,False,False,True,True,False,False,False,True,True,False,True,False,False,False,True,True,False,False,False,False,True,False,False,False,False,False,True,False,False,False,True,False
TX-01738,False,True,False,True,False,False,False,False,False,True,True,False,False,True,True,False,False,False,True,False,False,True,False,False,False,True,False,False,False,False,False,True,False,False,False,False,False,True,True,False,False,True,False
TX-01739,False,True,False,True,False,False,False,False,False,True,True,False,False,True,True,False,False,False,True,False,False,True,False,False,False,True,False,False,False,False,False,True,False,False,False,False,False,True,True,True,False,False,False
TX-01740,False,False,False,True,False,False,False,False,False,True,True,False,False,True,True,False,False,False,True,True,False,True,False,False,True,True,True,False,False,False,False,True,False,False,False,False,False,False,False,False,True,False,False
TX-01741,False,True,False,True,False,False,False,False,False,True,True,False,False,True,True,False,False,False,True,False,False,True,False,False,False,True,False,False,False,False,False,True,False,False,False,False,False,True,True,True,False,False,False
TX-01742,False,False,False,True,False,False,False,False,False,True,True,False,False,True,True,False,False,False,True,True,False,True,False,False,True,True,True,False,False,False,False,True,False,False,False,False,False,False,False,False,False,True,False
TX-01743,False,True,False,True,False,False,False,False,False,True,True,False,False,True,True,False,False,False,True,False,False,True,False,False,False,True,False,False,False,False,False,True,False,False,False,False,False,True,True,False,False,True,False
TX-01744,False,False,False,True,False,False,False,False,False,True,True,False,False,True,True,False,False,False,True,True,False,True,False,False,True,True,True,False,False,False,False,True,False,False,False,False,False,False,False,False,True,False,False
TX-01745,False,False,False,True,False,False,False,False,False,True,True,False,False,True,True,False,False,False,True,True,False,True,False,False,True,True,True,False,False,False,False,True,False,False,False,False,False,False,False,False,False,True,False
TX-01746,False,True,False,True,False,False,False,False,False,True,True,False,False,True,True,False,False,False,True,False,False,True,False,False,False,True,False,False,False,False,False,True,False,False,False,False,False,True,True,False,True,False,False
TX-01747,False,True,False,True,False,False,False,False,False,True,True,False,False,True,True,False,False,False,True,False,False,True,False,False,False,True,False,False,False,False,False,True,False,False,False,False,False,True,True,False,False,True,False
TX-01748,False,False,False,True,False,False,False,False,False,True,True,False,False,True,True,False,False,False,True,True,False,True,False,False,True,True,True,False,False,False,False,True,False,False,False,False,False,False,False,False,False,True,False
TX-01749,False,True,False,True,False,False,False,False,False,True,True,False,False,True,True,False,False,False,True,False,False,True,False,False,False,True,False,False,False,False,False,True,False,False,False,False,False,True,True,False,False,True,False
TX-01750,False,True,False,True,False,False,False,False,False,True,True,False,False,True,True,False,False,False,True,False,False,True,False,False,False,True,False,False,False,False,False,True,False,False,False,False,False,True,True,False,False,True,False
TX-01751,False,True,False,True,False,False,False,False,False,True,True,False,False,True,True,False,False,False,True,False,False,True,False,False,False,True,False,False,False,False,False,True,False,False,False,False,False,True,True,True,False,False,False
TX-01752,False,True,False,True,False,False,False,False,False,True,True,False,False,True,True,False,False,False,True,False,False,True,False,False,False,True,False,False,False,False,False,True,False,False,False,False,False,True,True,False,False,True,False
TX-01753,False,True,False,True,False,False,False,False,False,True,True,False,False,True,True,False,False,False,True,False,False,True,False,False,False,True,False,False,False,False,False,True,False,False,False,False,False,True,True,True,False,False,False
TX-01754,False,True,False,True,False,False,False,False,False,True,True,False,False,True,True,True,False,False,True,False,False,True,False,False,False,False,False,False,False,False,False,True,False,False,False,False,False,True,True,True,False,False,False
TX-01755,False,True,False,True,False,False,False,False,False,True,True,False,False,True,True,True,False,False,True,False,False,True,False,False,False,False,False,False,False,False,False,True,False,False,False,False,False,True,True,False,False,True,False
TX-01756,False,False,False,True,False,False,False,False,False,True,True,False,False,True,True,True,False,False,True,True,False,True,False,False,False,False,True,False,False,False,False,True,False,False,False,False,False,True,False,False,False,True,False
TX-01757,False,True,False,True,False,False,False,False,False,True,True,False,False,True,True,True,False,False,True,False,False,True,False,False,False,False,False,False,False,False,False,True,False,False,False,False,False,True,True,False,False,True,False
TX-01758,False,True,False,True,False,False,False,False,False,True,True,False,False,True,True,True,False,False,True,False,False,True,False,False,False,False,False,False,False,False,False,True,False,False,False,False,False,True,True,False,True,False,False
TX-01759,False,True,False,True,False,False,False,False,False,True,True,False,False,True,True,True,False,False,True,False,False,True,False,False,False,False,False,False,False,False,False,True,False,False,False,False,False,True,True,True,False,False,False
TX-01760,False,False,False,True,False,False,False,False,False,True,True,False,False,True,True,True,False,False,True,True,False,True,False,False,False,False,True,False,False,False,False,True,False,False,False,False,False,True,False,False,True,False,False
TX-01761,False,True,False,True,False,False,False,False,False,True,True,False,False,True,True,True,False,False,True,False,False,True,False,False,True,False,False,False,False,False,False,True,False,False,False,False,False,False,True,False,False,True,False
TX-01762,False,False,False,True,False,False,False,False,False,True,True,False,False,True,True,True,False,False,True,True,False,True,False,False,False,False,True,False,False,False,False,True,False,False,False,False,False,True,False,False,False,True,False
TX-01763,False,False,False,True,False,False,False,False,False,True,True,False,False,True,True,True,False,False,True,True,False,True,False,False,True,False,True,False,False,False,False,True,False,False,False,False,False,False,False,False,False,True,False
TX-01764,False,True,False,True,False,False,False,False,False,True,True,False,False,True,True,True,False,False,True,False,False,True,False,False,False,False,False,False,False,False,False,True,False,False,False,False,False,True,True,True,False,False,False
TX-01765,False,True,False,True,False,False,False,False,False,True,True,False,False,True,True,True,False,False,True,False,False,True,False,False,False,False,False,False,False,False,False,True,False,False,False,False,False,True,True,False,True,False,False
TX-01766,False,True,False,True,False,False,False,False,False,True,True,False,False,True,True,True,False,False,True,False,False,True,False,False,False,False,False,False,False,False,False,True,False,False,False,False,False,True,True,True,False,False,False
TX-01767,False,True,False,True,False,False,False,False,False,True,True,False,False,True,True,True,False,False,True,False,False,True,False,False,False,False,False,False,False,False,False,True,False,False,False,False,False,True,True,True,False,False,False
TX-01768,False,False,False,True,False,False,False,False,False,True,True,False,False,True,True,True,False,False,True,True,False,True,False,False,False,False,True,False,False,False,False,True,False,False,False,False,False,True,False,False,False,True,False
TX-01769,False,True,False,True,False,False,False,False,False,True,True,False,False,True,True,True,False,False,True,False,False,True,False,False,False,False,False,False,False,False,False,True,False,False,False,False,False,True,True,False,True,False,False
TX-01770,False,True,False,True,False,False,False,False,False,True,True,False,False,True,True,True,False,False,True,False,False,True,False,False,True,False,False,False,False,False,False,True,False,False,False,False,False,False,True,False,False,True,False
TX-01771,False,True,False,True,False,False,False,False,False,True,True,False,False,True,True,True,False,False,True,False,False,True,False,False,False,False,False,False,False,False,False,True,False,False,False,False,False,True,True,False,True,False,False
TX-01772,False,False,False,True,False,False,False,False,False,True,True,False,False,True,True,True,False,False,True,True,False,True,False,False,True,False,True,False,False,False,False,True,False,False,False,False,False,False,False,False,False,True,False
TX-01773,False,False,False,True,False,False,False,False,False,True,True,False,False,True,True,True,False,False,True,True,False,True,False,False,True,False,True,False,False,False,False,True,False,False,False,False,False,False,False,False,True,False,False
TX-01774,False,False,False,True,False,False,False,False,False,True,True,False,False,True,True,True,False,False,True,True,False,True,False,False,True,False,True,False,False,False,False,True,False,False,False,False,False,False,False,False,False,True,False
TX-01775,False,True,False,True,False,False,False,False,False,True,True,False,False,True,True,True,False,False,True,False,False,True,False,False,False,False,False,False,False,False,False,True,False,False,False,False,False,True,True,False,True,False,False
TX-01776,False,True,False,True,False,False,False,False,False,True,True,False,False,True,True,True,False,False,True,False,False,True,False,False,True,False,False,False,False,False,False,True,False,False,False,False,False,False,True,False,False,True,False
TX-01777,False,True,False,True,False,False,False,False,False,True,True,False,False,True,True,True,False,False,True,False,False,True,False,False,False,False,False,False,False,False,False,True,False,False,False,False,False,True,True,False,False,True,False
TX-01778,False,True,False,True,False,False,False,False,False,True,True,False,False,True,True,True,False,False,True,False,False,True,False,False,False,False,False,False,False,False,False,True,False,False,False,False,False,True,True,False,False,True,False
TX-01779,False,True,False,True,False,False,False,False,False,True,True,False,False,True,True,True,False,False,True,False,False,True,False,False,False,False,False,False,False,False,False,True,False,False,False,False,False,True,True,True,False,False,False
TX-01780,False,True,False,True,False,False,False,False,False,True,True,False,False,True,True,True,False,False,True,False,False,True,False,False,False,False,False,False,False,False,False,True,False,False,False,False,False,True,True,False,False,True,False
TX-01781,False,True,False,True,False,False,False,False,False,True,True,False,False,True,True,True,False,False,True,False,False,True,False,False,False,False,False,False,False,False,False,True,False,False,False,False,False,True,True,True,False,False,False
TX-01782,False,True,False,True,False,False,False,False,False,True,True,False,False,True,True,True,False,False,True,False,False,True,False,False,False,False,False,False,False,False,False,True,False,False,False,False,False,True,True,True,False,False,False
TX-01783,False,True,False,True,False,False,False,False,False,True,True,False,False,True,True,True,False,False,True,False,False,True,False,False,False,False,False,False,False,False,False,True,False,False,False,False,False,True,True,True,False,False,False
TX-01784,False,True,False,False,True,False,False,True,False,False,True,False,False,True,True,False,False,False,True,False,False,True,False,False,False,True,False,False,False,False,False,True,False,False,False,False,False,True,True,False,False,False,True
TX-01785,False,False,False,False,True,False,False,True,False,False,True,False,False,True,True,False,False,False,True,True,False,True,False,False,False,True,True,False,False,False,False,True,False,False,False,False,False,True,False,False,False,True,False
TX-01786,False,False,False,False,True,False,False,True,False,False,True,False,False,True,True,False,False,False,True,True,False,True,False,False,True,True,True,False,False,False,False,True,False,False,False,False,False,False,False,False,False,True,False
TX-01787,False,True,False,False,True,False,False,True,False,False,True,False,False,True,True,False,False,False,True,False,False,True,False,False,True,True,False,False,False,False,False,True,False,False,False,False,False,False,True,False,False,True,False
TX-01788,False,False,False,False,True,False,False,True,False,False,True,False,False,True,True,False,False,False,True,True,False,True,False,False,False,True,True,False,False,False,False,True,False,False,False,False,False,True,False,False,True,False,False
TX-01789,False,True,False,False,True,False,False,True,False,False,True,False,False,True,True,False,False,False,True,False,False,True,False,False,False,True,False,False,False,False,False,True,False,False,False,False,False,True,True,True,False,False,False
TX-01790,False,False,False,False,True,False,False,True,False,False,True,False,False,True,True,False,False,False,True,True,False,True,False,False,False,True,True,False,False,False,False,True,False,False,False,False,False,True,False,False,False,True,False
TX-01791,False,False,False,False,True,False,False,True,False,False,True,False,False,True,True,False,False,False,True,True,False,True,False,False,False,True,True,False,False,False,False,True,False,False,False,False,False,True,False,False,False,True,False
TX-01792,False,True,False,False,True,False,False,True,False,False,True,False,False,True,True,False,False,False,True,False,False,True,False,False,True,True,False,False,False,False,False,True,False,False,False,False,False,False,True,False,True,False,False
TX-01793,False,True,False,False,True,False,False,True,False,False,True,False,False,True,True,False,False,False,True,False,False,True,False,False,False,True,False,False,False,False,False,True,False,False,False,False,False,True,True,True,False,False,False
TX-01794,False,True,False,False,True,False,False,True,False,False,True,False,False,True,True,False,False,False,True,False,False,True,False,False,False,True,False,False,False,False,False,True,False,False,False,False,False,True,True,False,True,False,False
TX-01795,False,True,False,False,True,False,False,True,False,False,True,False,False,True,True,False,False,False,True,False,False,True,False,False,False,True,False,False,False,False,False,True,False,False,False,False,False,True,True,False,False,True,False
TX-01796,False,False,False,False,True,False,False,True,False,False,True,False,False,True,True,False,False,False,True,True,False,True,False,False,True,True,True,False,False,False,False,True,False,False,False,False,False,False,False,False,True,False,False
TX-01797,False,True,False,False,True,False,False,True,False,False,True,False,False,True,True,False,False,False,True,False,False,True,False,False,False,True,False,False,False,False,False,True,False,False,False,False,False,True,True,False,False,True,False
TX-01798,False,True,False,False,True,False,False,True,False,False,True,False,False,True,True,False,False,False,True,False,False,True,False,False,False,True,False,False,False,False,False,True,False,False,False,False,False,True,True,False,False,True,False
TX-01799,False,True,False,True,False,False,False,True,False,False,True,False,False,True,True,False,False,True,False,False,False,True,False,False,True,True,False,False,False,False,False,False,True,False,False,False,False,False,True,False,True,False,False
TX-01800,False,True,False,True,False,False,False,True,False,False,True,False,False,True,True,False,False,True,False,False,False,True,False,False,False,True,False,False,False,False,False,False,True,False,False,False,False,True,True,False,True,False,False
TX-01801,False,False,False,True,False,False,False,True,False,False,True,False,False,True,True,False,False,True,False,True,False,True,False,False,False,True,True,False,False,False,False,False,True,False,False,False,False,True,False,True,False,False,False
TX-01802,False,False,False,True,False,False,False,True,False,False,True,False,False,True,True,False,False,True,False,True,False,True,False,False,True,True,True,False,False,False,False,False,True,False,False,False,False,False,False,False,True,False,False
TX-01803,False,False,False,True,False,False,False,True,False,False,True,False,False,True,True,False,False,True,False,True,False,True,False,False,True,True,True,False,False,False,False,False,True,False,False,False,False,False,False,False,False,True,False
TX-01804,False,True,False,True,False,False,False,True,False,False,True,False,False,True,True,False,False,True,False,False,False,True,False,False,False,True,False,False,False,False,False,False,True,False,False,False,False,True,True,False,False,False,True
TX-01805,False,True,False,True,False,False,False,True,False,False,True,False,False,True,True,False,False,True,False,False,False,True,False,False,False,True,False,False,False,False,False,False,True,False,False,False,False,True,True,True,False,False,False
TX-01806,False,True,False,True,False,False,False,True,False,False,True,False,False,True,True,False,False,True,False,False,False,True,False,False,True,True,False,False,False,False,False,False,True,False,False,False,False,False,True,False,True,False,False
TX-01807,False,True,False,True,False,False,False,True,False,False,True,False,False,True,True,False,False,True,False,False,False,True,False,False,False,True,False,False,False,False,False,False,True,False,False,False,False,True,True,True,False,False,False
TX-01808,False,True,False,True,False,False,False,True,False,False,True,False,False,True,True,False,False,True,False,False,False,True,False,False,False,True,False,False,False,False,False,False,True,False,False,False,False,True,True,False,False,True,False
TX-01809,False,False,False,True,False,False,False,True,False,False,True,False,False,True,True,False,False,True,False,True,False,True,False,False,True,True,True,False,False,False,False,False,True,False,False,False,False,False,False,False,True,False,False
TX-01810,False,True,False,True,False,False,False,True,False,False,True,False,False,True,True,False,False,True,False,False,False,True,False,False,False,True,False,False,False,False,False,False,True,False,False,False,False,True,True,False,False,True,False
TX-01811,False,True,False,True,False,False,False,True,False,False,True,False,False,True,True,False,False,True,False,False,False,True,False,False,False,True,False,False,False,False,False,False,True,False,False,False,False,True,True,True,False,False,False
TX-01812,False,True,False,True,False,False,False,True,False,False,True,False,False,True,True,False,False,True,False,False,False,True,False,False,False,True,False,False,False,False,False,False,True,False,False,False,False,True,True,False,False,True,False
TX-01813,False,False,False,True,False,False,False,True,False,False,True,False,False,True,True,False,False,True,False,True,False,True,False,False,True,True,True,False,False,False,False,False,True,False,False,False,False,False,False,False,False,True,False
TX-01814,False,False,False,True,False,False,False,True,False,False,True,False,False,True,True,False,False,True,False,True,False,True,False,False,True,True,True,False,False,False,False,False,True,False,False,False,False,False,False,False,False,True,False
TX-01815,False,True,False,False,False,False,True,False,False,True,True,False,False,True,True,True,False,False,True,False,False,True,False,False,False,False,False,False,False,False,False,False,False,True,False,False,False,True,True,True,False,False,False
TX-01816,False,True,False,False,False,False,True,False,False,True,True,False,False,True,True,True,False,False,True,False,False,True,False,False,False,False,False,False,False,False,False,False,False,True,False,False,False,True,True,True,False,False,False
TX-01817,False,True,False,False,False,False,True,False,False,True,True,False,False,True,True,True,False,False,True,False,False,True,False,False,True,False,False,False,False,False,False,False,False,True,False,False,False,False,True,False,False,True,False
TX-01818,False,True,False,False,False,False,True,False,False,True,True,False,False,True,True,True,False,False,True,False,False,True,False,False,False,False,False,False,False,False,False,False,False,True,False,False,False,True,True,True,False,False,False
TX-01819,False,False,False,False,False,False,True,False,False,True,True,False,False,True,True,True,False,False,True,True,False,True,False,False,False,False,True,False,False,False,False,False,False,True,False,False,False,True,False,False,False,True,False
TX-01820,False,True,False,False,False,False,True,False,False,True,True,False,False,True,True,True,False,False,True,False,False,True,False,False,False,False,False,False,False,False,False,False,False,True,False,False,False,True,True,False,False,True,False
TX-01821,False,True,False,False,False,False,True,False,False,True,True,False,False,True,True,True,False,False,True,False,False,True,False,False,False,False,False,False,False,False,False,False,False,True,False,False,False,True,True,False,False,True,False
TX-01822,False,True,False,False,False,False,True,False,False,True,True,False,False,True,True,True,False,False,True,False,False,True,False,False,False,False,False,False,False,False,False,False,False,True,False,False,False,True,True,False,False,True,False
TX-01823,False,True,False,False,False,False,True,False,False,True,True,False,False,True,True,True,False,False,True,False,False,True,False,False,False,False,False,False,False,False,False,False,False,True,False,False,False,True,True,False,False,True,False
TX-01824,False,False,False,False,False,False,True,False,False,True,True,False,False,True,True,True,False,False,True,True,False,True,False,False,True,False,True,False,False,False,False,False,False,True,False,False,False,False,False,False,False,True,False
TX-01825,False,True,False,False,False,False,True,False,False,True,True,False,False,True,True,True,False,False,True,False,False,True,False,False,False,False,False,False,False,False,False,False,False,True,False,False,False,True,True,False,False,True,False
TX-01826,False,True,False,False,False,False,True,False,False,True,True,False,False,True,True,True,False,False,True,False,False,True,False,False,True,False,False,False,False,False,False,False,False,True,False,False,False,False,True,False,False,True,False
TX-01827,False,True,False,False,False,False,True,False,False,True,True,False,False,True,True,True,False,False,True,False,False,True,False,False,False,False,False,False,False,False,False,False,False,True,False,False,False,True,True,False,False,True,False
TX-01828,False,False,False,False,False,False,True,False,False,True,True,False,False,True,True,True,False,False,True,True,False,True,False,False,True,False,True,False,False,False,False,False,False,True,False,False,False,False,False,False,True,False,False
TX-01829,False,True,False,False,False,False,True,False,False,True,True,False,False,True,True,True,False,False,True,False,False,True,False,False,False,False,False,False,False,False,False,False,False,True,False,False,False,True,True,False,False,True,False
TX-01830,False,False,False,False,False,False,True,False,False,True,True,False,False,True,True,True,False,False,True,True,False,True,False,False,False,False,True,False,False,False,False,False,False,True,False,False,False,True,False,False,False,True,False
TX-01831,False,True,False,False,False,False,True,False,False,True,True,False,False,True,True,True,False,False,True,False,False,True,False,False,False,False,False,False,False,False,False,False,False,True,False,False,False,True,True,False,False,True,False
TX-01832,False,True,False,False,False,False,True,False,True,False,False,True,False,True,True,True,False,True,False,False,False,True,False,False,False,False,False,False,False,False,False,False,False,True,False,False,False,True,True,False,False,True,False
TX-01833,False,True,False,False,False,False,True,False,True,False,False,True,False,True,True,True,False,True,False,False,False,True,False,False,False,False,False,False,False,False,False,False,False,True,False,False,False,True,True,True,False,False,False
TX-01834,False,True,False,False,False,False,True,False,True,False,False,True,False,True,True,True,False,True,False,False,False,True,False,False,True,False,False,False,False,False,False,False,False,True,False,False,False,False,True,False,True,False,False
TX-01835,False,False,False,False,False,False,True,False,True,False,False,True,False,True,True,True,False,True,False,True,False,True,False,False,False,False,False,False,False,False,False,False,False,True,False,False,False,True,True,False,False,True,False
TX-01836,False,False,False,False,False,False,True,False,True,False,False,True,False,True,True,True,False,True,False,True,False,True,False,False,False,False,False,False,False,False,False,False,False,True,False,False,False,True,True,False,True,False,False
TX-01837,False,True,False,False,False,False,True,False,True,False,False,True,False,True,True,True,False,True,False,False,False,True,False,False,False,False,False,False,False,False,False,False,False,True,False,False,False,True,True,True,False,False,False
TX-01838,False,True,False,False,False,False,True,False,True,False,False,True,False,True,True,True,False,True,False,False,False,True,False,False,False,False,False,False,False,False,False,False,False,True,False,False,False,True,True,True,False,False,False
TX-01839,False,True,False,False,False,False,True,False,True,False,False,True,False,True,True,True,False,True,False,False,False,True,False,False,False,False,False,False,False,False,False,False,False,True,False,False,False,True,True,False,False,True,False
TX-01840,False,True,False,False,False,False,True,False,True,False,False,True,False,True,True,True,False,True,False,False,False,True,False,False,False,False,False,False,False,False,False,False,False,True,False,False,False,True,True,True,False,False,False
TX-01841,False,True,False,False,False,False,True,False,True,False,False,True,False,True,True,True,False,True,False,False,False,True,False,False,False,False,False,False,False,False,False,False,False,True,False,False,False,True,True,True,False,False,False
TX-01842,False,False,False,False,False,False,True,False,True,False,False,True,False,True,True,True,False,True,False,True,False,True,False,False,False,False,False,False,False,False,False,False,False,True,False,False,False,True,True,False,False,True,False
TX-01843,False,True,False,False,False,False,True,False,True,False,False,True,False,True,True,True,False,True,False,False,False,True,False,False,False,False,False,False,False,False,False,False,False,True,False,False,False,True,True,False,False,True,False
TX-01844,False,True,False,False,False,False,True,False,True,False,False,True,False,True,True,True,False,True,False,False,False,True,False,False,False,False,False,False,False,False,False,False,False,True,False,False,False,True,True,False,False,True,False
TX-01845,False,False,False,False,False,False,True,False,True,False,False,True,False,True,True,True,False,True,False,True,False,True,False,False,True,False,False,False,False,False,False,False,False,True,False,False,False,False,True,False,False,True,False
TX-01846,False,True,False,False,False,False,True,False,True,False,False,True,False,True,True,True,False,True,False,False,False,True,False,False,True,False,False,False,False,False,False,False,False,True,False,False,False,False,True,False,False,True,False
TX-01847,False,False,False,False,False,False,True,False,True,False,False,True,False,True,True,True,False,True,False,True,False,True,False,False,True,False,False,False,False,False,False,False,False,True,False,False,False,False,True,False,False,True,False
TX-01848,False,True,False,False,False,False,True,False,True,False,False,True,False,True,True,True,False,True,False,False,False,True,False,False,False,False,False,False,False,False,False,False,False,True,False,False,False,True,True,True,False,False,False
TX-01849,False,True,False,False,False,False,True,False,True,False,False,True,False,True,True,True,False,True,False,False,False,True,False,False,False,False,False,False,False,False,False,False,False,True,False,False,False,True,True,True,False,False,False
TX-01850,False,True,False,False,False,False,True,False,True,False,False,True,False,True,True,True,False,True,False,False,False,True,False,False,True,False,False,False,False,False,False,False,False,True,False,False,False,False,True,False,False,True,False
TX-01851,False,True,False,False,False,False,True,False,True,False,False,True,False,True,True,True,False,True,False,False,False,True,False,False,False,False,False,False,False,False,False,False,False,True,False,False,False,True,True,False,False,True,False
TX-01852,False,True,False,False,False,False,True,False,True,False,False,True,False,True,True,True,False,True,False,False,False,True,False,False,False,False,False,False,False,False,False,False,False,True,False,False,False,True,True,True,False,False,False
TX-01853,False,False,False,False,False,False,True,False,True,False,False,True,False,True,True,True,False,True,False,True,False,True,False,False,True,False,False,False,False,False,False,False,False,True,False,False,False,False,True,False,True,False,False
TX-01854,False,True,False,False,False,False,True,False,True,False,False,True,False,True,True,True,False,True,False,False,False,True,False,False,False,False,False,False,False,False,False,False,False,True,False,False,False,True,True,False,True,False,False
TX-01855,False,True,False,False,False,False,True,False,True,False,False,True,False,True,True,True,False,True,False,False,False,True,False,False,False,False,False,False,False,False,False,False,False,True,False,False,False,True,True,False,False,True,False
TX-01856,False,True,False,False,False,False,True,False,True,False,False,True,False,True,True,True,False,True,False,False,False,True,False,False,False,False,False,False,False,False,False,False,False,True,False,False,False,True,True,False,False,True,False
TX-01857,False,True,False,False,False,False,True,False,True,False,False,True,False,True,True,True,False,True,False,False,False,True,False,False,False,False,False,False,False,False,False,False,False,True,False,False,False,True,True,True,False,False,False
TX-01858,False,True,False,True,False,False,False,False,False,True,False,True,False,True,True,False,False,True,False,False,False,True,False,False,False,True,False,False,False,False,False,False,False,True,False,False,False,True,True,False,True,False,False
TX-01859,False,True,False,True,False,False,False,False,False,True,False,True,False,True,True,False,False,True,False,False,False,True,False,False,True,True,False,False,False,False,False,False,False,True,False,False,False,False,True,False,False,True,False
TX-01860,False,True,False,True,False,False,False,False,False,True,False,True,False,True,True,False,False,True,False,False,False,True,False,False,False,True,False,False,False,False,False,False,False,True,False,False,False,True,True,True,False,False,False
TX-01861,False,False,False,True,False,False,False,False,False,True,False,True,False,True,True,False,False,True,False,True,False,True,False,False,False,True,True,False,False,False,False,False,False,True,False,False,False,True,False,False,False,True,False
TX-01862,False,False,False,True,False,False,False,False,False,True,False,True,False,True,True,False,False,True,False,True,False,True,False,False,True,True,True,False,False,False,False,False,False,True,False,False,False,False,False,False,False,True,False
TX-01863,False,True,False,True,False,False,False,False,False,True,False,True,False,True,True,False,False,True,False,False,False,True,False,False,True,True,False,False,False,False,False,False,False,True,False,False,False,False,True,False,False,True,False
TX-01864,False,True,False,True,False,False,False,False,False,True,False,True,False,True,True,False,False,True,False,False,False,True,False,False,False,True,False,False,False,False,False,False,False,True,False,False,False,True,True,False,False,True,False
TX-01865,False,True,False,True,False,False,False,False,False,True,False,True,False,True,True,False,False,True,False,False,False,True,False,False,False,True,False,False,False,False,False,False,False,True,False,False,False,True,True,False,True,False,False
TX-01866,False,True,False,True,False,False,False,False,False,True,False,True,False,True,True,False,False,True,False,False,False,True,False,False,False,True,False,False,False,False,False,False,False,True,False,False,False,True,True,False,True,False,False
TX-01867,False,True,False,True,False,False,False,False,False,True,False,True,False,True,True,False,False,True,False,False,False,True,False,False,False,True,False,False,False,False,False,False,False,True,False,False,False,True,True,True,False,False,False
TX-01868,False,True,False,True,False,False,False,False,False,True,False,True,False,True,True,False,False,True,False,False,False,True,False,False,True,True,False,False,False,False,False,False,False,True,False,False,False,False,True,False,False,True,False
TX-01869,False,False,False,True,False,False,False,False,False,True,False,True,False,True,True,False,False,True,False,True,False,True,False,False,True,True,True,False,False,False,False,False,False,True,False,False,False,False,False,False,False,True,False
TX-01870,False,True,False,True,False,False,False,False,False,True,False,True,False,True,True,False,False,True,False,False,False,True,False,False,False,True,False,False,False,False,False,False,False,True,False,False,False,True,True,False,False,False,True
TX-01871,False,True,False,True,False,False,False,False,False,True,False,True,False,True,True,False,False,True,False,False,False,True,False,False,False,True,False,False,False,False,False,False,False,True,False,False,False,True,True,False,False,True,False
TX-01872,False,True,False,True,False,False,False,False,False,True,False,True,False,True,True,False,False,True,False,False,False,True,False,False,False,True,False,False,False,False,False,False,False,True,False,False,False,True,True,False,False,False,True
TX-01873,False,True,False,True,False,False,False,True,False,False,True,False,False,True,True,True,False,False,True,False,False,True,False,False,False,False,False,False,False,False,False,False,False,True,False,False,False,True,True,True,False,False,False
TX-01874,False,False,False,True,False,False,False,True,False,False,True,False,False,True,True,True,False,False,True,True,False,True,False,False,False,False,True,False,False,False,False,False,False,True,False,False,False,True,False,False,False,True,False
TX-01875,False,False,False,True,False,False,False,True,False,False,True,False,False,True,True,True,False,False,True,True,False,True,False,False,True,False,True,False,False,False,False,False,False,True,False,False,False,False,False,False,False,True,False
TX-01876,False,True,False,True,False,False,False,True,False,False,True,False,False,True,True,True,False,False,True,False,False,True,False,False,True,False,False,False,False,False,False,False,False,True,False,False,False,False,True,False,False,True,False
TX-01877,False,False,False,True,False,False,False,True,False,False,True,False,False,True,True,True,False,False,True,True,False,True,False,False,True,False,True,False,False,False,False,False,False,True,False,False,False,False,False,False,False,True,False
TX-01878,False,True,False,True,False,False,False,True,False,False,True,False,False,True,True,True,False,False,True,False,False,True,False,False,False,False,False,False,False,False,False,False,False,True,False,False,False,True,True,False,True,False,False
TX-01879,False,True,False,True,False,False,False,True,False,False,True,False,False,True,True,True,False,False,True,False,False,True,False,False,False,False,False,False,False,False,False,False,False,True,False,False,False,True,True,False,False,True,False
TX-01880,False,False,False,True,False,False,False,True,False,False,True,False,False,True,True,True,False,False,True,True,False,True,False,False,True,False,True,False,False,False,False,False,False,True,False,False,False,False,False,False,False,True,False
TX-01881,False,False,False,True,False,False,False,True,False,False,True,False,False,True,True,True,False,False,True,True,False,True,False,False,False,False,True,False,False,False,False,False,False,True,False,False,False,True,False,False,False,True,False
TX-01882,False,True,False,True,False,False,False,True,False,False,True,False,False,True,True,True,False,False,True,False,False,True,False,False,False,False,False,False,False,False,False,False,False,True,False,False,False,True,True,False,False,True,False
TX-01883,False,True,False,True,False,False,False,True,False,False,True,False,False,True,True,True,False,False,True,False,False,True,False,False,False,False,False,False,False,False,False,False,False,True,False,False,False,True,True,True,False,False,False
TX-01884,False,True,False,True,False,False,False,True,False,False,True,False,False,True,True,True,False,False,True,False,False,True,False,False,False,False,False,False,False,False,False,False,False,True,False,False,False,True,True,True,False,False,False
TX-01885,False,True,False,True,False,False,False,True,False,False,True,False,False,True,True,True,False,False,True,False,False,True,False,False,True,False,False,False,False,False,False,False,False,True,False,False,False,False,True,False,False,True,False
TX-01886,False,False,False,True,False,False,False,True,False,False,True,False,False,True,True,True,False,False,True,True,False,True,False,False,False,False,True,False,False,False,False,False,False,True,False,False,False,True,False,False,False,True,False
TX-01887,False,True,False,True,False,False,False,True,False,False,True,False,False,True,True,True,False,False,True,False,False,True,False,False,False,False,False,False,False,False,False,False,False,True,False,False,False,True,True,False,True,False,False
TX-01888,False,True,False,True,False,False,False,True,False,False,True,False,False,True,True,True,False,False,True,False,False,True,False,False,False,False,False,False,False,False,False,False,False,True,False,False,False,True,True,False,True,False,False
TX-01889,False,True,False,True,False,False,False,True,False,False,True,False,False,True,True,True,False,False,True,False,False,True,False,False,False,False,False,False,False,False,False,False,False,True,False,False,False,True,True,False,False,True,False
TX-01890,False,True,False,True,False,False,False,True,False,False,True,False,False,True,True,True,False,False,True,False,False,True,False,False,True,False,False,False,False,False,False,False,False,True,False,False,False,False,True,False,True,False,False
TX-01891,False,True,False,True,False,False,False,True,False,False,True,False,False,True,True,True,False,False,True,False,False,True,False,False,False,False,False,False,False,False,False,False,False,True,False,False,False,True,True,True,False,False,False
TX-01892,False,True,False,True,False,False,False,True,False,False,True,False,False,True,True,True,False,False,True,False,False,True,False,False,False,False,False,False,False,False,False,False,False,True,False,False,False,True,True,True,False,False,False
TX-01893,False,True,False,True,False,False,False,True,False,False,True,False,False,True,True,True,False,False,True,False,False,True,False,False,False,False,False,False,False,False,False,False,False,True,False,False,False,True,True,False,False,True,False
TX-01894,False,True,False,True,False,False,False,True,False,False,True,False,False,True,True,True,False,False,True,False,False,True,False,False,False,False,False,False,False,False,False,False,False,True,False,False,False,True,True,True,False,False,False
TX-01895,False,True,False,True,False,False,False,True,False,False,True,False,False,True,True,True,False,False,True,False,False,True,False,False,False,False,False,False,False,False,False,False,False,True,False,False,False,True,True,False,True,False,False
TX-01896,False,False,False,True,False,False,False,True,False,False,True,False,False,True,True,True,False,False,True,True,False,True,False,False,True,False,True,False,False,False,False,False,False,True,False,False,False,False,False,False,False,True,False
TX-01897,False,True,False,False,True,False,False,False,False,True,True,False,False,True,True,True,False,False,True,False,False,True,False,False,True,False,False,False,False,False,False,False,False,True,False,False,False,False,True,False,False,True,False
TX-01898,False,True,False,False,True,False,False,False,False,True,True,False,False,True,True,True,False,False,True,False,False,True,False,False,False,False,False,False,False,False,False,False,False,True,False,False,False,True,True,False,True,False,False
TX-01899,False,True,False,False,True,False,False,False,False,True,True,False,False,True,True,True,False,False,True,False,False,True,False,False,True,False,False,False,False,False,False,False,False,True,False,False,False,False,True,False,False,True,False
TX-01900,False,True,False,False,True,False,False,False,False,True,True,False,False,True,True,True,False,False,True,False,False,True,False,False,False,False,False,False,False,False,False,False,False,True,False,False,False,True,True,True,False,False,False
TX-01901,False,False,False,False,True,False,False,False,False,True,True,False,False,True,True,True,False,False,True,True,False,True,False,False,False,False,True,False,False,False,False,False,False,True,False,False,False,True,False,False,True,False,False
TX-01902,False,True,False,False,True,False,False,False,False,True,True,False,False,True,True,True,False,False,True,False,False,True,False,False,False,False,False,False,False,False,False,False,False,True,False,False,False,True,True,False,False,True,False
TX-01903,False,True,False,False,True,False,False,False,False,True,True,False,False,True,True,True,False,False,True,False,False,True,False,False,True,False,False,False,False,False,False,False,False,True,False,False,False,False,True,False,True,False,False
TX-01904,False,False,False,False,True,False,False,False,False,True,True,False,False,True,True,True,False,False,True,True,False,True,False,False,False,False,True,False,False,False,False,False,False,True,False,False,False,True,False,False,False,True,False
TX-01905,False,False,False,False,True,False,False,False,False,True,True,False,False,True,True,True,False,False,True,True,False,True,False,False,True,False,True,False,False,False,False,False,False,True,False,False,False,False,False,False,False,True,False
TX-01906,False,True,False,False,True,False,False,False,False,True,True,False,False,True,True,True,False,False,True,False,False,True,False,False,False,False,False,False,False,False,False,False,False,True,False,False,False,True,True,False,False,True,False
TX-01907,False,True,False,False,True,False,False,False,False,True,True,False,False,True,True,True,False,False,True,False,False,True,False,False,False,False,False,False,False,False,False,False,False,True,False,False,False,True,True,True,False,False,False
TX-01908,False,True,False,False,True,False,False,False,False,True,True,False,False,True,True,True,False,False,True,False,False,True,False,False,False,False,False,False,False,False,False,False,False,True,False,False,False,True,True,True,False,False,False
TX-01909,False,False,False,False,True,False,False,False,False,True,True,False,False,True,True,True,False,False,True,True,False,True,False,False,False,False,True,False,False,False,False,False,False,True,False,False,False,True,False,False,False,True,False
TX-01910,False,True,False,False,True,False,False,False,False,True,True,False,False,True,True,True,False,False,True,False,False,True,False,False,False,False,False,False,False,False,False,False,False,True,False,False,False,True,True,False,False,True,False
TX-01911,False,True,False,False,True,False,False,False,False,True,True,False,False,True,True,True,False,False,True,False,False,True,False,False,False,False,False,False,False,False,False,False,False,True,False,False,False,True,True,True,False,False,False
TX-01912,False,True,False,False,True,False,False,False,False,True,True,False,False,True,True,True,False,False,True,False,False,True,False,False,False,False,False,False,False,False,False,False,False,True,False,False,False,True,True,True,False,False,False
TX-01913,False,False,False,False,True,False,False,False,False,True,True,False,False,True,True,True,False,False,True,True,False,True,False,False,False,False,True,False,False,False,False,False,False,True,False,False,False,True,False,False,True,False,False
TX-01914,False,False,False,False,True,False,False,False,False,True,True,False,False,True,True,True,False,False,True,True,False,True,False,False,False,False,True,False,False,False,False,False,False,True,False,False,False,True,False,False,False,True,False
TX-01915,False,True,False,True,False,False,False,False,True,False,False,True,False,True,True,True,False,True,False,False,False,True,False,False,False,False,False,False,False,False,False,False,False,False,False,True,False,True,True,True,False,False,False
TX-01916,False,False,False,True,False,False,False,False,True,False,False,True,False,True,True,True,False,True,False,True,False,True,False,False,True,False,False,False,False,False,False,False,False,False,False,True,False,False,True,False,False,True,False
TX-01917,False,True,False,True,False,False,False,False,True,False,False,True,False,True,True,True,False,True,False,False,False,True,False,False,False,False,False,False,False,False,False,False,False,False,False,True,False,True,True,True,False,False,False
TX-01918,False,False,False,True,False,False,False,False,True,False,False,True,False,True,True,True,False,True,False,True,False,True,False,False,True,False,False,False,False,False,False,False,False,False,False,True,False,False,True,False,True,False,False
TX-01919,False,False,False,True,False,False,False,False,True,False,False,True,False,True,True,True,False,True,False,True,False,True,False,False,False,False,False,False,False,False,False,False,False,False,False,True,False,True,True,False,False,True,False
TX-01920,False,True,False,True,False,False,False,False,True,False,False,True,False,True,True,True,False,True,False,False,False,True,False,False,False,False,False,False,False,False,False,False,False,False,False,True,False,True,True,True,False,False,False
TX-01921,False,True,False,True,False,False,False,False,True,False,False,True,False,True,True,True,False,True,False,False,False,True,False,False,False,False,False,False,False,False,False,False,False,False,False,True,False,True,True,False,True,False,False
TX-01922,False,True,False,True,False,False,False,False,True,False,False,True,False,True,True,True,False,True,False,False,False,True,False,False,False,False,False,False,False,False,False,False,False,False,False,True,False,True,True,False,False,True,False
TX-01923,False,True,False,True,False,False,False,False,True,False,False,True,False,True,True,True,False,True,False,False,False,True,False,False,False,False,False,False,False,False,False,False,False,False,False,True,False,True,True,True,False,False,False
TX-01924,False,False,False,True,False,False,False,False,True,False,False,True,False,True,True,True,False,True,False,True,False,True,False,False,True,False,False,False,False,False,False,False,False,False,False,True,False,False,True,False,True,False,False
TX-01925,False,False,False,True,False,False,False,False,True,False,False,True,False,True,True,True,False,True,False,True,False,True,False,False,False,False,False,False,False,False,False,False,False,False,False,True,False,True,True,False,False,True,False
TX-01926,False,True,False,True,False,False,False,False,True,False,False,True,False,True,True,True,False,True,False,False,False,True,False,False,True,False,False,False,False,False,False,False,False,False,False,True,False,False,True,False,False,True,False
TX-01927,False,True,False,True,False,False,False,False,True,False,False,True,False,True,True,True,False,True,False,False,False,True,False,False,False,False,False,False,False,False,False,False,False,False,False,True,False,True,True,False,False,True,False
TX-01928,False,True,False,True,False,False,False,False,True,False,False,True,False,True,True,True,False,True,False,False,False,True,False,False,False,False,False,False,False,False,False,False,False,False,False,True,False,True,True,False,True,False,False
TX-01929,False,True,False,True,False,False,False,False,True,False,False,True,False,True,True,True,False,True,False,False,False,True,False,False,False,False,False,False,False,False,False,False,False,False,False,True,False,True,True,True,False,False,False
TX-01930,False,True,False,True,False,False,False,False,True,False,False,True,False,True,True,True,False,True,False,False,False,True,False,False,True,False,False,False,False,False,False,False,False,False,False,True,False,False,True,False,True,False,False
TX-01931,False,True,False,True,False,False,False,False,True,False,False,True,False,True,True,True,False,True,False,False,False,True,False,False,False,False,False,False,False,False,False,False,False,False,False,True,False,True,True,True,False,False,False
TX-01932,False,True,False,True,False,False,False,False,True,False,False,True,False,True,True,True,False,True,False,False,False,True,False,False,False,False,False,False,False,False,False,False,False,False,False,True,False,True,True,False,False,True,False
TX-01933,False,True,False,True,False,False,False,False,True,False,False,True,False,True,True,True,False,True,False,False,False,True,False,False,False,False,False,False,False,False,False,False,False,False,False,True,False,True,True,False,False,True,False
TX-01934,False,False,False,True,False,False,False,False,True,False,False,True,False,True,True,True,False,True,False,True,False,True,False,False,True,False,False,False,False,False,False,False,False,False,False,True,False,False,True,False,False,True,False
TX-01935,False,False,False,True,False,False,False,False,True,False,False,True,False,True,True,True,False,True,False,True,False,True,False,False,True,False,False,False,False,False,False,False,False,False,False,True,False,False,True,False,False,True,False
TX-01936,False,False,False,True,False,False,False,False,True,False,False,True,False,True,True,True,False,True,False,True,False,True,False,False,False,False,False,False,False,False,False,False,False,False,False,True,False,True,True,False,False,True,False
TX-01937,False,False,False,True,False,False,False,False,True,False,False,True,False,True,True,True,False,True,False,True,False,True,False,False,True,False,False,False,False,False,False,False,False,False,False,True,False,False,True,False,True,False,False
TX-01938,False,True,False,True,False,False,False,False,True,False,False,True,False,True,True,True,False,True,False,False,False,True,False,False,True,False,False,False,False,False,False,False,False,False,False,True,False,False,True,False,True,False,False
TX-01939,False,True,False,True,False,False,False,False,False,True,False,True,False,True,True,False,False,False,True,False,False,True,False,False,False,True,False,False,False,False,False,False,False,False,False,True,False,True,True,False,True,False,False
TX-01940,False,True,False,True,False,False,False,False,False,True,False,True,False,True,True,False,False,False,True,False,False,True,False,False,False,True,False,False,False,False,False,False,False,False,False,True,False,True,True,False,False,True,False
TX-01941,False,True,False,True,False,False,False,False,False,True,False,True,False,True,True,False,False,False,True,False,False,True,False,False,False,True,False,False,False,False,False,False,False,False,False,True,False,True,True,True,False,False,False
TX-01942,False,False,False,True,False,False,False,False,False,True,False,True,False,True,True,False,False,False,True,True,False,True,False,False,False,True,True,False,False,False,False,False,False,False,False,True,False,True,False,False,True,False,False
TX-01943,False,True,False,True,False,False,False,False,False,True,False,True,False,True,True,False,False,False,True,False,False,True,False,False,False,True,False,False,False,False,False,False,False,False,False,True,False,True,True,True,False,False,False
TX-01944,False,False,False,True,False,False,False,False,False,True,False,True,False,True,True,False,False,False,True,True,False,True,False,False,True,True,True,False,False,False,False,False,False,False,False,True,False,False,False,False,False,True,False
TX-01945,False,True,False,True,False,False,False,False,False,True,False,True,False,True,True,False,False,False,True,False,False,True,False,False,False,True,False,False,False,False,False,False,False,False,False,True,False,True,True,True,False,False,False
TX-01946,False,True,False,True,False,False,False,False,False,True,False,True,False,True,True,False,False,False,True,False,False,True,False,False,False,True,False,False,False,False,False,False,False,False,False,True,False,True,True,False,False,True,False
TX-01947,False,False,False,True,False,False,False,False,False,True,False,True,False,True,True,False,False,False,True,True,False,True,False,False,False,True,True,False,False,False,False,False,False,False,False,True,False,True,False,False,False,True,False
TX-01948,False,True,False,True,False,False,False,False,False,True,False,True,False,True,True,False,False,False,True,False,False,True,False,False,False,True,False,False,False,False,False,False,False,False,False,True,False,True,True,False,True,False,False
TX-01949,False,False,False,True,False,False,False,False,False,True,False,True,False,True,True,False,False,False,True,True,False,True,False,False,False,True,True,False,False,False,False,False,False,False,False,True,False,True,False,False,False,True,False
TX-01950,False,False,False,True,False,False,False,False,False,True,False,True,False,True,True,False,False,False,True,True,False,True,False,False,False,True,True,False,False,False,False,False,False,False,False,True,False,True,False,False,True,False,False
TX-01951,False,True,False,True,False,False,False,False,False,True,False,True,False,True,True,False,False,False,True,False,False,True,False,False,True,True,False,False,False,False,False,False,False,False,False,True,False,False,True,False,True,False,False
TX-01952,False,True,False,True,False,False,False,False,False,True,False,True,False,True,True,False,False,False,True,False,False,True,False,False,False,True,False,False,False,False,False,False,False,False,False,True,False,True,True,False,False,True,False
TX-01953,False,True,False,True,False,False,False,False,False,True,False,True,False,True,True,False,False,False,True,False,False,True,False,False,True,True,False,False,False,False,False,False,False,False,False,True,False,False,True,False,True,False,False
TX-01954,False,True,False,True,False,False,False,False,False,True,False,True,False,True,True,False,False,False,True,False,False,True,False,False,False,True,False,False,False,False,False,False,False,False,False,True,False,True,True,True,False,False,False
TX-01955,False,False,False,True,False,False,False,False,False,True,False,True,False,True,True,False,False,False,True,True,False,True,False,False,False,True,True,False,False,False,False,False,False,False,False,True,False,True,False,False,True,False,False
TX-01956,False,True,False,False,True,False,False,False,False,True,True,False,False,True,True,True,False,True,False,False,False,True,False,False,False,False,False,False,False,False,False,False,False,False,False,True,False,True,True,False,True,False,False
TX-01957,False,False,False,False,True,False,False,False,False,True,True,False,False,True,True,True,False,True,False,True,False,True,False,False,False,False,True,False,False,False,False,False,False,False,False,True,False,True,False,False,False,True,False
TX-01958,False,False,False,False,True,False,False,False,False,True,True,False,False,True,True,True,False,True,False,True,False,True,False,False,True,False,True,False,False,False,False,False,False,False,False,True,False,False,False,False,False,True,False
TX-01959,False,False,False,False,True,False,False,False,False,True,True,False,False,True,True,True,False,True,False,True,False,True,False,False,True,False,True,False,False,False,False,False,False,False,False,True,False,False,False,False,True,False,False
TX-01960,False,True,False,False,True,False,False,False,False,True,True,False,False,True,True,True,False,True,False,False,False,True,False,False,True,False,False,False,False,False,False,False,False,False,False,True,False,False,True,False,False,True,False
TX-01961,False,True,False,False,True,False,False,False,False,True,True,False,False,True,True,True,False,True,False,False,False,True,False,False,False,False,False,False,False,False,False,False,False,False,False,True,False,True,True,False,True,False,False
TX-01962,False,True,False,False,True,False,False,False,False,True,True,False,False,True,True,True,False,True,False,False,False,True,False,False,False,False,False,False,False,False,False,False,False,False,False,True,False,True,True,False,False,True,False
TX-01963,False,True,False,False,True,False,False,False,False,True,True,False,False,True,True,True,False,True,False,False,False,True,False,False,False,False,False,False,False,False,False,False,False,False,False,True,False,True,True,True,False,False,False
TX-01964,False,True,False,False,True,False,False,False,False,True,True,False,False,True,True,True,False,True,False,False,False,True,False,False,False,False,False,False,False,False,False,False,False,False,False,True,False,True,True,False,True,False,False
TX-01965,False,False,False,False,True,False,False,False,False,True,True,False,False,True,True,True,False,True,False,True,False,True,False,False,False,False,True,False,False,False,False,False,False,False,False,True,False,True,False,False,False,True,False
TX-01966,True,True,False,False,True,False,False,False,False,True,True,False,False,True,False,True,False,False,True,False,False,True,False,False,False,False,False,False,False,False,False,False,False,False,False,True,False,True,True,False,False,True,False
TX-01967,True,True,False,False,True,False,False,False,False,True,True,False,False,True,False,True,False,False,True,False,False,True,False,False,True,False,False,False,False,False,False,False,False,False,False,True,False,False,True,False,True,False,False
TX-01968,True,True,False,False,True,False,False,False,False,True,True,False,False,True,False,True,False,False,True,False,False,True,False,False,False,False,False,False,False,False,False,False,False,False,False,True,False,True,True,False,False,True,False
TX-01969,True,False,False,False,True,False,False,False,False,True,True,False,False,True,False,True,False,False,True,True,False,True,False,False,True,False,False,False,False,False,False,False,False,False,False,True,False,False,True,False,False,True,False
TX-01970,True,True,False,False,True,False,False,False,False,True,True,False,False,True,False,True,False,False,True,False,False,True,False,False,False,False,False,False,False,False,False,False,False,False,False,True,False,True,True,False,False,True,False
TX-01971,True,True,False,False,True,False,False,False,False,True,True,False,False,True,False,True,False,False,True,False,False,True,False,False,True,False,False,False,False,False,False,False,False,False,False,True,False,False,True,False,True,False,False
TX-01972,True,False,False,False,True,False,False,False,False,True,True,False,False,True,False,True,False,False,True,True,False,True,False,False,False,False,False,False,False,False,False,False,False,False,False,True,False,True,True,True,False,False,False
TX-01973,True,True,False,False,True,False,False,False,False,True,True,False,False,True,False,True,False,False,True,False,False,True,False,False,False,False,False,False,False,False,False,False,False,False,False,True,False,True,True,False,True,False,False
TX-01974,True,False,False,False,True,False,False,False,False,True,True,False,False,True,False,True,False,False,True,True,False,True,False,False,True,False,False,False,False,False,False,False,False,False,False,True,False,False,True,False,False,True,False
TX-01975,True,True,False,False,True,False,False,False,False,True,True,False,False,True,False,True,False,False,True,False,False,True,False,False,False,False,False,False,False,False,False,False,False,False,False,True,False,True,True,True,False,False,False
TX-01976,True,True,False,False,True,False,False,False,False,True,True,False,False,True,False,True,False,False,True,False,False,True,False,False,False,False,False,False,False,False,False,False,False,False,False,True,False,True,True,True,False,False,False
TX-01977,True,False,False,False,True,False,False,False,False,True,True,False,False,True,False,True,False,False,True,True,False,True,False,False,False,False,False,False,False,False,False,False,False,False,False,True,False,True,True,False,True,False,False
TX-01978,True,True,False,False,True,False,False,False,False,True,True,False,False,True,False,True,False,False,True,False,False,True,False,False,True,False,False,False,False,False,False,False,False,False,False,True,False,False,True,False,False,True,False
TX-01979,True,True,False,False,True,False,False,False,False,True,True,False,False,True,False,True,False,False,True,False,False,True,False,False,False,False,False,False,False,False,False,False,False,False,False,True,False,True,True,False,True,False,False
TX-01980,True,False,False,False,True,False,False,False,False,True,True,False,False,True,False,True,False,False,True,True,False,True,False,False,True,False,False,False,False,False,False,False,False,False,False,True,False,False,True,False,False,True,False
TX-01981,True,True,False,False,True,False,False,False,False,True,True,False,False,True,False,True,False,False,True,False,False,True,False,False,False,False,False,False,False,False,False,False,False,False,False,True,False,True,True,False,False,True,False
TX-01982,True,True,False,False,True,False,False,False,False,True,True,False,False,True,False,True,False,False,True,False,False,True,False,False,False,False,False,False,False,False,False,False,False,False,False,True,False,True,True,False,False,True,False
TX-01983,True,False,False,False,True,False,False,False,False,True,True,False,False,True,False,True,False,False,True,True,False,True,False,False,True,False,False,False,False,False,False,False,False,False,False,True,False,False,True,False,False,True,False
TX-01984,False,True,False,False,True,False,False,False,False,True,False,True,False,True,True,True,False,True,False,False,False,True,False,False,False,False,False,False,False,False,False,False,False,False,False,True,False,True,True,False,False,True,False
TX-01985,False,True,False,False,True,False,False,False,False,True,False,True,False,True,True,True,False,True,False,False,False,True,False,False,False,False,False,False,False,False,False,False,False,False,False,True,False,True,True,True,False,False,False
TX-01986,False,True,False,False,True,False,False,False,False,True,False,True,False,True,True,True,False,True,False,False,False,True,False,False,False,False,False,False,False,False,False,False,False,False,False,True,False,True,True,False,False,True,False
TX-01987,False,False,False,False,True,False,False,False,False,True,False,True,False,True,True,True,False,True,False,True,False,True,False,False,True,False,True,False,False,False,False,False,False,False,False,True,False,False,False,False,False,True,False
TX-01988,False,True,False,False,True,False,False,False,False,True,False,True,False,True,True,True,False,True,False,False,False,True,False,False,False,False,False,False,False,False,False,False,False,False,False,True,False,True,True,False,False,True,False
TX-01989,False,False,False,False,True,False,False,False,False,True,False,True,False,True,True,True,False,True,False,True,False,True,False,False,False,False,True,False,False,False,False,False,False,False,False,True,False,True,False,False,True,False,False
TX-01990,False,False,False,False,True,False,False,False,False,True,False,True,False,True,True,True,False,True,False,True,False,True,False,False,False,False,True,False,False,False,False,False,False,False,False,True,False,True,False,True,False,False,False
TX-01991,False,True,False,False,True,False,False,False,False,True,False,True,False,True,True,True,False,True,False,False,False,True,False,False,True,False,False,False,False,False,False,False,False,False,False,True,False,False,True,False,False,True,False
TX-01992,False,True,False,False,True,False,False,False,False,True,False,True,False,True,True,True,False,True,False,False,False,True,False,False,False,False,False,False,False,False,False,False,False,False,False,True,False,True,True,True,False,False,False
TX-01993,False,True,False,False,True,False,False,False,False,True,False,True,False,True,True,True,False,True,False,False,False,True,False,False,False,False,False,False,False,False,False,False,False,False,False,True,False,True,True,True,False,False,False
TX-01994,False,False,False,False,True,False,False,False,False,True,False,True,False,True,True,True,False,True,False,True,False,True,False,False,False,False,True,False,False,False,False,False,False,False,False,True,False,True,False,False,False,True,False
TX-01995,False,True,False,False,True,False,False,False,False,True,False,True,False,True,True,True,False,True,False,False,False,True,False,False,False,False,False,False,False,False,False,False,False,False,False,True,False,True,True,False,False,True,False
TX-01996,False,True,False,False,True,False,False,False,False,True,False,True,False,True,True,True,False,True,False,False,False,True,False,False,False,False,False,False,False,False,False,False,False,False,False,True,False,True,True,False,False,True,False
TX-01997,False,True,False,False,True,False,False,False,False,True,False,True,False,True,True,True,False,True,False,False,False,True,False,False,True,False,False,False,False,False,False,False,False,False,False,True,False,False,True,False,False,True,False
TX-01998,False,True,False,False,False,True,False,False,True,False,False,True,False,True,True,True,False,True,False,False,False,True,False,False,False,False,False,False,False,False,False,False,False,False,False,False,True,True,True,False,True,False,False
TX-01999,False,False,False,False,False,True,False,False,True,False,False,True,False,True,True,True,False,True,False,True,False,True,False,False,True,False,False,False,False,False,False,False,False,False,False,False,True,False,True,False,True,False,False
TX-02000,False,True,False,False,False,True,False,False,True,False,False,True,False,True,True,True,False,True,False,False,False,True,False,False,False,False,False,False,False,False,False,False,False,False,False,False,True,True,True,True,False,False,False
TX-02001,False,True,False,False,False,True,False,False,True,False,False,True,False,True,True,True,False,True,False,False,False,True,False,False,False,False,False,False,False,False,False,False,False,False,False,False,True,True,True,False,False,True,False
TX-02002,False,False,False,False,False,True,False,False,True,False,False,True,False,True,True,True,False,True,False,True,False,True,False,False,False,False,False,False,False,False,False,False,False,False,False,False,True,True,True,False,False,True,False
TX-02003,False,False,False,False,False,True,False,False,True,False,False,True,False,True,True,True,False,True,False,True,False,True,False,False,False,False,False,False,False,False,False,False,False,False,False,False,True,True,True,False,False,True,False
TX-02004,False,True,False,False,False,True,False,False,True,False,False,True,False,True,True,True,False,True,False,False,False,True,False,False,True,False,False,False,False,False,False,False,False,False,False,False,True,False,True,False,False,True,False
TX-02005,False,True,False,False,False,True,False,False,True,False,False,True,False,True,True,True,False,True,False,False,False,True,False,False,False,False,False,False,False,False,False,False,False,False,False,False,True,True,True,True,False,False,False
TX-02006,False,True,False,False,False,True,False,False,True,False,False,True,False,True,True,True,False,True,False,False,False,True,False,False,False,False,False,False,False,False,False,False,False,False,False,False,True,True,True,False,False,True,False
TX-02007,False,True,False,False,False,True,False,False,True,False,False,True,False,True,True,True,False,True,False,False,False,True,False,False,False,False,False,False,False,False,False,False,False,False,False,False,True,True,True,False,False,True,False
TX-02008,False,True,False,False,False,False,True,False,True,False,False,True,False,True,True,True,False,False,True,False,False,True,False,False,False,False,False,False,True,False,False,False,False,False,False,False,False,True,True,False,False,True,False
TX-02009,False,True,False,False,False,False,True,False,True,False,False,True,False,True,True,True,False,False,True,False,False,True,False,False,False,False,False,False,True,False,False,False,False,False,False,False,False,True,True,False,True,False,False
TX-02010,False,True,False,False,False,False,True,False,True,False,False,True,False,True,True,True,False,False,True,False,False,True,False,False,False,False,False,False,True,False,False,False,False,False,False,False,False,True,True,True,False,False,False
TX-02011,False,True,False,False,False,False,True,False,True,False,False,True,False,True,True,True,False,False,True,False,False,True,False,False,True,False,False,False,True,False,False,False,False,False,False,False,False,False,True,False,False,True,False
TX-02012,False,True,False,False,False,False,True,False,True,False,False,True,False,True,True,True,False,False,True,False,False,True,False,False,False,False,False,False,True,False,False,False,False,False,False,False,False,True,True,True,False,False,False
TX-02013,False,True,False,False,False,False,True,False,True,False,False,True,False,True,True,True,False,False,True,False,False,True,False,False,True,False,False,False,True,False,False,False,False,False,False,False,False,False,True,False,False,True,False
TX-02014,False,True,False,False,False,False,True,False,True,False,False,True,False,True,True,True,False,False,True,False,False,True,False,False,False,False,False,False,True,False,False,False,False,False,False,False,False,True,True,False,False,True,False
TX-02015,False,True,False,False,False,False,True,False,True,False,False,True,False,True,True,True,False,False,True,False,False,True,False,False,False,False,False,False,True,False,False,False,False,False,False,False,False,True,True,True,False,False,False
TX-02016,False,False,False,False,False,False,True,False,True,False,False,True,False,True,True,True,False,False,True,True,False,True,False,False,False,False,False,False,True,False,False,False,False,False,False,False,False,True,True,False,True,False,False
TX-02017,False,True,False,False,False,False,True,False,True,False,False,True,False,True,True,True,False,False,True,False,False,True,False,False,False,False,False,False,True,False,False,False,False,False,False,False,False,True,True,False,True,False,False
TX-02018,False,False,False,False,False,False,True,False,True,False,False,True,False,True,True,True,False,False,True,True,False,True,False,False,False,False,False,False,True,False,False,False,False,False,False,False,False,True,True,False,False,True,False
TX-02019,False,False,False,False,False,False,True,False,True,False,False,True,False,True,True,True,False,False,True,True,False,True,False,False,False,False,False,False,True,False,False,False,False,False,False,False,False,True,True,False,False,True,False
TX-02020,False,True,False,False,False,False,True,False,True,False,False,True,False,True,True,True,False,False,True,False,False,True,False,False,False,False,False,False,True,False,False,False,False,False,False,False,False,True,True,True,False,False,False
TX-02021,False,True,False,False,True,False,False,False,True,False,False,True,False,True,True,False,False,False,True,False,False,True,False,False,False,True,False,False,True,False,False,False,False,False,False,False,False,True,True,False,False,True,False
TX-02022,False,True,False,False,True,False,False,False,True,False,False,True,False,True,True,False,False,False,True,False,False,True,False,False,False,True,False,False,True,False,False,False,False,False,False,False,False,True,True,True,False,False,False
TX-02023,False,True,False,False,True,False,False,False,True,False,False,True,False,True,True,False,False,False,True,False,False,True,False,False,False,True,False,False,True,False,False,False,False,False,False,False,False,True,True,True,False,False,False
TX-02024,False,False,False,False,True,False,False,False,True,False,False,True,False,True,True,False,False,False,True,True,False,True,False,False,False,True,False,False,True,False,False,False,False,False,False,False,False,True,True,False,False,True,False
TX-02025,False,True,False,False,True,False,False,False,True,False,False,True,False,True,True,False,False,False,True,False,False,True,False,False,False,True,False,False,True,False,False,False,False,False,False,False,False,True,True,False,False,True,False
TX-02026,False,True,False,False,True,False,False,False,True,False,False,True,False,True,True,False,False,False,True,False,False,True,False,False,False,True,False,False,True,False,False,False,False,False,False,False,False,True,True,False,False,True,False
TX-02027,False,True,False,False,True,False,False,False,True,False,False,True,False,True,True,False,False,False,True,False,False,True,False,False,False,True,False,False,True,False,False,False,False,False,False,False,False,True,True,True,False,False,False
TX-02028,False,True,False,False,True,False,False,False,True,False,False,True,False,True,True,False,False,False,True,False,False,True,False,False,True,True,False,False,True,False,False,False,False,False,False,False,False,False,True,False,True,False,False
TX-02029,False,True,False,False,True,False,False,False,True,False,False,True,False,True,True,False,False,False,True,False,False,True,False,False,True,True,False,False,True,False,False,False,False,False,False,False,False,False,True,False,True,False,False
TX-02030,False,True,False,False,True,False,False,False,True,False,False,True,False,True,True,False,False,False,True,False,False,True,False,False,False,True,False,False,True,False,False,False,False,False,False,False,False,True,True,False,True,False,False
TX-02031,False,False,False,False,True,False,False,False,True,False,False,True,False,True,True,False,False,False,True,True,False,True,False,False,False,True,False,False,True,False,False,False,False,False,False,False,False,True,True,False,True,False,False
TX-02032,False,True,False,False,True,False,False,False,True,False,False,True,False,True,True,False,False,False,True,False,False,True,False,False,False,True,False,False,True,False,False,False,False,False,False,False,False,True,True,False,True,False,False
TX-02033,False,False,False,False,True,False,False,False,True,False,False,True,False,True,True,False,False,False,True,True,False,True,False,False,True,True,False,False,True,False,False,False,False,False,False,False,False,False,True,False,True,False,False
TX-02034,False,False,False,False,True,False,False,False,True,False,False,True,False,True,True,False,False,False,True,True,False,True,False,False,False,True,False,False,True,False,False,False,False,False,False,False,False,True,True,False,True,False,False
TX-02035,False,True,True,False,False,False,False,False,True,False,False,True,False,True,True,True,False,False,True,False,False,True,False,False,False,False,False,False,True,False,False,False,False,False,False,False,False,True,True,True,False,False,False
TX-02036,False,True,True,False,False,False,False,False,True,False,False,True,False,True,True,True,False,False,True,False,False,True,False,False,False,False,False,False,True,False,False,False,False,False,False,False,False,True,True,True,False,False,False
TX-02037,False,True,True,False,False,False,False,False,True,False,False,True,False,True,True,True,False,False,True,False,False,True,False,False,False,False,False,False,True,False,False,False,False,False,False,False,False,True,True,False,False,True,False
TX-02038,False,False,True,False,False,False,False,False,True,False,False,True,False,True,True,True,False,False,True,True,False,True,False,False,True,False,False,False,True,False,False,False,False,False,False,False,False,False,True,False,False,True,False
TX-02039,False,False,True,False,False,False,False,False,True,False,False,True,False,True,True,True,False,False,True,True,False,True,False,False,False,False,False,False,True,False,False,False,False,False,False,False,False,True,True,False,False,True,False
TX-02040,False,True,True,False,False,False,False,False,True,False,False,True,False,True,True,True,False,False,True,False,False,True,False,False,True,False,False,False,True,False,False,False,False,False,False,False,False,False,True,False,True,False,False
TX-02041,False,True,True,False,False,False,False,False,True,False,False,True,False,True,True,True,False,False,True,False,False,True,False,False,False,False,False,False,True,False,False,False,False,False,False,False,False,True,True,True,False,False,False
TX-02042,False,True,True,False,False,False,False,False,True,False,False,True,False,True,True,True,False,False,True,False,False,True,False,False,False,False,False,False,True,False,False,False,False,False,False,False,False,True,True,False,False,True,False
TX-02043,False,True,True,False,False,False,False,False,True,False,False,True,False,True,True,True,False,False,True,False,False,True,False,False,False,False,False,False,True,False,False,False,False,False,False,False,False,True,True,True,False,False,False
TX-02044,False,True,True,False,False,False,False,False,True,False,False,True,False,True,True,True,False,False,True,False,False,True,False,False,False,False,False,False,True,False,False,False,False,False,False,False,False,True,True,False,False,True,False
TX-02045,False,False,True,False,False,False,False,False,True,False,False,True,False,True,True,True,False,False,True,True,False,True,False,False,True,False,False,False,True,False,False,False,False,False,False,False,False,False,True,False,False,True,False
TX-02046,False,False,True,False,False,False,False,False,True,False,False,True,False,True,True,True,False,False,True,True,False,True,False,False,False,False,False,False,True,False,False,False,False,False,False,False,False,True,True,False,True,False,False
TX-02047,True,True,True,False,False,False,False,True,False,False,True,False,False,True,False,True,False,False,True,False,False,True,False,False,False,False,False,False,False,False,True,False,False,False,False,False,False,True,True,False,True,False,False
TX-02048,True,True,True,False,False,False,False,True,False,False,True,False,False,True,False,True,False,False,True,False,False,True,False,False,True,False,False,False,False,False,True,False,False,False,False,False,False,False,True,False,False,True,False
TX-02049,True,True,True,False,False,False,False,True,False,False,True,False,False,True,False,True,False,False,True,False,False,True,False,False,False,False,False,False,False,False,True,False,False,False,False,False,False,True,True,False,False,True,False
TX-02050,True,True,True,False,False,False,False,True,False,False,True,False,False,True,False,True,False,False,True,False,False,True,False,False,False,False,False,False,False,False,True,False,False,False,False,False,False,True,True,False,False,True,False
TX-02051,True,True,True,False,False,False,False,True,False,False,True,False,False,True,False,True,False,False,True,False,False,True,False,False,False,False,False,False,False,False,True,False,False,False,False,False,False,True,True,True,False,False,False
TX-02052,True,True,True,False,False,False,False,True,False,False,True,False,False,True,False,True,False,False,True,False,False,True,False,False,False,False,False,False,False,False,True,False,False,False,False,False,False,True,True,False,False,True,False
TX-02053,True,False,True,False,False,False,False,True,False,False,True,False,False,True,False,True,False,False,True,True,False,True,False,False,True,False,False,False,False,False,True,False,False,False,False,False,False,False,True,False,False,True,False
TX-02054,True,True,True,False,False,False,False,True,False,False,True,False,False,True,False,True,False,False,True,False,False,True,False,False,False,False,False,False,False,False,True,False,False,False,False,False,False,True,True,True,False,False,False
TX-02055,True,False,True,False,False,False,False,True,False,False,True,False,False,True,False,True,False,False,True,True,False,True,False,False,False,False,False,False,False,False,True,False,False,False,False,False,False,True,True,False,False,True,False
TX-02056,True,False,True,False,False,False,False,True,False,False,True,False,False,True,False,True,False,False,True,True,False,True,False,False,False,False,False,False,False,False,True,False,False,False,False,False,False,True,True,False,False,True,False
TX-02057,True,True,True,False,False,False,False,True,False,False,True,False,False,True,False,True,False,False,True,False,False,True,False,False,False,False,False,False,False,False,True,False,False,False,False,False,False,True,True,False,False,True,False
TX-02058,True,True,True,False,False,False,False,True,False,False,True,False,False,True,False,True,False,False,True,False,False,True,False,False,False,False,False,False,False,False,True,False,False,False,False,False,False,True,True,False,False,True,False
TX-02059,True,True,True,False,False,False,False,True,False,False,True,False,False,True,False,True,False,False,True,False,False,True,False,False,False,False,False,False,False,False,True,False,False,False,False,False,False,True,True,True,False,False,False
TX-02060,True,True,True,False,False,False,False,True,False,False,True,False,False,True,False,True,False,False,True,False,False,True,False,False,False,False,False,False,False,False,True,False,False,False,False,False,False,True,True,False,False,True,False
TX-02061,True,False,True,False,False,False,False,True,False,False,True,False,False,True,False,True,False,False,True,True,False,True,False,False,False,False,False,False,False,False,True,False,False,False,False,False,False,True,True,False,False,True,False
TX-02062,True,True,True,False,False,False,False,True,False,False,True,False,False,True,False,True,False,False,True,False,False,True,False,False,True,False,False,False,False,False,True,False,False,False,False,False,False,False,True,False,False,True,False
TX-02063,True,False,True,False,False,False,False,True,False,False,True,False,False,True,False,True,False,False,True,True,False,True,False,False,True,False,False,False,False,False,True,False,False,False,False,False,False,False,True,False,False,True,False
TX-02064,True,True,True,False,False,False,False,True,False,False,True,False,False,True,False,True,False,False,True,False,False,True,False,False,False,False,False,False,False,False,True,False,False,False,False,False,False,True,True,True,False,False,False
TX-02065,True,True,True,False,False,False,False,True,False,False,True,False,False,True,False,True,False,False,True,False,False,True,False,False,False,False,False,False,False,False,True,False,False,False,False,False,False,True,True,False,False,True,False
TX-02066,True,True,True,False,False,False,False,True,False,False,True,False,False,True,False,True,False,False,True,False,False,True,False,False,False,False,False,False,False,False,True,False,False,False,False,False,False,True,True,True,False,False,False
TX-02067,True,False,True,False,False,False,False,True,False,False,True,False,False,True,False,True,False,False,True,True,False,True,False,False,False,False,False,False,False,False,True,False,False,False,False,False,False,True,True,False,False,True,False
TX-02068,True,True,True,False,False,False,False,True,False,False,True,False,False,True,False,True,False,False,True,False,False,True,False,False,False,False,False,False,False,False,True,False,False,False,False,False,False,True,True,False,False,True,False
TX-02069,True,True,True,False,False,False,False,True,False,False,True,False,False,True,False,True,False,False,True,False,False,True,False,False,False,False,False,False,False,False,True,False,False,False,False,False,False,True,True,True,False,False,False
TX-02070,True,True,True,False,False,False,False,True,False,False,True,False,False,True,False,True,False,False,True,False,False,True,False,False,False,False,False,False,False,False,True,False,False,False,False,False,False,True,True,False,False,True,False
TX-02071,True,True,True,False,False,False,False,True,False,False,True,False,False,True,False,True,False,False,True,False,False,True,False,False,False,False,False,False,False,False,True,False,False,False,False,False,False,True,True,True,False,False,False
TX-02072,True,True,True,False,False,False,False,True,False,False,True,False,False,True,False,True,False,False,True,False,False,True,False,False,False,False,False,False,False,False,True,False,False,False,False,False,False,True,True,True,False,False,False
TX-02073,True,False,True,False,False,False,False,True,False,False,True,False,False,True,False,True,False,False,True,True,False,True,False,False,True,False,False,False,False,False,True,False,False,False,False,False,False,False,True,False,False,True,False
TX-02074,True,False,True,False,False,False,False,True,False,False,True,False,False,True,False,True,False,False,True,True,False,True,False,False,False,False,False,False,False,False,True,False,False,False,False,False,False,True,True,False,False,True,False
TX-02075,True,True,True,False,False,False,False,True,False,False,True,False,False,True,False,True,False,False,True,False,False,True,False,False,False,False,False,False,False,False,True,False,False,False,False,False,False,True,True,False,False,True,False
TX-02076,True,True,True,False,False,False,False,True,False,False,True,False,False,True,False,True,False,False,True,False,False,True,False,False,True,False,False,False,False,False,True,False,False,False,False,False,False,False,True,False,True,False,False
TX-02077,True,True,True,False,False,False,False,True,False,False,True,False,False,True,False,True,False,False,True,False,False,True,False,False,False,False,False,False,False,False,True,False,False,False,False,False,False,True,True,False,False,True,False
TX-02078,True,False,True,False,False,False,False,True,False,False,True,False,False,True,False,True,False,False,True,True,False,True,False,False,True,False,False,False,False,False,True,False,False,False,False,False,False,False,True,False,False,True,False
TX-02079,True,True,True,False,False,False,False,True,False,False,True,False,False,True,False,True,False,False,True,False,False,True,False,False,True,False,False,False,False,False,True,False,False,False,False,False,False,False,True,False,False,True,False
TX-02080,True,True,True,False,False,False,False,True,False,False,True,False,False,True,False,True,False,False,True,False,False,True,False,False,False,False,False,False,False,False,True,False,False,False,False,False,False,True,True,False,False,True,False
TX-02081,True,False,True,False,False,False,False,True,False,False,True,False,False,True,False,True,False,False,True,True,False,True,False,False,True,False,False,False,False,False,True,False,False,False,False,False,False,False,True,False,True,False,False
TX-02082,True,True,True,False,False,False,False,True,False,False,True,False,False,True,False,True,False,False,True,False,False,True,False,False,False,False,False,False,False,False,True,False,False,False,False,False,False,True,True,True,False,False,False
TX-02083,True,True,True,False,False,False,False,True,False,False,True,False,False,True,False,True,False,False,True,False,False,True,False,False,True,False,False,False,False,False,True,False,False,False,False,False,False,False,True,False,True,False,False
TX-02084,True,False,True,False,False,False,False,True,False,False,True,False,False,True,False,True,False,False,True,True,False,True,False,False,False,False,False,False,False,False,True,False,False,False,False,False,False,True,True,False,False,True,False
TX-02085,True,True,True,False,False,False,False,True,False,False,True,False,False,True,False,True,False,False,True,False,False,True,False,False,False,False,False,False,False,False,True,False,False,False,False,False,False,True,True,True,False,False,False
TX-02086,True,True,True,False,False,False,False,True,False,False,True,False,False,True,False,True,False,False,True,False,False,True,False,False,False,False,False,False,False,False,True,False,False,False,False,False,False,True,True,False,False,True,False
TX-02087,True,True,True,False,False,False,False,True,False,False,True,False,False,True,False,True,False,False,True,False,False,True,False,False,False,False,False,False,False,False,True,False,False,False,False,False,False,True,True,True,False,False,False
TX-02088,True,False,True,False,False,False,False,True,False,False,True,False,False,True,False,True,False,False,True,True,False,True,False,False,True,False,False,False,False,False,True,False,False,False,False,False,False,False,True,False,True,False,False
TX-02089,True,True,True,False,False,False,False,True,False,False,True,False,False,True,False,True,False,False,True,False,False,True,False,False,True,False,False,False,False,False,True,False,False,False,False,False,False,False,True,False,False,True,False
TX-02090,True,False,True,False,False,False,False,True,False,False,True,False,False,True,False,True,False,False,True,True,False,True,False,False,False,False,False,False,False,False,True,False,False,False,False,False,False,True,True,False,True,False,False
TX-02091,True,True,True,False,False,False,False,True,False,False,True,False,False,True,False,True,False,False,True,False,False,True,False,False,False,False,False,False,False,False,True,False,False,False,False,False,False,True,True,False,False,True,False
TX-02092,True,True,True,False,False,False,False,True,False,False,True,False,False,True,False,True,False,False,True,False,False,True,False,False,True,False,False,False,False,False,True,False,False,False,False,False,False,False,True,False,False,True,False
TX-02093,True,True,True,False,False,False,False,True,False,False,True,False,False,True,False,True,False,False,True,False,False,True,False,False,False,False,False,False,False,False,True,False,False,False,False,False,False,True,True,False,False,True,False
TX-02094,True,True,True,False,False,False,False,True,False,False,True,False,False,True,False,True,False,False,True,False,False,True,False,False,False,False,False,False,False,False,True,False,False,False,False,False,False,True,True,True,False,False,False
TX-02095,True,True,True,False,False,False,False,True,False,False,True,False,False,True,False,True,False,False,True,False,False,True,False,False,False,False,False,False,False,False,True,False,False,False,False,False,False,True,True,True,False,False,False
TX-02096,True,True,True,False,False,False,False,True,False,False,True,False,False,True,False,True,False,False,True,False,False,True,False,False,False,False,False,False,False,False,True,False,False,False,False,False,False,True,True,True,False,False,False
TX-02097,True,True,True,False,False,False,False,True,False,False,True,False,False,True,False,True,False,False,True,False,False,True,False,False,False,False,False,False,False,False,True,False,False,False,False,False,False,True,True,True,False,False,False
TX-02098,True,True,True,False,False,False,False,True,False,False,True,False,False,True,False,True,False,False,True,False,False,True,False,False,False,False,False,False,False,False,True,False,False,False,False,False,False,True,True,False,True,False,False
TX-02099,True,False,True,False,False,False,False,True,False,False,True,False,False,True,False,True,False,False,True,True,False,True,False,False,True,False,False,False,False,False,True,False,False,False,False,False,False,False,True,False,True,False,False
TX-02100,True,False,True,False,False,False,False,True,False,False,True,False,False,True,False,True,False,False,True,True,False,True,False,False,True,False,False,False,False,False,True,False,False,False,False,False,False,False,True,False,False,True,False
TX-02101,True,True,True,False,False,False,False,True,False,False,True,False,False,True,False,True,False,False,True,False,False,True,False,False,True,False,False,False,False,False,True,False,False,False,False,False,False,False,True,False,True,False,False
TX-02102,True,True,True,False,False,False,False,True,False,False,True,False,False,True,False,True,False,False,True,False,False,True,False,False,False,False,False,False,False,False,True,False,False,False,False,False,False,True,True,False,False,True,False
TX-02103,True,False,True,False,False,False,False,True,False,False,True,False,False,True,False,True,False,False,True,True,False,True,False,False,False,False,False,False,False,False,True,False,False,False,False,False,False,True,True,False,False,True,False
TX-02104,True,True,True,False,False,False,False,True,False,False,True,False,False,True,False,True,False,False,True,False,False,True,False,False,False,False,False,False,False,False,True,False,False,False,False,False,False,True,True,False,False,True,False
TX-02105,True,True,True,False,False,False,False,True,False,False,True,False,False,True,False,True,False,False,True,False,False,True,False,False,False,False,False,False,False,False,True,False,False,False,False,False,False,True,True,True,False,False,False
TX-02106,True,True,True,False,False,False,False,True,False,False,True,False,False,True,False,True,False,False,True,False,False,True,False,False,False,False,False,False,False,False,True,False,False,False,False,False,False,True,True,False,False,True,False
TX-02107,True,True,True,False,False,False,False,True,False,False,True,False,False,True,False,True,False,False,True,False,False,True,False,False,False,False,False,False,False,False,True,False,False,False,False,False,False,True,True,True,False,False,False
TX-02108,True,False,True,False,False,False,False,True,False,False,True,False,False,True,False,True,False,False,True,True,False,True,False,False,True,False,False,False,False,False,True,False,False,False,False,False,False,False,True,False,True,False,False
TX-02109,True,True,True,False,False,False,False,True,False,False,True,False,False,True,False,True,False,False,True,False,False,True,False,False,False,False,False,False,False,False,True,False,False,False,False,False,False,True,True,False,False,True,False
TX-02110,True,False,True,False,False,False,False,True,False,False,True,False,False,True,False,True,False,False,True,True,False,True,False,False,True,False,False,False,False,False,True,False,False,False,False,False,False,False,True,False,False,True,False
TX-02111,True,True,True,False,False,False,False,True,False,False,True,False,False,True,False,True,False,False,True,False,False,True,False,False,False,False,False,False,False,False,True,False,False,False,False,False,False,True,True,True,False,False,False
TX-02112,True,True,True,False,False,False,False,True,False,False,True,False,False,True,False,True,False,False,True,False,False,True,False,False,False,False,False,False,False,False,True,False,False,False,False,False,False,True,True,True,False,False,False
TX-02113,True,True,True,False,False,False,False,True,False,False,True,False,False,True,False,True,False,False,True,False,False,True,False,False,False,False,False,False,False,False,True,False,False,False,False,False,False,True,True,True,False,False,False
TX-02114,True,False,True,False,False,False,False,True,False,False,True,False,False,True,False,True,False,False,True,True,False,True,False,False,True,False,False,False,False,False,True,False,False,False,False,False,False,False,True,False,True,False,False
TX-02115,True,False,True,False,False,False,False,True,False,False,True,False,False,True,False,True,False,True,False,True,False,True,False,False,True,False,False,False,False,False,True,False,False,False,False,False,False,False,True,False,False,True,False
TX-02116,True,True,True,False,False,False,False,True,False,False,True,False,False,True,False,True,False,True,False,False,False,True,False,False,False,False,False,False,False,False,True,False,False,False,False,False,False,True,True,False,False,True,False
TX-02117,True,True,True,False,False,False,False,True,False,False,True,False,False,True,False,True,False,True,False,False,False,True,False,False,False,False,False,False,False,False,True,False,False,False,False,False,False,True,True,False,False,True,False
TX-02118,True,True,True,False,False,False,False,True,False,False,True,False,False,True,False,True,False,True,False,False,False,True,False,False,False,False,False,False,False,False,True,False,False,False,False,False,False,True,True,True,False,False,False
TX-02119,True,True,True,False,False,False,False,True,False,False,True,False,False,True,False,True,False,True,False,False,False,True,False,False,False,False,False,False,False,False,True,False,False,False,False,False,False,True,True,False,False,True,False
TX-02120,True,True,True,False,False,False,False,True,False,False,True,False,False,True,False,True,False,True,False,False,False,True,False,False,True,False,False,False,False,False,True,False,False,False,False,False,False,False,True,False,False,True,False
TX-02121,True,False,True,False,False,False,False,True,False,False,True,False,False,True,False,True,False,True,False,True,False,True,False,False,False,False,False,False,False,False,True,False,False,False,False,False,False,True,True,False,True,False,False
TX-02122,True,True,True,False,False,False,False,False,False,True,True,False,False,True,False,True,False,False,True,False,False,True,False,False,False,False,False,False,False,False,False,True,False,False,False,False,False,True,True,True,False,False,False
TX-02123,True,False,True,False,False,False,False,False,False,True,True,False,False,True,False,True,False,False,True,True,False,True,False,False,False,False,False,False,False,False,False,True,False,False,False,False,False,True,True,False,True,False,False
TX-02124,True,True,True,False,False,False,False,False,False,True,True,False,False,True,False,True,False,False,True,False,False,True,False,False,False,False,False,False,False,False,False,True,False,False,False,False,False,True,True,False,False,True,False
TX-02125,True,True,True,False,False,False,False,False,False,True,True,False,False,True,False,True,False,False,True,False,False,True,False,False,True,False,False,False,False,False,False,True,False,False,False,False,False,False,True,False,False,True,False
TX-02126,True,True,True,False,False,False,False,False,False,True,True,False,False,True,False,True,False,False,True,False,False,True,False,False,False,False,False,False,False,False,False,True,False,False,False,False,False,True,True,False,True,False,False
TX-02127,True,True,True,False,False,False,False,False,False,True,True,False,False,True,False,True,False,False,True,False,False,True,False,False,False,False,False,False,False,False,False,True,False,False,False,False,False,True,True,True,False,False,False
TX-02128,True,True,True,False,False,False,False,False,False,True,True,False,False,True,False,True,False,False,True,False,False,True,False,False,False,False,False,False,False,False,False,True,False,False,False,False,False,True,True,True,False,False,False
TX-02129,True,True,True,False,False,False,False,False,False,True,True,False,False,True,False,True,False,False,True,False,False,True,False,False,True,False,False,False,False,False,False,True,False,False,False,False,False,False,True,False,False,True,False
TX-02130,True,True,True,False,False,False,False,False,False,True,True,False,False,True,False,True,False,False,True,False,False,True,False,False,False,False,False,False,False,False,False,True,False,False,False,False,False,True,True,False,False,True,False
TX-02131,True,True,True,False,False,False,False,False,False,True,True,False,False,True,False,True,False,False,True,False,False,True,False,False,False,False,False,False,False,False,False,True,False,False,False,False,False,True,True,False,False,True,False
TX-02132,True,True,True,False,False,False,False,False,False,True,True,False,False,True,False,True,False,False,True,False,False,True,False,False,False,False,False,False,False,False,False,True,False,False,False,False,False,True,True,False,False,True,False
TX-02133,True,True,True,False,False,False,False,False,False,True,True,False,False,True,False,True,False,False,True,False,False,True,False,False,False,False,False,False,False,False,False,True,False,False,False,False,False,True,True,True,False,False,False
TX-02134,True,False,True,False,False,False,False,False,False,True,True,False,False,True,False,True,False,False,True,True,False,True,False,False,True,False,False,False,False,False,False,True,False,False,False,False,False,False,True,False,False,True,False
TX-02135,True,False,True,False,False,False,False,False,False,True,True,False,False,True,False,True,False,False,True,True,False,True,False,False,True,False,False,False,False,False,False,True,False,False,False,False,False,False,True,False,False,True,False
TX-02136,True,True,True,False,False,False,False,False,False,True,True,False,False,True,False,True,False,False,True,False,False,True,False,False,False,False,False,False,False,False,False,True,False,False,False,False,False,True,True,False,False,True,False
TX-02137,True,False,True,False,False,False,False,False,False,True,True,False,False,True,False,True,False,False,True,True,False,True,False,False,False,False,False,False,False,False,False,True,False,False,False,False,False,True,True,False,False,True,False
TX-02138,True,True,True,False,False,False,False,False,False,True,True,False,False,True,False,True,False,True,False,False,False,True,False,False,False,False,False,False,False,False,False,True,False,False,False,False,False,True,True,False,True,False,False
TX-02139,True,True,True,False,False,False,False,False,False,True,True,False,False,True,False,True,False,True,False,False,False,True,False,False,False,False,False,False,False,False,False,True,False,False,False,False,False,True,True,False,False,True,False
TX-02140,True,False,True,False,False,False,False,False,False,True,True,False,False,True,False,True,False,True,False,True,False,True,False,False,True,False,False,False,False,False,False,True,False,False,False,False,False,False,True,False,False,True,False
TX-02141,True,True,True,False,False,False,False,False,False,True,True,False,False,True,False,True,False,True,False,False,False,True,False,False,True,False,False,False,False,False,False,True,False,False,False,False,False,False,True,False,True,False,False
TX-02142,True,True,True,False,False,False,False,False,False,True,True,False,False,True,False,True,False,True,False,False,False,True,False,False,False,False,False,False,False,False,False,True,False,False,False,False,False,True,True,True,False,False,False
TX-02143,True,False,True,False,False,False,False,False,False,True,True,False,False,True,False,True,False,True,False,True,False,True,False,False,True,False,False,False,False,False,False,True,False,False,False,False,False,False,True,False,False,True,False
TX-02144,True,True,True,False,False,False,False,False,False,True,True,False,False,True,False,True,False,True,False,False,False,True,False,False,False,False,False,False,False,False,False,True,False,False,False,False,False,True,True,True,False,False,False
TX-02145,True,True,True,False,False,False,False,False,False,True,True,False,False,True,False,True,False,True,False,False,False,True,False,False,False,False,False,False,False,False,False,True,False,False,False,False,False,True,True,False,True,False,False
TX-02146,True,True,True,False,False,False,False,False,False,True,True,False,False,True,False,True,False,False,True,False,False,True,False,False,False,False,False,False,False,False,False,True,False,False,False,False,False,True,True,True,False,False,False
TX-02147,True,False,True,False,False,False,False,False,False,True,True,False,False,True,False,True,False,False,True,True,False,True,False,False,False,False,False,False,False,False,False,True,False,False,False,False,False,True,True,False,False,True,False
TX-02148,True,True,True,False,False,False,False,False,False,True,True,False,False,True,False,True,False,False,True,False,False,True,False,False,True,False,False,False,False,False,False,True,False,False,False,False,False,False,True,False,False,True,False
TX-02149,True,True,True,False,False,False,False,False,False,True,True,False,False,True,False,True,False,False,True,False,False,True,False,False,False,False,False,False,False,False,False,True,False,False,False,False,False,True,True,True,False,False,False
TX-02150,True,True,True,False,False,False,False,False,False,True,True,False,False,True,False,True,False,False,True,False,False,True,False,False,False,False,False,False,False,False,False,True,False,False,False,False,False,True,True,True,False,False,False
TX-02151,True,True,True,False,False,False,False,False,False,True,True,False,False,True,False,True,False,False,True,False,False,True,False,False,False,False,False,False,False,False,False,True,False,False,False,False,False,True,True,False,False,True,False
TX-02152,True,True,True,False,False,False,False,False,False,True,True,False,False,True,False,True,False,False,True,False,False,True,False,False,False,False,False,False,False,False,False,True,False,False,False,False,False,True,True,False,False,True,False
TX-02153,True,True,True,False,False,False,False,False,False,True,True,False,False,True,False,True,False,False,True,False,False,True,False,False,False,False,False,False,False,False,False,True,False,False,False,False,False,True,True,True,False,False,False
TX-02154,True,True,True,False,False,False,False,False,False,True,True,False,False,True,False,True,False,False,True,False,False,True,False,False,False,False,False,False,False,False,False,True,False,False,False,False,False,True,True,True,False,False,False
TX-02155,True,True,True,False,False,False,False,False,False,True,True,False,False,True,False,True,False,False,True,False,False,True,False,False,False,False,False,False,False,False,False,True,False,False,False,False,False,True,True,True,False,False,False
TX-02156,True,False,True,False,False,False,False,False,False,True,True,False,False,True,False,True,False,False,True,True,False,True,False,False,True,False,False,False,False,False,False,True,False,False,False,False,False,False,True,False,True,False,False
TX-02157,True,False,True,False,False,False,False,False,False,True,True,False,False,True,False,True,False,False,True,True,False,True,False,False,True,False,False,False,False,False,False,True,False,False,False,False,False,False,True,False,True,False,False
TX-02158,True,True,True,False,False,False,False,False,False,True,True,False,False,True,False,True,False,True,False,False,False,True,False,False,False,False,False,False,False,False,False,True,False,False,False,False,False,True,True,True,False,False,False
TX-02159,True,True,True,False,False,False,False,False,False,True,True,False,False,True,False,True,False,True,False,False,False,True,False,False,False,False,False,False,False,False,False,True,False,False,False,False,False,True,True,False,False,True,False
TX-02160,True,False,True,False,False,False,False,False,False,True,True,False,False,True,False,True,False,True,False,True,False,True,False,False,False,False,False,False,False,False,False,True,False,False,False,False,False,True,True,False,False,True,False
TX-02161,True,False,True,False,False,False,False,False,False,True,True,False,False,True,False,True,False,True,False,True,False,True,False,False,False,False,False,False,False,False,False,True,False,False,False,False,False,True,True,False,False,True,False
TX-02162,True,True,True,False,False,False,False,False,False,True,True,False,False,True,False,True,False,True,False,False,False,True,False,False,False,False,False,False,False,False,False,True,False,False,False,False,False,True,True,True,False,False,False
TX-02163,True,True,True,False,False,False,False,False,False,True,True,False,False,True,False,True,False,True,False,False,False,True,False,False,True,False,False,False,False,False,False,True,False,False,False,False,False,False,True,False,False,True,False
TX-02164,True,True,True,False,False,False,False,False,False,True,True,False,False,True,False,True,False,True,False,False,False,True,False,False,False,False,False,False,False,False,False,True,False,False,False,False,False,True,True,True,False,False,False
TX-02165,True,True,True,False,False,False,False,False,False,True,True,False,False,True,False,True,False,True,False,False,False,True,False,False,False,False,False,False,False,False,False,True,False,False,False,False,False,True,True,False,True,False,False
TX-02166,True,True,True,False,False,False,False,False,False,True,True,False,False,True,False,True,False,True,False,False,False,True,False,False,False,False,False,False,False,False,False,True,False,False,False,False,False,True,True,True,False,False,False
TX-02167,False,True,True,False,False,False,False,False,True,False,False,True,True,False,True,True,False,True,False,False,False,True,False,False,False,False,False,False,False,False,False,False,False,True,False,False,False,True,True,False,True,False,False
TX-02168,False,True,True,False,False,False,False,False,True,False,False,True,True,False,True,True,False,True,False,False,False,True,False,False,False,False,False,False,False,False,False,False,False,True,False,False,False,True,True,False,False,True,False
TX-02169,False,True,True,False,False,False,False,False,True,False,False,True,True,False,True,True,False,True,False,False,False,True,False,False,False,False,False,False,False,False,False,False,False,True,False,False,False,True,True,True,False,False,False
TX-02170,False,False,True,False,False,False,False,False,True,False,False,True,True,False,True,True,False,True,False,True,False,True,False,False,False,False,False,False,False,False,False,False,False,True,False,False,False,True,True,False,False,True,False
TX-02171,False,True,True,False,False,False,False,False,True,False,False,True,True,False,True,True,False,True,False,False,False,True,False,False,False,False,False,False,False,False,False,False,False,True,False,False,False,True,True,False,True,False,False
TX-02172,False,True,True,False,False,False,False,False,True,False,False,True,True,False,True,True,False,True,False,False,False,True,False,False,False,False,False,False,False,False,False,False,False,True,False,False,False,True,True,False,False,True,False
TX-02173,False,False,True,False,False,False,False,False,True,False,False,True,True,False,True,True,False,True,False,True,False,True,False,False,True,False,False,False,False,False,False,False,False,True,False,False,False,False,True,False,False,True,False
TX-02174,False,True,True,False,False,False,False,False,True,False,False,True,True,False,True,True,False,True,False,False,False,True,False,False,True,False,False,False,False,False,False,False,False,True,False,False,False,False,True,False,False,True,False
TX-02175,False,True,True,False,False,False,False,False,True,False,False,True,True,False,True,True,False,True,False,False,False,True,False,False,False,False,False,False,False,False,False,False,False,True,False,False,False,True,True,False,False,True,False
TX-02176,True,True,True,False,False,False,False,False,False,True,True,False,False,True,False,True,False,True,False,False,False,True,False,False,True,False,False,False,False,False,False,False,True,False,False,False,False,False,True,False,True,False,False
TX-02177,True,True,True,False,False,False,False,False,False,True,True,False,False,True,False,True,False,True,False,False,False,True,False,False,False,False,False,False,False,False,False,False,True,False,False,False,False,True,True,True,False,False,False
TX-02178,True,True,True,False,False,False,False,False,False,True,True,False,False,True,False,True,False,True,False,False,False,True,False,False,False,False,False,False,False,False,False,False,True,False,False,False,False,True,True,True,False,False,False
TX-02179,True,True,True,False,False,False,False,False,False,True,True,False,False,True,False,True,False,True,False,False,False,True,False,False,False,False,False,False,False,False,False,False,True,False,False,False,False,True,True,False,True,False,False
TX-02180,True,False,True,False,False,False,False,False,False,True,True,False,False,True,False,True,False,True,False,True,False,True,False,False,True,False,False,False,False,False,False,False,True,False,False,False,False,False,True,False,True,False,False
TX-02181,True,True,True,False,False,False,False,False,False,True,True,False,False,True,False,True,False,True,False,False,False,True,False,False,False,False,False,False,False,False,False,False,True,False,False,False,False,True,True,True,False,False,False
TX-02182,True,False,True,False,False,False,False,False,False,True,True,False,False,True,False,True,False,True,False,True,False,True,False,False,False,False,False,False,False,False,False,False,True,False,False,False,False,True,True,False,False,True,False
TX-02183,True,True,True,False,False,False,False,False,False,True,True,False,False,True,False,True,False,True,False,False,False,True,False,False,False,False,False,False,False,False,False,False,True,False,False,False,False,True,True,True,False,False,False
TX-02184,True,True,True,False,False,False,False,False,False,True,True,False,False,True,False,True,False,True,False,False,False,True,False,False,False,False,False,False,False,False,False,False,True,False,False,False,False,True,True,False,False,True,False
TX-02185,False,True,True,False,False,False,False,False,False,True,False,True,False,True,True,True,False,True,False,False,False,True,False,False,False,False,False,False,False,False,False,False,True,False,False,False,False,True,True,True,False,False,False
TX-02186,False,True,True,False,False,False,False,False,False,True,False,True,False,True,True,True,False,True,False,False,False,True,False,False,False,False,False,False,False,False,False,False,True,False,False,False,False,True,True,False,False,True,False
TX-02187,False,True,True,False,False,False,False,False,False,True,False,True,False,True,True,True,False,True,False,False,False,True,False,False,False,False,False,False,False,False,False,False,True,False,False,False,False,True,True,True,False,False,False
TX-02188,False,False,True,False,False,False,False,False,False,True,False,True,False,True,True,True,False,True,False,True,False,True,False,False,True,False,True,False,False,False,False,False,True,False,False,False,False,False,False,False,False,True,False
TX-02189,False,True,True,False,False,False,False,False,False,True,False,True,False,True,True,True,False,True,False,False,False,True,False,False,False,False,False,False,False,False,False,False,True,False,False,False,False,True,True,False,False,True,False
TX-02190,False,True,True,False,False,False,False,False,False,True,False,True,False,True,True,True,False,True,False,False,False,True,False,False,True,False,False,False,False,False,False,False,True,False,False,False,False,False,True,False,False,True,False
TX-02191,False,False,True,False,False,False,False,False,False,True,False,True,False,True,True,True,False,True,False,True,False,True,False,False,False,False,True,False,False,False,False,False,True,False,False,False,False,True,False,False,False,True,False
TX-02192,False,False,True,False,False,False,False,False,False,True,False,True,False,True,True,True,False,True,False,True,False,True,False,False,True,False,True,False,False,False,False,False,True,False,False,False,False,False,False,False,True,False,False
TX-02193,False,True,True,False,False,False,False,False,False,True,False,True,False,True,True,True,False,True,False,False,False,True,False,False,False,False,False,False,False,False,False,False,True,False,False,False,False,True,True,False,False,True,False
TX-02194,False,True,True,False,False,False,False,False,False,True,False,True,False,True,True,True,False,True,False,False,False,True,False,False,False,False,False,False,False,False,False,False,True,False,False,False,False,True,True,False,False,True,False
TX-02195,False,False,False,False,False,False,True,False,False,True,True,False,False,True,True,True,False,True,False,True,False,True,False,False,False,False,True,False,False,False,False,False,False,True,False,False,False,True,False,False,False,True,False
TX-02196,False,True,False,False,False,False,True,False,False,True,True,False,False,True,True,True,False,True,False,False,False,True,False,False,False,False,False,False,False,False,False,False,False,True,False,False,False,True,True,True,False,False,False
TX-02197,False,True,False,False,False,False,True,False,False,True,True,False,False,True,True,True,False,True,False,False,False,True,False,False,False,False,False,False,False,False,False,False,False,True,False,False,False,True,True,False,False,True,False
TX-02198,False,True,False,False,False,False,True,False,False,True,True,False,False,True,True,True,False,True,False,False,False,True,False,False,False,False,False,False,False,False,False,False,False,True,False,False,False,True,True,False,False,True,False
TX-02199,False,True,False,False,False,False,True,False,False,True,True,False,False,True,True,True,False,True,False,False,False,True,False,False,True,False,False,False,False,False,False,False,False,True,False,False,False,False,True,False,True,False,False
TX-02200,False,True,False,False,False,False,True,False,False,True,True,False,False,True,True,True,False,True,False,False,False,True,False,False,False,False,False,False,False,False,False,False,False,True,False,False,False,True,True,False,False,True,False
TX-02201,False,False,False,False,False,False,True,False,False,True,True,False,False,True,True,True,False,True,False,True,False,True,False,False,True,False,True,False,False,False,False,False,False,True,False,False,False,False,False,False,False,True,False
TX-02202,False,True,False,False,False,False,True,False,False,True,True,False,False,True,True,True,False,True,False,False,False,True,False,False,False,False,False,False,False,False,False,False,False,True,False,False,False,True,True,False,False,True,False
TX-02203,True,False,True,False,False,False,False,False,False,True,True,False,True,False,False,True,False,False,True,True,False,True,False,False,True,False,False,False,False,False,False,False,False,False,False,True,False,False,True,False,False,True,False
TX-02204,True,False,True,False,False,False,False,False,False,True,True,False,True,False,False,True,False,False,True,True,False,True,False,False,False,False,False,False,False,False,False,False,False,False,False,True,False,True,True,False,True,False,False
TX-02205,True,True,True,False,False,False,False,False,False,True,True,False,True,False,False,True,False,False,True,False,False,True,False,False,False,False,False,False,False,False,False,False,False,False,False,True,False,True,True,False,False,True,False
TX-02206,True,True,True,False,False,False,False,False,False,True,True,False,True,False,False,True,False,False,True,False,False,True,False,False,False,False,False,False,False,False,False,False,False,False,False,True,False,True,True,False,False,True,False
TX-02207,True,True,True,False,False,False,False,False,False,True,True,False,True,False,False,True,False,False,True,False,False,True,False,False,False,False,False,False,False,False,False,False,False,False,False,True,False,True,True,False,False,True,False
TX-02208,True,True,True,False,False,False,False,False,False,True,True,False,True,False,False,True,False,False,True,False,False,True,False,False,True,False,False,False,False,False,False,False,False,False,False,True,False,False,True,False,False,True,False
TX-02209,True,True,True,False,False,False,False,False,False,True,True,False,True,False,False,True,False,False,True,False,False,True,False,False,False,False,False,False,False,False,False,False,False,False,False,True,False,True,True,False,False,True,False
TX-02210,True,True,True,False,False,False,False,False,False,True,True,False,True,False,False,True,False,False,True,False,False,True,False,False,False,False,False,False,False,False,False,False,False,False,False,True,False,True,True,True,False,False,False
TX-02211,True,True,True,False,False,False,False,False,False,True,True,False,True,False,False,True,False,False,True,False,False,True,False,False,False,False,False,False,False,False,False,False,False,False,False,True,False,True,True,False,False,True,False
TX-02212,True,True,True,False,False,False,False,False,False,True,True,False,True,False,False,True,False,False,True,False,False,True,False,False,False,False,False,False,False,False,False,False,False,False,False,True,False,True,True,False,False,True,False
TX-02213,True,True,True,False,False,False,False,False,False,True,True,False,True,False,False,True,False,False,True,False,False,True,False,False,False,False,False,False,False,False,False,False,False,False,False,True,False,True,True,False,False,True,False
TX-02214,True,True,True,False,False,False,False,False,False,True,True,False,True,False,False,True,False,False,True,False,False,True,False,False,False,False,False,False,False,False,False,False,False,False,False,True,False,True,True,False,False,True,False
TX-02215,True,True,True,False,False,False,False,False,False,True,True,False,True,False,False,True,False,False,True,False,False,True,False,False,False,False,False,False,False,False,False,False,False,False,False,True,False,True,True,False,False,True,False
TX-02216,True,True,True,False,False,False,False,False,False,True,True,False,True,False,False,True,False,False,True,False,False,True,False,False,True,False,False,False,False,False,False,False,False,False,False,True,False,False,True,False,False,True,False
TX-02217,True,False,True,False,False,False,False,False,False,True,True,False,True,False,False,True,False,False,True,True,False,True,False,False,False,False,False,False,False,False,False,False,False,False,False,True,False,True,True,False,False,True,False
TX-02218,True,True,True,False,False,False,False,False,False,True,True,False,True,False,False,True,False,False,True,False,False,True,False,False,False,False,False,False,False,False,False,False,False,False,False,True,False,True,True,False,False,True,False
TX-02219,True,False,True,False,False,False,False,False,False,True,True,False,True,False,False,True,False,False,True,True,False,True,False,False,False,False,False,False,False,False,False,False,False,False,False,True,False,True,True,False,False,True,False
TX-02220,True,True,True,False,False,False,False,False,False,True,True,False,True,False,False,True,False,False,True,False,False,True,False,False,False,False,False,False,False,False,False,False,False,False,False,True,False,True,True,False,False,True,False
TX-02221,True,True,True,False,False,False,False,False,False,True,True,False,True,False,False,True,False,False,True,False,False,True,False,False,False,False,False,False,False,False,False,False,False,False,False,True,False,True,True,True,False,False,False
TX-02222,True,True,True,False,False,False,False,False,False,True,True,False,True,False,False,True,False,False,True,False,False,True,False,False,False,False,False,False,False,False,False,False,False,False,False,True,False,True,True,False,False,True,False
TX-02223,True,True,True,False,False,False,False,False,False,True,True,False,True,False,False,True,False,False,True,False,False,True,False,False,True,False,False,False,False,False,False,False,False,False,False,True,False,False,True,False,False,True,False
TX-02224,True,True,True,False,False,False,False,False,False,True,False,True,True,False,False,True,False,True,False,False,False,True,False,False,False,False,False,False,False,False,False,False,True,False,False,False,False,True,True,False,False,True,False
TX-02225,True,True,True,False,False,False,False,False,False,True,False,True,True,False,False,True,False,True,False,False,False,True,False,False,False,False,False,False,False,False,False,False,True,False,False,False,False,True,True,True,False,False,False
TX-02226,True,False,True,False,False,False,False,False,False,True,False,True,True,False,False,True,False,True,False,True,False,True,False,False,False,False,False,False,False,False,False,False,True,False,False,False,False,True,True,False,True,False,False
TX-02227,True,True,True,False,False,False,False,False,False,True,False,True,True,False,False,True,False,True,False,False,False,True,False,False,True,False,False,False,False,False,False,False,True,False,False,False,False,False,True,False,False,True,False
TX-02228,True,False,True,False,False,False,False,False,False,True,False,True,True,False,False,True,False,True,False,True,False,True,False,False,False,False,False,False,False,False,False,False,True,False,False,False,False,True,True,False,True,False,False
TX-02229,True,True,True,False,False,False,False,False,False,True,False,True,True,False,False,True,False,True,False,False,False,True,False,False,False,False,False,False,False,False,False,False,True,False,False,False,False,True,True,False,False,True,False
TX-02230,True,True,True,False,False,False,False,False,False,True,False,True,True,False,False,True,False,True,False,False,False,True,False,False,False,False,False,False,False,False,False,False,True,False,False,False,False,True,True,True,False,False,False
TX-02231,True,True,True,False,False,False,False,False,False,True,False,True,True,False,False,True,False,True,False,False,False,True,False,False,False,False,False,False,False,False,False,False,True,False,False,False,False,True,True,True,False,False,False
TX-02232,True,True,True,False,False,False,False,False,False,True,False,True,True,False,False,True,False,True,False,False,False,True,False,False,False,False,False,False,False,False,False,False,True,False,False,False,False,True,True,True,False,False,False
TX-02233,False,False,True,False,False,False,False,False,False,True,False,True,True,False,True,True,False,True,False,True,False,True,False,False,True,False,True,False,False,False,False,False,False,True,False,False,False,False,False,False,True,False,False
TX-02234,False,True,True,False,False,False,False,False,False,True,False,True,True,False,True,True,False,True,False,False,False,True,False,False,False,False,False,False,False,False,False,False,False,True,False,False,False,True,True,True,False,False,False
TX-02235,False,True,True,False,False,False,False,False,False,True,False,True,True,False,True,True,False,True,False,False,False,True,False,False,False,False,False,False,False,False,False,False,False,True,False,False,False,True,True,False,False,True,False
TX-02236,False,False,False,False,False,False,True,False,False,True,False,True,False,True,True,True,False,False,True,True,False,True,False,False,False,False,True,False,False,False,False,False,False,False,True,False,False,True,False,False,False,True,False
TX-02237,False,True,False,False,False,False,True,False,False,True,False,True,False,True,True,True,False,False,True,False,False,True,False,False,False,False,False,False,False,False,False,False,False,False,True,False,False,True,True,False,True,False,False
TX-02238,False,True,False,False,False,False,True,False,False,True,False,True,False,True,True,True,False,False,True,False,False,True,False,False,False,False,False,False,False,False,False,False,False,False,True,False,False,True,True,True,False,False,False
TX-02239,False,True,False,False,False,False,True,False,False,True,False,True,False,True,True,True,False,False,True,False,False,True,False,False,False,False,False,False,False,False,False,False,False,False,True,False,False,True,True,False,False,True,False
TX-02240,False,True,False,False,False,False,True,False,False,True,False,True,False,True,True,True,False,False,True,False,False,True,False,False,False,False,False,False,False,False,False,False,False,False,True,False,False,True,True,False,False,True,False
TX-02241,False,False,False,False,False,False,True,False,False,True,False,True,False,True,True,True,False,False,True,True,False,True,False,False,False,False,True,False,False,False,False,False,False,False,True,False,False,True,False,False,True,False,False
TX-02242,False,True,False,False,False,False,True,False,False,True,False,True,False,True,True,True,False,False,True,False,False,True,False,False,False,False,False,False,False,False,False,False,False,False,True,False,False,True,True,True,False,False,False
TX-02243,False,True,False,False,False,False,True,False,False,True,False,True,False,True,True,True,False,False,True,False,False,True,False,False,False,False,False,False,False,False,False,False,False,False,True,False,False,True,True,True,False,False,False
TX-02244,False,True,False,False,False,False,True,False,False,True,False,True,False,True,True,True,False,False,True,False,False,True,False,False,True,False,False,False,False,False,False,False,False,False,True,False,False,False,True,False,False,True,False
TX-02245,False,True,False,False,False,False,True,False,False,True,False,True,False,True,True,True,False,False,True,False,False,True,False,False,False,False,False,False,False,False,False,False,False,False,True,False,False,True,True,False,False,True,False
TX-02246,True,True,True,False,False,False,False,False,True,False,False,True,True,False,False,True,False,True,False,False,False,True,False,False,False,False,False,False,True,False,False,False,False,False,False,False,False,True,True,False,False,True,False
TX-02247,True,True,True,False,False,False,False,False,True,False,False,True,True,False,False,True,False,True,False,False,False,True,False,False,False,False,False,False,True,False,False,False,False,False,False,False,False,True,True,False,False,True,False
TX-02248,True,False,True,False,False,False,False,False,True,False,False,True,True,False,False,True,False,True,False,True,False,True,False,False,True,False,False,False,True,False,False,False,False,False,False,False,False,False,True,False,True,False,False
TX-02249,True,True,True,False,False,False,False,False,True,False,False,True,True,False,False,True,False,True,False,False,False,True,False,False,False,False,False,False,True,False,False,False,False,False,False,False,False,True,True,False,False,True,False
TX-02250,False,True,True,False,False,False,False,False,True,False,False,True,True,False,True,True,False,True,False,False,False,True,False,False,False,False,False,False,False,False,False,False,False,False,True,False,False,True,True,False,False,True,False
TX-02251,False,True,True,False,False,False,False,False,True,False,False,True,True,False,True,True,False,True,False,False,False,True,False,False,False,False,False,False,False,False,False,False,False,False,True,False,False,True,True,False,False,True,False
TX-02252,False,False,True,False,False,False,False,False,True,False,False,True,True,False,True,True,False,True,False,True,False,True,False,False,False,False,False,False,False,False,False,False,False,False,True,False,False,True,True,False,False,True,False
TX-02253,False,False,True,False,False,False,False,False,True,False,False,True,True,False,True,True,False,True,False,True,False,True,False,False,False,False,False,False,False,False,False,False,False,False,True,False,False,True,True,False,False,True,False
TX-02254,False,True,True,False,False,False,False,False,True,False,False,True,True,False,True,True,False,True,False,False,False,True,False,False,False,False,False,False,False,False,False,False,False,False,True,False,False,True,True,True,False,False,False
TX-02255,False,True,True,False,False,False,False,False,True,False,False,True,True,False,True,True,False,True,False,False,False,True,False,False,False,False,False,False,False,False,False,False,False,False,True,False,False,True,True,False,False,True,False
TX-02256,True,True,False,False,True,False,False,False,True,False,False,True,True,False,False,True,False,True,False,False,False,True,False,False,False,False,False,False,False,False,False,False,False,False,True,False,False,True,True,True,False,False,False
TX-02257,True,True,False,False,True,False,False,False,True,False,False,True,True,False,False,True,False,True,False,False,False,True,False,False,False,False,False,False,False,False,False,False,False,False,True,False,False,True,True,True,False,False,False
TX-02258,True,False,False,False,True,False,False,False,True,False,False,True,True,False,False,True,False,True,False,True,False,True,False,False,False,False,False,False,False,False,False,False,False,False,True,False,False,True,True,False,False,True,False
TX-02259,True,True,False,False,True,False,False,False,True,False,False,True,True,False,False,True,False,True,False,False,False,True,False,False,False,False,False,False,False,False,False,False,False,False,True,False,False,True,True,False,False,True,False
TX-02260,True,False,False,False,True,False,False,False,True,False,False,True,True,False,False,True,False,True,False,True,False,True,False,False,True,False,False,False,False,False,False,False,False,False,True,False,False,False,True,False,True,False,False
TX-02261,False,True,False,False,False,False,True,True,False,False,True,False,False,True,True,True,False,False,True,False,False,True,False,False,False,False,False,False,False,False,False,True,False,False,False,False,False,True,True,False,True,False,False
TX-02262,False,True,False,False,False,False,True,True,False,False,True,False,False,True,True,True,False,False,True,False,False,True,False,False,False,False,False,False,False,False,False,True,False,False,False,False,False,True,True,False,True,False,False
TX-02263,False,True,False,False,False,False,True,True,False,False,True,False,False,True,True,True,False,False,True,False,False,True,False,False,False,False,False,False,False,False,False,True,False,False,False,False,False,True,True,False,False,True,False
TX-02264,False,False,False,False,False,False,True,True,False,False,True,False,False,True,True,True,False,False,True,True,False,True,False,False,True,False,True,False,False,False,False,True,False,False,False,False,False,False,False,False,False,True,False
TX-02265,False,False,False,False,False,False,True,True,False,False,True,False,False,True,True,True,False,False,True,True,False,True,False,False,False,False,True,False,False,False,False,True,False,False,False,False,False,True,False,False,False,True,False
TX-02266,False,True,False,False,False,False,True,True,False,False,True,False,False,True,True,True,False,False,True,False,False,True,False,False,False,False,False,False,False,False,False,True,False,False,False,False,False,True,True,False,False,True,False
TX-02267,False,True,False,False,False,False,True,True,False,False,True,False,False,True,True,True,False,False,True,False,False,True,False,False,False,False,False,False,False,False,False,True,False,False,False,False,False,True,True,True,False,False,False
TX-02268,False,True,False,False,False,False,True,True,False,False,True,False,False,True,True,True,False,False,True,False,False,True,False,False,False,False,False,False,False,False,False,True,False,False,False,False,False,True,True,False,False,True,False
TX-02269,False,True,False,False,False,False,True,True,False,False,True,False,False,True,True,True,False,False,True,False,False,True,False,False,False,False,False,False,False,False,False,True,False,False,False,False,False,True,True,False,True,False,False
TX-02270,False,False,False,False,False,False,True,True,False,False,True,False,False,True,True,True,False,False,True,True,False,True,False,False,False,False,True,False,False,False,False,True,False,False,False,False,False,True,False,False,False,True,False
TX-02271,False,True,False,False,False,False,True,True,False,False,True,False,False,True,True,True,False,False,True,False,False,True,False,False,False,False,False,False,False,False,False,True,False,False,False,False,False,True,True,False,False,True,False
TX-02272,False,True,False,False,False,False,True,True,False,False,True,False,False,True,True,True,False,False,True,False,False,True,False,False,False,False,False,False,False,False,False,True,False,False,False,False,False,True,True,True,False,False,False
TX-02273,False,True,False,False,False,False,True,True,False,False,True,False,False,True,True,True,False,False,True,False,False,True,False,False,True,False,False,False,False,False,False,True,False,False,False,False,False,False,True,False,False,True,False
TX-02274,False,True,False,False,False,False,True,True,False,False,True,False,False,True,True,True,False,False,True,False,False,True,False,False,True,False,False,False,False,False,False,True,False,False,False,False,False,False,True,False,True,False,False
TX-02275,False,True,False,False,False,False,True,True,False,False,True,False,False,True,True,True,False,False,True,False,False,True,False,False,False,False,False,False,False,False,False,True,False,False,False,False,False,True,True,False,False,True,False
TX-02276,False,False,False,False,False,False,True,True,False,False,True,False,False,True,True,True,False,False,True,True,False,True,False,False,True,False,True,False,False,False,False,True,False,False,False,False,False,False,False,False,True,False,False
TX-02277,False,False,False,False,False,False,True,True,False,False,True,False,False,True,True,True,False,False,True,True,False,True,False,False,True,False,True,False,False,False,False,True,False,False,False,False,False,False,False,False,True,False,False
TX-02278,False,True,False,False,False,False,True,True,False,False,True,False,False,True,True,True,False,False,True,False,False,True,False,False,False,False,False,False,False,False,False,True,False,False,False,False,False,True,True,False,False,True,False
TX-02279,False,True,False,False,False,False,True,True,False,False,True,False,False,True,True,True,False,True,False,False,False,True,False,False,False,False,False,False,False,False,False,True,False,False,False,False,False,True,True,False,True,False,False
TX-02280,False,False,False,False,False,False,True,True,False,False,True,False,False,True,True,True,False,True,False,True,False,True,False,False,True,False,True,False,False,False,False,True,False,False,False,False,False,False,False,False,True,False,False
TX-02281,False,True,False,False,False,False,True,True,False,False,True,False,False,True,True,True,False,True,False,False,False,True,False,False,False,False,False,False,False,False,False,True,False,False,False,False,False,True,True,True,False,False,False
TX-02282,False,True,False,False,False,False,True,True,False,False,True,False,False,True,True,True,False,True,False,False,False,True,False,False,True,False,False,False,False,False,False,True,False,False,False,False,False,False,True,False,False,True,False
TX-02283,False,True,False,False,False,False,True,True,False,False,True,False,False,True,True,True,False,True,False,False,False,True,False,False,False,False,False,False,False,False,False,True,False,False,False,False,False,True,True,False,False,True,False
TX-02284,False,True,False,False,False,False,True,True,False,False,True,False,False,True,True,True,False,True,False,False,False,True,False,False,False,False,False,False,False,False,False,True,False,False,False,False,False,True,True,True,False,False,False
TX-02285,False,True,False,False,False,False,True,True,False,False,True,False,False,True,True,True,False,True,False,False,False,True,False,False,False,False,False,False,False,False,False,True,False,False,False,False,False,True,True,True,False,False,False
TX-02286,False,False,False,False,False,False,True,True,False,False,True,False,False,True,True,True,False,True,False,True,False,True,False,False,True,False,True,False,False,False,False,True,False,False,False,False,False,False,False,False,False,True,False
TX-02287,False,False,False,False,False,False,True,False,True,False,False,True,True,False,True,True,False,True,False,True,False,True,False,False,False,False,False,False,False,False,False,False,False,False,True,False,False,True,True,False,False,True,False
TX-02288,False,True,False,False,False,False,True,False,True,False,False,True,True,False,True,True,False,True,False,False,False,True,False,False,False,False,False,False,False,False,False,False,False,False,True,False,False,True,True,False,True,False,False
TX-02289,False,True,False,False,False,False,True,False,True,False,False,True,True,False,True,True,False,True,False,False,False,True,False,False,False,False,False,False,False,False,False,False,False,False,True,False,False,True,True,True,False,False,False
TX-02290,False,False,False,False,False,False,True,False,True,False,False,True,True,False,True,True,False,True,False,True,False,True,False,False,False,False,False,False,False,False,False,False,False,False,True,False,False,True,True,False,True,False,False
TX-02291,False,True,False,False,False,False,True,False,True,False,False,True,True,False,True,True,False,True,False,False,False,True,False,False,False,False,False,False,False,False,False,False,False,False,True,False,False,True,True,False,False,True,False
TX-02292,True,True,True,False,False,False,False,False,False,True,False,True,True,False,False,True,False,True,False,False,False,False,True,False,False,False,False,False,False,False,False,False,True,False,False,False,False,True,True,True,False,False,False
TX-02293,True,True,True,False,False,False,False,False,False,True,False,True,True,False,False,True,False,True,False,False,False,False,True,False,False,False,False,False,False,False,False,False,True,False,False,False,False,True,True,False,False,True,False
TX-02294,True,False,True,False,False,False,False,False,False,True,False,True,True,False,False,True,False,True,False,True,False,False,True,False,False,False,False,False,False,False,False,False,True,False,False,False,False,True,True,False,False,True,False
TX-02295,True,False,True,False,False,False,False,False,False,True,False,True,True,False,False,True,False,True,False,True,False,False,True,False,False,False,False,False,False,False,False,False,True,False,False,False,False,True,True,False,False,True,False
TX-02296,True,True,True,False,False,False,False,False,False,True,False,True,True,False,False,True,False,True,False,False,False,False,True,False,False,False,False,False,False,False,False,False,True,False,False,False,False,True,True,False,False,True,False
TX-02297,True,True,True,False,False,False,False,False,False,True,False,True,True,False,False,True,False,True,False,False,False,False,True,False,False,False,False,False,False,False,False,False,True,False,False,False,False,True,True,False,False,True,False
TX-02298,True,True,True,False,False,False,False,False,False,True,False,True,False,True,False,False,False,True,False,False,False,False,True,False,False,True,False,False,False,False,True,False,False,False,False,False,False,True,True,False,False,True,False
TX-02299,True,True,True,False,False,False,False,False,False,True,False,True,False,True,False,False,False,True,False,False,False,False,True,False,False,True,False,False,False,False,True,False,False,False,False,False,False,True,True,False,False,True,False
TX-02300,True,False,True,False,False,False,False,False,False,True,False,True,False,True,False,False,False,True,False,True,False,False,True,False,False,True,False,False,False,False,True,False,False,False,False,False,False,True,True,False,False,True,False
TX-02301,True,False,True,False,False,False,False,False,False,True,False,True,False,True,False,False,False,True,False,True,False,False,True,False,False,True,False,False,False,False,True,False,False,False,False,False,False,True,True,False,True,False,False
TX-02302,True,True,True,False,False,False,False,False,False,True,False,True,False,True,False,False,False,True,False,False,False,False,True,False,False,True,False,False,False,False,True,False,False,False,False,False,False,True,True,True,False,False,False
TX-02303,True,False,True,False,False,False,False,False,False,True,False,True,False,True,False,False,False,True,False,True,False,False,True,False,False,True,False,False,False,False,True,False,False,False,False,False,False,True,True,False,True,False,False
TX-02304,True,True,True,False,False,False,False,False,False,True,False,True,False,True,False,False,False,True,False,False,False,False,True,False,False,True,False,False,False,False,True,False,False,False,False,False,False,True,True,True,False,False,False
TX-02305,True,True,True,False,False,False,False,False,False,True,False,True,False,True,False,False,False,True,False,False,False,False,True,False,False,True,False,False,False,False,True,False,False,False,False,False,False,True,True,False,False,True,False
TX-02306,True,True,True,False,False,False,False,False,False,True,False,True,False,True,False,False,False,True,False,False,False,False,True,False,False,True,False,False,False,False,True,False,False,False,False,False,False,True,True,True,False,False,False
TX-02307,True,False,True,False,False,False,False,False,False,True,False,True,False,True,False,False,False,True,False,True,False,False,True,False,False,True,False,False,False,False,True,False,False,False,False,False,False,True,True,False,True,False,False
TX-02308,True,True,True,False,False,False,False,False,False,True,False,True,False,True,False,False,False,True,False,False,False,False,True,False,False,True,False,False,False,False,True,False,False,False,False,False,False,True,True,False,False,True,False
TX-02309,True,False,True,False,False,False,False,False,False,True,False,True,False,True,False,False,False,True,False,True,False,False,True,False,False,True,False,False,False,False,True,False,False,False,False,False,False,True,True,False,True,False,False
TX-02310,True,True,True,False,False,False,False,False,False,True,False,True,False,True,False,False,False,True,False,False,False,False,True,False,False,True,False,False,False,False,True,False,False,False,False,False,False,True,True,False,False,True,False
TX-02311,True,False,True,False,False,False,False,False,False,True,False,True,False,True,False,False,False,True,False,True,False,False,True,False,False,True,False,False,False,False,True,False,False,False,False,False,False,True,True,False,True,False,False
TX-02312,True,True,True,False,False,False,False,False,False,True,True,False,False,True,False,False,False,False,True,False,False,False,True,False,False,True,False,False,False,False,False,True,False,False,False,False,False,True,True,True,False,False,False
TX-02313,True,False,True,False,False,False,False,False,False,True,True,False,False,True,False,False,False,False,True,True,False,False,True,False,False,True,False,False,False,False,False,True,False,False,False,False,False,True,True,False,True,False,False
TX-02314,True,False,True,False,False,False,False,False,False,True,True,False,False,True,False,False,False,False,True,True,False,False,True,False,False,True,False,False,False,False,False,True,False,False,False,False,False,True,True,False,False,True,False
TX-02315,True,False,True,False,False,False,False,False,False,True,True,False,False,True,False,False,False,False,True,True,False,False,True,False,False,True,False,False,False,False,False,True,False,False,False,False,False,True,True,False,True,False,False
TX-02316,True,True,True,False,False,False,False,False,False,True,True,False,False,True,False,False,False,False,True,False,False,False,True,False,False,True,False,False,False,False,False,True,False,False,False,False,False,True,True,True,False,False,False
TX-02317,True,True,True,False,False,False,False,False,False,True,True,False,False,True,False,False,False,False,True,False,False,False,True,False,False,True,False,False,False,False,False,True,False,False,False,False,False,True,True,False,False,True,False
TX-02318,True,False,True,False,False,False,False,False,False,True,True,False,False,True,False,False,False,False,True,True,False,False,True,False,False,True,False,False,False,False,False,True,False,False,False,False,False,True,True,False,True,False,False
TX-02319,True,False,True,False,False,False,False,False,False,True,True,False,False,True,False,False,False,False,True,True,False,False,True,False,False,True,False,False,False,False,False,True,False,False,False,False,False,True,True,False,False,True,False
TX-02320,True,True,True,False,False,False,False,False,False,True,True,False,False,True,False,False,False,False,True,False,False,False,True,False,False,True,False,False,False,False,False,True,False,False,False,False,False,True,True,False,False,True,False
TX-02321,True,True,True,False,False,False,False,False,False,True,True,False,False,True,False,False,False,False,True,False,False,False,True,False,False,True,False,False,False,False,False,True,False,False,False,False,False,True,True,False,False,True,False
TX-02322,True,True,True,False,False,False,False,False,False,True,True,False,False,True,False,False,False,False,True,False,False,False,True,False,False,True,False,False,False,False,False,True,False,False,False,False,False,True,True,True,False,False,False
TX-02323,True,True,True,False,False,False,False,False,False,True,True,False,False,True,False,False,False,False,True,False,False,False,True,False,False,True,False,False,False,False,False,True,False,False,False,False,False,True,True,False,False,True,False
TX-02324,True,True,True,False,False,False,False,False,False,True,True,False,False,True,False,False,False,False,True,False,False,False,True,False,False,True,False,False,False,False,False,True,False,False,False,False,False,True,True,False,False,True,False
TX-02325,True,True,True,False,False,False,False,False,False,True,True,False,False,True,False,False,False,True,False,False,False,False,True,False,False,True,False,False,False,False,False,True,False,False,False,False,False,True,True,True,False,False,False
TX-02326,True,True,True,False,False,False,False,False,False,True,True,False,False,True,False,False,False,True,False,False,False,False,True,False,False,True,False,False,False,False,False,True,False,False,False,False,False,True,True,True,False,False,False
TX-02327,True,False,True,False,False,False,False,False,False,True,True,False,False,True,False,False,False,True,False,True,False,False,True,False,False,True,False,False,False,False,False,True,False,False,False,False,False,True,True,True,False,False,False
TX-02328,True,True,True,False,False,False,False,False,False,True,True,False,False,True,False,False,False,True,False,False,False,False,True,False,False,True,False,False,False,False,False,True,False,False,False,False,False,True,True,False,False,True,False
TX-02329,True,False,True,False,False,False,False,False,False,True,True,False,False,True,False,False,False,True,False,True,False,False,True,False,False,True,False,False,False,False,False,True,False,False,False,False,False,True,True,False,False,True,False
TX-02330,True,False,True,False,False,False,False,False,False,True,True,False,False,True,False,False,False,True,False,True,False,False,True,False,False,True,False,False,False,False,False,True,False,False,False,False,False,True,True,False,False,True,False
TX-02331,True,True,True,False,False,False,False,False,False,True,True,False,False,True,False,False,False,True,False,False,False,False,True,False,False,True,False,False,False,False,False,True,False,False,False,False,False,True,True,True,False,False,False
TX-02332,True,True,True,False,False,False,False,False,False,True,True,False,False,True,False,False,False,True,False,False,False,False,True,False,False,True,False,False,False,False,False,True,False,False,False,False,False,True,True,False,True,False,False
TX-02333,True,False,True,False,False,False,False,False,False,True,True,False,False,True,False,False,False,True,False,True,False,False,True,False,False,True,False,False,False,False,False,True,False,False,False,False,False,True,True,False,True,False,False
TX-02334,True,True,True,False,False,False,False,False,False,True,True,False,False,True,False,False,False,True,False,False,False,False,True,False,False,True,False,False,False,False,False,True,False,False,False,False,False,True,True,False,False,True,False
TX-02335,True,False,True,False,False,False,False,False,False,True,True,False,False,True,False,True,False,False,True,True,False,False,True,False,False,False,False,True,False,False,False,False,False,False,False,False,False,True,True,False,True,False,False
TX-02336,True,True,True,False,False,False,False,False,False,True,True,False,False,True,False,True,False,False,True,False,False,False,True,False,False,False,False,True,False,False,False,False,False,False,False,False,False,True,True,True,False,False,False
TX-02337,True,False,True,False,False,False,False,False,False,True,True,False,False,True,False,True,False,False,True,True,False,False,True,False,False,False,False,True,False,False,False,False,False,False,False,False,False,True,True,False,False,True,False
TX-02338,True,False,True,False,False,False,False,False,False,True,True,False,False,True,False,True,False,False,True,True,False,False,True,False,False,False,False,True,False,False,False,False,False,False,False,False,False,True,True,False,True,False,False
TX-02339,True,True,True,False,False,False,False,False,False,True,True,False,False,True,False,True,False,False,True,False,False,False,True,False,False,False,False,True,False,False,False,False,False,False,False,False,False,True,True,False,False,True,False
TX-02340,True,False,True,False,False,False,False,False,False,True,True,False,False,True,False,True,False,False,True,True,False,False,True,False,False,False,False,True,False,False,False,False,False,False,False,False,False,True,True,False,False,True,False
TX-02341,True,True,True,False,False,False,False,False,False,True,True,False,False,True,False,True,False,False,True,False,False,False,True,False,False,False,False,True,False,False,False,False,False,False,False,False,False,True,True,True,False,False,False
TX-02342,True,True,True,False,False,False,False,False,False,True,True,False,False,True,False,True,False,False,True,False,False,False,True,False,False,False,False,True,False,False,False,False,False,False,False,False,False,True,True,False,False,True,False
TX-02343,True,False,True,False,False,False,False,False,False,True,True,False,False,True,False,True,False,False,True,True,False,False,True,False,False,False,False,True,False,False,False,False,False,False,False,False,False,True,True,False,False,True,False
TX-02344,True,True,True,False,False,False,False,False,False,True,True,False,False,True,False,True,False,False,True,False,False,False,True,False,False,False,False,True,False,False,False,False,False,False,False,False,False,True,True,False,False,True,False
TX-02345,True,True,True,False,False,False,False,False,False,True,True,False,False,True,False,True,False,False,True,False,False,False,True,False,False,False,False,True,False,False,False,False,False,False,False,False,False,True,True,False,False,True,False
TX-02346,True,True,True,False,False,False,False,False,False,True,True,False,False,True,False,True,False,False,True,False,False,False,True,False,False,False,False,True,False,False,False,False,False,False,False,False,False,True,True,True,False,False,False
TX-02347,True,True,True,False,False,False,False,False,False,True,True,False,False,True,False,True,False,False,True,False,False,False,True,False,False,False,False,True,False,False,False,False,False,False,False,False,False,True,True,True,False,False,False
TX-02348,True,False,True,False,False,False,False,False,False,True,True,False,False,True,False,True,False,False,True,True,False,False,True,False,False,False,False,True,False,False,False,False,False,False,False,False,False,True,True,False,False,True,False
TX-02349,True,True,True,False,False,False,False,False,False,True,True,False,False,True,False,True,False,False,True,False,False,False,True,False,False,False,False,True,False,False,False,False,False,False,False,False,False,True,True,True,False,False,False
TX-02350,True,True,True,False,False,False,False,False,False,True,True,False,False,True,False,True,False,False,True,False,False,False,True,False,False,False,False,True,False,False,False,False,False,False,False,False,False,True,True,False,False,True,False
TX-02351,True,True,True,False,False,False,False,False,False,True,True,False,False,True,False,True,False,False,True,False,False,False,True,False,False,False,False,True,False,False,False,False,False,False,False,False,False,True,True,False,False,True,False
TX-02352,True,False,True,False,False,False,False,False,False,True,True,False,False,True,False,True,False,False,True,True,False,False,True,False,False,False,False,True,False,False,False,False,False,False,False,False,False,True,True,False,False,True,False
TX-02353,True,True,True,False,False,False,False,False,False,True,True,False,False,True,False,True,False,False,True,False,False,False,True,False,False,False,False,True,False,False,False,False,False,False,False,False,False,True,True,False,False,True,False
TX-02354,True,True,True,False,False,False,False,False,False,True,True,False,False,True,False,True,False,False,True,False,False,False,True,False,False,False,False,True,False,False,False,False,False,False,False,False,False,True,True,False,False,True,False
TX-02355,True,True,True,False,False,False,False,False,False,True,True,False,False,True,False,True,False,False,True,False,False,False,True,False,False,False,False,True,False,False,False,False,False,False,False,False,False,True,True,False,True,False,False
TX-02356,True,False,True,False,False,False,False,False,False,True,True,False,False,True,False,True,False,False,True,True,False,False,True,False,False,False,False,True,False,False,False,False,False,False,False,False,False,True,True,False,True,False,False
TX-02357,True,False,True,False,False,False,False,False,False,True,True,False,False,True,False,True,False,False,True,True,False,False,True,False,False,False,False,True,False,False,False,False,False,False,False,False,False,True,True,False,False,True,False
TX-02358,True,True,True,False,False,False,False,False,False,True,True,False,False,True,False,True,False,False,True,False,False,False,True,False,False,False,False,True,False,False,False,False,False,False,False,False,False,True,True,True,False,False,False
TX-02359,True,False,True,False,False,False,False,False,False,True,True,False,False,True,False,True,False,False,True,True,False,False,True,False,False,False,False,True,False,False,False,False,False,False,False,False,False,True,True,False,False,True,False
TX-02360,True,True,True,False,False,False,False,False,False,True,True,False,False,True,False,True,False,False,True,False,False,False,True,False,False,False,False,True,False,False,False,False,False,False,False,False,False,True,True,False,True,False,False
TX-02361,True,False,True,False,False,False,False,False,False,True,True,False,False,True,False,True,False,False,True,True,False,False,True,False,False,False,False,True,False,False,False,False,False,False,False,False,False,True,True,False,True,False,False
TX-02362,True,True,True,False,False,False,False,False,False,True,True,False,False,True,False,True,False,False,True,False,False,False,True,False,False,False,False,True,False,False,False,False,False,False,False,False,False,True,True,False,True,False,False
TX-02363,True,False,True,False,False,False,False,False,False,True,True,False,False,True,False,True,False,False,True,True,False,False,True,False,False,False,False,True,False,False,False,False,False,False,False,False,False,True,True,False,False,True,False
TX-02364,True,True,True,False,False,False,False,False,False,True,True,False,False,True,False,True,False,False,True,False,False,False,True,False,False,False,False,True,False,False,False,False,False,False,False,False,False,True,True,False,True,False,False
TX-02365,True,True,True,False,False,False,False,False,False,True,True,False,False,True,False,True,False,False,True,False,False,False,True,False,False,False,False,True,False,False,False,False,False,False,False,False,False,True,True,True,False,False,False
TX-02366,True,True,True,False,False,False,False,False,False,True,True,False,False,True,False,True,False,False,True,False,False,False,True,False,False,False,False,True,False,False,False,False,False,False,False,False,False,True,True,True,False,False,False
TX-02367,True,False,True,False,False,False,False,False,False,True,True,False,False,True,False,True,False,False,True,True,False,False,True,False,False,False,False,True,False,False,False,False,False,False,False,False,False,True,True,False,False,True,False
TX-02368,True,False,True,False,False,False,False,False,False,True,True,False,False,True,False,True,False,False,True,True,False,False,True,False,False,False,False,True,False,False,False,False,False,False,False,False,False,True,True,False,False,True,False
TX-02369,True,True,True,False,False,False,False,False,False,True,True,False,False,True,False,True,False,False,True,False,False,False,True,False,False,False,False,True,False,False,False,False,False,False,False,False,False,True,True,False,False,True,False
TX-02370,True,True,True,False,False,False,False,False,False,True,True,False,False,True,False,True,False,False,True,False,False,False,True,False,False,False,False,True,False,False,False,False,False,False,False,False,False,True,True,True,False,False,False
TX-02371,True,True,True,False,False,False,False,False,False,True,True,False,False,True,False,True,False,False,True,False,False,False,True,False,False,False,False,True,False,False,False,False,False,False,False,False,False,True,True,True,False,False,False
TX-02372,True,True,True,False,False,False,False,False,False,True,True,False,False,True,False,True,False,False,True,False,False,False,True,False,False,False,False,True,False,False,False,False,False,False,False,False,False,True,True,True,False,False,False
TX-02373,True,True,True,False,False,False,False,False,False,True,True,False,False,True,False,True,False,False,True,False,False,False,True,False,False,False,False,True,False,False,False,False,False,False,False,False,False,True,True,False,True,False,False
TX-02374,True,True,True,False,False,False,False,False,False,True,True,False,False,True,False,True,False,False,True,False,False,False,True,False,False,False,False,True,False,False,False,False,False,False,False,False,False,True,True,False,False,True,False
TX-02375,True,True,True,False,False,False,False,False,False,True,True,False,False,True,False,True,False,False,True,False,False,False,True,False,False,False,False,True,False,False,False,False,False,False,False,False,False,True,True,False,False,True,False
TX-02376,True,True,True,False,False,False,False,False,False,True,True,False,False,True,False,True,False,False,True,False,False,False,True,False,False,False,False,True,False,False,False,False,False,False,False,False,False,True,True,False,False,True,False
TX-02377,True,False,True,False,False,False,False,False,False,True,True,False,False,True,False,True,False,False,True,True,False,False,True,False,False,False,False,True,False,False,False,False,False,False,False,False,False,True,True,False,False,True,False
TX-02378,True,True,True,False,False,False,False,False,False,True,True,False,False,True,False,True,False,False,True,False,False,False,True,False,False,False,False,True,False,False,False,False,False,False,False,False,False,True,True,False,False,True,False
TX-02379,True,False,True,False,False,False,False,False,False,True,True,False,False,True,False,True,False,False,True,True,False,False,True,False,False,False,False,True,False,False,False,False,False,False,False,False,False,True,True,False,True,False,False
TX-02380,True,False,True,False,False,False,False,False,False,True,True,False,False,True,False,True,False,False,True,True,False,False,True,False,False,False,False,True,False,False,False,False,False,False,False,False,False,True,True,False,False,True,False
TX-02381,True,True,True,False,False,False,False,False,False,True,True,False,False,True,False,True,False,False,True,False,False,False,True,False,False,False,False,True,False,False,False,False,False,False,False,False,False,True,True,False,True,False,False
TX-02382,True,True,True,False,False,False,False,False,False,True,True,False,False,True,False,True,False,False,True,False,False,False,True,False,False,False,False,True,False,False,False,False,False,False,False,False,False,True,True,False,True,False,False
TX-02383,True,True,True,False,False,False,False,False,False,True,True,False,False,True,False,True,False,False,True,False,False,False,True,False,False,False,False,True,False,False,False,False,False,False,False,False,False,True,True,False,True,False,False
TX-02384,True,True,True,False,False,False,False,False,False,True,True,False,False,True,False,True,False,False,True,False,False,False,True,False,False,False,False,True,False,False,False,False,False,False,False,False,False,True,True,True,False,False,False
TX-02385,True,False,True,False,False,False,False,False,False,True,True,False,False,True,False,True,False,False,True,True,False,False,True,False,False,False,False,True,False,False,False,False,False,False,False,False,False,True,True,False,False,True,False
TX-02386,True,False,True,False,False,False,False,False,False,True,True,False,False,True,False,True,False,False,True,True,False,False,True,False,False,False,False,True,False,False,False,False,False,False,False,False,False,True,True,False,False,True,False
TX-02387,True,True,True,False,False,False,False,False,False,True,True,False,False,True,False,True,False,False,True,False,False,False,True,False,False,False,False,True,False,False,False,False,False,False,False,False,False,True,True,True,False,False,False
TX-02388,True,False,True,False,False,False,False,False,False,True,True,False,False,True,False,True,False,False,True,True,False,False,True,False,False,False,False,True,False,False,False,False,False,False,False,False,False,True,True,False,False,True,False
TX-02389,True,True,True,False,False,False,False,False,False,True,True,False,False,True,False,True,False,False,True,False,False,False,True,False,False,False,False,True,False,False,False,False,False,False,False,False,False,True,True,False,False,True,False
TX-02390,True,False,True,False,False,False,False,False,False,True,True,False,False,True,False,True,False,False,True,True,False,False,True,False,False,False,False,True,False,False,False,False,False,False,False,False,False,True,True,False,False,True,False
TX-02391,True,True,True,False,False,False,False,False,False,True,True,False,False,True,False,True,False,False,True,False,False,False,True,False,False,False,False,True,False,False,False,False,False,False,False,False,False,True,True,False,False,True,False
TX-02392,True,False,True,False,False,False,False,False,False,True,True,False,False,True,False,True,False,False,True,True,False,False,True,False,False,False,False,True,False,False,False,False,False,False,False,False,False,True,True,False,False,True,False
TX-02393,True,True,True,False,False,False,False,False,False,True,True,False,False,True,False,True,False,False,True,False,False,False,True,False,False,False,False,True,False,False,False,False,False,False,False,False,False,True,True,False,True,False,False
TX-02394,True,True,True,False,False,False,False,False,False,True,True,False,False,True,False,True,False,False,True,False,False,False,True,False,False,False,False,True,False,False,False,False,False,False,False,False,False,True,True,False,False,True,False
TX-02395,True,False,True,False,False,False,False,False,False,True,True,False,False,True,False,True,False,False,True,True,False,False,True,False,False,False,False,True,False,False,False,False,False,False,False,False,False,True,True,False,False,True,False
TX-02396,True,True,True,False,False,False,False,False,False,True,True,False,False,True,False,True,False,False,True,False,False,False,True,False,False,False,False,True,False,False,False,False,False,False,False,False,False,True,True,True,False,False,False
TX-02397,True,True,True,False,False,False,False,False,False,True,True,False,False,True,False,True,False,False,True,False,False,False,True,False,False,False,False,True,False,False,False,False,False,False,False,False,False,True,True,False,False,True,False
TX-02398,True,True,True,False,False,False,False,True,False,False,True,False,False,True,False,True,False,False,True,False,False,False,True,False,False,False,False,False,False,True,False,False,False,False,False,False,False,True,True,True,False,False,False
TX-02399,True,False,True,False,False,False,False,True,False,False,True,False,False,True,False,True,False,False,True,True,False,False,True,False,False,False,False,False,False,True,False,False,False,False,False,False,False,True,True,False,False,True,False
TX-02400,True,True,True,False,False,False,False,True,False,False,True,False,False,True,False,True,False,False,True,False,False,False,True,False,False,False,False,False,False,True,False,False,False,False,False,False,False,True,True,True,False,False,False
TX-02401,True,True,True,False,False,False,False,True,False,False,True,False,False,True,False,True,False,False,True,False,False,False,True,False,False,False,False,False,False,True,False,False,False,False,False,False,False,True,True,True,False,False,False
TX-02402,True,True,True,False,False,False,False,True,False,False,True,False,False,True,False,True,False,False,True,False,False,False,True,False,False,False,False,False,False,True,False,False,False,False,False,False,False,True,True,False,True,False,False
TX-02403,True,True,True,False,False,False,False,True,False,False,True,False,False,True,False,True,False,False,True,False,False,False,True,False,False,False,False,False,False,True,False,False,False,False,False,False,False,True,True,False,False,True,False
TX-02404,True,False,True,False,False,False,False,True,False,False,True,False,False,True,False,True,False,False,True,True,False,False,True,False,False,False,False,False,False,True,False,False,False,False,False,False,False,True,True,False,False,True,False
TX-02405,True,True,True,False,False,False,False,True,False,False,True,False,False,True,False,True,False,False,True,False,False,False,True,False,False,False,False,False,False,True,False,False,False,False,False,False,False,True,True,True,False,False,False
TX-02406,True,False,True,False,False,False,False,True,False,False,True,False,False,True,False,True,False,False,True,True,False,False,True,False,False,False,False,False,False,True,False,False,False,False,False,False,False,True,True,False,False,True,False
TX-02407,True,False,True,False,False,False,False,True,False,False,True,False,False,True,False,True,False,False,True,True,False,False,True,False,False,False,False,False,False,True,False,False,False,False,False,False,False,True,True,False,True,False,False
TX-02408,True,False,True,False,False,False,False,True,False,False,True,False,False,True,False,True,False,False,True,True,False,False,True,False,False,False,False,False,False,True,False,False,False,False,False,False,False,True,True,True,False,False,False
TX-02409,True,True,True,False,False,False,False,True,False,False,True,False,False,True,False,True,False,False,True,False,False,False,True,False,False,False,False,False,False,True,False,False,False,False,False,False,False,True,True,True,False,False,False
TX-02410,True,False,True,False,False,False,False,True,False,False,True,False,False,True,False,True,False,False,True,True,False,False,True,False,False,False,False,False,False,True,False,False,False,False,False,False,False,True,True,False,True,False,False
TX-02411,True,True,True,False,False,False,False,True,False,False,True,False,False,True,False,True,False,False,True,False,False,False,True,False,False,False,False,False,False,True,False,False,False,False,False,False,False,True,True,True,False,False,False
TX-02412,True,False,True,False,False,False,False,True,False,False,True,False,False,True,False,True,False,False,True,True,False,False,True,False,False,False,False,False,False,True,False,False,False,False,False,False,False,True,True,False,False,True,False
TX-02413,True,True,True,False,False,False,False,True,False,False,True,False,False,True,False,True,False,False,True,False,False,False,True,False,False,False,False,False,False,True,False,False,False,False,False,False,False,True,True,True,False,False,False
TX-02414,True,True,True,False,False,False,False,True,False,False,True,False,False,True,False,True,False,False,True,False,False,False,True,False,False,False,False,False,False,True,False,False,False,False,False,False,False,True,True,False,False,True,False
TX-02415,True,True,True,False,False,False,False,True,False,False,True,False,False,True,False,True,False,False,True,False,False,False,True,False,False,False,False,False,False,True,False,False,False,False,False,False,False,True,True,True,False,False,False
TX-02416,False,True,False,False,False,False,True,False,True,False,False,True,False,True,True,True,False,True,False,False,False,False,True,False,False,False,False,False,True,False,False,False,False,False,False,False,False,True,True,True,False,False,False
TX-02417,False,False,False,False,False,False,True,False,True,False,False,True,False,True,True,True,False,True,False,True,False,False,True,False,False,False,False,False,True,False,False,False,False,False,False,False,False,True,True,False,False,True,False
TX-02418,False,True,False,False,False,False,True,False,True,False,False,True,False,True,True,True,False,True,False,False,False,False,True,False,False,False,False,False,True,False,False,False,False,False,False,False,False,True,True,False,True,False,False
TX-02419,False,False,False,False,False,False,True,False,True,False,False,True,False,True,True,True,False,True,False,True,False,False,True,False,False,False,False,False,True,False,False,False,False,False,False,False,False,True,True,False,False,True,False
TX-02420,False,True,False,False,False,False,True,False,True,False,False,True,False,True,True,True,False,True,False,False,False,False,True,False,False,False,False,False,True,False,False,False,False,False,False,False,False,True,True,False,False,True,False
TX-02421,False,False,False,False,False,False,True,False,True,False,False,True,False,True,True,True,False,True,False,True,False,False,True,False,False,False,False,False,True,False,False,False,False,False,False,False,False,True,True,False,True,False,False
TX-02422,True,True,True,False,False,False,False,False,True,False,False,True,False,True,False,True,False,True,False,False,False,False,True,False,False,False,False,False,True,False,False,False,False,False,False,False,False,True,True,True,False,False,False
TX-02423,True,True,True,False,False,False,False,False,True,False,False,True,False,True,False,True,False,True,False,False,False,False,True,False,False,False,False,False,True,False,False,False,False,False,False,False,False,True,True,True,False,False,False
TX-02424,True,True,True,False,False,False,False,False,True,False,False,True,False,True,False,True,False,True,False,False,False,False,True,False,False,False,False,False,True,False,False,False,False,False,False,False,False,True,True,False,False,True,False
TX-02425,True,False,True,False,False,False,False,False,True,False,False,True,False,True,False,True,False,True,False,True,False,False,True,False,False,False,False,False,True,False,False,False,False,False,False,False,False,True,True,False,True,False,False
TX-02426,True,False,True,False,False,False,False,False,True,False,False,True,False,True,False,True,False,True,False,True,False,False,True,False,False,False,False,False,True,False,False,False,False,False,False,False,False,True,True,False,False,True,False
TX-02427,True,True,True,False,False,False,False,False,True,False,False,True,False,True,False,True,False,True,False,False,False,False,True,False,False,False,False,False,True,False,False,False,False,False,False,False,False,True,True,False,False,True,False
TX-02428,True,True,True,False,False,False,False,False,True,False,False,True,False,True,False,True,False,True,False,False,False,False,True,False,False,False,False,False,True,False,False,False,False,False,False,False,False,True,True,False,False,True,False
TX-02429,True,False,True,False,False,False,False,False,True,False,False,True,False,True,False,True,False,True,False,True,False,False,True,False,False,False,False,False,True,False,False,False,False,False,False,False,False,True,True,False,False,True,False
TX-02430,True,True,True,False,False,False,False,True,False,False,True,False,False,True,False,True,False,False,True,False,False,False,True,False,False,False,False,False,False,False,True,False,False,False,False,False,False,True,True,False,False,True,False
TX-02431,True,True,True,False,False,False,False,True,False,False,True,False,False,True,False,True,False,False,True,False,False,False,True,False,False,False,False,False,False,False,True,False,False,False,False,False,False,True,True,False,False,True,False
TX-02432,True,False,True,False,False,False,False,True,False,False,True,False,False,True,False,True,False,False,True,True,False,False,True,False,False,False,False,False,False,False,True,False,False,False,False,False,False,True,True,False,False,True,False
TX-02433,True,True,True,False,False,False,False,True,False,False,True,False,False,True,False,True,False,False,True,False,False,False,True,False,False,False,False,False,False,False,True,False,False,False,False,False,False,True,True,True,False,False,False
TX-02434,True,True,True,False,False,False,False,True,False,False,True,False,False,True,False,True,False,False,True,False,False,False,True,False,False,False,False,False,False,False,True,False,False,False,False,False,False,True,True,False,False,True,False
TX-02435,True,False,True,False,False,False,False,True,False,False,True,False,False,True,False,True,False,False,True,True,False,False,True,False,False,False,False,False,False,False,True,False,False,False,False,False,False,True,True,False,False,True,False
TX-02436,True,True,True,False,False,False,False,True,False,False,True,False,False,True,False,True,False,False,True,False,False,False,True,False,False,False,False,False,False,False,True,False,False,False,False,False,False,True,True,True,False,False,False
TX-02437,True,False,True,False,False,False,False,True,False,False,True,False,False,True,False,True,False,False,True,True,False,False,True,False,False,False,False,False,False,False,True,False,False,False,False,False,False,True,True,False,False,True,False
TX-02438,True,False,True,False,False,False,False,True,False,False,True,False,False,True,False,True,False,False,True,True,False,False,True,False,False,False,False,False,False,False,True,False,False,False,False,False,False,True,True,False,False,True,False
TX-02439,True,True,True,False,False,False,False,True,False,False,True,False,False,True,False,True,False,False,True,False,False,False,True,False,False,False,False,False,False,False,True,False,False,False,False,False,False,True,True,True,False,False,False
TX-02440,True,True,True,False,False,False,False,True,False,False,True,False,False,True,False,True,False,False,True,False,False,False,True,False,False,False,False,False,False,False,True,False,False,False,False,False,False,True,True,False,False,True,False
TX-02441,True,False,True,False,False,False,False,True,False,False,True,False,False,True,False,True,False,False,True,True,False,False,True,False,False,False,False,False,False,False,True,False,False,False,False,False,False,True,True,False,False,True,False
TX-02442,True,True,True,False,False,False,False,True,False,False,True,False,False,True,False,True,False,False,True,False,False,False,True,False,False,False,False,False,False,False,True,False,False,False,False,False,False,True,True,True,False,False,False
TX-02443,True,True,True,False,False,False,False,True,False,False,True,False,False,True,False,True,False,False,True,False,False,False,True,False,False,False,False,False,False,False,True,False,False,False,False,False,False,True,True,False,False,True,False
TX-02444,True,False,True,False,False,False,False,True,False,False,True,False,False,True,False,True,False,False,True,True,False,False,True,False,False,False,False,False,False,False,True,False,False,False,False,False,False,True,True,False,True,False,False
TX-02445,True,True,True,False,False,False,False,True,False,False,True,False,False,True,False,True,False,False,True,False,False,False,True,False,False,False,False,False,False,False,True,False,False,False,False,False,False,True,True,False,False,True,False
TX-02446,True,True,True,False,False,False,False,True,False,False,True,False,False,True,False,True,False,False,True,False,False,False,True,False,False,False,False,False,False,False,True,False,False,False,False,False,False,True,True,False,False,True,False
TX-02447,True,False,True,False,False,False,False,True,False,False,True,False,False,True,False,True,False,False,True,True,False,False,True,False,False,False,False,False,False,False,True,False,False,False,False,False,False,True,True,False,False,True,False
TX-02448,True,False,True,False,False,False,False,True,False,False,True,False,False,True,False,True,False,False,True,True,False,False,True,False,False,False,False,False,False,False,True,False,False,False,False,False,False,True,True,False,False,True,False
TX-02449,True,True,True,False,False,False,False,True,False,False,True,False,False,True,False,True,False,True,False,False,False,False,True,False,False,False,False,False,False,False,True,False,False,False,False,False,False,True,True,False,False,True,False
TX-02450,True,True,True,False,False,False,False,True,False,False,True,False,False,True,False,True,False,True,False,False,False,False,True,False,False,False,False,False,False,False,True,False,False,False,False,False,False,True,True,False,True,False,False
TX-02451,True,True,True,False,False,False,False,True,False,False,True,False,False,True,False,True,False,True,False,False,False,False,True,False,False,False,False,False,False,False,True,False,False,False,False,False,False,True,True,False,False,True,False
TX-02452,True,False,True,False,False,False,False,True,False,False,True,False,False,True,False,True,False,True,False,True,False,False,True,False,False,False,False,False,False,False,True,False,False,False,False,False,False,True,True,False,False,True,False
TX-02453,True,True,True,False,False,False,False,True,False,False,True,False,False,True,False,True,False,True,False,False,False,False,True,False,False,False,False,False,False,False,True,False,False,False,False,False,False,True,True,False,False,True,False
TX-02454,True,False,True,False,False,False,False,True,False,False,True,False,False,True,False,True,False,True,False,True,False,False,True,False,False,False,False,False,False,False,True,False,False,False,False,False,False,True,True,False,False,True,False
TX-02455,True,True,True,False,False,False,False,True,False,False,True,False,False,True,False,True,False,True,False,False,False,False,True,False,False,False,False,False,False,False,True,False,False,False,False,False,False,True,True,True,False,False,False
TX-02456,True,True,True,False,False,False,False,True,False,False,True,False,False,True,False,True,False,True,False,False,False,False,True,False,False,False,False,False,False,False,True,False,False,False,False,False,False,True,True,False,False,True,False
TX-02457,True,False,True,False,False,False,False,True,False,False,True,False,False,True,False,True,False,True,False,True,False,False,True,False,False,False,False,False,False,False,True,False,False,False,False,False,False,True,True,False,False,True,False
TX-02458,True,False,True,False,False,False,False,True,False,False,True,False,False,True,False,True,False,True,False,True,False,False,True,False,False,False,False,False,False,False,True,False,False,False,False,False,False,True,True,False,True,False,False
TX-02459,True,True,True,False,False,False,False,True,False,False,True,False,False,True,False,True,False,True,False,False,False,False,True,False,False,False,False,False,False,False,True,False,False,False,False,False,False,True,True,True,False,False,False
TX-02460,True,False,True,False,False,False,False,True,False,False,True,False,False,True,False,True,False,True,False,True,False,False,True,False,False,False,False,False,False,False,True,False,False,False,False,False,False,True,True,False,False,True,False
TX-02461,True,False,True,False,False,False,False,True,False,False,True,False,False,True,False,True,False,True,False,True,False,False,True,False,False,False,False,False,False,False,True,False,False,False,False,False,False,True,True,False,True,False,False
TX-02462,True,True,True,False,False,False,False,True,False,False,True,False,False,True,False,True,False,True,False,False,False,False,True,False,False,False,False,False,False,False,True,False,False,False,False,False,False,True,True,False,False,True,False
TX-02463,True,True,True,False,False,False,False,True,False,False,True,False,False,True,False,True,False,True,False,False,False,False,True,False,False,False,False,False,False,False,True,False,False,False,False,False,False,True,True,False,False,True,False
TX-02464,True,True,True,False,False,False,False,True,False,False,True,False,False,True,False,True,False,True,False,False,False,False,True,False,False,False,False,False,False,False,True,False,False,False,False,False,False,True,True,False,False,True,False
TX-02465,True,True,True,False,False,False,False,False,False,True,True,False,False,True,False,True,False,False,True,False,False,False,True,False,False,False,False,False,False,False,False,True,False,False,False,False,False,True,True,True,False,False,False
TX-02466,True,False,True,False,False,False,False,False,False,True,True,False,False,True,False,True,False,False,True,True,False,False,True,False,False,False,False,False,False,False,False,True,False,False,False,False,False,True,True,False,False,True,False
TX-02467,True,True,True,False,False,False,False,False,False,True,True,False,False,True,False,True,False,False,True,False,False,False,True,False,False,False,False,False,False,False,False,True,False,False,False,False,False,True,True,False,False,True,False
TX-02468,True,True,True,False,False,False,False,False,False,True,True,False,False,True,False,True,False,False,True,False,False,False,True,False,False,False,False,False,False,False,False,True,False,False,False,False,False,True,True,True,False,False,False
TX-02469,True,False,True,False,False,False,False,False,False,True,True,False,False,True,False,True,False,False,True,True,False,False,True,False,False,False,False,False,False,False,False,True,False,False,False,False,False,True,True,False,False,True,False
TX-02470,True,True,True,False,False,False,False,False,False,True,True,False,False,True,False,True,False,False,True,False,False,False,True,False,False,False,False,False,False,False,False,True,False,False,False,False,False,True,True,True,False,False,False
TX-02471,True,True,True,False,False,False,False,False,False,True,True,False,False,True,False,True,False,False,True,False,False,False,True,False,False,False,False,False,False,False,False,True,False,False,False,False,False,True,True,False,False,True,False
TX-02472,True,True,True,False,False,False,False,False,False,True,True,False,False,True,False,True,False,False,True,False,False,False,True,False,False,False,False,False,False,False,False,True,False,False,False,False,False,True,True,False,False,True,False
TX-02473,True,False,True,False,False,False,False,False,False,True,True,False,False,True,False,True,False,False,True,True,False,False,True,False,False,False,False,False,False,False,False,True,False,False,False,False,False,True,True,False,False,True,False
TX-02474,True,True,True,False,False,False,False,False,False,True,True,False,False,True,False,True,False,False,True,False,False,False,True,False,False,False,False,False,False,False,False,True,False,False,False,False,False,True,True,False,True,False,False
TX-02475,True,True,True,False,False,False,False,False,False,True,True,False,False,True,False,True,False,False,True,False,False,False,True,False,False,False,False,False,False,False,False,True,False,False,False,False,False,True,True,True,False,False,False
TX-02476,True,False,True,False,False,False,False,False,False,True,True,False,False,True,False,True,False,False,True,True,False,False,True,False,False,False,False,False,False,False,False,True,False,False,False,False,False,True,True,False,False,True,False
TX-02477,True,False,True,False,False,False,False,False,False,True,True,False,False,True,False,True,False,True,False,True,False,False,True,False,False,False,False,False,False,False,False,True,False,False,False,False,False,True,True,False,False,True,False
TX-02478,True,True,True,False,False,False,False,False,False,True,True,False,False,True,False,True,False,True,False,False,False,False,True,False,False,False,False,False,False,False,False,True,False,False,False,False,False,True,True,False,False,True,False
TX-02479,True,True,True,False,False,False,False,False,False,True,True,False,False,True,False,True,False,True,False,False,False,False,True,False,False,False,False,False,False,False,False,True,False,False,False,False,False,True,True,True,False,False,False
TX-02480,True,False,True,False,False,False,False,False,False,True,True,False,False,True,False,True,False,True,False,True,False,False,True,False,False,False,False,False,False,False,False,True,False,False,False,False,False,True,True,False,True,False,False
TX-02481,True,True,True,False,False,False,False,False,False,True,True,False,False,True,False,True,False,True,False,False,False,False,True,False,False,False,False,False,False,False,False,True,False,False,False,False,False,True,True,False,False,True,False
TX-02482,True,True,True,False,False,False,False,False,False,True,True,False,False,True,False,True,False,True,False,False,False,False,True,False,False,False,False,False,False,False,False,True,False,False,False,False,False,True,True,False,False,True,False
TX-02483,True,True,True,False,False,False,False,False,False,True,True,False,False,True,False,True,False,True,False,False,False,False,True,False,False,False,False,False,False,False,False,True,False,False,False,False,False,True,True,False,False,True,False
TX-02484,True,False,True,False,False,False,False,False,False,True,True,False,False,True,False,True,False,True,False,True,False,False,True,False,False,False,False,False,False,False,False,True,False,False,False,False,False,True,True,False,True,False,False
TX-02485,True,False,True,False,False,False,False,False,False,True,True,False,False,True,False,True,False,True,False,True,False,False,True,False,False,False,False,False,False,False,False,True,False,False,False,False,False,True,True,False,True,False,False
TX-02486,True,True,True,False,False,False,False,False,False,True,True,False,False,True,False,True,False,True,False,False,False,False,True,False,False,False,False,False,False,False,False,True,False,False,False,False,False,True,True,True,False,False,False
TX-02487,True,True,True,False,False,False,False,False,False,True,True,False,False,True,False,True,False,True,False,False,False,False,True,False,False,False,False,False,False,False,False,False,True,False,False,False,False,True,True,False,False,True,False
TX-02488,True,False,True,False,False,False,False,False,False,True,True,False,False,True,False,True,False,True,False,True,False,False,True,False,False,False,False,False,False,False,False,False,True,False,False,False,False,True,True,False,True,False,False
TX-02489,True,True,True,False,False,False,False,False,False,True,True,False,False,True,False,True,False,True,False,False,False,False,True,False,False,False,False,False,False,False,False,False,True,False,False,False,False,True,True,True,False,False,False
TX-02490,True,True,True,False,False,False,False,False,False,True,True,False,False,True,False,True,False,True,False,False,False,False,True,False,False,False,False,False,False,False,False,False,True,False,False,False,False,True,True,False,False,True,False
TX-02491,True,False,True,False,False,False,False,False,False,True,True,False,False,True,False,True,False,True,False,True,False,False,True,False,False,False,False,False,False,False,False,False,True,False,False,False,False,True,True,False,False,True,False
TX-02492,True,True,True,False,False,False,False,False,False,True,True,False,False,True,False,True,False,True,False,False,False,False,True,False,False,False,False,False,False,False,False,False,True,False,False,False,False,True,True,True,False,False,False
TX-02493,True,False,True,False,False,False,False,False,False,True,True,False,False,True,False,True,False,True,False,True,False,False,True,False,False,False,False,False,False,False,False,False,True,False,False,False,False,True,True,False,False,True,False
TX-02494,True,True,True,False,False,False,False,False,False,True,True,False,False,True,False,True,False,True,False,False,False,False,True,False,False,False,False,False,False,False,False,False,True,False,False,False,False,True,True,False,False,True,False
TX-02495,True,False,True,False,False,False,False,False,False,True,False,True,False,True,False,True,False,True,False,True,False,False,True,False,False,False,False,False,False,False,False,False,True,False,False,False,False,True,True,False,False,True,False
TX-02496,True,False,True,False,False,False,False,False,False,True,False,True,False,True,False,True,False,True,False,True,False,False,True,False,False,False,False,False,False,False,False,False,True,False,False,False,False,True,True,False,False,True,False
TX-02497,True,True,True,False,False,False,False,False,False,True,False,True,False,True,False,True,False,True,False,False,False,False,True,False,False,False,False,False,False,False,False,False,True,False,False,False,False,True,True,False,True,False,False
TX-02498,True,False,True,False,False,False,False,False,False,True,False,True,False,True,False,True,False,True,False,True,False,False,True,False,False,False,False,False,False,False,False,False,True,False,False,False,False,True,True,False,False,True,False
TX-02499,True,True,True,False,False,False,False,False,False,True,False,True,False,True,False,True,False,True,False,False,False,False,True,False,False,False,False,False,False,False,False,False,True,False,False,False,False,True,True,True,False,False,False
TX-02500,True,True,True,False,False,False,False,False,False,True,False,True,False,True,False,True,False,True,False,False,False,False,True,False,False,False,False,False,False,False,False,False,True,False,False,False,False,True,True,False,True,False,False
TX-02501,True,True,True,False,False,False,False,False,False,True,False,True,False,True,False,True,False,True,False,False,False,False,True,False,False,False,False,False,False,False,False,False,True,False,False,False,False,True,True,False,False,True,False
TX-02502,True,True,True,False,False,False,False,False,False,True,False,True,False,True,False,True,False,True,False,False,False,False,True,False,False,False,False,False,False,False,False,False,True,False,False,False,False,True,True,False,False,True,False
TX-02503,True,True,False,False,False,False,True,False,False,True,True,False,False,True,False,True,False,True,False,False,False,False,True,False,False,False,False,False,False,False,False,False,False,True,False,False,False,True,True,True,False,False,False
TX-02504,True,True,False,False,False,False,True,False,False,True,True,False,False,True,False,True,False,True,False,False,False,False,True,False,False,False,False,False,False,False,False,False,False,True,False,False,False,True,True,False,False,True,False
TX-02505,True,False,False,False,False,False,True,False,False,True,True,False,False,True,False,True,False,True,False,True,False,False,True,False,False,False,False,False,False,False,False,False,False,True,False,False,False,True,True,False,False,True,False
TX-02506,True,True,False,False,False,False,True,False,False,True,True,False,False,True,False,True,False,True,False,False,False,False,True,False,False,False,False,False,False,False,False,False,False,True,False,False,False,True,True,True,False,False,False
TX-02507,True,False,False,False,False,False,True,False,False,True,True,False,False,True,False,True,False,True,False,True,False,False,True,False,False,False,False,False,False,False,False,False,False,True,False,False,False,True,True,False,False,True,False
TX-02508,True,True,False,False,False,False,True,False,False,True,True,False,False,True,False,True,False,True,False,False,False,False,True,False,False,False,False,False,False,False,False,False,False,True,False,False,False,True,True,True,False,False,False
TX-02509,True,True,False,False,False,False,True,False,False,True,True,False,False,True,False,True,False,True,False,False,False,False,True,False,False,False,False,False,False,False,False,False,False,True,False,False,False,True,True,True,False,False,False
TX-02510,True,False,False,False,False,False,True,False,False,True,True,False,False,True,False,True,False,True,False,True,False,False,True,False,False,False,False,False,False,False,False,False,False,True,False,False,False,True,True,False,False,True,False
TX-02511,True,True,True,False,False,False,False,False,False,True,True,False,True,False,False,True,False,True,False,False,False,False,True,False,False,False,False,False,False,False,False,False,False,False,False,True,False,True,True,False,False,True,False
TX-02512,True,False,True,False,False,False,False,False,False,True,True,False,True,False,False,True,False,True,False,True,False,False,True,False,False,False,False,False,False,False,False,False,False,False,False,True,False,True,True,False,True,False,False
TX-02513,True,True,True,False,False,False,False,False,False,True,True,False,True,False,False,True,False,True,False,False,False,False,True,False,False,False,False,False,False,False,False,False,False,False,False,True,False,True,True,False,False,True,False
TX-02514,True,True,True,False,False,False,False,False,False,True,True,False,True,False,False,True,False,True,False,False,False,False,True,False,False,False,False,False,False,False,False,False,False,False,False,True,False,True,True,False,False,True,False
TX-02515,True,False,True,False,False,False,False,False,False,True,True,False,True,False,False,True,False,True,False,True,False,False,True,False,False,False,False,False,False,False,False,False,False,False,False,True,False,True,True,False,False,True,False
TX-02516,True,True,True,False,False,False,False,False,False,True,True,False,True,False,False,True,False,True,False,False,False,False,True,False,False,False,False,False,False,False,False,False,False,False,False,True,False,True,True,False,False,True,False
TX-02517,True,False,True,False,False,False,False,False,False,True,True,False,True,False,False,True,False,True,False,True,False,False,True,False,False,False,False,False,False,False,False,False,False,False,False,True,False,True,True,False,True,False,False
TX-02518,True,True,True,False,False,False,False,False,False,True,True,False,True,False,False,True,False,True,False,False,False,False,True,False,False,False,False,False,False,False,False,False,False,False,False,True,False,True,True,True,False,False,False
TX-02519,True,True,True,False,False,False,False,False,False,True,True,False,True,False,False,True,False,True,False,False,False,False,True,False,False,False,False,False,False,False,False,False,False,False,False,True,False,True,True,True,False,False,False
TX-02520,False,False,True,False,False,False,False,False,True,False,False,True,True,False,True,True,False,True,False,True,False,False,True,False,False,False,False,False,True,False,False,False,False,False,False,False,False,True,True,False,False,True,False
TX-02521,False,True,True,False,False,False,False,False,True,False,False,True,True,False,True,True,False,True,False,False,False,False,True,False,False,False,False,False,True,False,False,False,False,False,False,False,False,True,True,False,False,True,False
TX-02522,False,True,True,False,False,False,False,False,True,False,False,True,True,False,True,True,False,True,False,False,False,False,True,False,False,False,False,False,True,False,False,False,False,False,False,False,False,True,True,True,False,False,False
TX-02523,False,True,True,False,False,False,False,False,True,False,False,True,True,False,True,True,False,True,False,False,False,False,True,False,False,False,False,False,True,False,False,False,False,False,False,False,False,True,True,True,False,False,False
TX-02524,False,False,True,False,False,False,False,False,True,False,False,True,True,False,True,True,False,True,False,True,False,False,True,False,False,False,False,False,True,False,False,False,False,False,False,False,False,True,True,False,False,True,False
TX-02525,True,True,True,False,False,False,False,False,True,False,False,True,True,False,False,True,False,True,False,False,False,False,True,False,False,False,False,False,True,False,False,False,False,False,False,False,False,True,True,False,False,True,False
TX-02526,True,True,True,False,False,False,False,False,True,False,False,True,True,False,False,True,False,True,False,False,False,False,True,False,False,False,False,False,True,False,False,False,False,False,False,False,False,True,True,False,False,True,False
TX-02527,True,True,True,False,False,False,False,False,True,False,False,True,True,False,False,True,False,True,False,False,False,False,True,False,False,False,False,False,True,False,False,False,False,False,False,False,False,True,True,False,False,True,False
TX-02528,True,False,True,False,False,False,False,False,True,False,False,True,True,False,False,True,False,True,False,True,False,False,True,False,False,False,False,False,True,False,False,False,False,False,False,False,False,True,True,False,False,True,False
TX-02529,True,False,False,False,False,False,True,True,False,False,True,False,False,True,False,True,False,False,True,True,False,False,True,False,False,False,False,False,False,False,False,True,False,False,False,False,False,True,True,True,False,False,False
TX-02530,True,False,False,False,False,False,True,True,False,False,True,False,False,True,False,True,False,False,True,True,False,False,True,False,False,False,False,False,False,False,False,True,False,False,False,False,False,True,True,False,True,False,False
TX-02531,True,False,False,False,False,False,True,True,False,False,True,False,False,True,False,True,False,False,True,True,False,False,True,False,False,False,False,False,False,False,False,True,False,False,False,False,False,True,True,False,False,True,False
TX-02532,True,True,False,False,False,False,True,True,False,False,True,False,False,True,False,True,False,False,True,False,False,False,True,False,False,False,False,False,False,False,False,True,False,False,False,False,False,True,True,True,False,False,False
TX-02533,True,True,False,False,False,False,True,True,False,False,True,False,False,True,False,True,False,False,True,False,False,False,True,False,False,False,False,False,False,False,False,True,False,False,False,False,False,True,True,False,False,True,False
TX-02534,True,False,False,False,False,False,True,True,False,False,True,False,False,True,False,True,False,False,True,True,False,False,True,False,False,False,False,False,False,False,False,True,False,False,False,False,False,True,True,False,False,True,False
TX-02535,True,True,False,False,False,False,True,True,False,False,True,False,False,True,False,True,False,False,True,False,False,False,True,False,False,False,False,False,False,False,False,True,False,False,False,False,False,True,True,False,False,True,False
TX-02536,True,False,False,False,False,False,True,True,False,False,True,False,False,True,False,True,False,False,True,True,False,False,True,False,False,False,False,False,False,False,False,True,False,False,False,False,False,True,True,False,False,True,False
TX-02537,True,True,False,False,False,False,True,True,False,False,True,False,False,True,False,True,False,False,True,False,False,False,True,False,False,False,False,False,False,False,False,True,False,False,False,False,False,True,True,True,False,False,False
TX-02538,True,True,False,False,False,False,True,True,False,False,True,False,False,True,False,True,False,False,True,False,False,False,True,False,False,False,False,False,False,False,False,True,False,False,False,False,False,True,True,True,False,False,False
TX-02539,True,True,False,False,False,False,True,True,False,False,True,False,False,True,False,True,False,False,True,False,False,False,True,False,False,False,False,False,False,False,False,True,False,False,False,False,False,True,True,False,False,True,False
TX-02540,True,True,False,False,False,False,True,True,False,False,True,False,False,True,False,True,False,False,True,False,False,False,True,False,False,False,False,False,False,False,False,True,False,False,False,False,False,True,True,False,False,True,False
TX-02541,False,False,True,False,False,False,False,False,False,True,False,True,True,False,True,True,False,True,False,True,False,False,False,True,False,False,True,False,False,False,False,False,True,False,False,False,False,True,False,False,False,True,False
TX-02542,False,True,True,False,False,False,False,False,False,True,False,True,True,False,True,True,False,True,False,False,False,False,False,True,False,False,False,False,False,False,False,False,True,False,False,False,False,True,True,True,False,False,False
TX-02543,False,True,True,False,False,False,False,False,False,True,False,True,True,False,True,True,False,True,False,False,False,False,False,True,False,False,False,False,False,False,False,False,True,False,False,False,False,True,True,False,False,True,False
TX-02544,False,True,True,False,False,False,False,False,False,True,False,True,True,False,True,True,False,True,False,False,False,False,False,True,False,False,False,False,False,False,False,False,True,False,False,False,False,True,True,False,True,False,False
TX-02545,False,True,True,False,False,False,False,False,False,True,False,True,True,False,True,True,False,True,False,False,False,False,False,True,False,False,False,False,False,False,False,False,True,False,False,False,False,True,True,False,False,True,False
TX-02546,False,False,True,False,False,False,False,False,False,True,False,True,True,False,True,True,False,True,False,True,False,False,False,True,False,False,True,False,False,False,False,False,True,False,False,False,False,True,False,False,True,False,False
TX-02547,False,False,True,False,False,False,False,False,False,True,False,True,False,True,True,False,False,True,False,True,False,False,False,True,False,True,True,False,False,False,True,False,False,False,False,False,False,True,False,False,False,True,False
TX-02548,False,True,True,False,False,False,False,False,False,True,False,True,False,True,True,False,False,True,False,False,False,False,False,True,False,True,False,False,False,False,True,False,False,False,False,False,False,True,True,True,False,False,False
TX-02549,False,True,True,False,False,False,False,False,False,True,False,True,False,True,True,False,False,True,False,False,False,False,False,True,False,True,False,False,False,False,True,False,False,False,False,False,False,True,True,True,False,False,False
TX-02550,False,True,True,False,False,False,False,False,False,True,False,True,False,True,True,False,False,True,False,False,False,False,False,True,False,True,False,False,False,False,True,False,False,False,False,False,False,True,True,True,False,False,False
TX-02551,False,False,True,False,False,False,False,False,False,True,False,True,False,True,True,False,False,True,False,True,False,False,False,True,False,True,True,False,False,False,True,False,False,False,False,False,False,True,False,False,False,True,False
TX-02552,False,False,True,False,False,False,False,False,False,True,False,True,False,True,True,False,False,True,False,True,False,False,False,True,False,True,True,False,False,False,True,False,False,False,False,False,False,True,False,False,True,False,False
TX-02553,False,True,True,False,False,False,False,False,False,True,False,True,False,True,True,False,False,True,False,False,False,False,False,True,False,True,False,False,False,False,True,False,False,False,False,False,False,True,True,False,False,True,False
TX-02554,False,True,True,False,False,False,False,False,False,True,False,True,False,True,True,False,False,True,False,False,False,False,False,True,False,True,False,False,False,False,True,False,False,False,False,False,False,True,True,True,False,False,False
TX-02555,False,True,True,False,False,False,False,False,False,True,False,True,False,True,True,False,False,True,False,False,False,False,False,True,False,True,False,False,False,False,True,False,False,False,False,False,False,True,True,False,False,True,False
TX-02556,False,False,True,False,False,False,False,False,False,True,False,True,False,True,True,False,False,True,False,True,False,False,False,True,False,True,True,False,False,False,True,False,False,False,False,False,False,True,False,False,True,False,False
TX-02557,False,True,True,False,False,False,False,False,False,True,False,True,False,True,True,False,False,True,False,False,False,False,False,True,False,True,False,False,False,False,True,False,False,False,False,False,False,True,True,True,False,False,False
TX-02558,False,False,True,False,False,False,False,False,False,True,False,True,False,True,True,False,False,True,False,True,False,False,False,True,False,True,True,False,False,False,True,False,False,False,False,False,False,True,False,False,False,True,False
TX-02559,False,True,True,False,False,False,False,False,False,True,False,True,False,True,True,False,False,True,False,False,False,False,False,True,False,True,False,False,False,False,True,False,False,False,False,False,False,True,True,True,False,False,False
TX-02560,False,True,True,False,False,False,False,False,False,True,False,True,False,True,True,False,False,True,False,False,False,False,False,True,False,True,False,False,False,False,True,False,False,False,False,False,False,True,True,False,False,True,False
TX-02561,False,False,True,False,False,False,False,False,False,True,False,True,False,True,True,False,False,True,False,True,False,False,False,True,False,True,True,False,False,False,True,False,False,False,False,False,False,True,False,False,False,True,False
TX-02562,False,False,True,False,False,False,False,False,False,True,False,True,False,True,True,False,False,True,False,True,False,False,False,True,False,True,True,False,False,False,True,False,False,False,False,False,False,True,False,False,True,False,False
TX-02563,False,True,True,False,False,False,False,False,False,True,True,False,False,True,True,False,False,False,True,False,False,False,False,True,False,True,False,False,False,False,False,True,False,False,False,False,False,True,True,True,False,False,False
TX-02564,False,False,True,False,False,False,False,False,False,True,True,False,False,True,True,False,False,False,True,True,False,False,False,True,False,True,True,False,False,False,False,True,False,False,False,False,False,True,False,False,False,True,False
TX-02565,False,True,True,False,False,False,False,False,False,True,True,False,False,True,True,False,False,False,True,False,False,False,False,True,False,True,False,False,False,False,False,True,False,False,False,False,False,True,True,True,False,False,False
TX-02566,False,True,True,False,False,False,False,False,False,True,True,False,False,True,True,False,False,False,True,False,False,False,False,True,False,True,False,False,False,False,False,True,False,False,False,False,False,True,True,False,False,True,False
TX-02567,False,True,True,False,False,False,False,False,False,True,True,False,False,True,True,False,False,False,True,False,False,False,False,True,False,True,False,False,False,False,False,True,False,False,False,False,False,True,True,True,False,False,False
TX-02568,False,True,True,False,False,False,False,False,False,True,True,False,False,True,True,False,False,False,True,False,False,False,False,True,False,True,False,False,False,False,False,True,False,False,False,False,False,True,True,True,False,False,False
TX-02569,False,True,True,False,False,False,False,False,False,True,True,False,False,True,True,False,False,False,True,False,False,False,False,True,False,True,False,False,False,False,False,True,False,False,False,False,False,True,True,False,False,True,False
TX-02570,False,True,True,False,False,False,False,False,False,True,True,False,False,True,True,False,False,False,True,False,False,False,False,True,False,True,False,False,False,False,False,True,False,False,False,False,False,True,True,False,False,True,False
TX-02571,False,False,True,False,False,False,False,False,False,True,True,False,False,True,True,False,False,False,True,True,False,False,False,True,False,True,True,False,False,False,False,True,False,False,False,False,False,True,False,False,True,False,False
TX-02572,False,False,True,False,False,False,False,False,False,True,True,False,False,True,True,False,False,False,True,True,False,False,False,True,False,True,True,False,False,False,False,True,False,False,False,False,False,True,False,False,False,True,False
TX-02573,False,False,True,False,False,False,False,False,False,True,True,False,False,True,True,False,False,False,True,True,False,False,False,True,False,True,True,False,False,False,False,True,False,False,False,False,False,True,False,False,True,False,False
TX-02574,False,False,True,False,False,False,False,False,False,True,True,False,False,True,True,False,False,False,True,True,False,False,False,True,False,True,True,False,False,False,False,True,False,False,False,False,False,True,False,False,True,False,False
TX-02575,False,True,True,False,False,False,False,False,False,True,True,False,False,True,True,False,False,False,True,False,False,False,False,True,False,True,False,False,False,False,False,True,False,False,False,False,False,True,True,False,False,True,False
TX-02576,False,False,True,False,False,False,False,False,False,True,True,False,False,True,True,False,False,False,True,True,False,False,False,True,False,True,True,False,False,False,False,True,False,False,False,False,False,True,False,False,False,True,False
TX-02577,False,False,True,False,False,False,False,False,False,True,True,False,False,True,True,True,False,False,True,True,False,False,False,True,False,False,True,True,False,False,False,False,False,False,False,False,False,True,False,False,True,False,False
TX-02578,False,True,True,False,False,False,False,False,False,True,True,False,False,True,True,True,False,False,True,False,False,False,False,True,False,False,False,True,False,False,False,False,False,False,False,False,False,True,True,False,False,True,False
TX-02579,False,False,True,False,False,False,False,False,False,True,True,False,False,True,True,True,False,False,True,True,False,False,False,True,False,False,True,True,False,False,False,False,False,False,False,False,False,True,False,False,False,True,False
TX-02580,False,True,True,False,False,False,False,False,False,True,True,False,False,True,True,True,False,False,True,False,False,False,False,True,False,False,False,True,False,False,False,False,False,False,False,False,False,True,True,False,True,False,False
TX-02581,False,True,True,False,False,False,False,False,False,True,True,False,False,True,True,True,False,False,True,False,False,False,False,True,False,False,False,True,False,False,False,False,False,False,False,False,False,True,True,False,False,True,False
TX-02582,False,True,True,False,False,False,False,False,False,True,True,False,False,True,True,True,False,False,True,False,False,False,False,True,False,False,False,True,False,False,False,False,False,False,False,False,False,True,True,True,False,False,False
TX-02583,False,True,True,False,False,False,False,False,False,True,True,False,False,True,True,True,False,False,True,False,False,False,False,True,False,False,False,True,False,False,False,False,False,False,False,False,False,True,True,False,False,True,False
TX-02584,False,True,True,False,False,False,False,False,False,True,True,False,False,True,True,True,False,False,True,False,False,False,False,True,False,False,False,True,False,False,False,False,False,False,False,False,False,True,True,False,False,True,False
TX-02585,False,True,True,False,False,False,False,False,False,True,True,False,False,True,True,True,False,False,True,False,False,False,False,True,False,False,False,True,False,False,False,False,False,False,False,False,False,True,True,False,False,True,False
TX-02586,False,True,True,False,False,False,False,False,False,True,True,False,False,True,True,True,False,False,True,False,False,False,False,True,False,False,False,True,False,False,False,False,False,False,False,False,False,True,True,False,True,False,False
TX-02587,False,False,True,False,False,False,False,False,False,True,True,False,False,True,True,True,False,False,True,True,False,False,False,True,False,False,True,True,False,False,False,False,False,False,False,False,False,True,False,False,False,True,False
TX-02588,False,True,True,False,False,False,False,False,False,True,True,False,False,True,True,True,False,False,True,False,False,False,False,True,False,False,False,True,False,False,False,False,False,False,False,False,False,True,True,False,False,True,False
TX-02589,False,True,True,False,False,False,False,False,False,True,True,False,False,True,True,True,False,False,True,False,False,False,False,True,False,False,False,True,False,False,False,False,False,False,False,False,False,True,True,False,True,False,False
TX-02590,False,False,True,False,False,False,False,False,False,True,True,False,False,True,True,True,False,False,True,True,False,False,False,True,False,False,True,True,False,False,False,False,False,False,False,False,False,True,False,False,True,False,False
TX-02591,False,False,True,False,False,False,False,False,False,True,True,False,False,True,True,True,False,False,True,True,False,False,False,True,False,False,True,True,False,False,False,False,False,False,False,False,False,True,False,False,False,True,False
TX-02592,False,True,True,False,False,False,False,False,False,True,True,False,False,True,True,True,False,False,True,False,False,False,False,True,False,False,False,True,False,False,False,False,False,False,False,False,False,True,True,True,False,False,False
TX-02593,False,True,True,False,False,False,False,False,False,True,True,False,False,True,True,True,False,False,True,False,False,False,False,True,False,False,False,True,False,False,False,False,False,False,False,False,False,True,True,False,False,True,False
TX-02594,False,False,True,False,False,False,False,False,False,True,True,False,False,True,True,True,False,False,True,True,False,False,False,True,False,False,True,True,False,False,False,False,False,False,False,False,False,True,False,False,False,True,False
TX-02595,False,False,True,False,False,False,False,False,False,True,True,False,False,True,True,True,False,False,True,True,False,False,False,True,False,False,True,True,False,False,False,False,False,False,False,False,False,True,False,False,False,True,False
TX-02596,False,False,True,False,False,False,False,False,False,True,True,False,False,True,True,True,False,False,True,True,False,False,False,True,False,False,True,True,False,False,False,False,False,False,False,False,False,True,False,False,True,False,False
TX-02597,False,False,True,False,False,False,False,False,False,True,True,False,False,True,True,True,False,False,True,True,False,False,False,True,False,False,True,True,False,False,False,False,False,False,False,False,False,True,False,True,False,False,False
TX-02598,False,True,True,False,False,False,False,False,False,True,True,False,False,True,True,True,False,False,True,False,False,False,False,True,False,False,False,True,False,False,False,False,False,False,False,False,False,True,True,True,False,False,False
TX-02599,False,True,True,False,False,False,False,False,False,True,True,False,False,True,True,True,False,False,True,False,False,False,False,True,False,False,False,True,False,False,False,False,False,False,False,False,False,True,True,False,False,True,False
TX-02600,False,True,True,False,False,False,False,False,False,True,True,False,False,True,True,True,False,False,True,False,False,False,False,True,False,False,False,True,False,False,False,False,False,False,False,False,False,True,True,False,False,True,False
TX-02601,False,True,True,False,False,False,False,False,False,True,True,False,False,True,True,True,False,False,True,False,False,False,False,True,False,False,False,True,False,False,False,False,False,False,False,False,False,True,True,False,False,True,False
TX-02602,False,False,True,False,False,False,False,False,False,True,True,False,False,True,True,True,False,False,True,True,False,False,False,True,False,False,True,True,False,False,False,False,False,False,False,False,False,True,False,False,False,True,False
TX-02603,False,True,True,False,False,False,False,False,False,True,True,False,False,True,True,True,False,False,True,False,False,False,False,True,False,False,False,True,False,False,False,False,False,False,False,False,False,True,True,False,False,True,False
TX-02604,False,True,True,False,False,False,False,False,False,True,True,False,False,True,True,True,False,False,True,False,False,False,False,True,False,False,False,True,False,False,False,False,False,False,False,False,False,True,True,False,False,True,False
TX-02605,False,False,True,False,False,False,False,False,False,True,True,False,False,True,True,True,False,False,True,True,False,False,False,True,False,False,True,True,False,False,False,False,False,False,False,False,False,True,False,False,True,False,False
TX-02606,False,True,True,False,False,False,False,True,False,False,True,False,False,True,True,True,False,False,True,False,False,False,False,True,False,False,False,False,False,True,False,False,False,False,False,False,False,True,True,False,False,True,False
TX-02607,False,True,True,False,False,False,False,True,False,False,True,False,False,True,True,True,False,False,True,False,False,False,False,True,False,False,False,False,False,True,False,False,False,False,False,False,False,True,True,True,False,False,False
TX-02608,False,True,True,False,False,False,False,True,False,False,True,False,False,True,True,True,False,False,True,False,False,False,False,True,False,False,False,False,False,True,False,False,False,False,False,False,False,True,True,False,False,True,False
TX-02609,False,False,True,False,False,False,False,True,False,False,True,False,False,True,True,True,False,False,True,True,False,False,False,True,False,False,True,False,False,True,False,False,False,False,False,False,False,True,False,False,False,True,False
TX-02610,False,True,True,False,False,False,False,True,False,False,True,False,False,True,True,True,False,False,True,False,False,False,False,True,False,False,False,False,False,True,False,False,False,False,False,False,False,True,True,True,False,False,False
TX-02611,False,True,True,False,False,False,False,True,False,False,True,False,False,True,True,True,False,False,True,False,False,False,False,True,False,False,False,False,False,True,False,False,False,False,False,False,False,True,True,False,False,True,False
TX-02612,False,True,True,False,False,False,False,True,False,False,True,False,False,True,True,True,False,False,True,False,False,False,False,True,False,False,False,False,False,True,False,False,False,False,False,False,False,True,True,True,False,False,False
TX-02613,False,True,True,False,False,False,False,True,False,False,True,False,False,True,True,True,False,False,True,False,False,False,False,True,False,False,False,False,False,True,False,False,False,False,False,False,False,True,True,True,False,False,False
TX-02614,False,True,True,False,False,False,False,True,False,False,True,False,False,True,True,True,False,False,True,False,False,False,False,True,False,False,False,False,False,True,False,False,False,False,False,False,False,True,True,False,False,True,False
TX-02615,False,False,True,False,False,False,False,True,False,False,True,False,False,True,True,True,False,False,True,True,False,False,False,True,False,False,True,False,False,True,False,False,False,False,False,False,False,True,False,False,False,True,False
TX-02616,False,True,True,False,False,False,False,True,False,False,True,False,False,True,True,True,False,False,True,False,False,False,False,True,False,False,False,False,False,True,False,False,False,False,False,False,False,True,True,True,False,False,False
TX-02617,False,False,True,False,False,False,False,True,False,False,True,False,False,True,True,True,False,False,True,True,False,False,False,True,False,False,True,False,False,True,False,False,False,False,False,False,False,True,False,False,False,True,False
TX-02618,False,False,True,False,False,False,False,True,False,False,True,False,False,True,True,True,False,False,True,True,False,False,False,True,False,False,True,False,False,True,False,False,False,False,False,False,False,True,False,False,True,False,False
TX-02619,False,True,True,False,False,False,False,True,False,False,True,False,False,True,True,True,False,False,True,False,False,False,False,True,False,False,False,False,False,True,False,False,False,False,False,False,False,True,True,False,False,True,False
TX-02620,False,False,True,False,False,False,False,True,False,False,True,False,False,True,True,True,False,False,True,True,False,False,False,True,False,False,True,False,False,True,False,False,False,False,False,False,False,True,False,False,True,False,False
TX-02621,False,True,True,False,False,False,False,True,False,False,True,False,False,True,True,True,False,False,True,False,False,False,False,True,False,False,False,False,False,True,False,False,False,False,False,False,False,True,True,False,False,True,False
TX-02622,False,False,True,False,False,False,False,True,False,False,True,False,False,True,True,True,False,False,True,True,False,False,False,True,False,False,True,False,False,True,False,False,False,False,False,False,False,True,False,False,True,False,False
TX-02623,False,False,True,False,False,False,False,True,False,False,True,False,False,True,True,True,False,False,True,True,False,False,False,True,False,False,True,False,False,True,False,False,False,False,False,False,False,True,False,False,False,True,False
TX-02624,False,False,True,False,False,False,False,True,False,False,True,False,False,True,True,True,False,False,True,True,False,False,False,True,False,False,True,False,False,True,False,False,False,False,False,False,False,True,False,False,False,True,False
TX-02625,False,True,True,False,False,False,False,True,False,False,True,False,False,True,True,True,False,False,True,False,False,False,False,True,False,False,False,False,False,True,False,False,False,False,False,False,False,True,True,True,False,False,False
TX-02626,False,False,False,True,False,False,False,False,False,True,False,True,False,True,True,False,False,False,True,True,False,False,False,True,False,True,True,False,False,False,False,False,False,False,True,False,False,True,False,False,False,True,False
TX-02627,False,False,False,True,False,False,False,False,False,True,False,True,False,True,True,False,False,False,True,True,False,False,False,True,False,True,True,False,False,False,False,False,False,False,True,False,False,True,False,False,True,False,False
TX-02628,False,True,False,True,False,False,False,False,False,True,False,True,False,True,True,False,False,False,True,False,False,False,False,True,False,True,False,False,False,False,False,False,False,False,True,False,False,True,True,False,True,False,False
TX-02629,False,True,False,True,False,False,False,False,False,True,False,True,False,True,True,False,False,False,True,False,False,False,False,True,False,True,False,False,False,False,False,False,False,False,True,False,False,True,True,True,False,False,False
TX-02630,False,True,False,True,False,False,False,False,False,True,False,True,False,True,True,False,False,False,True,False,False,False,False,True,False,True,False,False,False,False,False,False,False,False,True,False,False,True,True,False,False,True,False
TX-02631,False,False,False,True,False,False,False,False,False,True,False,True,False,True,True,False,False,False,True,True,False,False,False,True,False,True,True,False,False,False,False,False,False,False,True,False,False,True,False,False,True,False,False
TX-02632,False,True,False,True,False,False,False,False,False,True,False,True,False,True,True,False,False,False,True,False,False,False,False,True,False,True,False,False,False,False,False,False,False,False,True,False,False,True,True,True,False,False,False
TX-02633,False,True,False,True,False,False,False,False,False,True,False,True,False,True,True,False,False,False,True,False,False,False,False,True,False,True,False,False,False,False,False,False,False,False,True,False,False,True,True,True,False,False,False
TX-02634,False,False,False,True,False,False,False,False,False,True,False,True,False,True,True,False,False,False,True,True,False,False,False,True,False,True,True,False,False,False,False,False,False,False,True,False,False,True,False,False,False,True,False
TX-02635,False,False,False,True,False,False,False,False,False,True,False,True,False,True,True,False,False,False,True,True,False,False,False,True,False,True,True,False,False,False,False,False,False,False,True,False,False,True,False,False,False,True,False
TX-02636,False,True,False,True,False,False,False,False,False,True,False,True,False,True,True,False,False,False,True,False,False,False,False,True,False,True,False,False,False,False,False,False,False,False,True,False,False,True,True,False,False,True,False
TX-02637,False,False,False,True,False,False,False,False,False,True,False,True,False,True,True,False,False,False,True,True,False,False,False,True,False,True,True,False,False,False,False,False,False,False,True,False,False,True,False,False,True,False,False
TX-02638,False,True,False,False,True,False,False,False,False,True,True,False,False,True,True,True,False,True,False,False,False,False,False,True,False,False,False,False,False,False,False,False,False,False,False,True,False,True,True,True,False,False,False
TX-02639,False,True,False,False,True,False,False,False,False,True,True,False,False,True,True,True,False,True,False,False,False,False,False,True,False,False,False,False,False,False,False,False,False,False,False,True,False,True,True,False,True,False,False
TX-02640,False,True,False,False,True,False,False,False,False,True,True,False,False,True,True,True,False,True,False,False,False,False,False,True,False,False,False,False,False,False,False,False,False,False,False,True,False,True,True,False,False,True,False
TX-02641,False,True,False,False,True,False,False,False,False,True,True,False,False,True,True,True,False,True,False,False,False,False,False,True,False,False,False,False,False,False,False,False,False,False,False,True,False,True,True,False,False,True,False
TX-02642,False,False,False,False,True,False,False,False,False,True,True,False,False,True,True,True,False,True,False,True,False,False,False,True,False,False,True,False,False,False,False,False,False,False,False,True,False,True,False,False,False,True,False
TX-02643,False,True,False,False,True,False,False,False,False,True,True,False,False,True,True,True,False,True,False,False,False,False,False,True,False,False,False,False,False,False,False,False,False,False,False,True,False,True,True,False,False,True,False
TX-02644,False,False,False,False,True,False,False,False,False,True,True,False,False,True,True,True,False,True,False,True,False,False,False,True,False,False,True,False,False,False,False,False,False,False,False,True,False,True,False,False,True,False,False
TX-02645,False,False,False,False,True,False,False,False,False,True,True,False,False,True,True,True,False,True,False,True,False,False,False,True,False,False,True,False,False,False,False,False,False,False,False,True,False,True,False,False,True,False,False
TX-02646,False,False,False,False,True,False,False,False,False,True,True,False,False,True,True,True,False,True,False,True,False,False,False,True,False,False,True,False,False,False,False,False,False,False,False,True,False,True,False,False,False,True,False
TX-02647,False,True,True,False,False,False,False,True,False,False,True,False,False,True,True,True,False,False,True,False,False,False,False,True,False,False,False,False,False,False,True,False,False,False,False,False,False,True,True,True,False,False,False
TX-02648,False,True,True,False,False,False,False,True,False,False,True,False,False,True,True,True,False,False,True,False,False,False,False,True,False,False,False,False,False,False,True,False,False,False,False,False,False,True,True,False,False,True,False
TX-02649,False,True,True,False,False,False,False,True,False,False,True,False,False,True,True,True,False,False,True,False,False,False,False,True,False,False,False,False,False,False,True,False,False,False,False,False,False,True,True,False,True,False,False
TX-02650,False,True,True,False,False,False,False,True,False,False,True,False,False,True,True,True,False,False,True,False,False,False,False,True,False,False,False,False,False,False,True,False,False,False,False,False,False,True,True,False,False,True,False
TX-02651,False,True,True,False,False,False,False,True,False,False,True,False,False,True,True,True,False,False,True,False,False,False,False,True,False,False,False,False,False,False,True,False,False,False,False,False,False,True,True,True,False,False,False
TX-02652,False,True,True,False,False,False,False,True,False,False,True,False,False,True,True,True,False,False,True,False,False,False,False,True,False,False,False,False,False,False,True,False,False,False,False,False,False,True,True,False,False,True,False
TX-02653,False,True,True,False,False,False,False,True,False,False,True,False,False,True,True,True,False,False,True,False,False,False,False,True,False,False,False,False,False,False,True,False,False,False,False,False,False,True,True,True,False,False,False
TX-02654,False,False,True,False,False,False,False,True,False,False,True,False,False,True,True,True,False,False,True,True,False,False,False,True,False,False,True,False,False,False,True,False,False,False,False,False,False,True,False,False,False,True,False
TX-02655,False,False,True,False,False,False,False,True,False,False,True,False,False,True,True,True,False,False,True,True,False,False,False,True,False,False,True,False,False,False,True,False,False,False,False,False,False,True,False,False,True,False,False
TX-02656,False,True,True,False,False,False,False,True,False,False,True,False,False,True,True,True,False,False,True,False,False,False,False,True,False,False,False,False,False,False,True,False,False,False,False,False,False,True,True,True,False,False,False
TX-02657,False,True,True,False,False,False,False,True,False,False,True,False,False,True,True,True,False,False,True,False,False,False,False,True,False,False,False,False,False,False,True,False,False,False,False,False,False,True,True,False,True,False,False
TX-02658,False,False,True,False,False,False,False,True,False,False,True,False,False,True,True,True,False,False,True,True,False,False,False,True,False,False,True,False,False,False,True,False,False,False,False,False,False,True,False,False,False,True,False
TX-02659,False,True,True,False,False,False,False,True,False,False,True,False,False,True,True,True,False,False,True,False,False,False,False,True,False,False,False,False,False,False,True,False,False,False,False,False,False,True,True,True,False,False,False
TX-02660,False,True,True,False,False,False,False,True,False,False,True,False,False,True,True,True,False,False,True,False,False,False,False,True,False,False,False,False,False,False,True,False,False,False,False,False,False,True,True,False,True,False,False
TX-02661,False,False,True,False,False,False,False,True,False,False,True,False,False,True,True,True,False,False,True,True,False,False,False,True,False,False,True,False,False,False,True,False,False,False,False,False,False,True,False,False,False,True,False
TX-02662,False,True,True,False,False,False,False,True,False,False,True,False,False,True,True,True,False,False,True,False,False,False,False,True,False,False,False,False,False,False,True,False,False,False,False,False,False,True,True,False,False,True,False
TX-02663,False,False,True,False,False,False,False,True,False,False,True,False,False,True,True,True,False,False,True,True,False,False,False,True,False,False,True,False,False,False,True,False,False,False,False,False,False,True,False,False,True,False,False
TX-02664,False,False,True,False,False,False,False,True,False,False,True,False,False,True,True,True,False,False,True,True,False,False,False,True,False,False,True,False,False,False,True,False,False,False,False,False,False,True,False,False,False,True,False
TX-02665,False,False,True,False,False,False,False,True,False,False,True,False,False,True,True,True,False,False,True,True,False,False,False,True,False,False,True,False,False,False,True,False,False,False,False,False,False,True,False,False,True,False,False
TX-02666,False,False,True,False,False,False,False,True,False,False,True,False,False,True,True,True,False,False,True,True,False,False,False,True,False,False,True,False,False,False,True,False,False,False,False,False,False,True,False,False,True,False,False
TX-02667,False,True,True,False,False,False,False,True,False,False,True,False,False,True,True,True,False,False,True,False,False,False,False,True,False,False,False,False,False,False,True,False,False,False,False,False,False,True,True,False,True,False,False
TX-02668,False,False,True,False,False,False,False,True,False,False,True,False,False,True,True,True,False,False,True,True,False,False,False,True,False,False,True,False,False,False,True,False,False,False,False,False,False,True,False,False,False,True,False
TX-02669,False,True,True,False,False,False,False,False,False,True,True,False,False,True,True,True,False,False,True,False,False,False,False,True,False,False,False,False,False,False,False,True,False,False,False,False,False,True,True,False,False,True,False
TX-02670,False,False,True,False,False,False,False,False,False,True,True,False,False,True,True,True,False,False,True,True,False,False,False,True,False,False,True,False,False,False,False,True,False,False,False,False,False,True,False,False,True,False,False
TX-02671,False,False,True,False,False,False,False,False,False,True,True,False,False,True,True,True,False,False,True,True,False,False,False,True,False,False,True,False,False,False,False,True,False,False,False,False,False,True,False,False,False,True,False
TX-02672,False,True,True,False,False,False,False,False,False,True,True,False,False,True,True,True,False,False,True,False,False,False,False,True,False,False,False,False,False,False,False,True,False,False,False,False,False,True,True,True,False,False,False
TX-02673,False,False,True,False,False,False,False,False,False,True,True,False,False,True,True,True,False,False,True,True,False,False,False,True,False,False,True,False,False,False,False,True,False,False,False,False,False,True,False,False,False,True,False
TX-02674,False,True,True,False,False,False,False,False,False,True,True,False,False,True,True,True,False,False,True,False,False,False,False,True,False,False,False,False,False,False,False,True,False,False,False,False,False,True,True,True,False,False,False
TX-02675,False,True,True,False,False,False,False,False,False,True,True,False,False,True,True,True,False,False,True,False,False,False,False,True,False,False,False,False,False,False,False,True,False,False,False,False,False,True,True,True,False,False,False
TX-02676,False,False,True,False,False,False,False,False,False,True,True,False,False,True,True,True,False,False,True,True,False,False,False,True,False,False,True,False,False,False,False,True,False,False,False,False,False,True,False,False,True,False,False
TX-02677,False,True,True,False,False,False,False,False,False,True,True,False,False,True,True,True,False,False,True,False,False,False,False,True,False,False,False,False,False,False,False,True,False,False,False,False,False,True,True,False,False,True,False
TX-02678,False,True,True,False,False,False,False,False,False,True,True,False,False,True,True,True,False,False,True,False,False,False,False,True,False,False,False,False,False,False,False,True,False,False,False,False,False,True,True,False,False,True,False
TX-02679,False,True,True,False,False,False,False,False,False,True,True,False,False,True,True,True,False,False,True,False,False,False,False,True,False,False,False,False,False,False,False,True,False,False,False,False,False,True,True,True,False,False,False
TX-02680,False,True,True,False,False,False,False,False,False,True,True,False,False,True,True,True,False,False,True,False,False,False,False,True,False,False,False,False,False,False,False,True,False,False,False,False,False,True,True,True,False,False,False
TX-02681,False,True,True,False,False,False,False,False,False,True,True,False,False,True,True,True,False,True,False,False,False,False,False,True,False,False,False,False,False,False,False,True,False,False,False,False,False,True,True,True,False,False,False
TX-02682,False,True,True,False,False,False,False,False,False,True,True,False,False,True,True,True,False,True,False,False,False,False,False,True,False,False,False,False,False,False,False,True,False,False,False,False,False,True,True,False,False,True,False
TX-02683,False,True,True,False,False,False,False,False,False,True,True,False,False,True,True,True,False,True,False,False,False,False,False,True,False,False,False,False,False,False,False,True,False,False,False,False,False,True,True,True,False,False,False
TX-02684,False,False,True,False,False,False,False,False,False,True,True,False,False,True,True,True,False,True,False,True,False,False,False,True,False,False,True,False,False,False,False,True,False,False,False,False,False,True,False,False,False,True,False
TX-02685,False,True,True,False,False,False,False,False,False,True,True,False,False,True,True,True,False,True,False,False,False,False,False,True,False,False,False,False,False,False,False,True,False,False,False,False,False,True,True,True,False,False,False
TX-02686,False,False,True,False,False,False,False,False,False,True,True,False,False,True,True,True,False,True,False,True,False,False,False,True,False,False,True,False,False,False,False,True,False,False,False,False,False,True,False,False,False,True,False
TX-02687,False,False,True,False,False,False,False,False,False,True,True,False,False,True,True,True,False,True,False,True,False,False,False,True,False,False,True,False,False,False,False,True,False,False,False,False,False,True,False,False,False,True,False
TX-02688,False,True,True,False,False,False,False,False,False,True,True,False,False,True,True,True,False,True,False,False,False,False,False,True,False,False,False,False,False,False,False,True,False,False,False,False,False,True,True,False,False,True,False
TX-02689,False,True,True,False,False,False,False,False,False,True,True,False,False,True,True,True,False,True,False,False,False,False,False,True,False,False,False,False,False,False,False,True,False,False,False,False,False,True,True,True,False,False,False
TX-02690,False,True,True,False,False,False,False,False,False,True,True,False,False,True,True,True,False,True,False,False,False,False,False,True,False,False,False,False,False,False,False,False,True,False,False,False,False,True,True,False,False,True,False
TX-02691,False,True,True,False,False,False,False,False,False,True,True,False,False,True,True,True,False,True,False,False,False,False,False,True,False,False,False,False,False,False,False,False,True,False,False,False,False,True,True,True,False,False,False
TX-02692,False,True,True,False,False,False,False,False,False,True,True,False,False,True,True,True,False,True,False,False,False,False,False,True,False,False,False,False,False,False,False,False,True,False,False,False,False,True,True,False,False,True,False
TX-02693,False,False,True,False,False,False,False,False,False,True,True,False,False,True,True,True,False,True,False,True,False,False,False,True,False,False,True,False,False,False,False,False,True,False,False,False,False,True,False,False,True,False,False
TX-02694,False,True,True,False,False,False,False,False,False,True,True,False,False,True,True,True,False,True,False,False,False,False,False,True,False,False,False,False,False,False,False,False,True,False,False,False,False,True,True,False,False,True,False
TX-02695,False,True,True,False,False,False,False,False,False,True,True,False,False,True,True,True,False,True,False,False,False,False,False,True,False,False,False,False,False,False,False,False,True,False,False,False,False,True,True,True,False,False,False
TX-02696,False,False,True,False,False,False,False,False,False,True,True,False,False,True,True,True,False,True,False,True,False,False,False,True,False,False,True,False,False,False,False,False,True,False,False,False,False,True,False,False,False,True,False
TX-02697,False,False,True,False,False,False,False,False,False,True,True,False,False,True,True,True,False,True,False,True,False,False,False,True,False,False,True,False,False,False,False,False,True,False,False,False,False,True,False,False,False,True,False
TX-02698,False,False,True,False,False,False,False,False,False,True,True,False,True,False,True,True,False,True,False,True,False,False,False,True,False,False,True,False,False,False,False,False,False,False,False,True,False,True,False,False,False,True,False
TX-02699,False,True,True,False,False,False,False,False,False,True,True,False,True,False,True,True,False,True,False,False,False,False,False,True,False,False,False,False,False,False,False,False,False,False,False,True,False,True,True,False,False,True,False
TX-02700,False,True,True,False,False,False,False,False,False,True,True,False,True,False,True,True,False,True,False,False,False,False,False,True,False,False,False,False,False,False,False,False,False,False,False,True,False,True,True,False,True,False,False
TX-02701,False,True,True,False,False,False,False,False,False,True,True,False,True,False,True,True,False,True,False,False,False,False,False,True,False,False,False,False,False,False,False,False,False,False,False,True,False,True,True,False,False,True,False
TX-02702,False,False,True,False,False,False,False,False,False,True,True,False,True,False,True,True,False,True,False,True,False,False,False,True,False,False,True,False,False,False,False,False,False,False,False,True,False,True,False,False,False,True,False
TX-02703,False,False,True,False,False,False,False,False,False,True,True,False,True,False,True,True,False,True,False,True,False,False,False,True,False,False,True,False,False,False,False,False,False,False,False,True,False,True,False,False,False,True,False
TX-02704,False,True,True,False,False,False,False,False,False,True,True,False,True,False,True,True,False,True,False,False,False,False,False,True,False,False,False,False,False,False,False,False,False,False,False,True,False,True,True,False,False,True,False
TX-02705,False,True,True,False,False,False,False,False,False,True,True,False,True,False,True,True,False,True,False,False,False,False,False,True,False,False,False,False,False,False,False,False,False,False,False,True,False,True,True,True,False,False,False
TX-02706,False,True,True,False,False,False,False,False,False,True,False,True,True,False,True,True,False,True,False,False,False,False,False,True,False,False,False,False,False,False,False,False,True,False,False,False,False,True,True,False,True,False,False
TX-02707,False,False,True,False,False,False,False,False,False,True,False,True,True,False,True,True,False,True,False,True,False,False,False,True,False,False,True,False,False,False,False,False,True,False,False,False,False,True,False,False,True,False,False
TX-02708,False,True,True,False,False,False,False,False,False,True,False,True,True,False,True,True,False,True,False,False,False,False,False,True,False,False,False,False,False,False,False,False,True,False,False,False,False,True,True,False,False,True,False
TX-02709,False,False,True,False,False,False,False,False,False,True,False,True,True,False,True,True,False,True,False,True,False,False,False,True,False,False,True,False,False,False,False,False,True,False,False,False,False,True,False,False,True,False,False
TX-02710,False,False,True,False,False,False,False,False,False,True,False,True,True,False,True,True,False,True,False,True,False,False,False,True,False,False,True,False,False,False,False,False,True,False,False,False,False,True,False,False,True,False,False
TX-02711,False,True,True,False,False,False,False,False,False,True,False,True,True,False,True,True,False,True,False,False,False,False,False,True,False,False,False,False,False,False,False,False,True,False,False,False,False,True,True,False,False,True,False
TX-02712,False,True,True,False,False,False,False,False,False,True,False,True,True,False,True,True,False,True,False,False,False,False,False,True,False,False,False,False,False,False,False,False,True,False,False,False,False,True,True,True,False,False,False
TX-02713,False,False,True,False,False,False,False,False,True,False,False,True,True,False,True,True,False,True,False,True,False,False,False,True,False,False,False,False,True,False,False,False,False,False,False,False,False,True,True,False,True,False,False
TX-02714,False,True,True,False,False,False,False,False,True,False,False,True,True,False,True,True,False,True,False,False,False,False,False,True,False,False,False,False,True,False,False,False,False,False,False,False,False,True,True,True,False,False,False
TX-02715,False,True,True,False,False,False,False,False,True,False,False,True,True,False,True,True,False,True,False,False,False,False,False,True,False,False,False,False,True,False,False,False,False,False,False,False,False,True,True,False,False,True,False
TX-02716,False,True,True,False,False,False,False,False,True,False,False,True,True,False,True,True,False,True,False,False,False,False,False,True,False,False,False,False,True,False,False,False,False,False,False,False,False,True,True,False,False,True,False
TX-02717,False,False,True,False,False,False,False,False,True,False,False,True,True,False,True,True,False,True,False,True,False,False,False,True,False,False,False,False,True,False,False,False,False,False,False,False,False,True,True,False,False,True,False
TX-02718,False,True,True,False,False,False,False,False,True,False,False,True,True,False,True,True,False,True,False,False,False,False,False,True,False,False,False,False,True,False,False,False,False,False,False,False,False,True,True,False,True,False,False
TX-02719,False,True,True,False,False,False,False,False,True,False,False,True,True,False,True,True,False,True,False,False,False,False,False,True,False,False,False,False,True,False,False,False,False,False,False,False,False,True,True,False,False,True,False
TX-02720,False,True,True,False,False,False,False,False,True,False,False,True,True,False,True,True,False,True,False,False,False,False,False,True,False,False,False,False,True,False,False,False,False,False,False,False,False,True,True,False,True,False,False
TX-02721,False,True,True,False,False,False,False,False,True,False,False,True,True,False,True,True,False,True,False,False,False,False,False,True,False,False,False,False,True,False,False,False,False,False,False,False,False,True,True,True,False,False,False
TX-02722,False,False,True,False,False,False,False,False,True,False,False,True,True,False,True,True,False,True,False,True,False,False,False,True,False,False,False,False,True,False,False,False,False,False,False,False,False,True,True,False,True,False,False
TX-02723,False,True,False,False,True,False,False,False,True,False,False,True,True,False,True,True,False,True,False,False,False,False,False,True,False,False,False,False,False,False,False,False,False,False,True,False,False,True,True,False,False,True,False
TX-02724,False,False,False,False,True,False,False,False,True,False,False,True,True,False,True,True,False,True,False,True,False,False,False,True,False,False,False,False,False,False,False,False,False,False,True,False,False,True,True,False,False,True,False
TX-02725,False,True,False,False,True,False,False,False,True,False,False,True,True,False,True,True,False,True,False,False,False,False,False,True,False,False,False,False,False,False,False,False,False,False,True,False,False,True,True,False,False,True,False
TX-02726,False,True,False,False,True,False,False,False,True,False,False,True,True,False,True,True,False,True,False,False,False,False,False,True,False,False,False,False,False,False,False,False,False,False,True,False,False,True,True,False,False,True,False
