estudiante_id_ofuscado,codigo_curso,periodo_academico,fecha_acta,oportunidad_evaluacion,seccion,zona,nota_examen,nota_total,resultado,numero_acta,estado_acta,fecha_acta_dt,zona_num,nota_examen_num,nota_total_num,es_equivalencia,es_nsp
d1be5647-fdd8-53fe-8b3c-64441ddd5977,028,S1,2024-05-14,Ordinario,A,56,17,73,Aprobado,ACTA-2024-S1-028-A-ORD,Normal,2024-05-14,56,17,73,False,False
f1655cb7-00bc-5455-9379-254358e903cf,028,S1,2024-05-14,Ordinario,A,40,17,57,Reprobado,ACTA-2024-S1-028-A-ORD,Normal,2024-05-14,40,17,57,False,False
f1655cb7-00bc-5455-9379-254358e903cf,028,S1,2024-05-27,Primera recuperacion,A,40,17,57,Reprobado,ACTA-2024-S1-028-A-REC1,Normal,2024-05-27,40,17,57,False,False
17c7a9a2-f074-5a25-9c33-123c3f252a00,028,S1,2024-05-09,Ordinario,B,35,0,35,Reprobado,ACTA-2024-S1-028-B-ORD,Normal,2024-05-09,35,0,35,False,False
4ca64fe3-739c-5549-9021-88056df3ce2c,028,S1,2024-05-09,Ordinario,B,61,4,65,Aprobado,ACTA-2024-S1-028-B-ORD,Normal,2024-05-09,61,4,65,False,False
b92068f4-3013-587a-8e70-ce58bab62301,028,S1,2024-05-09,Ordinario,B,57,23,80,Aprobado,ACTA-2024-S1-028-B-ORD,Normal,2024-05-09,57,23,80,False,False
17c7a9a2-f074-5a25-9c33-123c3f252a00,028,S1,2024-05-28,Primera recuperacion,B,35,0,35,Reprobado,ACTA-2024-S1-028-B-REC1,Normal,2024-05-28,35,0,35,False,False
79f7bd09-d805-5ce8-ab92-7f3812865478,028,S1,2024-05-14,Ordinario,C,47,5,52,Reprobado,ACTA-2024-S1-028-C-ORD,Normal,2024-05-14,47,5,52,False,False
92fcb7e2-aae7-5aa4-81b8-b92b825fe8a7,028,S1,2024-05-14,Ordinario,C,63,1,64,Aprobado,ACTA-2024-S1-028-C-ORD,Normal,2024-05-14,63,1,64,False,False
b48cf04d-3355-5979-a671-d15244b9f856,028,S1,2024-05-14,Ordinario,C,40,3,43,Reprobado,ACTA-2024-S1-028-C-ORD,Normal,2024-05-14,40,3,43,False,False
cf443787-1a74-5a5e-bff3-2ef5575818ac,028,S1,2024-05-14,Ordinario,C,48,19,67,Aprobado,ACTA-2024-S1-028-C-ORD,Normal,2024-05-14,48,19,67,False,False
e47c32f0-0c28-5157-bc7c-72d90ae601f8,028,S1,2024-05-14,Ordinario,C,67,15,82,Aprobado,ACTA-2024-S1-028-C-ORD,Normal,2024-05-14,67,15,82,False,False
b48cf04d-3355-5979-a671-d15244b9f856,028,S1,2024-05-28,Primera recuperacion,C,40,3,43,Reprobado,ACTA-2024-S1-028-C-REC1,Normal,2024-05-28,40,3,43,False,False
286fa7de-31f8-56c1-8023-d8120c448dc4,028,S1,2024-05-08,Ordinario,D,46,4,50,Reprobado,ACTA-2024-S1-028-D-ORD,Normal,2024-05-08,46,4,50,False,False
d31f1530-eb29-5bdd-b1a8-a3ae4c08702f,028,S1,2024-05-08,Ordinario,D,52,26,78,Aprobado,ACTA-2024-S1-028-D-ORD,Normal,2024-05-08,52,26,78,False,False
286fa7de-31f8-56c1-8023-d8120c448dc4,028,S1,2024-05-27,Primera recuperacion,D,46,4,50,Reprobado,ACTA-2024-S1-028-D-REC1,Normal,2024-05-27,46,4,50,False,False
00951361-bee7-5343-85b9-b2de39c38298,028,S1,2024-05-16,Ordinario,E,49,21,70,Aprobado,ACTA-2024-S1-028-E-ORD,Normal,2024-05-16,49,21,70,False,False
421e5b33-6bf8-5c14-a03b-3a4e6da333e6,028,S1,2024-05-16,Ordinario,E,37,25,62,Aprobado,ACTA-2024-S1-028-E-ORD,Normal,2024-05-16,37,25,62,False,False
76c382db-d59f-56da-9b78-fa2341e8a839,028,S1,2024-05-16,Ordinario,E,40,27,67,Aprobado,ACTA-2024-S1-028-E-ORD,Normal,2024-05-16,40,27,67,False,False
79e7db35-50f0-5599-a41c-31b243f13720,028,S1,2024-05-16,Ordinario,E,58,22,80,Aprobado,ACTA-2024-S1-028-E-ORD,Normal,2024-05-16,58,22,80,False,False
898ef159-1bc5-50f4-a839-8a6328ead4e2,028,S1,2024-05-16,Ordinario,E,50,9,59,Reprobado,ACTA-2024-S1-028-E-ORD,Normal,2024-05-16,50,9,59,False,False
aa0e548f-62ee-554b-83fc-7eb4613cf4ff,028,S1,2024-05-16,Ordinario,E,50,5,55,Reprobado,ACTA-2024-S1-028-E-ORD,Normal,2024-05-16,50,5,55,False,False
be370c13-7be9-54a5-89bb-4bdce7fb2e43,028,S1,2024-05-16,Ordinario,E,54,16,70,Aprobado,ACTA-2024-S1-028-E-ORD,Normal,2024-05-16,54,16,70,False,False
dda7d84e-c79a-5f19-b8d1-4090f3239620,028,S1,2024-05-16,Ordinario,E,63,29,92,Aprobado,ACTA-2024-S1-028-E-ORD,Normal,2024-05-16,63,29,92,False,False
fb399764-8cce-535f-a2de-db636fb7aac4,028,S1,2024-05-16,Ordinario,E,49,8,57,Reprobado,ACTA-2024-S1-028-E-ORD,Normal,2024-05-16,49,8,57,False,False
aa0e548f-62ee-554b-83fc-7eb4613cf4ff,028,S1,2024-05-21,Primera recuperacion,E,50,11,61,Aprobado,ACTA-2024-S1-028-E-REC1,Normal,2024-05-21,50,11,61,False,False
9b21c50e-3681-517b-af9a-5d043499cb27,028,S1,2024-05-10,Ordinario,F,48,28,76,Aprobado,ACTA-2024-S1-028-F-ORD,Normal,2024-05-10,48,28,76,False,False
d3fc7fce-8bb1-5b8f-a4d5-58e2ef066b24,028,S1,2024-05-10,Ordinario,F,55,6,61,Aprobado,ACTA-2024-S1-028-F-ORD,Normal,2024-05-10,55,6,61,False,False
e1e5ddb0-f781-58a0-8ee3-0398d09b2498,028,S1,2024-05-10,Ordinario,F,57,14,71,Aprobado,ACTA-2024-S1-028-F-ORD,Normal,2024-05-10,57,14,71,False,False
f23552cd-6876-5561-b470-73e7c5e2bebe,028,S1,2024-05-10,Ordinario,F,35,20,55,Reprobado,ACTA-2024-S1-028-F-ORD,Normal,2024-05-10,35,20,55,False,False
f23552cd-6876-5561-b470-73e7c5e2bebe,028,S1,2024-05-25,Primera recuperacion,F,35,20,55,Reprobado,ACTA-2024-S1-028-F-REC1,Normal,2024-05-25,35,20,55,False,False
f23552cd-6876-5561-b470-73e7c5e2bebe,028,S1,2024-07-07,Segunda recuperacion,F,35,20,55,Reprobado,ACTA-2024-S1-028-F-REC2,Normal,2024-07-07,35,20,55,False,False
136359a4-f6ba-5d83-bc2f-db84eb392890,072,S1,2024-05-13,Ordinario,A,31,NSP,31,NSP,ACTA-2024-S1-072-A-ORD,Normal,2024-05-13,31,,31,False,True
1f2b77ef-07aa-502d-929d-d94213b94b63,072,S1,2024-05-13,Ordinario,A,36,4,40,Reprobado,ACTA-2024-S1-072-A-ORD,Normal,2024-05-13,36,4,40,False,False
3d0a4f10-ddc8-5c1d-9130-52080699b517,072,S1,2024-05-13,Ordinario,A,50,8,58,Reprobado,ACTA-2024-S1-072-A-ORD,Normal,2024-05-13,50,8,58,False,False
3e703abf-7a8c-5481-8fa7-6bc889902317,072,S1,2024-05-13,Ordinario,A,37,26,63,Aprobado,ACTA-2024-S1-072-A-ORD,Normal,2024-05-13,37,26,63,False,False
8cd78b9b-ec67-5cc2-a2e0-f9086c2a104e,072,S1,2024-05-13,Ordinario,A,49,7,56,Reprobado,ACTA-2024-S1-072-A-ORD,Normal,2024-05-13,49,7,56,False,False
978d05a1-a5a9-5ba4-9e3c-f3840d820cc0,072,S1,2024-05-13,Ordinario,A,57,24,81,Aprobado,ACTA-2024-S1-072-A-ORD,Normal,2024-05-13,57,24,81,False,False
9ffa6583-b745-5ab4-b96f-0cb448667369,072,S1,2024-05-13,Ordinario,A,34,6,40,Reprobado,ACTA-2024-S1-072-A-ORD,Normal,2024-05-13,34,6,40,False,False
b481fb0d-4c7d-5dbf-8e5a-85fcf4533ba4,072,S1,2024-05-13,Ordinario,A,36,26,62,Aprobado,ACTA-2024-S1-072-A-ORD,Normal,2024-05-13,36,26,62,False,False
b73c830f-c8ef-567b-bcb4-081b76752502,072,S1,2024-05-13,Ordinario,A,55,15,70,Aprobado,ACTA-2024-S1-072-A-ORD,Normal,2024-05-13,55,15,70,False,False
c51f9510-af9e-5a2e-8d05-9db91cfc5948,072,S1,2024-05-13,Ordinario,A,63,0,63,Aprobado,ACTA-2024-S1-072-A-ORD,Normal,2024-05-13,63,0,63,False,False
d2f58abe-3bd7-5f07-9c7e-3a449807463d,072,S1,2024-05-13,Ordinario,A,41,26,67,Aprobado,ACTA-2024-S1-072-A-ORD,Normal,2024-05-13,41,26,67,False,False
da0c1c2d-eae2-57b8-b466-96a10f60d443,072,S1,2024-05-13,Ordinario,A,43,16,59,Reprobado,ACTA-2024-S1-072-A-ORD,Normal,2024-05-13,43,16,59,False,False
dc7a4a7d-204c-510b-8a49-6ce8ff399651,072,S1,2024-05-13,Ordinario,A,42,28,70,Aprobado,ACTA-2024-S1-072-A-ORD,Normal,2024-05-13,42,28,70,False,False
f52fddd3-e36f-5a82-a378-727e37fe4596,072,S1,2024-05-13,Ordinario,A,51,23,74,Aprobado,ACTA-2024-S1-072-A-ORD,Normal,2024-05-13,51,23,74,False,False
fc57b469-8570-5031-b6b6-027ecfb0f9a7,072,S1,2024-05-13,Ordinario,A,63,2,65,Aprobado,ACTA-2024-S1-072-A-ORD,Normal,2024-05-13,63,2,65,False,False
1f2b77ef-07aa-502d-929d-d94213b94b63,072,S1,2024-05-25,Primera recuperacion,A,36,4,40,Reprobado,ACTA-2024-S1-072-A-REC1,Normal,2024-05-25,36,4,40,False,False
3d0a4f10-ddc8-5c1d-9130-52080699b517,072,S1,2024-05-25,Primera recuperacion,A,50,8,58,Reprobado,ACTA-2024-S1-072-A-REC1,Normal,2024-05-25,50,8,58,False,False
8cd78b9b-ec67-5cc2-a2e0-f9086c2a104e,072,S1,2024-05-25,Primera recuperacion,A,49,7,56,Reprobado,ACTA-2024-S1-072-A-REC1,Normal,2024-05-25,49,7,56,False,False
9ffa6583-b745-5ab4-b96f-0cb448667369,072,S1,2024-05-25,Primera recuperacion,A,34,29,63,Aprobado,ACTA-2024-S1-072-A-REC1,Normal,2024-05-25,34,29,63,False,False
da0c1c2d-eae2-57b8-b466-96a10f60d443,072,S1,2024-05-25,Primera recuperacion,A,43,16,59,Reprobado,ACTA-2024-S1-072-A-REC1,Normal,2024-05-25,43,16,59,False,False
1f2b77ef-07aa-502d-929d-d94213b94b63,072,S1,2024-07-08,Segunda recuperacion,A,36,30,66,Aprobado,ACTA-2024-S1-072-A-REC2,Normal,2024-07-08,36,30,66,False,False
3d0a4f10-ddc8-5c1d-9130-52080699b517,072,S1,2024-07-08,Segunda recuperacion,A,50,8,58,Reprobado,ACTA-2024-S1-072-A-REC2,Normal,2024-07-08,50,8,58,False,False
0045968e-85a2-5b82-bc32-83b532db55cd,072,S1,2024-05-12,Ordinario,C,53,15,68,Aprobado,ACTA-2024-S1-072-C-ORD,Normal,2024-05-12,53,15,68,False,False
00a20d4b-9043-50fd-9656-3d18b3d769d1,072,S1,2024-05-12,Ordinario,C,47,16,63,Aprobado,ACTA-2024-S1-072-C-ORD,Normal,2024-05-12,47,16,63,False,False
01bab3f1-2982-57c8-8f29-8cf445b6214e,072,S1,2024-05-12,Ordinario,C,51,24,75,Aprobado,ACTA-2024-S1-072-C-ORD,Normal,2024-05-12,51,24,75,False,False
0982685f-f12c-5cbc-87fb-2af443788fef,072,S1,2024-05-12,Ordinario,C,49,15,64,Aprobado,ACTA-2024-S1-072-C-ORD,Normal,2024-05-12,49,15,64,False,False
11b3b6a5-c3f8-5413-a4d3-bf4c2dee1df7,072,S1,2024-05-12,Ordinario,C,45,28,73,Aprobado,ACTA-2024-S1-072-C-ORD,Normal,2024-05-12,45,28,73,False,False
13b9c86d-9619-5631-94db-1fa1670bd20b,072,S1,2024-05-12,Ordinario,C,56,28,84,Aprobado,ACTA-2024-S1-072-C-ORD,Normal,2024-05-12,56,28,84,False,False
270a0504-64d3-5ff7-bda8-d02793ef8a81,072,S1,2024-05-12,Ordinario,C,56,30,86,Aprobado,ACTA-2024-S1-072-C-ORD,Normal,2024-05-12,56,30,86,False,False
27211edc-1649-54b6-b315-76064d324463,072,S1,2024-05-12,Ordinario,C,37,9,46,Reprobado,ACTA-2024-S1-072-C-ORD,Normal,2024-05-12,37,9,46,False,False
2a26e298-c5dc-52aa-94db-7ad1d63e65cb,072,S1,2024-05-12,Ordinario,C,39,19,58,Reprobado,ACTA-2024-S1-072-C-ORD,Normal,2024-05-12,39,19,58,False,False
41833e6f-ff9c-5e3d-8bc1-bf5c5abc3959,072,S1,2024-05-12,Ordinario,C,51,NSP,51,NSP,ACTA-2024-S1-072-C-ORD,Normal,2024-05-12,51,,51,False,True
44265d66-98f6-5e01-98b4-22e7f68180a9,072,S1,2024-05-12,Ordinario,C,45,6,51,Reprobado,ACTA-2024-S1-072-C-ORD,Normal,2024-05-12,45,6,51,False,False
47413417-88fb-5b3e-957d-208714a3e40a,072,S1,2024-05-12,Ordinario,C,49,24,73,Aprobado,ACTA-2024-S1-072-C-ORD,Normal,2024-05-12,49,24,73,False,False
496acb28-ec74-5afd-ad47-b5e79d157dbe,072,S1,2024-05-12,Ordinario,C,49,21,70,Aprobado,ACTA-2024-S1-072-C-ORD,Normal,2024-05-12,49,21,70,False,False
4a2ce805-bcd0-5f19-ab09-687335d8db6b,072,S1,2024-05-12,Ordinario,C,33,14,47,Reprobado,ACTA-2024-S1-072-C-ORD,Normal,2024-05-12,33,14,47,False,False
54efacbd-8d05-5312-8217-122e8f73fddc,072,S1,2024-05-12,Ordinario,C,66,22,88,Aprobado,ACTA-2024-S1-072-C-ORD,Normal,2024-05-12,66,22,88,False,False
590a15b3-d7a2-52b9-ab96-bf974ee42530,072,S1,2024-05-12,Ordinario,C,39,22,61,Aprobado,ACTA-2024-S1-072-C-ORD,Normal,2024-05-12,39,22,61,False,False
5f88dc9a-1680-52ba-95d3-277b3d08cd6a,072,S1,2024-05-12,Ordinario,C,58,NSP,58,NSP,ACTA-2024-S1-072-C-ORD,Normal,2024-05-12,58,,58,False,True
61c7e1ff-5e5c-5001-8567-a3771ff133dd,072,S1,2024-05-12,Ordinario,C,66,10,76,Aprobado,ACTA-2024-S1-072-C-ORD,Normal,2024-05-12,66,10,76,False,False
6a5add93-63e2-56da-ad52-61e4a59b33d7,072,S1,2024-05-12,Ordinario,C,33,10,43,Reprobado,ACTA-2024-S1-072-C-ORD,Normal,2024-05-12,33,10,43,False,False
73b10026-ae9f-549d-9df0-f12a55fe95f5,072,S1,2024-05-12,Ordinario,C,40,27,67,Aprobado,ACTA-2024-S1-072-C-ORD,Normal,2024-05-12,40,27,67,False,False
82c26a79-1d7f-541f-a528-1fa65eacb07f,072,S1,2024-05-12,Ordinario,C,42,29,71,Aprobado,ACTA-2024-S1-072-C-ORD,Normal,2024-05-12,42,29,71,False,False
892d453e-ad59-5c86-bc3e-bdd521dd397b,072,S1,2024-05-12,Ordinario,C,49,3,52,Reprobado,ACTA-2024-S1-072-C-ORD,Normal,2024-05-12,49,3,52,False,False
8c6b782d-1004-5643-8e93-3a5fca01dcd3,072,S1,2024-05-12,Ordinario,C,42,2,44,Reprobado,ACTA-2024-S1-072-C-ORD,Normal,2024-05-12,42,2,44,False,False
ad10f604-2695-5bb8-9b2b-5740bf0e649d,072,S1,2024-05-12,Ordinario,C,62,5,67,Aprobado,ACTA-2024-S1-072-C-ORD,Normal,2024-05-12,62,5,67,False,False
bc81ba4d-c2d3-5069-aa38-750cf904b140,072,S1,2024-05-12,Ordinario,C,39,10,49,Reprobado,ACTA-2024-S1-072-C-ORD,Normal,2024-05-12,39,10,49,False,False
bd6823c1-6617-541e-b44d-2de09a66e52e,072,S1,2024-05-12,Ordinario,C,33,20,53,Reprobado,ACTA-2024-S1-072-C-ORD,Normal,2024-05-12,33,20,53,False,False
bfe5ef19-d0c8-5540-803a-a9fd11a6409a,072,S1,2024-05-12,Ordinario,C,43,20,63,Aprobado,ACTA-2024-S1-072-C-ORD,Normal,2024-05-12,43,20,63,False,False
c22564cf-cae3-58e7-b34e-1ee6d3c9993a,072,S1,2024-05-12,Ordinario,C,53,0,53,Reprobado,ACTA-2024-S1-072-C-ORD,Normal,2024-05-12,53,0,53,False,False
c9be5db4-4388-5e6e-bdb4-3792752de6b4,072,S1,2024-05-12,Ordinario,C,34,15,49,Reprobado,ACTA-2024-S1-072-C-ORD,Normal,2024-05-12,34,15,49,False,False
d11c046e-c9c2-5193-9cc1-77492c5d1264,072,S1,2024-05-12,Ordinario,C,43,29,72,Aprobado,ACTA-2024-S1-072-C-ORD,Normal,2024-05-12,43,29,72,False,False
d79beb1a-7cf0-5775-9371-58bfa0b31898,072,S1,2024-05-12,Ordinario,C,41,12,53,Reprobado,ACTA-2024-S1-072-C-ORD,Normal,2024-05-12,41,12,53,False,False
e42d7ce0-3048-53ab-8d1d-178e47c9bc3e,072,S1,2024-05-12,Ordinario,C,39,27,66,Aprobado,ACTA-2024-S1-072-C-ORD,Normal,2024-05-12,39,27,66,False,False
e900eff1-a3f4-5be4-86dd-49f64721fc82,072,S1,2024-05-12,Ordinario,C,42,30,72,Aprobado,ACTA-2024-S1-072-C-ORD,Normal,2024-05-12,42,30,72,False,False
ed913d33-9a4a-5cda-a123-31a39a3a328e,072,S1,2024-05-12,Ordinario,C,51,12,63,Aprobado,ACTA-2024-S1-072-C-ORD,Normal,2024-05-12,51,12,63,False,False
f1bca5fd-d3c7-5b2e-a90e-fbbf75fbcb41,072,S1,2024-05-12,Ordinario,C,55,9,64,Aprobado,ACTA-2024-S1-072-C-ORD,Normal,2024-05-12,55,9,64,False,False
f75c73c4-4353-55c2-b404-dd551be115aa,072,S1,2024-05-12,Ordinario,C,47,23,70,Aprobado,ACTA-2024-S1-072-C-ORD,Normal,2024-05-12,47,23,70,False,False
fc8f1dd9-0500-5ce4-9533-7c16115f0457,072,S1,2024-05-12,Ordinario,C,34,23,57,Reprobado,ACTA-2024-S1-072-C-ORD,Normal,2024-05-12,34,23,57,False,False
27211edc-1649-54b6-b315-76064d324463,072,S1,2024-05-22,Primera recuperacion,C,37,30,67,Aprobado,ACTA-2024-S1-072-C-REC1,Normal,2024-05-22,37,30,67,False,False
2a26e298-c5dc-52aa-94db-7ad1d63e65cb,072,S1,2024-05-22,Primera recuperacion,C,39,19,58,Reprobado,ACTA-2024-S1-072-C-REC1,Normal,2024-05-22,39,19,58,False,False
4a2ce805-bcd0-5f19-ab09-687335d8db6b,072,S1,2024-05-22,Primera recuperacion,C,33,29,62,Aprobado,ACTA-2024-S1-072-C-REC1,Normal,2024-05-22,33,29,62,False,False
8c6b782d-1004-5643-8e93-3a5fca01dcd3,072,S1,2024-05-22,Primera recuperacion,C,42,2,44,Reprobado,ACTA-2024-S1-072-C-REC1,Normal,2024-05-22,42,2,44,False,False
bd6823c1-6617-541e-b44d-2de09a66e52e,072,S1,2024-05-22,Primera recuperacion,C,33,20,53,Reprobado,ACTA-2024-S1-072-C-REC1,Normal,2024-05-22,33,20,53,False,False
c9be5db4-4388-5e6e-bdb4-3792752de6b4,072,S1,2024-05-22,Primera recuperacion,C,34,15,49,Reprobado,ACTA-2024-S1-072-C-REC1,Normal,2024-05-22,34,15,49,False,False
d79beb1a-7cf0-5775-9371-58bfa0b31898,072,S1,2024-05-22,Primera recuperacion,C,41,29,70,Aprobado,ACTA-2024-S1-072-C-REC1,Normal,2024-05-22,41,29,70,False,False
2a26e298-c5dc-52aa-94db-7ad1d63e65cb,072,S1,2024-07-07,Segunda recuperacion,C,39,27,66,Aprobado,ACTA-2024-S1-072-C-REC2,Normal,2024-07-07,39,27,66,False,False
46f5141f-c212-54cb-a059-aceb91052900,077,S1,2024-05-12,Ordinario,A,51,0,51,Reprobado,ACTA-2024-S1-077-A-ORD,Normal,2024-05-12,51,0,51,False,False
4a6b3546-7880-595e-b541-6aab9d24320b,077,S1,2024-05-12,Ordinario,A,38,30,68,Aprobado,ACTA-2024-S1-077-A-ORD,Normal,2024-05-12,38,30,68,False,False
536a507b-cae9-556a-aca9-6fa541df708f,077,S1,2024-05-12,Ordinario,A,45,13,58,Reprobado,ACTA-2024-S1-077-A-ORD,Normal,2024-05-12,45,13,58,False,False
7f65857e-5b14-557a-bd52-34d73e3b4017,077,S1,2024-05-12,Ordinario,A,53,10,63,Aprobado,ACTA-2024-S1-077-A-ORD,Normal,2024-05-12,53,10,63,False,False
7f9606ee-06b3-5cde-b8e8-5ecc400c2647,077,S1,2024-05-12,Ordinario,A,35,6,41,Reprobado,ACTA-2024-S1-077-A-ORD,Normal,2024-05-12,35,6,41,False,False
89e30471-3014-5c79-9455-e1c4f2ee60bd,077,S1,2024-05-12,Ordinario,A,32,27,59,Reprobado,ACTA-2024-S1-077-A-ORD,Normal,2024-05-12,32,27,59,False,False
8adbc82c-808f-5b1d-b86c-04b04f2a4aad,077,S1,2024-05-12,Ordinario,A,53,9,62,Aprobado,ACTA-2024-S1-077-A-ORD,Normal,2024-05-12,53,9,62,False,False
a0ce5501-c941-5d6f-bdff-a357ccb52bd7,077,S1,2024-05-12,Ordinario,A,51,21,72,Aprobado,ACTA-2024-S1-077-A-ORD,Normal,2024-05-12,51,21,72,False,False
b69b6146-9244-5946-800b-bab8d07fdf29,077,S1,2024-05-12,Ordinario,A,57,20,77,Aprobado,ACTA-2024-S1-077-A-ORD,Normal,2024-05-12,57,20,77,False,False
bd33a1e4-88e2-5537-8532-82d6a9b59ed2,077,S1,2024-05-12,Ordinario,A,49,26,75,Aprobado,ACTA-2024-S1-077-A-ORD,Normal,2024-05-12,49,26,75,False,False
c89bf0ca-8b71-5ca2-971d-575175c65ad9,077,S1,2024-05-12,Ordinario,A,55,12,67,Aprobado,ACTA-2024-S1-077-A-ORD,Normal,2024-05-12,55,12,67,False,False
d4527165-c6ec-5c29-a3ed-988cd19e5f3f,077,S1,2024-05-12,Ordinario,A,68,9,77,Aprobado,ACTA-2024-S1-077-A-ORD,Normal,2024-05-12,68,9,77,False,False
ea6d5422-828f-5de1-9fda-fcc0b60d4590,077,S1,2024-05-12,Ordinario,A,49,29,78,Aprobado,ACTA-2024-S1-077-A-ORD,Normal,2024-05-12,49,29,78,False,False
f113ca9c-f96d-574a-8d4e-37dbed8a6755,077,S1,2024-05-12,Ordinario,A,38,22,60,Reprobado,ACTA-2024-S1-077-A-ORD,Normal,2024-05-12,38,22,60,False,False
f4c71755-c25b-53e6-aae7-bf388a03494c,077,S1,2024-05-12,Ordinario,A,40,26,66,Aprobado,ACTA-2024-S1-077-A-ORD,Normal,2024-05-12,40,26,66,False,False
46f5141f-c212-54cb-a059-aceb91052900,077,S1,2024-05-26,Primera recuperacion,A,51,0,51,Reprobado,ACTA-2024-S1-077-A-REC1,Normal,2024-05-26,51,0,51,False,False
7f9606ee-06b3-5cde-b8e8-5ecc400c2647,077,S1,2024-05-26,Primera recuperacion,A,35,6,41,Reprobado,ACTA-2024-S1-077-A-REC1,Normal,2024-05-26,35,6,41,False,False
89e30471-3014-5c79-9455-e1c4f2ee60bd,077,S1,2024-05-26,Primera recuperacion,A,32,30,62,Aprobado,ACTA-2024-S1-077-A-REC1,Normal,2024-05-26,32,30,62,False,False
f113ca9c-f96d-574a-8d4e-37dbed8a6755,077,S1,2024-05-26,Primera recuperacion,A,38,22,60,Reprobado,ACTA-2024-S1-077-A-REC1,Normal,2024-05-26,38,22,60,False,False
46f5141f-c212-54cb-a059-aceb91052900,077,S1,2024-07-09,Segunda recuperacion,A,51,10,61,Aprobado,ACTA-2024-S1-077-A-REC2,Normal,2024-07-09,51,10,61,False,False
0450959e-48dc-5783-9140-cfcec928c5c5,085,S1,2024-05-14,Ordinario,A,49,21,70,Aprobado,ACTA-2024-S1-085-A-ORD,Normal,2024-05-14,49,21,70,False,False
0fa55129-2054-5d0a-ac6a-c453dfc1133a,085,S1,2024-05-14,Ordinario,A,38,21,59,Reprobado,ACTA-2024-S1-085-A-ORD,Normal,2024-05-14,38,21,59,False,False
101fcc1c-02cb-502a-895a-dc14ec8bc4fc,085,S1,2024-05-14,Ordinario,A,57,14,71,Aprobado,ACTA-2024-S1-085-A-ORD,Normal,2024-05-14,57,14,71,False,False
15a0bb40-c6d6-5f6a-8142-f1c5ba0a121a,085,S1,2024-05-14,Ordinario,A,68,15,83,Aprobado,ACTA-2024-S1-085-A-ORD,Normal,2024-05-14,68,15,83,False,False
16882813-1901-5922-b351-e490c6282bc4,085,S1,2024-05-14,Ordinario,A,34,11,45,Reprobado,ACTA-2024-S1-085-A-ORD,Normal,2024-05-14,34,11,45,False,False
18a74ce6-ba44-5c94-a2c3-22a8ded6786a,085,S1,2024-05-14,Ordinario,A,49,5,54,Reprobado,ACTA-2024-S1-085-A-ORD,Normal,2024-05-14,49,5,54,False,False
229d23a0-bac6-55e3-9d53-ef85f45542e0,085,S1,2024-05-14,Ordinario,A,41,19,60,Reprobado,ACTA-2024-S1-085-A-ORD,Normal,2024-05-14,41,19,60,False,False
23b6caf2-e88d-5562-aa80-01e9ef57ebe9,085,S1,2024-05-14,Ordinario,A,49,9,58,Reprobado,ACTA-2024-S1-085-A-ORD,Normal,2024-05-14,49,9,58,False,False
366b165f-922c-5847-b813-fc6ef6c3a751,085,S1,2024-05-14,Ordinario,A,46,2,48,Reprobado,ACTA-2024-S1-085-A-ORD,Normal,2024-05-14,46,2,48,False,False
36f4d3ec-4023-5b34-8dc2-6e588a93f6a1,085,S1,2024-05-14,Ordinario,A,45,21,66,Aprobado,ACTA-2024-S1-085-A-ORD,Normal,2024-05-14,45,21,66,False,False
3e286a49-0d95-56da-aeae-91cae0ed2763,085,S1,2024-05-14,Ordinario,A,51,10,61,Aprobado,ACTA-2024-S1-085-A-ORD,Normal,2024-05-14,51,10,61,False,False
41c3459c-e2e4-550d-a299-2cc964c7cfea,085,S1,2024-05-14,Ordinario,A,44,15,59,Reprobado,ACTA-2024-S1-085-A-ORD,Normal,2024-05-14,44,15,59,False,False
4a07ae27-bce6-5958-80da-0b26f4d4650a,085,S1,2024-05-14,Ordinario,A,48,22,70,Aprobado,ACTA-2024-S1-085-A-ORD,Normal,2024-05-14,48,22,70,False,False
56d6a85b-af6a-5056-b7e5-6fc2b0054af8,085,S1,2024-05-14,Ordinario,A,49,25,74,Aprobado,ACTA-2024-S1-085-A-ORD,Normal,2024-05-14,49,25,74,False,False
6473da69-8d8c-53e3-9a2c-6841674fb2d0,085,S1,2024-05-14,Ordinario,A,53,21,74,Aprobado,ACTA-2024-S1-085-A-ORD,Normal,2024-05-14,53,21,74,False,False
6d078a78-d8e3-5b7a-89a1-43baa31b9780,085,S1,2024-05-14,Ordinario,A,48,28,76,Aprobado,ACTA-2024-S1-085-A-ORD,Normal,2024-05-14,48,28,76,False,False
717b731e-7f1f-5d15-97ab-fe9730798a9c,085,S1,2024-05-14,Ordinario,A,48,21,69,Aprobado,ACTA-2024-S1-085-A-ORD,Normal,2024-05-14,48,21,69,False,False
75ad2a1d-e65d-5b36-9b02-6dc6f12138a4,085,S1,2024-05-14,Ordinario,A,32,NSP,32,NSP,ACTA-2024-S1-085-A-ORD,Normal,2024-05-14,32,,32,False,True
7aac2ae8-68aa-51a1-b8a6-24cdb91b4935,085,S1,2024-05-14,Ordinario,A,59,5,64,Aprobado,ACTA-2024-S1-085-A-ORD,Normal,2024-05-14,59,5,64,False,False
7d36a894-5a69-5be2-93a2-a8c1d01df056,085,S1,2024-05-14,Ordinario,A,46,14,60,Reprobado,ACTA-2024-S1-085-A-ORD,Normal,2024-05-14,46,14,60,False,False
7e033645-6b36-5b24-be88-ef2953f2c850,085,S1,2024-05-14,Ordinario,A,54,0,54,Reprobado,ACTA-2024-S1-085-A-ORD,Normal,2024-05-14,54,0,54,False,False
819b9b1c-476d-5b64-949b-8bb80947bfde,085,S1,2024-05-14,Ordinario,A,37,30,67,Aprobado,ACTA-2024-S1-085-A-ORD,Normal,2024-05-14,37,30,67,False,False
83c5a92d-1d67-5123-9563-d6dad24bbc27,085,S1,2024-05-14,Ordinario,A,66,10,76,Aprobado,ACTA-2024-S1-085-A-ORD,Normal,2024-05-14,66,10,76,False,False
857bee19-f5cc-5925-8f6d-5e6dc8b42cb7,085,S1,2024-05-14,Ordinario,A,36,28,64,Aprobado,ACTA-2024-S1-085-A-ORD,Normal,2024-05-14,36,28,64,False,False
8d0b01b6-3de2-5be7-87a9-01eb3806e177,085,S1,2024-05-14,Ordinario,A,48,2,50,Reprobado,ACTA-2024-S1-085-A-ORD,Normal,2024-05-14,48,2,50,False,False
a5be436a-cb69-5107-956d-501d659bb0d7,085,S1,2024-05-14,Ordinario,A,35,NSP,35,NSP,ACTA-2024-S1-085-A-ORD,Normal,2024-05-14,35,,35,False,True
ab49c2b1-e673-50f6-ae4a-e5b321756a15,085,S1,2024-05-14,Ordinario,A,62,6,68,Aprobado,ACTA-2024-S1-085-A-ORD,Normal,2024-05-14,62,6,68,False,False
b2adc362-05d9-54d6-bd03-02e44c27e8c5,085,S1,2024-05-14,Ordinario,A,67,10,77,Aprobado,ACTA-2024-S1-085-A-ORD,Normal,2024-05-14,67,10,77,False,False
b3997c2f-90c6-5168-9d2b-373122f6b85d,085,S1,2024-05-14,Ordinario,A,48,23,71,Aprobado,ACTA-2024-S1-085-A-ORD,Normal,2024-05-14,48,23,71,False,False
ba341cb6-848c-5d30-8bb3-6dc3b8ccd016,085,S1,2024-05-14,Ordinario,A,39,29,68,Aprobado,ACTA-2024-S1-085-A-ORD,Normal,2024-05-14,39,29,68,False,False
bc607b11-c7c3-5cd1-b0c4-f95fabb7d1bf,085,S1,2024-05-14,Ordinario,A,41,12,53,Reprobado,ACTA-2024-S1-085-A-ORD,Normal,2024-05-14,41,12,53,False,False
bed9e918-22d8-53c7-891c-03d1739f37c3,085,S1,2024-05-14,Ordinario,A,58,21,79,Aprobado,ACTA-2024-S1-085-A-ORD,Normal,2024-05-14,58,21,79,False,False
c5252bea-0a8d-5efa-82fb-26d83372a130,085,S1,2024-05-14,Ordinario,A,50,17,67,Aprobado,ACTA-2024-S1-085-A-ORD,Normal,2024-05-14,50,17,67,False,False
ca045e8e-72e0-524e-b94e-790662c03e9c,085,S1,2024-05-14,Ordinario,A,45,19,64,Aprobado,ACTA-2024-S1-085-A-ORD,Normal,2024-05-14,45,19,64,False,False
cc8b8c37-cde4-5961-8d5a-293197f83e2e,085,S1,2024-05-14,Ordinario,A,68,19,87,Aprobado,ACTA-2024-S1-085-A-ORD,Normal,2024-05-14,68,19,87,False,False
d0d32b44-cc7d-5dc8-8f44-2e0cadff8dca,085,S1,2024-05-14,Ordinario,A,36,30,66,Aprobado,ACTA-2024-S1-085-A-ORD,Normal,2024-05-14,36,30,66,False,False
e6cecf06-57d6-5cdb-b2ba-c309cb7cab41,085,S1,2024-05-14,Ordinario,A,34,26,60,Reprobado,ACTA-2024-S1-085-A-ORD,Normal,2024-05-14,34,26,60,False,False
f4079fd7-040c-5036-b7a6-c0842fed660b,085,S1,2024-05-14,Ordinario,A,68,14,82,Aprobado,ACTA-2024-S1-085-A-ORD,Normal,2024-05-14,68,14,82,False,False
0fa55129-2054-5d0a-ac6a-c453dfc1133a,085,S1,2024-05-27,Primera recuperacion,A,38,25,63,Aprobado,ACTA-2024-S1-085-A-REC1,Normal,2024-05-27,38,25,63,False,False
16882813-1901-5922-b351-e490c6282bc4,085,S1,2024-05-27,Primera recuperacion,A,34,11,45,Reprobado,ACTA-2024-S1-085-A-REC1,Normal,2024-05-27,34,11,45,False,False
18a74ce6-ba44-5c94-a2c3-22a8ded6786a,085,S1,2024-05-27,Primera recuperacion,A,49,5,54,Reprobado,ACTA-2024-S1-085-A-REC1,Normal,2024-05-27,49,5,54,False,False
366b165f-922c-5847-b813-fc6ef6c3a751,085,S1,2024-05-27,Primera recuperacion,A,46,2,48,Reprobado,ACTA-2024-S1-085-A-REC1,Normal,2024-05-27,46,2,48,False,False
41c3459c-e2e4-550d-a299-2cc964c7cfea,085,S1,2024-05-27,Primera recuperacion,A,44,15,59,Reprobado,ACTA-2024-S1-085-A-REC1,Normal,2024-05-27,44,15,59,False,False
8d0b01b6-3de2-5be7-87a9-01eb3806e177,085,S1,2024-05-27,Primera recuperacion,A,48,26,74,Aprobado,ACTA-2024-S1-085-A-REC1,Normal,2024-05-27,48,26,74,False,False
e6cecf06-57d6-5cdb-b2ba-c309cb7cab41,085,S1,2024-05-27,Primera recuperacion,A,34,27,61,Aprobado,ACTA-2024-S1-085-A-REC1,Normal,2024-05-27,34,27,61,False,False
16882813-1901-5922-b351-e490c6282bc4,085,S1,2024-07-14,Segunda recuperacion,A,34,28,62,Aprobado,ACTA-2024-S1-085-A-REC2,Normal,2024-07-14,34,28,62,False,False
18a74ce6-ba44-5c94-a2c3-22a8ded6786a,085,S1,2024-07-14,Segunda recuperacion,A,49,5,54,Reprobado,ACTA-2024-S1-085-A-REC2,Normal,2024-07-14,49,5,54,False,False
0c06f8f4-288d-57e0-8936-3d81fc7db2e7,085,S1,2024-05-12,Ordinario,B,54,13,67,Aprobado,ACTA-2024-S1-085-B-ORD,Normal,2024-05-12,54,13,67,False,False
26a06e61-efe0-518d-aa15-c7ace718268a,085,S1,2024-05-12,Ordinario,B,49,12,61,Aprobado,ACTA-2024-S1-085-B-ORD,Normal,2024-05-12,49,12,61,False,False
287283ce-fcaf-5519-a49e-3dea1c655f86,085,S1,2024-05-12,Ordinario,B,53,4,57,Reprobado,ACTA-2024-S1-085-B-ORD,Normal,2024-05-12,53,4,57,False,False
35608fe5-e3c5-504b-8cc2-216c90a13a47,085,S1,2024-05-12,Ordinario,B,39,23,62,Aprobado,ACTA-2024-S1-085-B-ORD,Normal,2024-05-12,39,23,62,False,False
731b92fd-50e5-5559-a9d3-96a0748f2373,085,S1,2024-05-12,Ordinario,B,42,25,67,Aprobado,ACTA-2024-S1-085-B-ORD,Normal,2024-05-12,42,25,67,False,False
9205f4d0-ca02-57f6-b51e-b705ac0898d7,085,S1,2024-05-12,Ordinario,B,55,2,57,Reprobado,ACTA-2024-S1-085-B-ORD,Normal,2024-05-12,55,2,57,False,False
b1ada878-5ce8-5e51-bc44-6a5ae1f64971,085,S1,2024-05-12,Ordinario,B,37,11,48,Reprobado,ACTA-2024-S1-085-B-ORD,Normal,2024-05-12,37,11,48,False,False
b1cce0db-3292-5ff2-837e-2fda6bc2eb62,085,S1,2024-05-12,Ordinario,B,67,10,77,Aprobado,ACTA-2024-S1-085-B-ORD,Normal,2024-05-12,67,10,77,False,False
bc2edb29-4cd5-5fb5-88a5-7dedee94af0d,085,S1,2024-05-12,Ordinario,B,46,23,69,Aprobado,ACTA-2024-S1-085-B-ORD,Normal,2024-05-12,46,23,69,False,False
c41dd30f-7c59-5647-a164-2c5d11a89c90,085,S1,2024-05-12,Ordinario,B,36,29,65,Aprobado,ACTA-2024-S1-085-B-ORD,Normal,2024-05-12,36,29,65,False,False
c7cd1346-234a-5f30-b884-48b69a36b80d,085,S1,2024-05-12,Ordinario,B,45,5,50,Reprobado,ACTA-2024-S1-085-B-ORD,Normal,2024-05-12,45,5,50,False,False
d931f9da-177d-519e-9604-82c77ffd7dfc,085,S1,2024-05-12,Ordinario,B,58,17,75,Aprobado,ACTA-2024-S1-085-B-ORD,Normal,2024-05-12,58,17,75,False,False
efa55bd1-a3d6-552e-b4fc-91b4426c5818,085,S1,2024-05-12,Ordinario,B,53,7,60,Reprobado,ACTA-2024-S1-085-B-ORD,Normal,2024-05-12,53,7,60,False,False
287283ce-fcaf-5519-a49e-3dea1c655f86,085,S1,2024-05-25,Primera recuperacion,B,53,4,57,Reprobado,ACTA-2024-S1-085-B-REC1,Normal,2024-05-25,53,4,57,False,False
9205f4d0-ca02-57f6-b51e-b705ac0898d7,085,S1,2024-05-25,Primera recuperacion,B,55,24,79,Aprobado,ACTA-2024-S1-085-B-REC1,Normal,2024-05-25,55,24,79,False,False
c7cd1346-234a-5f30-b884-48b69a36b80d,085,S1,2024-05-25,Primera recuperacion,B,45,5,50,Reprobado,ACTA-2024-S1-085-B-REC1,Normal,2024-05-25,45,5,50,False,False
efa55bd1-a3d6-552e-b4fc-91b4426c5818,085,S1,2024-05-25,Primera recuperacion,B,53,7,60,Reprobado,ACTA-2024-S1-085-B-REC1,Normal,2024-05-25,53,7,60,False,False
287283ce-fcaf-5519-a49e-3dea1c655f86,085,S1,2024-07-06,Segunda recuperacion,B,53,9,62,Aprobado,ACTA-2024-S1-085-B-REC2,Normal,2024-07-06,53,9,62,False,False
85f6e33e-822a-59b2-a749-33e5034486fd,094,S1,2024-05-11,Ordinario,A,65,10,75,Aprobado,ACTA-2024-S1-094-A-ORD,Normal,2024-05-11,65,10,75,False,False
9a98393a-472a-543c-b2c9-606126573d51,094,S1,2024-05-11,Ordinario,A,54,1,55,Reprobado,ACTA-2024-S1-094-A-ORD,Normal,2024-05-11,54,1,55,False,False
a0ce5501-c941-5d6f-bdff-a357ccb52bd7,094,S1,2024-05-11,Ordinario,A,45,21,66,Aprobado,ACTA-2024-S1-094-A-ORD,Normal,2024-05-11,45,21,66,False,False
c89bf0ca-8b71-5ca2-971d-575175c65ad9,094,S1,2024-05-11,Ordinario,A,68,1,69,Aprobado,ACTA-2024-S1-094-A-ORD,Normal,2024-05-11,68,1,69,False,False
d118687e-00c4-575c-a6cb-42161dba4e09,094,S1,2024-05-11,Ordinario,A,53,6,59,Reprobado,ACTA-2024-S1-094-A-ORD,Normal,2024-05-11,53,6,59,False,False
d118687e-00c4-575c-a6cb-42161dba4e09,094,S1,2024-05-27,Primera recuperacion,A,53,6,59,Reprobado,ACTA-2024-S1-094-A-REC1,Normal,2024-05-27,53,6,59,False,False
00951361-bee7-5343-85b9-b2de39c38298,119,S1,2024-05-16,Ordinario,A,54,4,58,Reprobado,ACTA-2024-S1-119-A-ORD,Normal,2024-05-16,54,4,58,False,False
08d5616f-376d-5766-b14e-b1d1437e5d1a,119,S1,2024-05-16,Ordinario,A,36,4,40,Reprobado,ACTA-2024-S1-119-A-ORD,Normal,2024-05-16,36,4,40,False,False
4ca64fe3-739c-5549-9021-88056df3ce2c,119,S1,2024-05-16,Ordinario,A,45,25,70,Aprobado,ACTA-2024-S1-119-A-ORD,Normal,2024-05-16,45,25,70,False,False
5a4dd046-dd91-5381-90c2-a900c4c37cbb,119,S1,2024-05-16,Ordinario,A,63,30,93,Aprobado,ACTA-2024-S1-119-A-ORD,Normal,2024-05-16,63,30,93,False,False
79f7bd09-d805-5ce8-ab92-7f3812865478,119,S1,2024-05-16,Ordinario,A,33,4,37,Reprobado,ACTA-2024-S1-119-A-ORD,Normal,2024-05-16,33,4,37,False,False
92fcb7e2-aae7-5aa4-81b8-b92b825fe8a7,119,S1,2024-05-16,Ordinario,A,51,6,57,Reprobado,ACTA-2024-S1-119-A-ORD,Normal,2024-05-16,51,6,57,False,False
9b21c50e-3681-517b-af9a-5d043499cb27,119,S1,2024-05-16,Ordinario,A,57,29,86,Aprobado,ACTA-2024-S1-119-A-ORD,Normal,2024-05-16,57,29,86,False,False
9d33fef8-5e8a-5846-9347-224ddf41678a,119,S1,2024-05-16,Ordinario,A,54,10,64,Aprobado,ACTA-2024-S1-119-A-ORD,Normal,2024-05-16,54,10,64,False,False
aa0e548f-62ee-554b-83fc-7eb4613cf4ff,119,S1,2024-05-16,Ordinario,A,52,1,53,Reprobado,ACTA-2024-S1-119-A-ORD,Normal,2024-05-16,52,1,53,False,False
d1be5647-fdd8-53fe-8b3c-64441ddd5977,119,S1,2024-05-16,Ordinario,A,59,29,88,Aprobado,ACTA-2024-S1-119-A-ORD,Normal,2024-05-16,59,29,88,False,False
d31f1530-eb29-5bdd-b1a8-a3ae4c08702f,119,S1,2024-05-16,Ordinario,A,67,30,97,Aprobado,ACTA-2024-S1-119-A-ORD,Normal,2024-05-16,67,30,97,False,False
dda7d84e-c79a-5f19-b8d1-4090f3239620,119,S1,2024-05-16,Ordinario,A,60,28,88,Aprobado,ACTA-2024-S1-119-A-ORD,Normal,2024-05-16,60,28,88,False,False
f1655cb7-00bc-5455-9379-254358e903cf,119,S1,2024-05-16,Ordinario,A,57,18,75,Aprobado,ACTA-2024-S1-119-A-ORD,Normal,2024-05-16,57,18,75,False,False
00951361-bee7-5343-85b9-b2de39c38298,119,S1,2024-05-22,Primera recuperacion,A,54,11,65,Aprobado,ACTA-2024-S1-119-A-REC1,Normal,2024-05-22,54,11,65,False,False
08d5616f-376d-5766-b14e-b1d1437e5d1a,119,S1,2024-05-22,Primera recuperacion,A,36,4,40,Reprobado,ACTA-2024-S1-119-A-REC1,Normal,2024-05-22,36,4,40,False,False
79f7bd09-d805-5ce8-ab92-7f3812865478,119,S1,2024-05-22,Primera recuperacion,A,33,4,37,Reprobado,ACTA-2024-S1-119-A-REC1,Normal,2024-05-22,33,4,37,False,False
92fcb7e2-aae7-5aa4-81b8-b92b825fe8a7,119,S1,2024-05-22,Primera recuperacion,A,51,6,57,Reprobado,ACTA-2024-S1-119-A-REC1,Normal,2024-05-22,51,6,57,False,False
aa0e548f-62ee-554b-83fc-7eb4613cf4ff,119,S1,2024-05-22,Primera recuperacion,A,52,1,53,Reprobado,ACTA-2024-S1-119-A-REC1,Normal,2024-05-22,52,1,53,False,False
92fcb7e2-aae7-5aa4-81b8-b92b825fe8a7,119,S1,2024-07-08,Segunda recuperacion,A,51,13,64,Aprobado,ACTA-2024-S1-119-A-REC2,Normal,2024-07-08,51,13,64,False,False
1c6583c9-8dab-560b-95ba-62442b620433,119,S1,2024-05-12,Ordinario,B,35,22,57,Reprobado,ACTA-2024-S1-119-B-ORD,Normal,2024-05-12,35,22,57,False,False
286fa7de-31f8-56c1-8023-d8120c448dc4,119,S1,2024-05-12,Ordinario,B,50,21,71,Aprobado,ACTA-2024-S1-119-B-ORD,Normal,2024-05-12,50,21,71,False,False
421e5b33-6bf8-5c14-a03b-3a4e6da333e6,119,S1,2024-05-12,Ordinario,B,38,25,63,Aprobado,ACTA-2024-S1-119-B-ORD,Normal,2024-05-12,38,25,63,False,False
1c6583c9-8dab-560b-95ba-62442b620433,119,S1,2024-05-22,Primera recuperacion,B,35,22,57,Reprobado,ACTA-2024-S1-119-B-REC1,Normal,2024-05-22,35,22,57,False,False
1c6583c9-8dab-560b-95ba-62442b620433,119,S1,2024-07-12,Segunda recuperacion,B,35,22,57,Reprobado,ACTA-2024-S1-119-B-REC2,Normal,2024-07-12,35,22,57,False,False
76c382db-d59f-56da-9b78-fa2341e8a839,119,S1,2024-05-11,Ordinario,C,54,23,77,Aprobado,ACTA-2024-S1-119-C-ORD,Normal,2024-05-11,54,23,77,False,False
79e7db35-50f0-5599-a41c-31b243f13720,119,S1,2024-05-11,Ordinario,C,37,25,62,Aprobado,ACTA-2024-S1-119-C-ORD,Normal,2024-05-11,37,25,62,False,False
7b4bccb3-17ad-55f8-999a-2445c85928a1,119,S1,2024-05-11,Ordinario,C,51,23,74,Aprobado,ACTA-2024-S1-119-C-ORD,Normal,2024-05-11,51,23,74,False,False
898ef159-1bc5-50f4-a839-8a6328ead4e2,119,S1,2024-05-11,Ordinario,C,50,4,54,Reprobado,ACTA-2024-S1-119-C-ORD,Normal,2024-05-11,50,4,54,False,False
be370c13-7be9-54a5-89bb-4bdce7fb2e43,119,S1,2024-05-11,Ordinario,C,45,5,50,Reprobado,ACTA-2024-S1-119-C-ORD,Normal,2024-05-11,45,5,50,False,False
d3fc7fce-8bb1-5b8f-a4d5-58e2ef066b24,119,S1,2024-05-11,Ordinario,C,59,5,64,Aprobado,ACTA-2024-S1-119-C-ORD,Normal,2024-05-11,59,5,64,False,False
e47c32f0-0c28-5157-bc7c-72d90ae601f8,119,S1,2024-05-11,Ordinario,C,54,24,78,Aprobado,ACTA-2024-S1-119-C-ORD,Normal,2024-05-11,54,24,78,False,False
f23552cd-6876-5561-b470-73e7c5e2bebe,119,S1,2024-05-11,Ordinario,C,64,30,94,Aprobado,ACTA-2024-S1-119-C-ORD,Normal,2024-05-11,64,30,94,False,False
f6488969-c04b-5ddd-960d-f87b5e1b214f,119,S1,2024-05-11,Ordinario,C,52,5,57,Reprobado,ACTA-2024-S1-119-C-ORD,Normal,2024-05-11,52,5,57,False,False
898ef159-1bc5-50f4-a839-8a6328ead4e2,119,S1,2024-05-25,Primera recuperacion,C,50,4,54,Reprobado,ACTA-2024-S1-119-C-REC1,Normal,2024-05-25,50,4,54,False,False
be370c13-7be9-54a5-89bb-4bdce7fb2e43,119,S1,2024-05-25,Primera recuperacion,C,45,20,65,Aprobado,ACTA-2024-S1-119-C-REC1,Normal,2024-05-25,45,20,65,False,False
f6488969-c04b-5ddd-960d-f87b5e1b214f,119,S1,2024-05-25,Primera recuperacion,C,52,5,57,Reprobado,ACTA-2024-S1-119-C-REC1,Normal,2024-05-25,52,5,57,False,False
799bdc38-e9f5-5892-b852-bcb64e6e021b,119,S1,2024-05-12,Ordinario,E,61,25,86,Aprobado,ACTA-2024-S1-119-E-ORD,Normal,2024-05-12,61,25,86,False,False
9e77d389-c711-5374-8ab7-a5ef908fb2a5,119,S1,2024-05-12,Ordinario,E,39,13,52,Reprobado,ACTA-2024-S1-119-E-ORD,Normal,2024-05-12,39,13,52,False,False
a2047dfe-7072-5573-86cf-cf4ca53db0fa,119,S1,2024-05-12,Ordinario,E,63,0,63,Aprobado,ACTA-2024-S1-119-E-ORD,Normal,2024-05-12,63,0,63,False,False
b48cf04d-3355-5979-a671-d15244b9f856,119,S1,2024-05-12,Ordinario,E,43,20,63,Aprobado,ACTA-2024-S1-119-E-ORD,Normal,2024-05-12,43,20,63,False,False
cf443787-1a74-5a5e-bff3-2ef5575818ac,119,S1,2024-05-12,Ordinario,E,58,30,88,Aprobado,ACTA-2024-S1-119-E-ORD,Normal,2024-05-12,58,30,88,False,False
ff9481f2-af23-5a24-9813-859e9c577ab6,119,S1,2024-05-12,Ordinario,E,38,3,41,Reprobado,ACTA-2024-S1-119-E-ORD,Normal,2024-05-12,38,3,41,False,False
9e77d389-c711-5374-8ab7-a5ef908fb2a5,119,S1,2024-05-27,Primera recuperacion,E,39,13,52,Reprobado,ACTA-2024-S1-119-E-REC1,Normal,2024-05-27,39,13,52,False,False
17c7a9a2-f074-5a25-9c33-123c3f252a00,119,S1,2024-05-10,Ordinario,F,40,19,59,Reprobado,ACTA-2024-S1-119-F-ORD,Normal,2024-05-10,40,19,59,False,False
b92068f4-3013-587a-8e70-ce58bab62301,119,S1,2024-05-10,Ordinario,F,46,28,74,Aprobado,ACTA-2024-S1-119-F-ORD,Normal,2024-05-10,46,28,74,False,False
e1e5ddb0-f781-58a0-8ee3-0398d09b2498,119,S1,2024-05-10,Ordinario,F,44,17,61,Aprobado,ACTA-2024-S1-119-F-ORD,Normal,2024-05-10,44,17,61,False,False
f75c73c4-4353-55c2-b404-dd551be115aa,119,S1,2024-05-10,Ordinario,F,59,15,74,Aprobado,ACTA-2024-S1-119-F-ORD,Normal,2024-05-10,59,15,74,False,False
fb399764-8cce-535f-a2de-db636fb7aac4,119,S1,2024-05-10,Ordinario,F,43,16,59,Reprobado,ACTA-2024-S1-119-F-ORD,Normal,2024-05-10,43,16,59,False,False
fb399764-8cce-535f-a2de-db636fb7aac4,119,S1,2024-05-21,Primera recuperacion,F,43,16,59,Reprobado,ACTA-2024-S1-119-F-REC1,Normal,2024-05-21,43,16,59,False,False
0c7a60bb-8fd5-5785-ae40-5a238188aebd,146,S1,2024-05-09,Ordinario,A,64,30,94,Aprobado,ACTA-2024-S1-146-A-ORD,Normal,2024-05-09,64,30,94,False,False
0ee9e680-12e5-50e4-b182-3e780e680246,146,S1,2024-05-09,Ordinario,A,52,3,55,Reprobado,ACTA-2024-S1-146-A-ORD,Normal,2024-05-09,52,3,55,False,False
184c1de9-fa20-510e-b160-68ad1dc84065,146,S1,2024-05-09,Ordinario,A,52,6,58,Reprobado,ACTA-2024-S1-146-A-ORD,Normal,2024-05-09,52,6,58,False,False
1f2beec5-6645-5d05-82ee-24ac5912f380,146,S1,2024-05-09,Ordinario,A,49,28,77,Aprobado,ACTA-2024-S1-146-A-ORD,Normal,2024-05-09,49,28,77,False,False
2025c707-2bf8-5151-be4c-a2a603e99860,146,S1,2024-05-09,Ordinario,A,54,16,70,Aprobado,ACTA-2024-S1-146-A-ORD,Normal,2024-05-09,54,16,70,False,False
25841c45-8811-545f-b5e2-6b2d705ec4c7,146,S1,2024-05-09,Ordinario,A,43,0,43,Reprobado,ACTA-2024-S1-146-A-ORD,Normal,2024-05-09,43,0,43,False,False
26b70c46-d8aa-5b67-b21d-02f2c1b9ca56,146,S1,2024-05-09,Ordinario,A,47,30,77,Aprobado,ACTA-2024-S1-146-A-ORD,Normal,2024-05-09,47,30,77,False,False
2a6bef91-9d34-57ef-9ecf-910d7d7bfd14,146,S1,2024-05-09,Ordinario,A,64,2,66,Aprobado,ACTA-2024-S1-146-A-ORD,Normal,2024-05-09,64,2,66,False,False
38d3c179-d651-5b38-a95d-5f30eea49bc7,146,S1,2024-05-09,Ordinario,A,46,13,59,Reprobado,ACTA-2024-S1-146-A-ORD,Normal,2024-05-09,46,13,59,False,False
390a81e9-c184-59de-8b1f-aa4c16c462b8,146,S1,2024-05-09,Ordinario,A,38,28,66,Aprobado,ACTA-2024-S1-146-A-ORD,Normal,2024-05-09,38,28,66,False,False
490c9487-1342-5062-a509-90370d598267,146,S1,2024-05-09,Ordinario,A,46,30,76,Aprobado,ACTA-2024-S1-146-A-ORD,Normal,2024-05-09,46,30,76,False,False
5f2d4609-1bd0-5199-8792-ad4daad25e34,146,S1,2024-05-09,Ordinario,A,59,14,73,Aprobado,ACTA-2024-S1-146-A-ORD,Normal,2024-05-09,59,14,73,False,False
6c433ed9-ad1e-51e2-9d31-0f92474524f1,146,S1,2024-05-09,Ordinario,A,35,19,54,Reprobado,ACTA-2024-S1-146-A-ORD,Normal,2024-05-09,35,19,54,False,False
70b2bc66-3db1-536f-8061-39cc18e139ea,146,S1,2024-05-09,Ordinario,A,66,5,71,Aprobado,ACTA-2024-S1-146-A-ORD,Normal,2024-05-09,66,5,71,False,False
766a215c-fae4-5d87-86b1-a6544ab14748,146,S1,2024-05-09,Ordinario,A,64,5,69,Aprobado,ACTA-2024-S1-146-A-ORD,Normal,2024-05-09,64,5,69,False,False
8bc03924-39b4-5c0a-985f-6cb1afe0a9e9,146,S1,2024-05-09,Ordinario,A,36,27,63,Aprobado,ACTA-2024-S1-146-A-ORD,Normal,2024-05-09,36,27,63,False,False
8dc5c8ce-0b27-50c3-bec7-fce9414db9bf,146,S1,2024-05-09,Ordinario,A,42,NSP,42,NSP,ACTA-2024-S1-146-A-ORD,Normal,2024-05-09,42,,42,False,True
97171161-ceef-5159-92b0-c9415c6d7403,146,S1,2024-05-09,Ordinario,A,45,24,69,Aprobado,ACTA-2024-S1-146-A-ORD,Normal,2024-05-09,45,24,69,False,False
9ef93136-4252-556a-b27a-56284b0733c6,146,S1,2024-05-09,Ordinario,A,34,17,51,Reprobado,ACTA-2024-S1-146-A-ORD,Normal,2024-05-09,34,17,51,False,False
a029f47b-dd20-5fb5-9265-eb5443fecfd1,146,S1,2024-05-09,Ordinario,A,57,11,68,Aprobado,ACTA-2024-S1-146-A-ORD,Normal,2024-05-09,57,11,68,False,False
af7170d5-79af-53e8-ac44-8d6b7e8ad951,146,S1,2024-05-09,Ordinario,A,35,21,56,Reprobado,ACTA-2024-S1-146-A-ORD,Normal,2024-05-09,35,21,56,False,False
c27c04eb-b36c-5f95-a9ff-ba3b43c1f175,146,S1,2024-05-09,Ordinario,A,44,2,46,Reprobado,ACTA-2024-S1-146-A-ORD,Normal,2024-05-09,44,2,46,False,False
ca6fc301-a539-586c-9789-e3d1605db2b0,146,S1,2024-05-09,Ordinario,A,40,9,49,Reprobado,ACTA-2024-S1-146-A-ORD,Normal,2024-05-09,40,9,49,False,False
ec14649a-b1aa-5070-8cb4-c6a848b94d89,146,S1,2024-05-09,Ordinario,A,56,20,76,Aprobado,ACTA-2024-S1-146-A-ORD,Normal,2024-05-09,56,20,76,False,False
f4bcda92-d4d7-507e-b697-5600cac6f573,146,S1,2024-05-09,Ordinario,A,43,27,70,Aprobado,ACTA-2024-S1-146-A-ORD,Normal,2024-05-09,43,27,70,False,False
0ee9e680-12e5-50e4-b182-3e780e680246,146,S1,2024-05-27,Primera recuperacion,A,52,17,69,Aprobado,ACTA-2024-S1-146-A-REC1,Normal,2024-05-27,52,17,69,False,False
184c1de9-fa20-510e-b160-68ad1dc84065,146,S1,2024-05-27,Primera recuperacion,A,52,6,58,Reprobado,ACTA-2024-S1-146-A-REC1,Normal,2024-05-27,52,6,58,False,False
25841c45-8811-545f-b5e2-6b2d705ec4c7,146,S1,2024-05-27,Primera recuperacion,A,43,19,62,Aprobado,ACTA-2024-S1-146-A-REC1,Normal,2024-05-27,43,19,62,False,False
6c433ed9-ad1e-51e2-9d31-0f92474524f1,146,S1,2024-05-27,Primera recuperacion,A,35,19,54,Reprobado,ACTA-2024-S1-146-A-REC1,Normal,2024-05-27,35,19,54,False,False
9ef93136-4252-556a-b27a-56284b0733c6,146,S1,2024-05-27,Primera recuperacion,A,34,17,51,Reprobado,ACTA-2024-S1-146-A-REC1,Normal,2024-05-27,34,17,51,False,False
c27c04eb-b36c-5f95-a9ff-ba3b43c1f175,146,S1,2024-05-27,Primera recuperacion,A,44,2,46,Reprobado,ACTA-2024-S1-146-A-REC1,Normal,2024-05-27,44,2,46,False,False
ca6fc301-a539-586c-9789-e3d1605db2b0,146,S1,2024-05-27,Primera recuperacion,A,40,9,49,Reprobado,ACTA-2024-S1-146-A-REC1,Normal,2024-05-27,40,9,49,False,False
184c1de9-fa20-510e-b160-68ad1dc84065,146,S1,2024-07-08,Segunda recuperacion,A,52,19,71,Aprobado,ACTA-2024-S1-146-A-REC2,Normal,2024-07-08,52,19,71,False,False
6c433ed9-ad1e-51e2-9d31-0f92474524f1,146,S1,2024-07-08,Segunda recuperacion,A,35,19,54,Reprobado,ACTA-2024-S1-146-A-REC2,Normal,2024-07-08,35,19,54,False,False
1f6f1f28-074c-59c7-92b8-d6e9c19bdd7a,146,S1,2024-05-07,Ordinario,B,46,18,64,Aprobado,ACTA-2024-S1-146-B-ORD,Normal,2024-05-07,46,18,64,False,False
2e531479-2e51-5b22-9a96-785cdab828d1,146,S1,2024-05-07,Ordinario,B,45,18,63,Aprobado,ACTA-2024-S1-146-B-ORD,Normal,2024-05-07,45,18,63,False,False
3b839c8a-1e03-5728-b057-2689dbdd202e,146,S1,2024-05-07,Ordinario,B,46,7,53,Reprobado,ACTA-2024-S1-146-B-ORD,Normal,2024-05-07,46,7,53,False,False
3bdd6bd7-2493-5fef-97d2-19101e40630a,146,S1,2024-05-07,Ordinario,B,31,NSP,31,NSP,ACTA-2024-S1-146-B-ORD,Normal,2024-05-07,31,,31,False,True
4628c082-b668-5afc-a506-1e3c43e99915,146,S1,2024-05-07,Ordinario,B,42,24,66,Aprobado,ACTA-2024-S1-146-B-ORD,Normal,2024-05-07,42,24,66,False,False
483edcff-dbbf-5447-b9d9-095557232b02,146,S1,2024-05-07,Ordinario,B,46,5,51,Reprobado,ACTA-2024-S1-146-B-ORD,Normal,2024-05-07,46,5,51,False,False
6b0fa083-89e1-5c4a-9ebd-503d3bf9b28b,146,S1,2024-05-07,Ordinario,B,37,26,63,Aprobado,ACTA-2024-S1-146-B-ORD,Normal,2024-05-07,37,26,63,False,False
808862a1-f703-5d96-9eb0-dee85a54f151,146,S1,2024-05-07,Ordinario,B,43,28,71,Aprobado,ACTA-2024-S1-146-B-ORD,Normal,2024-05-07,43,28,71,False,False
a252557b-6fa4-5ac7-b1b4-dfa120d1e728,146,S1,2024-05-07,Ordinario,B,45,22,67,Aprobado,ACTA-2024-S1-146-B-ORD,Normal,2024-05-07,45,22,67,False,False
cb7e7a97-6e00-55b0-b580-317f19854827,146,S1,2024-05-07,Ordinario,B,32,22,54,Reprobado,ACTA-2024-S1-146-B-ORD,Normal,2024-05-07,32,22,54,False,False
d3acc96f-c21a-5c20-96fb-a688c8734bfe,146,S1,2024-05-07,Ordinario,B,57,6,63,Aprobado,ACTA-2024-S1-146-B-ORD,Normal,2024-05-07,57,6,63,False,False
d5aaa6eb-6692-5c69-b2a8-cf5b1835b425,146,S1,2024-05-07,Ordinario,B,50,15,65,Aprobado,ACTA-2024-S1-146-B-ORD,Normal,2024-05-07,50,15,65,False,False
f244a686-f32b-5770-9d6b-044f508009fa,146,S1,2024-05-07,Ordinario,B,37,18,55,Reprobado,ACTA-2024-S1-146-B-ORD,Normal,2024-05-07,37,18,55,False,False
483edcff-dbbf-5447-b9d9-095557232b02,146,S1,2024-05-27,Primera recuperacion,B,46,28,74,Aprobado,ACTA-2024-S1-146-B-REC1,Normal,2024-05-27,46,28,74,False,False
0450959e-48dc-5783-9140-cfcec928c5c5,147,S1,2024-05-15,Ordinario,A,54,8,62,Aprobado,ACTA-2024-S1-147-A-ORD,Normal,2024-05-15,54,8,62,False,False
0c06f8f4-288d-57e0-8936-3d81fc7db2e7,147,S1,2024-05-15,Ordinario,A,50,11,61,Aprobado,ACTA-2024-S1-147-A-ORD,Normal,2024-05-15,50,11,61,False,False
101fcc1c-02cb-502a-895a-dc14ec8bc4fc,147,S1,2024-05-15,Ordinario,A,57,5,62,Aprobado,ACTA-2024-S1-147-A-ORD,Normal,2024-05-15,57,5,62,False,False
15a0bb40-c6d6-5f6a-8142-f1c5ba0a121a,147,S1,2024-05-15,Ordinario,A,55,20,75,Aprobado,ACTA-2024-S1-147-A-ORD,Normal,2024-05-15,55,20,75,False,False
16882813-1901-5922-b351-e490c6282bc4,147,S1,2024-05-15,Ordinario,A,37,2,39,Reprobado,ACTA-2024-S1-147-A-ORD,Normal,2024-05-15,37,2,39,False,False
26a06e61-efe0-518d-aa15-c7ace718268a,147,S1,2024-05-15,Ordinario,A,51,16,67,Aprobado,ACTA-2024-S1-147-A-ORD,Normal,2024-05-15,51,16,67,False,False
35608fe5-e3c5-504b-8cc2-216c90a13a47,147,S1,2024-05-15,Ordinario,A,40,16,56,Reprobado,ACTA-2024-S1-147-A-ORD,Normal,2024-05-15,40,16,56,False,False
56d6a85b-af6a-5056-b7e5-6fc2b0054af8,147,S1,2024-05-15,Ordinario,A,57,14,71,Aprobado,ACTA-2024-S1-147-A-ORD,Normal,2024-05-15,57,14,71,False,False
717b731e-7f1f-5d15-97ab-fe9730798a9c,147,S1,2024-05-15,Ordinario,A,60,18,78,Aprobado,ACTA-2024-S1-147-A-ORD,Normal,2024-05-15,60,18,78,False,False
75ad2a1d-e65d-5b36-9b02-6dc6f12138a4,147,S1,2024-05-15,Ordinario,A,36,2,38,Reprobado,ACTA-2024-S1-147-A-ORD,Normal,2024-05-15,36,2,38,False,False
7d36a894-5a69-5be2-93a2-a8c1d01df056,147,S1,2024-05-15,Ordinario,A,35,23,58,Reprobado,ACTA-2024-S1-147-A-ORD,Normal,2024-05-15,35,23,58,False,False
7e033645-6b36-5b24-be88-ef2953f2c850,147,S1,2024-05-15,Ordinario,A,41,6,47,Reprobado,ACTA-2024-S1-147-A-ORD,Normal,2024-05-15,41,6,47,False,False
819b9b1c-476d-5b64-949b-8bb80947bfde,147,S1,2024-05-15,Ordinario,A,63,7,70,Aprobado,ACTA-2024-S1-147-A-ORD,Normal,2024-05-15,63,7,70,False,False
829d6bb7-6b71-5f40-9045-d49c7a41f459,147,S1,2024-05-15,Ordinario,A,54,2,56,Reprobado,ACTA-2024-S1-147-A-ORD,Normal,2024-05-15,54,2,56,False,False
830d469b-5f0d-5c02-83e5-fb3ef8b12772,147,S1,2024-05-15,Ordinario,A,39,17,56,Reprobado,ACTA-2024-S1-147-A-ORD,Normal,2024-05-15,39,17,56,False,False
857bee19-f5cc-5925-8f6d-5e6dc8b42cb7,147,S1,2024-05-15,Ordinario,A,66,13,79,Aprobado,ACTA-2024-S1-147-A-ORD,Normal,2024-05-15,66,13,79,False,False
ab49c2b1-e673-50f6-ae4a-e5b321756a15,147,S1,2024-05-15,Ordinario,A,66,22,88,Aprobado,ACTA-2024-S1-147-A-ORD,Normal,2024-05-15,66,22,88,False,False
b06bcec0-b3a3-50b9-a1ec-953a4674371d,147,S1,2024-05-15,Ordinario,A,31,8,39,Reprobado,ACTA-2024-S1-147-A-ORD,Normal,2024-05-15,31,8,39,False,False
b3997c2f-90c6-5168-9d2b-373122f6b85d,147,S1,2024-05-15,Ordinario,A,35,NSP,35,NSP,ACTA-2024-S1-147-A-ORD,Normal,2024-05-15,35,,35,False,True
bd77a48a-9406-51ae-a620-b28897754dec,147,S1,2024-05-15,Ordinario,A,52,3,55,Reprobado,ACTA-2024-S1-147-A-ORD,Normal,2024-05-15,52,3,55,False,False
c41dd30f-7c59-5647-a164-2c5d11a89c90,147,S1,2024-05-15,Ordinario,A,55,23,78,Aprobado,ACTA-2024-S1-147-A-ORD,Normal,2024-05-15,55,23,78,False,False
cc8b8c37-cde4-5961-8d5a-293197f83e2e,147,S1,2024-05-15,Ordinario,A,46,20,66,Aprobado,ACTA-2024-S1-147-A-ORD,Normal,2024-05-15,46,20,66,False,False
d931f9da-177d-519e-9604-82c77ffd7dfc,147,S1,2024-05-15,Ordinario,A,57,5,62,Aprobado,ACTA-2024-S1-147-A-ORD,Normal,2024-05-15,57,5,62,False,False
f4079fd7-040c-5036-b7a6-c0842fed660b,147,S1,2024-05-15,Ordinario,A,50,29,79,Aprobado,ACTA-2024-S1-147-A-ORD,Normal,2024-05-15,50,29,79,False,False
16882813-1901-5922-b351-e490c6282bc4,147,S1,2024-05-22,Primera recuperacion,A,37,2,39,Reprobado,ACTA-2024-S1-147-A-REC1,Normal,2024-05-22,37,2,39,False,False
35608fe5-e3c5-504b-8cc2-216c90a13a47,147,S1,2024-05-22,Primera recuperacion,A,40,23,63,Aprobado,ACTA-2024-S1-147-A-REC1,Normal,2024-05-22,40,23,63,False,False
7d36a894-5a69-5be2-93a2-a8c1d01df056,147,S1,2024-05-22,Primera recuperacion,A,35,23,58,Reprobado,ACTA-2024-S1-147-A-REC1,Normal,2024-05-22,35,23,58,False,False
7e033645-6b36-5b24-be88-ef2953f2c850,147,S1,2024-05-22,Primera recuperacion,A,41,6,47,Reprobado,ACTA-2024-S1-147-A-REC1,Normal,2024-05-22,41,6,47,False,False
830d469b-5f0d-5c02-83e5-fb3ef8b12772,147,S1,2024-05-22,Primera recuperacion,A,39,27,66,Aprobado,ACTA-2024-S1-147-A-REC1,Normal,2024-05-22,39,27,66,False,False
b06bcec0-b3a3-50b9-a1ec-953a4674371d,147,S1,2024-05-22,Primera recuperacion,A,31,8,39,Reprobado,ACTA-2024-S1-147-A-REC1,Normal,2024-05-22,31,8,39,False,False
bd77a48a-9406-51ae-a620-b28897754dec,147,S1,2024-05-22,Primera recuperacion,A,52,3,55,Reprobado,ACTA-2024-S1-147-A-REC1,Normal,2024-05-22,52,3,55,False,False
7d36a894-5a69-5be2-93a2-a8c1d01df056,147,S1,2024-07-06,Segunda recuperacion,A,35,23,58,Reprobado,ACTA-2024-S1-147-A-REC2,Normal,2024-07-06,35,23,58,False,False
b06bcec0-b3a3-50b9-a1ec-953a4674371d,147,S1,2024-07-06,Segunda recuperacion,A,31,30,61,Aprobado,ACTA-2024-S1-147-A-REC2,Normal,2024-07-06,31,30,61,False,False
0fa55129-2054-5d0a-ac6a-c453dfc1133a,147,S1,2024-05-13,Ordinario,B,39,28,67,Aprobado,ACTA-2024-S1-147-B-ORD,Normal,2024-05-13,39,28,67,False,False
18a74ce6-ba44-5c94-a2c3-22a8ded6786a,147,S1,2024-05-13,Ordinario,B,44,11,55,Reprobado,ACTA-2024-S1-147-B-ORD,Normal,2024-05-13,44,11,55,False,False
23b6caf2-e88d-5562-aa80-01e9ef57ebe9,147,S1,2024-05-13,Ordinario,B,32,NSP,32,NSP,ACTA-2024-S1-147-B-ORD,Normal,2024-05-13,32,,32,False,True
287283ce-fcaf-5519-a49e-3dea1c655f86,147,S1,2024-05-13,Ordinario,B,32,26,58,Reprobado,ACTA-2024-S1-147-B-ORD,Normal,2024-05-13,32,26,58,False,False
366b165f-922c-5847-b813-fc6ef6c3a751,147,S1,2024-05-13,Ordinario,B,42,1,43,Reprobado,ACTA-2024-S1-147-B-ORD,Normal,2024-05-13,42,1,43,False,False
41c3459c-e2e4-550d-a299-2cc964c7cfea,147,S1,2024-05-13,Ordinario,B,33,1,34,Reprobado,ACTA-2024-S1-147-B-ORD,Normal,2024-05-13,33,1,34,False,False
6473da69-8d8c-53e3-9a2c-6841674fb2d0,147,S1,2024-05-13,Ordinario,B,54,27,81,Aprobado,ACTA-2024-S1-147-B-ORD,Normal,2024-05-13,54,27,81,False,False
7aac2ae8-68aa-51a1-b8a6-24cdb91b4935,147,S1,2024-05-13,Ordinario,B,66,29,95,Aprobado,ACTA-2024-S1-147-B-ORD,Normal,2024-05-13,66,29,95,False,False
83c5a92d-1d67-5123-9563-d6dad24bbc27,147,S1,2024-05-13,Ordinario,B,39,27,66,Aprobado,ACTA-2024-S1-147-B-ORD,Normal,2024-05-13,39,27,66,False,False
ba341cb6-848c-5d30-8bb3-6dc3b8ccd016,147,S1,2024-05-13,Ordinario,B,39,22,61,Aprobado,ACTA-2024-S1-147-B-ORD,Normal,2024-05-13,39,22,61,False,False
ca045e8e-72e0-524e-b94e-790662c03e9c,147,S1,2024-05-13,Ordinario,B,39,25,64,Aprobado,ACTA-2024-S1-147-B-ORD,Normal,2024-05-13,39,25,64,False,False
d0d32b44-cc7d-5dc8-8f44-2e0cadff8dca,147,S1,2024-05-13,Ordinario,B,44,25,69,Aprobado,ACTA-2024-S1-147-B-ORD,Normal,2024-05-13,44,25,69,False,False
18a74ce6-ba44-5c94-a2c3-22a8ded6786a,147,S1,2024-05-27,Primera recuperacion,B,44,11,55,Reprobado,ACTA-2024-S1-147-B-REC1,Normal,2024-05-27,44,11,55,False,False
287283ce-fcaf-5519-a49e-3dea1c655f86,147,S1,2024-05-27,Primera recuperacion,B,32,30,62,Aprobado,ACTA-2024-S1-147-B-REC1,Normal,2024-05-27,32,30,62,False,False
366b165f-922c-5847-b813-fc6ef6c3a751,147,S1,2024-05-27,Primera recuperacion,B,42,1,43,Reprobado,ACTA-2024-S1-147-B-REC1,Normal,2024-05-27,42,1,43,False,False
366b165f-922c-5847-b813-fc6ef6c3a751,147,S1,2024-07-12,Segunda recuperacion,B,42,1,43,Reprobado,ACTA-2024-S1-147-B-REC2,Normal,2024-07-12,42,1,43,False,False
17c7a9a2-f074-5a25-9c33-123c3f252a00,169,S1,2024-05-15,Ordinario,A,55,2,57,Reprobado,ACTA-2024-S1-169-A-ORD,Normal,2024-05-15,55,2,57,False,False
1c6583c9-8dab-560b-95ba-62442b620433,169,S1,2024-05-15,Ordinario,A,54,2,56,Reprobado,ACTA-2024-S1-169-A-ORD,Normal,2024-05-15,54,2,56,False,False
76c382db-d59f-56da-9b78-fa2341e8a839,169,S1,2024-05-15,Ordinario,A,68,9,77,Aprobado,ACTA-2024-S1-169-A-ORD,Normal,2024-05-15,68,9,77,False,False
799bdc38-e9f5-5892-b852-bcb64e6e021b,169,S1,2024-05-15,Ordinario,A,57,11,68,Aprobado,ACTA-2024-S1-169-A-ORD,Normal,2024-05-15,57,11,68,False,False
79e7db35-50f0-5599-a41c-31b243f13720,169,S1,2024-05-15,Ordinario,A,38,27,65,Aprobado,ACTA-2024-S1-169-A-ORD,Normal,2024-05-15,38,27,65,False,False
92fcb7e2-aae7-5aa4-81b8-b92b825fe8a7,169,S1,2024-05-15,Ordinario,A,37,21,58,Reprobado,ACTA-2024-S1-169-A-ORD,Normal,2024-05-15,37,21,58,False,False
9b21c50e-3681-517b-af9a-5d043499cb27,169,S1,2024-05-15,Ordinario,A,41,24,65,Aprobado,ACTA-2024-S1-169-A-ORD,Normal,2024-05-15,41,24,65,False,False
9d33fef8-5e8a-5846-9347-224ddf41678a,169,S1,2024-05-15,Ordinario,A,51,20,71,Aprobado,ACTA-2024-S1-169-A-ORD,Normal,2024-05-15,51,20,71,False,False
aa0e548f-62ee-554b-83fc-7eb4613cf4ff,169,S1,2024-05-15,Ordinario,A,39,7,46,Reprobado,ACTA-2024-S1-169-A-ORD,Normal,2024-05-15,39,7,46,False,False
b92068f4-3013-587a-8e70-ce58bab62301,169,S1,2024-05-15,Ordinario,A,54,8,62,Aprobado,ACTA-2024-S1-169-A-ORD,Normal,2024-05-15,54,8,62,False,False
d1be5647-fdd8-53fe-8b3c-64441ddd5977,169,S1,2024-05-15,Ordinario,A,66,15,81,Aprobado,ACTA-2024-S1-169-A-ORD,Normal,2024-05-15,66,15,81,False,False
d3fc7fce-8bb1-5b8f-a4d5-58e2ef066b24,169,S1,2024-05-15,Ordinario,A,60,28,88,Aprobado,ACTA-2024-S1-169-A-ORD,Normal,2024-05-15,60,28,88,False,False
17c7a9a2-f074-5a25-9c33-123c3f252a00,169,S1,2024-05-28,Primera recuperacion,A,55,25,80,Aprobado,ACTA-2024-S1-169-A-REC1,Normal,2024-05-28,55,25,80,False,False
92fcb7e2-aae7-5aa4-81b8-b92b825fe8a7,169,S1,2024-05-28,Primera recuperacion,A,37,21,58,Reprobado,ACTA-2024-S1-169-A-REC1,Normal,2024-05-28,37,21,58,False,False
92fcb7e2-aae7-5aa4-81b8-b92b825fe8a7,169,S1,2024-07-12,Segunda recuperacion,A,37,21,58,Reprobado,ACTA-2024-S1-169-A-REC2,Normal,2024-07-12,37,21,58,False,False
00951361-bee7-5343-85b9-b2de39c38298,169,S1,2024-05-09,Ordinario,B,60,22,82,Aprobado,ACTA-2024-S1-169-B-ORD,Normal,2024-05-09,60,22,82,False,False
7b4bccb3-17ad-55f8-999a-2445c85928a1,169,S1,2024-05-09,Ordinario,B,61,12,73,Aprobado,ACTA-2024-S1-169-B-ORD,Normal,2024-05-09,61,12,73,False,False
898ef159-1bc5-50f4-a839-8a6328ead4e2,169,S1,2024-05-09,Ordinario,B,50,5,55,Reprobado,ACTA-2024-S1-169-B-ORD,Normal,2024-05-09,50,5,55,False,False
b48cf04d-3355-5979-a671-d15244b9f856,169,S1,2024-05-09,Ordinario,B,36,15,51,Reprobado,ACTA-2024-S1-169-B-ORD,Normal,2024-05-09,36,15,51,False,False
cf443787-1a74-5a5e-bff3-2ef5575818ac,169,S1,2024-05-09,Ordinario,B,43,11,54,Reprobado,ACTA-2024-S1-169-B-ORD,Normal,2024-05-09,43,11,54,False,False
d31f1530-eb29-5bdd-b1a8-a3ae4c08702f,169,S1,2024-05-09,Ordinario,B,56,9,65,Aprobado,ACTA-2024-S1-169-B-ORD,Normal,2024-05-09,56,9,65,False,False
dda7d84e-c79a-5f19-b8d1-4090f3239620,169,S1,2024-05-09,Ordinario,B,45,22,67,Aprobado,ACTA-2024-S1-169-B-ORD,Normal,2024-05-09,45,22,67,False,False
f1655cb7-00bc-5455-9379-254358e903cf,169,S1,2024-05-09,Ordinario,B,55,17,72,Aprobado,ACTA-2024-S1-169-B-ORD,Normal,2024-05-09,55,17,72,False,False
898ef159-1bc5-50f4-a839-8a6328ead4e2,169,S1,2024-05-24,Primera recuperacion,B,50,5,55,Reprobado,ACTA-2024-S1-169-B-REC1,Normal,2024-05-24,50,5,55,False,False
b48cf04d-3355-5979-a671-d15244b9f856,169,S1,2024-05-24,Primera recuperacion,B,36,15,51,Reprobado,ACTA-2024-S1-169-B-REC1,Normal,2024-05-24,36,15,51,False,False
cf443787-1a74-5a5e-bff3-2ef5575818ac,169,S1,2024-05-24,Primera recuperacion,B,43,30,73,Aprobado,ACTA-2024-S1-169-B-REC1,Normal,2024-05-24,43,30,73,False,False
898ef159-1bc5-50f4-a839-8a6328ead4e2,169,S1,2024-07-11,Segunda recuperacion,B,50,5,55,Reprobado,ACTA-2024-S1-169-B-REC2,Normal,2024-07-11,50,5,55,False,False
0045968e-85a2-5b82-bc32-83b532db55cd,169,S1,2024-05-08,Ordinario,C,47,22,69,Aprobado,ACTA-2024-S1-169-C-ORD,Normal,2024-05-08,47,22,69,False,False
08d5616f-376d-5766-b14e-b1d1437e5d1a,169,S1,2024-05-08,Ordinario,C,33,12,45,Reprobado,ACTA-2024-S1-169-C-ORD,Normal,2024-05-08,33,12,45,False,False
0a9592c1-41df-56fb-ae5f-49a98f842829,169,S1,2024-05-08,Ordinario,C,41,12,53,Reprobado,ACTA-2024-S1-169-C-ORD,Normal,2024-05-08,41,12,53,False,False
11b3b6a5-c3f8-5413-a4d3-bf4c2dee1df7,169,S1,2024-05-08,Ordinario,C,63,7,70,Aprobado,ACTA-2024-S1-169-C-ORD,Normal,2024-05-08,63,7,70,False,False
286fa7de-31f8-56c1-8023-d8120c448dc4,169,S1,2024-05-08,Ordinario,C,40,20,60,Reprobado,ACTA-2024-S1-169-C-ORD,Normal,2024-05-08,40,20,60,False,False
33d3602a-b2e5-5e74-b015-aef7204523f1,169,S1,2024-05-08,Ordinario,C,54,1,55,Reprobado,ACTA-2024-S1-169-C-ORD,Normal,2024-05-08,54,1,55,False,False
421e5b33-6bf8-5c14-a03b-3a4e6da333e6,169,S1,2024-05-08,Ordinario,C,31,28,59,Reprobado,ACTA-2024-S1-169-C-ORD,Normal,2024-05-08,31,28,59,False,False
47413417-88fb-5b3e-957d-208714a3e40a,169,S1,2024-05-08,Ordinario,C,54,11,65,Aprobado,ACTA-2024-S1-169-C-ORD,Normal,2024-05-08,54,11,65,False,False
496acb28-ec74-5afd-ad47-b5e79d157dbe,169,S1,2024-05-08,Ordinario,C,48,15,63,Aprobado,ACTA-2024-S1-169-C-ORD,Normal,2024-05-08,48,15,63,False,False
4a2ce805-bcd0-5f19-ab09-687335d8db6b,169,S1,2024-05-08,Ordinario,C,50,5,55,Reprobado,ACTA-2024-S1-169-C-ORD,Normal,2024-05-08,50,5,55,False,False
4ca64fe3-739c-5549-9021-88056df3ce2c,169,S1,2024-05-08,Ordinario,C,68,11,79,Aprobado,ACTA-2024-S1-169-C-ORD,Normal,2024-05-08,68,11,79,False,False
5a4dd046-dd91-5381-90c2-a900c4c37cbb,169,S1,2024-05-08,Ordinario,C,63,7,70,Aprobado,ACTA-2024-S1-169-C-ORD,Normal,2024-05-08,63,7,70,False,False
5d95c06a-fef3-5ae3-916c-3141bbd59760,169,S1,2024-05-08,Ordinario,C,64,1,65,Aprobado,ACTA-2024-S1-169-C-ORD,Normal,2024-05-08,64,1,65,False,False
67414565-08f4-5f9f-b76b-b069d2a06f0f,169,S1,2024-05-08,Ordinario,C,57,21,78,Aprobado,ACTA-2024-S1-169-C-ORD,Normal,2024-05-08,57,21,78,False,False
6ec54b76-7dc1-5765-b816-5a329a6432e2,169,S1,2024-05-08,Ordinario,C,36,25,61,Aprobado,ACTA-2024-S1-169-C-ORD,Normal,2024-05-08,36,25,61,False,False
72e11633-3227-57e3-b469-86f635587704,169,S1,2024-05-08,Ordinario,C,48,1,49,Reprobado,ACTA-2024-S1-169-C-ORD,Normal,2024-05-08,48,1,49,False,False
7736aed7-1f28-53e1-8433-c7a89c6e4992,169,S1,2024-05-08,Ordinario,C,41,21,62,Aprobado,ACTA-2024-S1-169-C-ORD,Normal,2024-05-08,41,21,62,False,False
79f7bd09-d805-5ce8-ab92-7f3812865478,169,S1,2024-05-08,Ordinario,C,42,15,57,Reprobado,ACTA-2024-S1-169-C-ORD,Normal,2024-05-08,42,15,57,False,False
84dddfd9-5b3a-5af3-9cc7-78c192097158,169,S1,2024-05-08,Ordinario,C,51,23,74,Aprobado,ACTA-2024-S1-169-C-ORD,Normal,2024-05-08,51,23,74,False,False
9e77d389-c711-5374-8ab7-a5ef908fb2a5,169,S1,2024-05-08,Ordinario,C,48,0,48,Reprobado,ACTA-2024-S1-169-C-ORD,Normal,2024-05-08,48,0,48,False,False
a2047dfe-7072-5573-86cf-cf4ca53db0fa,169,S1,2024-05-08,Ordinario,C,61,19,80,Aprobado,ACTA-2024-S1-169-C-ORD,Normal,2024-05-08,61,19,80,False,False
be370c13-7be9-54a5-89bb-4bdce7fb2e43,169,S1,2024-05-08,Ordinario,C,49,14,63,Aprobado,ACTA-2024-S1-169-C-ORD,Normal,2024-05-08,49,14,63,False,False
bfe5ef19-d0c8-5540-803a-a9fd11a6409a,169,S1,2024-05-08,Ordinario,C,48,15,63,Aprobado,ACTA-2024-S1-169-C-ORD,Normal,2024-05-08,48,15,63,False,False
c4cf05e9-8e3a-56f4-b1f2-38881baed5d0,169,S1,2024-05-08,Ordinario,C,42,13,55,Reprobado,ACTA-2024-S1-169-C-ORD,Normal,2024-05-08,42,13,55,False,False
df0bf56a-77fe-508c-a55e-34d29c2f924e,169,S1,2024-05-08,Ordinario,C,64,6,70,Aprobado,ACTA-2024-S1-169-C-ORD,Normal,2024-05-08,64,6,70,False,False
e1e5ddb0-f781-58a0-8ee3-0398d09b2498,169,S1,2024-05-08,Ordinario,C,55,24,79,Aprobado,ACTA-2024-S1-169-C-ORD,Normal,2024-05-08,55,24,79,False,False
e42d7ce0-3048-53ab-8d1d-178e47c9bc3e,169,S1,2024-05-08,Ordinario,C,60,6,66,Aprobado,ACTA-2024-S1-169-C-ORD,Normal,2024-05-08,60,6,66,False,False
e47c32f0-0c28-5157-bc7c-72d90ae601f8,169,S1,2024-05-08,Ordinario,C,46,18,64,Aprobado,ACTA-2024-S1-169-C-ORD,Normal,2024-05-08,46,18,64,False,False
e6e9156d-7483-53bd-b81b-65242bc99cc1,169,S1,2024-05-08,Ordinario,C,38,29,67,Aprobado,ACTA-2024-S1-169-C-ORD,Normal,2024-05-08,38,29,67,False,False
ed913d33-9a4a-5cda-a123-31a39a3a328e,169,S1,2024-05-08,Ordinario,C,49,26,75,Aprobado,ACTA-2024-S1-169-C-ORD,Normal,2024-05-08,49,26,75,False,False
f2460c68-01ff-5d83-9a1a-787679bb79e7,169,S1,2024-05-08,Ordinario,C,63,14,77,Aprobado,ACTA-2024-S1-169-C-ORD,Normal,2024-05-08,63,14,77,False,False
f52fddd3-e36f-5a82-a378-727e37fe4596,169,S1,2024-05-08,Ordinario,C,37,24,61,Aprobado,ACTA-2024-S1-169-C-ORD,Normal,2024-05-08,37,24,61,False,False
f6488969-c04b-5ddd-960d-f87b5e1b214f,169,S1,2024-05-08,Ordinario,C,41,NSP,41,NSP,ACTA-2024-S1-169-C-ORD,Normal,2024-05-08,41,,41,False,True
fb399764-8cce-535f-a2de-db636fb7aac4,169,S1,2024-05-08,Ordinario,C,34,23,57,Reprobado,ACTA-2024-S1-169-C-ORD,Normal,2024-05-08,34,23,57,False,False
ff12ec30-7918-541b-8167-6fda67f57e81,169,S1,2024-05-08,Ordinario,C,48,28,76,Aprobado,ACTA-2024-S1-169-C-ORD,Normal,2024-05-08,48,28,76,False,False
ff9481f2-af23-5a24-9813-859e9c577ab6,169,S1,2024-05-08,Ordinario,C,36,5,41,Reprobado,ACTA-2024-S1-169-C-ORD,Normal,2024-05-08,36,5,41,False,False
0a9592c1-41df-56fb-ae5f-49a98f842829,169,S1,2024-05-24,Primera recuperacion,C,41,12,53,Reprobado,ACTA-2024-S1-169-C-REC1,Normal,2024-05-24,41,12,53,False,False
286fa7de-31f8-56c1-8023-d8120c448dc4,169,S1,2024-05-24,Primera recuperacion,C,40,20,60,Reprobado,ACTA-2024-S1-169-C-REC1,Normal,2024-05-24,40,20,60,False,False
33d3602a-b2e5-5e74-b015-aef7204523f1,169,S1,2024-05-24,Primera recuperacion,C,54,12,66,Aprobado,ACTA-2024-S1-169-C-REC1,Normal,2024-05-24,54,12,66,False,False
4a2ce805-bcd0-5f19-ab09-687335d8db6b,169,S1,2024-05-24,Primera recuperacion,C,50,19,69,Aprobado,ACTA-2024-S1-169-C-REC1,Normal,2024-05-24,50,19,69,False,False
72e11633-3227-57e3-b469-86f635587704,169,S1,2024-05-24,Primera recuperacion,C,48,1,49,Reprobado,ACTA-2024-S1-169-C-REC1,Normal,2024-05-24,48,1,49,False,False
79f7bd09-d805-5ce8-ab92-7f3812865478,169,S1,2024-05-24,Primera recuperacion,C,42,28,70,Aprobado,ACTA-2024-S1-169-C-REC1,Normal,2024-05-24,42,28,70,False,False
9e77d389-c711-5374-8ab7-a5ef908fb2a5,169,S1,2024-05-24,Primera recuperacion,C,48,0,48,Reprobado,ACTA-2024-S1-169-C-REC1,Normal,2024-05-24,48,0,48,False,False
c4cf05e9-8e3a-56f4-b1f2-38881baed5d0,169,S1,2024-05-24,Primera recuperacion,C,42,13,55,Reprobado,ACTA-2024-S1-169-C-REC1,Normal,2024-05-24,42,13,55,False,False
fb399764-8cce-535f-a2de-db636fb7aac4,169,S1,2024-05-24,Primera recuperacion,C,34,23,57,Reprobado,ACTA-2024-S1-169-C-REC1,Normal,2024-05-24,34,23,57,False,False
ff9481f2-af23-5a24-9813-859e9c577ab6,169,S1,2024-05-24,Primera recuperacion,C,36,5,41,Reprobado,ACTA-2024-S1-169-C-REC1,Normal,2024-05-24,36,5,41,False,False
286fa7de-31f8-56c1-8023-d8120c448dc4,169,S1,2024-07-12,Segunda recuperacion,C,40,28,68,Aprobado,ACTA-2024-S1-169-C-REC2,Normal,2024-07-12,40,28,68,False,False
9e77d389-c711-5374-8ab7-a5ef908fb2a5,169,S1,2024-07-12,Segunda recuperacion,C,48,0,48,Reprobado,ACTA-2024-S1-169-C-REC2,Normal,2024-07-12,48,0,48,False,False
1bf1c525-f0f5-52b9-81f2-e993b470b9cc,169,S1,2024-05-13,Ordinario,D,68,22,90,Aprobado,ACTA-2024-S1-169-D-ORD,Normal,2024-05-13,68,22,90,False,False
3bddbee5-05a1-5c39-ac75-9157f041902e,169,S1,2024-05-13,Ordinario,D,45,1,46,Reprobado,ACTA-2024-S1-169-D-ORD,Normal,2024-05-13,45,1,46,False,False
e7a0dea3-1160-5442-9abe-2892ffc9696e,169,S1,2024-05-13,Ordinario,D,56,10,66,Aprobado,ACTA-2024-S1-169-D-ORD,Normal,2024-05-13,56,10,66,False,False
3bddbee5-05a1-5c39-ac75-9157f041902e,169,S1,2024-05-27,Primera recuperacion,D,45,1,46,Reprobado,ACTA-2024-S1-169-D-REC1,Normal,2024-05-27,45,1,46,False,False
3bddbee5-05a1-5c39-ac75-9157f041902e,169,S1,2024-07-09,Segunda recuperacion,D,45,1,46,Reprobado,ACTA-2024-S1-169-D-REC2,Normal,2024-07-09,45,1,46,False,False
01bab3f1-2982-57c8-8f29-8cf445b6214e,169,S1,2024-05-14,Ordinario,E,55,17,72,Aprobado,ACTA-2024-S1-169-E-ORD,Normal,2024-05-14,55,17,72,False,False
0b91ef54-482c-5813-ab7c-4eec7f55e3d4,169,S1,2024-05-14,Ordinario,E,52,18,70,Aprobado,ACTA-2024-S1-169-E-ORD,Normal,2024-05-14,52,18,70,False,False
16e05d20-d12c-5dad-944c-ac46cae0b322,169,S1,2024-05-14,Ordinario,E,54,27,81,Aprobado,ACTA-2024-S1-169-E-ORD,Normal,2024-05-14,54,27,81,False,False
1c875d84-9b73-5522-98e9-e0320dcb5a3e,169,S1,2024-05-14,Ordinario,E,38,23,61,Aprobado,ACTA-2024-S1-169-E-ORD,Normal,2024-05-14,38,23,61,False,False
27211edc-1649-54b6-b315-76064d324463,169,S1,2024-05-14,Ordinario,E,44,13,57,Reprobado,ACTA-2024-S1-169-E-ORD,Normal,2024-05-14,44,13,57,False,False
3de5d6a3-404d-592b-bd1d-e16220feabe5,169,S1,2024-05-14,Ordinario,E,40,28,68,Aprobado,ACTA-2024-S1-169-E-ORD,Normal,2024-05-14,40,28,68,False,False
4051bf55-d9ef-5c45-94d7-34fa1dad5078,169,S1,2024-05-14,Ordinario,E,46,5,51,Reprobado,ACTA-2024-S1-169-E-ORD,Normal,2024-05-14,46,5,51,False,False
41833e6f-ff9c-5e3d-8bc1-bf5c5abc3959,169,S1,2024-05-14,Ordinario,E,50,0,50,Reprobado,ACTA-2024-S1-169-E-ORD,Normal,2024-05-14,50,0,50,False,False
44265d66-98f6-5e01-98b4-22e7f68180a9,169,S1,2024-05-14,Ordinario,E,47,0,47,Reprobado,ACTA-2024-S1-169-E-ORD,Normal,2024-05-14,47,0,47,False,False
4d21cea1-ac04-5543-86ff-a481632efb1e,169,S1,2024-05-14,Ordinario,E,50,7,57,Reprobado,ACTA-2024-S1-169-E-ORD,Normal,2024-05-14,50,7,57,False,False
50cd2e0b-10ff-5209-836b-c75477a9725b,169,S1,2024-05-14,Ordinario,E,60,22,82,Aprobado,ACTA-2024-S1-169-E-ORD,Normal,2024-05-14,60,22,82,False,False
54a8344b-f5b6-57d7-bf33-011f650d4236,169,S1,2024-05-14,Ordinario,E,37,29,66,Aprobado,ACTA-2024-S1-169-E-ORD,Normal,2024-05-14,37,29,66,False,False
690c8f5e-bfea-5f1d-bd3a-737d48c6bcbd,169,S1,2024-05-14,Ordinario,E,44,26,70,Aprobado,ACTA-2024-S1-169-E-ORD,Normal,2024-05-14,44,26,70,False,False
6b1b007f-3d94-50d2-95ae-a23cf0fd1801,169,S1,2024-05-14,Ordinario,E,34,19,53,Reprobado,ACTA-2024-S1-169-E-ORD,Normal,2024-05-14,34,19,53,False,False
892d453e-ad59-5c86-bc3e-bdd521dd397b,169,S1,2024-05-14,Ordinario,E,37,NSP,37,NSP,ACTA-2024-S1-169-E-ORD,Normal,2024-05-14,37,,37,False,True
b91bfdc4-f835-5a86-8106-fce8775833f0,169,S1,2024-05-14,Ordinario,E,52,2,54,Reprobado,ACTA-2024-S1-169-E-ORD,Normal,2024-05-14,52,2,54,False,False
bad1322f-2133-549a-a69d-feb9f4347a58,169,S1,2024-05-14,Ordinario,E,43,23,66,Aprobado,ACTA-2024-S1-169-E-ORD,Normal,2024-05-14,43,23,66,False,False
c236c9a7-ebb8-5bdd-9717-5b80d6074b31,169,S1,2024-05-14,Ordinario,E,43,23,66,Aprobado,ACTA-2024-S1-169-E-ORD,Normal,2024-05-14,43,23,66,False,False
d11c046e-c9c2-5193-9cc1-77492c5d1264,169,S1,2024-05-14,Ordinario,E,68,29,97,Aprobado,ACTA-2024-S1-169-E-ORD,Normal,2024-05-14,68,29,97,False,False
d79beb1a-7cf0-5775-9371-58bfa0b31898,169,S1,2024-05-14,Ordinario,E,41,28,69,Aprobado,ACTA-2024-S1-169-E-ORD,Normal,2024-05-14,41,28,69,False,False
e900eff1-a3f4-5be4-86dd-49f64721fc82,169,S1,2024-05-14,Ordinario,E,42,27,69,Aprobado,ACTA-2024-S1-169-E-ORD,Normal,2024-05-14,42,27,69,False,False
f75c73c4-4353-55c2-b404-dd551be115aa,169,S1,2024-05-14,Ordinario,E,50,29,79,Aprobado,ACTA-2024-S1-169-E-ORD,Normal,2024-05-14,50,29,79,False,False
27211edc-1649-54b6-b315-76064d324463,169,S1,2024-05-27,Primera recuperacion,E,44,30,74,Aprobado,ACTA-2024-S1-169-E-REC1,Normal,2024-05-27,44,30,74,False,False
4051bf55-d9ef-5c45-94d7-34fa1dad5078,169,S1,2024-05-27,Primera recuperacion,E,46,5,51,Reprobado,ACTA-2024-S1-169-E-REC1,Normal,2024-05-27,46,5,51,False,False
41833e6f-ff9c-5e3d-8bc1-bf5c5abc3959,169,S1,2024-05-27,Primera recuperacion,E,50,14,64,Aprobado,ACTA-2024-S1-169-E-REC1,Normal,2024-05-27,50,14,64,False,False
6b1b007f-3d94-50d2-95ae-a23cf0fd1801,169,S1,2024-05-27,Primera recuperacion,E,34,19,53,Reprobado,ACTA-2024-S1-169-E-REC1,Normal,2024-05-27,34,19,53,False,False
6b1b007f-3d94-50d2-95ae-a23cf0fd1801,169,S1,2024-07-07,Segunda recuperacion,E,34,30,64,Aprobado,ACTA-2024-S1-169-E-REC2,Normal,2024-07-07,34,30,64,False,False
252d04af-c959-574c-927b-59809a7cf378,169,S1,2024-05-08,Ordinario,F,38,22,60,Reprobado,ACTA-2024-S1-169-F-ORD,Normal,2024-05-08,38,22,60,False,False
56ed1545-fc8b-541e-9773-3c5f0bc2bf3b,169,S1,2024-05-08,Ordinario,F,58,15,73,Aprobado,ACTA-2024-S1-169-F-ORD,Normal,2024-05-08,58,15,73,False,False
584ca980-7215-5ebe-bd2d-639aa11fa8a6,169,S1,2024-05-08,Ordinario,F,49,30,79,Aprobado,ACTA-2024-S1-169-F-ORD,Normal,2024-05-08,49,30,79,False,False
59fa1784-d7c1-543c-9d6d-14e13774fe1a,169,S1,2024-05-08,Ordinario,F,55,15,70,Aprobado,ACTA-2024-S1-169-F-ORD,Normal,2024-05-08,55,15,70,False,False
a531dcbb-f49d-5195-8ee1-330009237354,169,S1,2024-05-08,Ordinario,F,50,5,55,Reprobado,ACTA-2024-S1-169-F-ORD,Normal,2024-05-08,50,5,55,False,False
a97bb513-eef4-547a-a146-e227965cdee2,169,S1,2024-05-08,Ordinario,F,37,13,50,Reprobado,ACTA-2024-S1-169-F-ORD,Normal,2024-05-08,37,13,50,False,False
ad10f604-2695-5bb8-9b2b-5740bf0e649d,169,S1,2024-05-08,Ordinario,F,63,24,87,Aprobado,ACTA-2024-S1-169-F-ORD,Normal,2024-05-08,63,24,87,False,False
c51f9510-af9e-5a2e-8d05-9db91cfc5948,169,S1,2024-05-08,Ordinario,F,57,13,70,Aprobado,ACTA-2024-S1-169-F-ORD,Normal,2024-05-08,57,13,70,False,False
d2f58abe-3bd7-5f07-9c7e-3a449807463d,169,S1,2024-05-08,Ordinario,F,45,22,67,Aprobado,ACTA-2024-S1-169-F-ORD,Normal,2024-05-08,45,22,67,False,False
252d04af-c959-574c-927b-59809a7cf378,169,S1,2024-05-23,Primera recuperacion,F,38,22,60,Reprobado,ACTA-2024-S1-169-F-REC1,Normal,2024-05-23,38,22,60,False,False
a531dcbb-f49d-5195-8ee1-330009237354,169,S1,2024-05-23,Primera recuperacion,F,50,30,80,Aprobado,ACTA-2024-S1-169-F-REC1,Normal,2024-05-23,50,30,80,False,False
a97bb513-eef4-547a-a146-e227965cdee2,169,S1,2024-05-23,Primera recuperacion,F,37,13,50,Reprobado,ACTA-2024-S1-169-F-REC1,Normal,2024-05-23,37,13,50,False,False
a97bb513-eef4-547a-a146-e227965cdee2,169,S1,2024-07-09,Segunda recuperacion,F,37,13,50,Reprobado,ACTA-2024-S1-169-F-REC2,Normal,2024-07-09,37,13,50,False,False
263cfab1-83e1-5775-bb4e-9afb1bef241e,170,S1,2024-05-13,Ordinario,A,58,28,86,Aprobado,ACTA-2024-S1-170-A-ORD,Normal,2024-05-13,58,28,86,False,False
270a0504-64d3-5ff7-bda8-d02793ef8a81,170,S1,2024-05-13,Ordinario,A,45,28,73,Aprobado,ACTA-2024-S1-170-A-ORD,Normal,2024-05-13,45,28,73,False,False
37cf6f59-cc69-576b-ba66-c5cf8fe772c3,170,S1,2024-05-13,Ordinario,A,53,27,80,Aprobado,ACTA-2024-S1-170-A-ORD,Normal,2024-05-13,53,27,80,False,False
4ace62b5-4832-525a-8d5d-71bdbe79aa5d,170,S1,2024-05-13,Ordinario,A,44,8,52,Reprobado,ACTA-2024-S1-170-A-ORD,Normal,2024-05-13,44,8,52,False,False
5814899b-920c-5074-a7c7-7511abd951ba,170,S1,2024-05-13,Ordinario,A,43,20,63,Aprobado,ACTA-2024-S1-170-A-ORD,Normal,2024-05-13,43,20,63,False,False
5c937f46-19cc-56ec-bd5e-bec0181f8b45,170,S1,2024-05-13,Ordinario,A,62,23,85,Aprobado,ACTA-2024-S1-170-A-ORD,Normal,2024-05-13,62,23,85,False,False
6327d4a3-6104-565e-b692-b3e8408fe538,170,S1,2024-05-13,Ordinario,A,35,7,42,Reprobado,ACTA-2024-S1-170-A-ORD,Normal,2024-05-13,35,7,42,False,False
666af2be-87f6-5662-975b-441feb776cf0,170,S1,2024-05-13,Ordinario,A,37,25,62,Aprobado,ACTA-2024-S1-170-A-ORD,Normal,2024-05-13,37,25,62,False,False
67414565-08f4-5f9f-b76b-b069d2a06f0f,170,S1,2024-05-13,Ordinario,A,44,30,74,Aprobado,ACTA-2024-S1-170-A-ORD,Normal,2024-05-13,44,30,74,False,False
7736aed7-1f28-53e1-8433-c7a89c6e4992,170,S1,2024-05-13,Ordinario,A,43,24,67,Aprobado,ACTA-2024-S1-170-A-ORD,Normal,2024-05-13,43,24,67,False,False
7e3bdd97-4da0-5cd5-b823-7a9e26bc38c5,170,S1,2024-05-13,Ordinario,A,33,18,51,Reprobado,ACTA-2024-S1-170-A-ORD,Normal,2024-05-13,33,18,51,False,False
88ac2e8a-94a5-5041-b4e6-f6e5d388a4da,170,S1,2024-05-13,Ordinario,A,49,22,71,Aprobado,ACTA-2024-S1-170-A-ORD,Normal,2024-05-13,49,22,71,False,False
a8b2948e-db2a-550f-8291-7bf443e650f9,170,S1,2024-05-13,Ordinario,A,36,16,52,Reprobado,ACTA-2024-S1-170-A-ORD,Normal,2024-05-13,36,16,52,False,False
aa8813f5-0192-5963-bd3d-2626ed41657a,170,S1,2024-05-13,Ordinario,A,37,28,65,Aprobado,ACTA-2024-S1-170-A-ORD,Normal,2024-05-13,37,28,65,False,False
b4d9082e-1db4-5faf-906f-1ae369f92be4,170,S1,2024-05-13,Ordinario,A,63,28,91,Aprobado,ACTA-2024-S1-170-A-ORD,Normal,2024-05-13,63,28,91,False,False
cea4473d-52f7-5d4c-a6ca-fac54542b285,170,S1,2024-05-13,Ordinario,A,36,NSP,36,NSP,ACTA-2024-S1-170-A-ORD,Normal,2024-05-13,36,,36,False,True
d249646d-3649-5026-b0d5-4d07c1c3188b,170,S1,2024-05-13,Ordinario,A,48,8,56,Reprobado,ACTA-2024-S1-170-A-ORD,Normal,2024-05-13,48,8,56,False,False
f38571e3-0dd7-56c0-9003-d327dcd76739,170,S1,2024-05-13,Ordinario,A,39,18,57,Reprobado,ACTA-2024-S1-170-A-ORD,Normal,2024-05-13,39,18,57,False,False
fc57b469-8570-5031-b6b6-027ecfb0f9a7,170,S1,2024-05-13,Ordinario,A,48,23,71,Aprobado,ACTA-2024-S1-170-A-ORD,Normal,2024-05-13,48,23,71,False,False
ff12ec30-7918-541b-8167-6fda67f57e81,170,S1,2024-05-13,Ordinario,A,60,14,74,Aprobado,ACTA-2024-S1-170-A-ORD,Normal,2024-05-13,60,14,74,False,False
d249646d-3649-5026-b0d5-4d07c1c3188b,170,S1,2024-05-24,Primera recuperacion,A,48,8,56,Reprobado,ACTA-2024-S1-170-A-REC1,Normal,2024-05-24,48,8,56,False,False
f38571e3-0dd7-56c0-9003-d327dcd76739,170,S1,2024-05-24,Primera recuperacion,A,39,27,66,Aprobado,ACTA-2024-S1-170-A-REC1,Normal,2024-05-24,39,27,66,False,False
d249646d-3649-5026-b0d5-4d07c1c3188b,170,S1,2024-07-10,Segunda recuperacion,A,48,20,68,Aprobado,ACTA-2024-S1-170-A-REC2,Normal,2024-07-10,48,20,68,False,False
01bab3f1-2982-57c8-8f29-8cf445b6214e,170,S1,2024-05-08,Ordinario,B,68,8,76,Aprobado,ACTA-2024-S1-170-B-ORD,Normal,2024-05-08,68,8,76,False,False
0b91ef54-482c-5813-ab7c-4eec7f55e3d4,170,S1,2024-05-08,Ordinario,B,53,17,70,Aprobado,ACTA-2024-S1-170-B-ORD,Normal,2024-05-08,53,17,70,False,False
16e05d20-d12c-5dad-944c-ac46cae0b322,170,S1,2024-05-08,Ordinario,B,68,30,98,Aprobado,ACTA-2024-S1-170-B-ORD,Normal,2024-05-08,68,30,98,False,False
1f2b77ef-07aa-502d-929d-d94213b94b63,170,S1,2024-05-08,Ordinario,B,56,25,81,Aprobado,ACTA-2024-S1-170-B-ORD,Normal,2024-05-08,56,25,81,False,False
3513277f-67b8-5015-9843-e138ce7821cd,170,S1,2024-05-08,Ordinario,B,54,1,55,Reprobado,ACTA-2024-S1-170-B-ORD,Normal,2024-05-08,54,1,55,False,False
3e703abf-7a8c-5481-8fa7-6bc889902317,170,S1,2024-05-08,Ordinario,B,62,28,90,Aprobado,ACTA-2024-S1-170-B-ORD,Normal,2024-05-08,62,28,90,False,False
50cd2e0b-10ff-5209-836b-c75477a9725b,170,S1,2024-05-08,Ordinario,B,50,9,59,Reprobado,ACTA-2024-S1-170-B-ORD,Normal,2024-05-08,50,9,59,False,False
584ca980-7215-5ebe-bd2d-639aa11fa8a6,170,S1,2024-05-08,Ordinario,B,38,30,68,Aprobado,ACTA-2024-S1-170-B-ORD,Normal,2024-05-08,38,30,68,False,False
690c8f5e-bfea-5f1d-bd3a-737d48c6bcbd,170,S1,2024-05-08,Ordinario,B,39,3,42,Reprobado,ACTA-2024-S1-170-B-ORD,Normal,2024-05-08,39,3,42,False,False
d2f58abe-3bd7-5f07-9c7e-3a449807463d,170,S1,2024-05-08,Ordinario,B,50,15,65,Aprobado,ACTA-2024-S1-170-B-ORD,Normal,2024-05-08,50,15,65,False,False
e3139aa2-e1cb-5e06-8ef2-3c1807aa2572,170,S1,2024-05-08,Ordinario,B,46,8,54,Reprobado,ACTA-2024-S1-170-B-ORD,Normal,2024-05-08,46,8,54,False,False
e3bc81de-b8d3-5624-bc8b-61e4451515d1,170,S1,2024-05-08,Ordinario,B,33,11,44,Reprobado,ACTA-2024-S1-170-B-ORD,Normal,2024-05-08,33,11,44,False,False
f2460c68-01ff-5d83-9a1a-787679bb79e7,170,S1,2024-05-08,Ordinario,B,66,5,71,Aprobado,ACTA-2024-S1-170-B-ORD,Normal,2024-05-08,66,5,71,False,False
50cd2e0b-10ff-5209-836b-c75477a9725b,170,S1,2024-05-24,Primera recuperacion,B,50,14,64,Aprobado,ACTA-2024-S1-170-B-REC1,Normal,2024-05-24,50,14,64,False,False
690c8f5e-bfea-5f1d-bd3a-737d48c6bcbd,170,S1,2024-05-24,Primera recuperacion,B,39,3,42,Reprobado,ACTA-2024-S1-170-B-REC1,Normal,2024-05-24,39,3,42,False,False
e3139aa2-e1cb-5e06-8ef2-3c1807aa2572,170,S1,2024-05-24,Primera recuperacion,B,46,8,54,Reprobado,ACTA-2024-S1-170-B-REC1,Normal,2024-05-24,46,8,54,False,False
690c8f5e-bfea-5f1d-bd3a-737d48c6bcbd,170,S1,2024-07-07,Segunda recuperacion,B,39,30,69,Aprobado,ACTA-2024-S1-170-B-REC2,Normal,2024-07-07,39,30,69,False,False
00a20d4b-9043-50fd-9656-3d18b3d769d1,170,S1,2024-05-13,Ordinario,C,42,27,69,Aprobado,ACTA-2024-S1-170-C-ORD,Normal,2024-05-13,42,27,69,False,False
1de648c3-6819-5075-9540-695d387b5ffb,170,S1,2024-05-13,Ordinario,C,42,26,68,Aprobado,ACTA-2024-S1-170-C-ORD,Normal,2024-05-13,42,26,68,False,False
252d04af-c959-574c-927b-59809a7cf378,170,S1,2024-05-13,Ordinario,C,44,4,48,Reprobado,ACTA-2024-S1-170-C-ORD,Normal,2024-05-13,44,4,48,False,False
33d3602a-b2e5-5e74-b015-aef7204523f1,170,S1,2024-05-13,Ordinario,C,38,29,67,Aprobado,ACTA-2024-S1-170-C-ORD,Normal,2024-05-13,38,29,67,False,False
423e74d0-11dd-5a3f-8ce1-5ef8d9ab9064,170,S1,2024-05-13,Ordinario,C,59,23,82,Aprobado,ACTA-2024-S1-170-C-ORD,Normal,2024-05-13,59,23,82,False,False
66d6c08a-7bbd-5231-8022-3bd6f157ebc0,170,S1,2024-05-13,Ordinario,C,41,11,52,Reprobado,ACTA-2024-S1-170-C-ORD,Normal,2024-05-13,41,11,52,False,False
671fcbd0-25c4-532a-afda-0a6d10e90dd4,170,S1,2024-05-13,Ordinario,C,55,20,75,Aprobado,ACTA-2024-S1-170-C-ORD,Normal,2024-05-13,55,20,75,False,False
72e11633-3227-57e3-b469-86f635587704,170,S1,2024-05-13,Ordinario,C,51,2,53,Reprobado,ACTA-2024-S1-170-C-ORD,Normal,2024-05-13,51,2,53,False,False
82c26a79-1d7f-541f-a528-1fa65eacb07f,170,S1,2024-05-13,Ordinario,C,61,29,90,Aprobado,ACTA-2024-S1-170-C-ORD,Normal,2024-05-13,61,29,90,False,False
8330ae23-4728-57d3-9192-77a20abbdca7,170,S1,2024-05-13,Ordinario,C,49,1,50,Reprobado,ACTA-2024-S1-170-C-ORD,Normal,2024-05-13,49,1,50,False,False
84dddfd9-5b3a-5af3-9cc7-78c192097158,170,S1,2024-05-13,Ordinario,C,54,14,68,Aprobado,ACTA-2024-S1-170-C-ORD,Normal,2024-05-13,54,14,68,False,False
86ca5350-2e17-5b7e-a919-5fd3d68be21f,170,S1,2024-05-13,Ordinario,C,46,5,51,Reprobado,ACTA-2024-S1-170-C-ORD,Normal,2024-05-13,46,5,51,False,False
88a82b73-03f1-51b9-8e54-86fd323e5b2f,170,S1,2024-05-13,Ordinario,C,39,19,58,Reprobado,ACTA-2024-S1-170-C-ORD,Normal,2024-05-13,39,19,58,False,False
8cd78b9b-ec67-5cc2-a2e0-f9086c2a104e,170,S1,2024-05-13,Ordinario,C,43,22,65,Aprobado,ACTA-2024-S1-170-C-ORD,Normal,2024-05-13,43,22,65,False,False
91743045-3b39-5cd8-b8b9-bf08f8d5885d,170,S1,2024-05-13,Ordinario,C,56,NSP,56,NSP,ACTA-2024-S1-170-C-ORD,Normal,2024-05-13,56,,56,False,True
977f0c1c-e388-5fbf-be24-31a4cebf45d1,170,S1,2024-05-13,Ordinario,C,48,23,71,Aprobado,ACTA-2024-S1-170-C-ORD,Normal,2024-05-13,48,23,71,False,False
b73c830f-c8ef-567b-bcb4-081b76752502,170,S1,2024-05-13,Ordinario,C,66,22,88,Aprobado,ACTA-2024-S1-170-C-ORD,Normal,2024-05-13,66,22,88,False,False
bd1c4b12-6c8c-5a45-8625-5e8fbbaa33f2,170,S1,2024-05-13,Ordinario,C,31,8,39,Reprobado,ACTA-2024-S1-170-C-ORD,Normal,2024-05-13,31,8,39,False,False
c4cf05e9-8e3a-56f4-b1f2-38881baed5d0,170,S1,2024-05-13,Ordinario,C,56,28,84,Aprobado,ACTA-2024-S1-170-C-ORD,Normal,2024-05-13,56,28,84,False,False
c9be5db4-4388-5e6e-bdb4-3792752de6b4,170,S1,2024-05-13,Ordinario,C,46,14,60,Reprobado,ACTA-2024-S1-170-C-ORD,Normal,2024-05-13,46,14,60,False,False
df0bf56a-77fe-508c-a55e-34d29c2f924e,170,S1,2024-05-13,Ordinario,C,51,29,80,Aprobado,ACTA-2024-S1-170-C-ORD,Normal,2024-05-13,51,29,80,False,False
e7da69d3-57e7-59a4-922d-a24220d927f7,170,S1,2024-05-13,Ordinario,C,38,23,61,Aprobado,ACTA-2024-S1-170-C-ORD,Normal,2024-05-13,38,23,61,False,False
f1bca5fd-d3c7-5b2e-a90e-fbbf75fbcb41,170,S1,2024-05-13,Ordinario,C,53,27,80,Aprobado,ACTA-2024-S1-170-C-ORD,Normal,2024-05-13,53,27,80,False,False
72e11633-3227-57e3-b469-86f635587704,170,S1,2024-05-27,Primera recuperacion,C,51,14,65,Aprobado,ACTA-2024-S1-170-C-REC1,Normal,2024-05-27,51,14,65,False,False
8330ae23-4728-57d3-9192-77a20abbdca7,170,S1,2024-05-27,Primera recuperacion,C,49,12,61,Aprobado,ACTA-2024-S1-170-C-REC1,Normal,2024-05-27,49,12,61,False,False
86ca5350-2e17-5b7e-a919-5fd3d68be21f,170,S1,2024-05-27,Primera recuperacion,C,46,5,51,Reprobado,ACTA-2024-S1-170-C-REC1,Normal,2024-05-27,46,5,51,False,False
88a82b73-03f1-51b9-8e54-86fd323e5b2f,170,S1,2024-05-27,Primera recuperacion,C,39,19,58,Reprobado,ACTA-2024-S1-170-C-REC1,Normal,2024-05-27,39,19,58,False,False
bd1c4b12-6c8c-5a45-8625-5e8fbbaa33f2,170,S1,2024-05-27,Primera recuperacion,C,31,8,39,Reprobado,ACTA-2024-S1-170-C-REC1,Normal,2024-05-27,31,8,39,False,False
c9be5db4-4388-5e6e-bdb4-3792752de6b4,170,S1,2024-05-27,Primera recuperacion,C,46,14,60,Reprobado,ACTA-2024-S1-170-C-REC1,Normal,2024-05-27,46,14,60,False,False
c9be5db4-4388-5e6e-bdb4-3792752de6b4,170,S1,2024-07-06,Segunda recuperacion,C,46,30,76,Aprobado,ACTA-2024-S1-170-C-REC2,Normal,2024-07-06,46,30,76,False,False
4ca64fe3-739c-5549-9021-88056df3ce2c,177,S1,2024-05-12,Ordinario,A,66,16,82,Aprobado,ACTA-2024-S1-177-A-ORD,Normal,2024-05-12,66,16,82,False,False
799bdc38-e9f5-5892-b852-bcb64e6e021b,177,S1,2024-05-12,Ordinario,A,43,13,56,Reprobado,ACTA-2024-S1-177-A-ORD,Normal,2024-05-12,43,13,56,False,False
79e7db35-50f0-5599-a41c-31b243f13720,177,S1,2024-05-12,Ordinario,A,60,18,78,Aprobado,ACTA-2024-S1-177-A-ORD,Normal,2024-05-12,60,18,78,False,False
1c6583c9-8dab-560b-95ba-62442b620433,177,S1,2024-05-14,Ordinario,B,40,1,41,Reprobado,ACTA-2024-S1-177-B-ORD,Normal,2024-05-14,40,1,41,False,False
7b4bccb3-17ad-55f8-999a-2445c85928a1,177,S1,2024-05-14,Ordinario,B,43,20,63,Aprobado,ACTA-2024-S1-177-B-ORD,Normal,2024-05-14,43,20,63,False,False
a2047dfe-7072-5573-86cf-cf4ca53db0fa,177,S1,2024-05-14,Ordinario,B,65,8,73,Aprobado,ACTA-2024-S1-177-B-ORD,Normal,2024-05-14,65,8,73,False,False
e1e5ddb0-f781-58a0-8ee3-0398d09b2498,177,S1,2024-05-14,Ordinario,B,64,30,94,Aprobado,ACTA-2024-S1-177-B-ORD,Normal,2024-05-14,64,30,94,False,False
d3fc7fce-8bb1-5b8f-a4d5-58e2ef066b24,177,S1,2024-05-11,Ordinario,C,62,29,91,Aprobado,ACTA-2024-S1-177-C-ORD,Normal,2024-05-11,62,29,91,False,False
e47c32f0-0c28-5157-bc7c-72d90ae601f8,177,S1,2024-05-15,Ordinario,F,66,0,66,Aprobado,ACTA-2024-S1-177-F-ORD,Normal,2024-05-15,66,0,66,False,False
f1655cb7-00bc-5455-9379-254358e903cf,177,S1,2024-05-15,Ordinario,F,41,20,61,Aprobado,ACTA-2024-S1-177-F-ORD,Normal,2024-05-15,41,20,61,False,False
f23552cd-6876-5561-b470-73e7c5e2bebe,177,S1,2024-05-15,Ordinario,F,32,15,47,Reprobado,ACTA-2024-S1-177-F-ORD,Normal,2024-05-15,32,15,47,False,False
17c7a9a2-f074-5a25-9c33-123c3f252a00,216,S1,2024-05-08,Ordinario,A,39,5,44,Reprobado,ACTA-2024-S1-216-A-ORD,Normal,2024-05-08,39,5,44,False,False
286fa7de-31f8-56c1-8023-d8120c448dc4,216,S1,2024-05-08,Ordinario,A,36,13,49,Reprobado,ACTA-2024-S1-216-A-ORD,Normal,2024-05-08,36,13,49,False,False
5a4dd046-dd91-5381-90c2-a900c4c37cbb,216,S1,2024-05-08,Ordinario,A,57,29,86,Aprobado,ACTA-2024-S1-216-A-ORD,Normal,2024-05-08,57,29,86,False,False
76c382db-d59f-56da-9b78-fa2341e8a839,216,S1,2024-05-08,Ordinario,A,57,22,79,Aprobado,ACTA-2024-S1-216-A-ORD,Normal,2024-05-08,57,22,79,False,False
9d33fef8-5e8a-5846-9347-224ddf41678a,216,S1,2024-05-08,Ordinario,A,46,27,73,Aprobado,ACTA-2024-S1-216-A-ORD,Normal,2024-05-08,46,27,73,False,False
17c7a9a2-f074-5a25-9c33-123c3f252a00,216,S1,2024-05-27,Primera recuperacion,A,39,5,44,Reprobado,ACTA-2024-S1-216-A-REC1,Normal,2024-05-27,39,5,44,False,False
286fa7de-31f8-56c1-8023-d8120c448dc4,216,S1,2024-05-27,Primera recuperacion,A,36,13,49,Reprobado,ACTA-2024-S1-216-A-REC1,Normal,2024-05-27,36,13,49,False,False
286fa7de-31f8-56c1-8023-d8120c448dc4,216,S1,2024-07-10,Segunda recuperacion,A,36,13,49,Reprobado,ACTA-2024-S1-216-A-REC2,Normal,2024-07-10,36,13,49,False,False
00951361-bee7-5343-85b9-b2de39c38298,216,S1,2024-05-08,Ordinario,B,42,17,59,Reprobado,ACTA-2024-S1-216-B-ORD,Normal,2024-05-08,42,17,59,False,False
d31f1530-eb29-5bdd-b1a8-a3ae4c08702f,216,S1,2024-05-08,Ordinario,B,47,29,76,Aprobado,ACTA-2024-S1-216-B-ORD,Normal,2024-05-08,47,29,76,False,False
e1e5ddb0-f781-58a0-8ee3-0398d09b2498,216,S1,2024-05-08,Ordinario,B,39,27,66,Aprobado,ACTA-2024-S1-216-B-ORD,Normal,2024-05-08,39,27,66,False,False
08d5616f-376d-5766-b14e-b1d1437e5d1a,216,S1,2024-05-10,Ordinario,C,46,7,53,Reprobado,ACTA-2024-S1-216-C-ORD,Normal,2024-05-10,46,7,53,False,False
421e5b33-6bf8-5c14-a03b-3a4e6da333e6,216,S1,2024-05-10,Ordinario,C,47,3,50,Reprobado,ACTA-2024-S1-216-C-ORD,Normal,2024-05-10,47,3,50,False,False
7b4bccb3-17ad-55f8-999a-2445c85928a1,216,S1,2024-05-10,Ordinario,C,68,6,74,Aprobado,ACTA-2024-S1-216-C-ORD,Normal,2024-05-10,68,6,74,False,False
d1be5647-fdd8-53fe-8b3c-64441ddd5977,216,S1,2024-05-10,Ordinario,C,64,1,65,Aprobado,ACTA-2024-S1-216-C-ORD,Normal,2024-05-10,64,1,65,False,False
e47c32f0-0c28-5157-bc7c-72d90ae601f8,216,S1,2024-05-10,Ordinario,C,45,24,69,Aprobado,ACTA-2024-S1-216-C-ORD,Normal,2024-05-10,45,24,69,False,False
f1655cb7-00bc-5455-9379-254358e903cf,216,S1,2024-05-10,Ordinario,C,46,20,66,Aprobado,ACTA-2024-S1-216-C-ORD,Normal,2024-05-10,46,20,66,False,False
f6488969-c04b-5ddd-960d-f87b5e1b214f,216,S1,2024-05-10,Ordinario,C,57,29,86,Aprobado,ACTA-2024-S1-216-C-ORD,Normal,2024-05-10,57,29,86,False,False
ff9481f2-af23-5a24-9813-859e9c577ab6,216,S1,2024-05-10,Ordinario,C,55,2,57,Reprobado,ACTA-2024-S1-216-C-ORD,Normal,2024-05-10,55,2,57,False,False
421e5b33-6bf8-5c14-a03b-3a4e6da333e6,216,S1,2024-05-27,Primera recuperacion,C,47,29,76,Aprobado,ACTA-2024-S1-216-C-REC1,Normal,2024-05-27,47,29,76,False,False
4ca64fe3-739c-5549-9021-88056df3ce2c,216,S1,2024-05-08,Ordinario,D,34,26,60,Reprobado,ACTA-2024-S1-216-D-ORD,Normal,2024-05-08,34,26,60,False,False
79e7db35-50f0-5599-a41c-31b243f13720,216,S1,2024-05-08,Ordinario,D,50,11,61,Aprobado,ACTA-2024-S1-216-D-ORD,Normal,2024-05-08,50,11,61,False,False
898ef159-1bc5-50f4-a839-8a6328ead4e2,216,S1,2024-05-08,Ordinario,D,51,8,59,Reprobado,ACTA-2024-S1-216-D-ORD,Normal,2024-05-08,51,8,59,False,False
d3fc7fce-8bb1-5b8f-a4d5-58e2ef066b24,216,S1,2024-05-08,Ordinario,D,48,16,64,Aprobado,ACTA-2024-S1-216-D-ORD,Normal,2024-05-08,48,16,64,False,False
4ca64fe3-739c-5549-9021-88056df3ce2c,216,S1,2024-05-29,Primera recuperacion,D,34,26,60,Reprobado,ACTA-2024-S1-216-D-REC1,Normal,2024-05-29,34,26,60,False,False
898ef159-1bc5-50f4-a839-8a6328ead4e2,216,S1,2024-05-29,Primera recuperacion,D,51,8,59,Reprobado,ACTA-2024-S1-216-D-REC1,Normal,2024-05-29,51,8,59,False,False
4ca64fe3-739c-5549-9021-88056df3ce2c,216,S1,2024-07-07,Segunda recuperacion,D,34,26,60,Reprobado,ACTA-2024-S1-216-D-REC2,Normal,2024-07-07,34,26,60,False,False
898ef159-1bc5-50f4-a839-8a6328ead4e2,216,S1,2024-07-07,Segunda recuperacion,D,51,8,59,Reprobado,ACTA-2024-S1-216-D-REC2,Normal,2024-07-07,51,8,59,False,False
be370c13-7be9-54a5-89bb-4bdce7fb2e43,216,S1,2024-05-12,Ordinario,E,52,0,52,Reprobado,ACTA-2024-S1-216-E-ORD,Normal,2024-05-12,52,0,52,False,False
f23552cd-6876-5561-b470-73e7c5e2bebe,216,S1,2024-05-12,Ordinario,E,46,30,76,Aprobado,ACTA-2024-S1-216-E-ORD,Normal,2024-05-12,46,30,76,False,False
be370c13-7be9-54a5-89bb-4bdce7fb2e43,216,S1,2024-05-23,Primera recuperacion,E,52,0,52,Reprobado,ACTA-2024-S1-216-E-REC1,Normal,2024-05-23,52,0,52,False,False
be370c13-7be9-54a5-89bb-4bdce7fb2e43,216,S1,2024-07-07,Segunda recuperacion,E,52,0,52,Reprobado,ACTA-2024-S1-216-E-REC2,Normal,2024-07-07,52,0,52,False,False
54efacbd-8d05-5312-8217-122e8f73fddc,216,S1,2024-05-11,Ordinario,F,60,23,83,Aprobado,ACTA-2024-S1-216-F-ORD,Normal,2024-05-11,60,23,83,False,False
b92068f4-3013-587a-8e70-ce58bab62301,216,S1,2024-05-11,Ordinario,F,68,0,68,Aprobado,ACTA-2024-S1-216-F-ORD,Normal,2024-05-11,68,0,68,False,False
dda7d84e-c79a-5f19-b8d1-4090f3239620,216,S1,2024-05-11,Ordinario,F,39,12,51,Reprobado,ACTA-2024-S1-216-F-ORD,Normal,2024-05-11,39,12,51,False,False
92fcb7e2-aae7-5aa4-81b8-b92b825fe8a7,2666,S1,2024-05-11,Ordinario,A,50,23,73,Aprobado,ACTA-2024-S1-2666-A-ORD,Normal,2024-05-11,50,23,73,False,False
9d33fef8-5e8a-5846-9347-224ddf41678a,2666,S1,2024-05-11,Ordinario,A,64,0,64,Aprobado,ACTA-2024-S1-2666-A-ORD,Normal,2024-05-11,64,0,64,False,False
a2047dfe-7072-5573-86cf-cf4ca53db0fa,2666,S1,2024-05-11,Ordinario,A,55,23,78,Aprobado,ACTA-2024-S1-2666-A-ORD,Normal,2024-05-11,55,23,78,False,False
cf443787-1a74-5a5e-bff3-2ef5575818ac,2666,S1,2024-05-11,Ordinario,A,54,4,58,Reprobado,ACTA-2024-S1-2666-A-ORD,Normal,2024-05-11,54,4,58,False,False
cf443787-1a74-5a5e-bff3-2ef5575818ac,2666,S1,2024-05-26,Primera recuperacion,A,54,4,58,Reprobado,ACTA-2024-S1-2666-A-REC1,Normal,2024-05-26,54,4,58,False,False
08d5616f-376d-5766-b14e-b1d1437e5d1a,2666,S1,2024-05-08,Ordinario,B,45,12,57,Reprobado,ACTA-2024-S1-2666-B-ORD,Normal,2024-05-08,45,12,57,False,False
17c7a9a2-f074-5a25-9c33-123c3f252a00,2666,S1,2024-05-08,Ordinario,B,50,26,76,Aprobado,ACTA-2024-S1-2666-B-ORD,Normal,2024-05-08,50,26,76,False,False
76c382db-d59f-56da-9b78-fa2341e8a839,2666,S1,2024-05-08,Ordinario,B,37,27,64,Aprobado,ACTA-2024-S1-2666-B-ORD,Normal,2024-05-08,37,27,64,False,False
f6488969-c04b-5ddd-960d-f87b5e1b214f,2666,S1,2024-05-08,Ordinario,B,61,0,61,Aprobado,ACTA-2024-S1-2666-B-ORD,Normal,2024-05-08,61,0,61,False,False
5a4dd046-dd91-5381-90c2-a900c4c37cbb,2666,S1,2024-05-10,Ordinario,C,61,7,68,Aprobado,ACTA-2024-S1-2666-C-ORD,Normal,2024-05-10,61,7,68,False,False
799bdc38-e9f5-5892-b852-bcb64e6e021b,2666,S1,2024-05-10,Ordinario,C,34,4,38,Reprobado,ACTA-2024-S1-2666-C-ORD,Normal,2024-05-10,34,4,38,False,False
7b4bccb3-17ad-55f8-999a-2445c85928a1,2666,S1,2024-05-10,Ordinario,C,56,21,77,Aprobado,ACTA-2024-S1-2666-C-ORD,Normal,2024-05-10,56,21,77,False,False
9e77d389-c711-5374-8ab7-a5ef908fb2a5,2666,S1,2024-05-10,Ordinario,C,37,3,40,Reprobado,ACTA-2024-S1-2666-C-ORD,Normal,2024-05-10,37,3,40,False,False
d31f1530-eb29-5bdd-b1a8-a3ae4c08702f,2666,S1,2024-05-10,Ordinario,C,66,17,83,Aprobado,ACTA-2024-S1-2666-C-ORD,Normal,2024-05-10,66,17,83,False,False
e47c32f0-0c28-5157-bc7c-72d90ae601f8,2666,S1,2024-05-10,Ordinario,C,42,28,70,Aprobado,ACTA-2024-S1-2666-C-ORD,Normal,2024-05-10,42,28,70,False,False
9e77d389-c711-5374-8ab7-a5ef908fb2a5,2666,S1,2024-05-27,Primera recuperacion,C,37,3,40,Reprobado,ACTA-2024-S1-2666-C-REC1,Normal,2024-05-27,37,3,40,False,False
421e5b33-6bf8-5c14-a03b-3a4e6da333e6,2666,S1,2024-05-12,Ordinario,E,53,4,57,Reprobado,ACTA-2024-S1-2666-E-ORD,Normal,2024-05-12,53,4,57,False,False
79e7db35-50f0-5599-a41c-31b243f13720,2666,S1,2024-05-12,Ordinario,E,62,26,88,Aprobado,ACTA-2024-S1-2666-E-ORD,Normal,2024-05-12,62,26,88,False,False
9b21c50e-3681-517b-af9a-5d043499cb27,2666,S1,2024-05-12,Ordinario,E,46,21,67,Aprobado,ACTA-2024-S1-2666-E-ORD,Normal,2024-05-12,46,21,67,False,False
aa0e548f-62ee-554b-83fc-7eb4613cf4ff,2666,S1,2024-05-12,Ordinario,E,39,1,40,Reprobado,ACTA-2024-S1-2666-E-ORD,Normal,2024-05-12,39,1,40,False,False
d1be5647-fdd8-53fe-8b3c-64441ddd5977,2666,S1,2024-05-12,Ordinario,E,61,30,91,Aprobado,ACTA-2024-S1-2666-E-ORD,Normal,2024-05-12,61,30,91,False,False
421e5b33-6bf8-5c14-a03b-3a4e6da333e6,2666,S1,2024-05-22,Primera recuperacion,E,53,4,57,Reprobado,ACTA-2024-S1-2666-E-REC1,Normal,2024-05-22,53,4,57,False,False
37cf6f59-cc69-576b-ba66-c5cf8fe772c3,2666,S1,2024-05-13,Ordinario,F,58,14,72,Aprobado,ACTA-2024-S1-2666-F-ORD,Normal,2024-05-13,58,14,72,False,False
0b91ef54-482c-5813-ab7c-4eec7f55e3d4,2667,S1,2024-05-10,Ordinario,A,39,28,67,Aprobado,ACTA-2024-S1-2667-A-ORD,Normal,2024-05-10,39,28,67,False,False
0ef15c27-d711-5c04-a891-a2c6c92975e9,2667,S1,2024-05-10,Ordinario,A,46,28,74,Aprobado,ACTA-2024-S1-2667-A-ORD,Normal,2024-05-10,46,28,74,False,False
11b3b6a5-c3f8-5413-a4d3-bf4c2dee1df7,2667,S1,2024-05-10,Ordinario,A,52,10,62,Aprobado,ACTA-2024-S1-2667-A-ORD,Normal,2024-05-10,52,10,62,False,False
13b9c86d-9619-5631-94db-1fa1670bd20b,2667,S1,2024-05-10,Ordinario,A,47,24,71,Aprobado,ACTA-2024-S1-2667-A-ORD,Normal,2024-05-10,47,24,71,False,False
1de648c3-6819-5075-9540-695d387b5ffb,2667,S1,2024-05-10,Ordinario,A,38,28,66,Aprobado,ACTA-2024-S1-2667-A-ORD,Normal,2024-05-10,38,28,66,False,False
1f2b77ef-07aa-502d-929d-d94213b94b63,2667,S1,2024-05-10,Ordinario,A,63,18,81,Aprobado,ACTA-2024-S1-2667-A-ORD,Normal,2024-05-10,63,18,81,False,False
263cfab1-83e1-5775-bb4e-9afb1bef241e,2667,S1,2024-05-10,Ordinario,A,65,21,86,Aprobado,ACTA-2024-S1-2667-A-ORD,Normal,2024-05-10,65,21,86,False,False
2a26e298-c5dc-52aa-94db-7ad1d63e65cb,2667,S1,2024-05-10,Ordinario,A,61,15,76,Aprobado,ACTA-2024-S1-2667-A-ORD,Normal,2024-05-10,61,15,76,False,False
3678d8f5-f11c-5323-ad36-aab7f6b19119,2667,S1,2024-05-10,Ordinario,A,48,7,55,Reprobado,ACTA-2024-S1-2667-A-ORD,Normal,2024-05-10,48,7,55,False,False
3bddbee5-05a1-5c39-ac75-9157f041902e,2667,S1,2024-05-10,Ordinario,A,34,22,56,Reprobado,ACTA-2024-S1-2667-A-ORD,Normal,2024-05-10,34,22,56,False,False
3de5d6a3-404d-592b-bd1d-e16220feabe5,2667,S1,2024-05-10,Ordinario,A,56,23,79,Aprobado,ACTA-2024-S1-2667-A-ORD,Normal,2024-05-10,56,23,79,False,False
3e703abf-7a8c-5481-8fa7-6bc889902317,2667,S1,2024-05-10,Ordinario,A,56,7,63,Aprobado,ACTA-2024-S1-2667-A-ORD,Normal,2024-05-10,56,7,63,False,False
3ed23438-77d4-550f-ad5f-cc6bcf90ec02,2667,S1,2024-05-10,Ordinario,A,36,NSP,36,NSP,ACTA-2024-S1-2667-A-ORD,Normal,2024-05-10,36,,36,False,True
47413417-88fb-5b3e-957d-208714a3e40a,2667,S1,2024-05-10,Ordinario,A,47,25,72,Aprobado,ACTA-2024-S1-2667-A-ORD,Normal,2024-05-10,47,25,72,False,False
50cd2e0b-10ff-5209-836b-c75477a9725b,2667,S1,2024-05-10,Ordinario,A,53,11,64,Aprobado,ACTA-2024-S1-2667-A-ORD,Normal,2024-05-10,53,11,64,False,False
54a8344b-f5b6-57d7-bf33-011f650d4236,2667,S1,2024-05-10,Ordinario,A,53,30,83,Aprobado,ACTA-2024-S1-2667-A-ORD,Normal,2024-05-10,53,30,83,False,False
5f88dc9a-1680-52ba-95d3-277b3d08cd6a,2667,S1,2024-05-10,Ordinario,A,37,24,61,Aprobado,ACTA-2024-S1-2667-A-ORD,Normal,2024-05-10,37,24,61,False,False
61c7e1ff-5e5c-5001-8567-a3771ff133dd,2667,S1,2024-05-10,Ordinario,A,63,11,74,Aprobado,ACTA-2024-S1-2667-A-ORD,Normal,2024-05-10,63,11,74,False,False
6327d4a3-6104-565e-b692-b3e8408fe538,2667,S1,2024-05-10,Ordinario,A,54,2,56,Reprobado,ACTA-2024-S1-2667-A-ORD,Normal,2024-05-10,54,2,56,False,False
682590a1-8178-5261-b1a8-d0e0130255a2,2667,S1,2024-05-10,Ordinario,A,66,21,87,Aprobado,ACTA-2024-S1-2667-A-ORD,Normal,2024-05-10,66,21,87,False,False
6b1b007f-3d94-50d2-95ae-a23cf0fd1801,2667,S1,2024-05-10,Ordinario,A,52,25,77,Aprobado,ACTA-2024-S1-2667-A-ORD,Normal,2024-05-10,52,25,77,False,False
6ec54b76-7dc1-5765-b816-5a329a6432e2,2667,S1,2024-05-10,Ordinario,A,41,30,71,Aprobado,ACTA-2024-S1-2667-A-ORD,Normal,2024-05-10,41,30,71,False,False
77ba4949-674f-5d40-b7e3-d0faee92880d,2667,S1,2024-05-10,Ordinario,A,48,8,56,Reprobado,ACTA-2024-S1-2667-A-ORD,Normal,2024-05-10,48,8,56,False,False
8330ae23-4728-57d3-9192-77a20abbdca7,2667,S1,2024-05-10,Ordinario,A,37,7,44,Reprobado,ACTA-2024-S1-2667-A-ORD,Normal,2024-05-10,37,7,44,False,False
84dddfd9-5b3a-5af3-9cc7-78c192097158,2667,S1,2024-05-10,Ordinario,A,67,5,72,Aprobado,ACTA-2024-S1-2667-A-ORD,Normal,2024-05-10,67,5,72,False,False
88ac2e8a-94a5-5041-b4e6-f6e5d388a4da,2667,S1,2024-05-10,Ordinario,A,65,10,75,Aprobado,ACTA-2024-S1-2667-A-ORD,Normal,2024-05-10,65,10,75,False,False
8c6b782d-1004-5643-8e93-3a5fca01dcd3,2667,S1,2024-05-10,Ordinario,A,49,NSP,49,NSP,ACTA-2024-S1-2667-A-ORD,Normal,2024-05-10,49,,49,False,True
978d05a1-a5a9-5ba4-9e3c-f3840d820cc0,2667,S1,2024-05-10,Ordinario,A,44,24,68,Aprobado,ACTA-2024-S1-2667-A-ORD,Normal,2024-05-10,44,24,68,False,False
a8b2948e-db2a-550f-8291-7bf443e650f9,2667,S1,2024-05-10,Ordinario,A,33,6,39,Reprobado,ACTA-2024-S1-2667-A-ORD,Normal,2024-05-10,33,6,39,False,False
a97bb513-eef4-547a-a146-e227965cdee2,2667,S1,2024-05-10,Ordinario,A,53,1,54,Reprobado,ACTA-2024-S1-2667-A-ORD,Normal,2024-05-10,53,1,54,False,False
b39a108c-b4ee-5874-8b0c-d7dcd496f75d,2667,S1,2024-05-10,Ordinario,A,47,4,51,Reprobado,ACTA-2024-S1-2667-A-ORD,Normal,2024-05-10,47,4,51,False,False
b481fb0d-4c7d-5dbf-8e5a-85fcf4533ba4,2667,S1,2024-05-10,Ordinario,A,64,30,94,Aprobado,ACTA-2024-S1-2667-A-ORD,Normal,2024-05-10,64,30,94,False,False
b91bfdc4-f835-5a86-8106-fce8775833f0,2667,S1,2024-05-10,Ordinario,A,37,3,40,Reprobado,ACTA-2024-S1-2667-A-ORD,Normal,2024-05-10,37,3,40,False,False
bb6f73d6-26af-56f4-8416-97e3fd8fba7a,2667,S1,2024-05-10,Ordinario,A,53,5,58,Reprobado,ACTA-2024-S1-2667-A-ORD,Normal,2024-05-10,53,5,58,False,False
bd6823c1-6617-541e-b44d-2de09a66e52e,2667,S1,2024-05-10,Ordinario,A,33,4,37,Reprobado,ACTA-2024-S1-2667-A-ORD,Normal,2024-05-10,33,4,37,False,False
be1fcbec-38cc-5bd7-8f2d-eb697f760369,2667,S1,2024-05-10,Ordinario,A,37,23,60,Reprobado,ACTA-2024-S1-2667-A-ORD,Normal,2024-05-10,37,23,60,False,False
c196e189-9bf9-5874-954e-a0324df04e81,2667,S1,2024-05-10,Ordinario,A,66,14,80,Aprobado,ACTA-2024-S1-2667-A-ORD,Normal,2024-05-10,66,14,80,False,False
d11c046e-c9c2-5193-9cc1-77492c5d1264,2667,S1,2024-05-10,Ordinario,A,64,4,68,Aprobado,ACTA-2024-S1-2667-A-ORD,Normal,2024-05-10,64,4,68,False,False
e3bc81de-b8d3-5624-bc8b-61e4451515d1,2667,S1,2024-05-10,Ordinario,A,52,3,55,Reprobado,ACTA-2024-S1-2667-A-ORD,Normal,2024-05-10,52,3,55,False,False
e900eff1-a3f4-5be4-86dd-49f64721fc82,2667,S1,2024-05-10,Ordinario,A,42,26,68,Aprobado,ACTA-2024-S1-2667-A-ORD,Normal,2024-05-10,42,26,68,False,False
f02dd2cb-e888-5bf5-ba3e-f4b7b438b68a,2667,S1,2024-05-10,Ordinario,A,57,12,69,Aprobado,ACTA-2024-S1-2667-A-ORD,Normal,2024-05-10,57,12,69,False,False
f38571e3-0dd7-56c0-9003-d327dcd76739,2667,S1,2024-05-10,Ordinario,A,61,6,67,Aprobado,ACTA-2024-S1-2667-A-ORD,Normal,2024-05-10,61,6,67,False,False
3bddbee5-05a1-5c39-ac75-9157f041902e,2667,S1,2024-05-25,Primera recuperacion,A,34,22,56,Reprobado,ACTA-2024-S1-2667-A-REC1,Normal,2024-05-25,34,22,56,False,False
77ba4949-674f-5d40-b7e3-d0faee92880d,2667,S1,2024-05-25,Primera recuperacion,A,48,26,74,Aprobado,ACTA-2024-S1-2667-A-REC1,Normal,2024-05-25,48,26,74,False,False
8330ae23-4728-57d3-9192-77a20abbdca7,2667,S1,2024-05-25,Primera recuperacion,A,37,7,44,Reprobado,ACTA-2024-S1-2667-A-REC1,Normal,2024-05-25,37,7,44,False,False
a8b2948e-db2a-550f-8291-7bf443e650f9,2667,S1,2024-05-25,Primera recuperacion,A,33,6,39,Reprobado,ACTA-2024-S1-2667-A-REC1,Normal,2024-05-25,33,6,39,False,False
a97bb513-eef4-547a-a146-e227965cdee2,2667,S1,2024-05-25,Primera recuperacion,A,53,17,70,Aprobado,ACTA-2024-S1-2667-A-REC1,Normal,2024-05-25,53,17,70,False,False
b39a108c-b4ee-5874-8b0c-d7dcd496f75d,2667,S1,2024-05-25,Primera recuperacion,A,47,4,51,Reprobado,ACTA-2024-S1-2667-A-REC1,Normal,2024-05-25,47,4,51,False,False
b91bfdc4-f835-5a86-8106-fce8775833f0,2667,S1,2024-05-25,Primera recuperacion,A,37,3,40,Reprobado,ACTA-2024-S1-2667-A-REC1,Normal,2024-05-25,37,3,40,False,False
bb6f73d6-26af-56f4-8416-97e3fd8fba7a,2667,S1,2024-05-25,Primera recuperacion,A,53,10,63,Aprobado,ACTA-2024-S1-2667-A-REC1,Normal,2024-05-25,53,10,63,False,False
be1fcbec-38cc-5bd7-8f2d-eb697f760369,2667,S1,2024-05-25,Primera recuperacion,A,37,23,60,Reprobado,ACTA-2024-S1-2667-A-REC1,Normal,2024-05-25,37,23,60,False,False
8330ae23-4728-57d3-9192-77a20abbdca7,2667,S1,2024-07-08,Segunda recuperacion,A,37,7,44,Reprobado,ACTA-2024-S1-2667-A-REC2,Normal,2024-07-08,37,7,44,False,False
a8b2948e-db2a-550f-8291-7bf443e650f9,2667,S1,2024-07-08,Segunda recuperacion,A,33,28,61,Aprobado,ACTA-2024-S1-2667-A-REC2,Normal,2024-07-08,33,28,61,False,False
be1fcbec-38cc-5bd7-8f2d-eb697f760369,2667,S1,2024-07-08,Segunda recuperacion,A,37,30,67,Aprobado,ACTA-2024-S1-2667-A-REC2,Normal,2024-07-08,37,30,67,False,False
0c7a60bb-8fd5-5785-ae40-5a238188aebd,2795,S1,2024-05-12,Ordinario,A,59,14,73,Aprobado,ACTA-2024-S1-2795-A-ORD,Normal,2024-05-12,59,14,73,False,False
0cde0ab4-cadb-52c2-b390-b7f6afe8746c,2795,S1,2024-05-12,Ordinario,A,50,6,56,Reprobado,ACTA-2024-S1-2795-A-ORD,Normal,2024-05-12,50,6,56,False,False
0ee9e680-12e5-50e4-b182-3e780e680246,2795,S1,2024-05-12,Ordinario,A,58,14,72,Aprobado,ACTA-2024-S1-2795-A-ORD,Normal,2024-05-12,58,14,72,False,False
160c76d2-e6fd-5b5f-848d-57e6bb964df3,2795,S1,2024-05-12,Ordinario,A,42,27,69,Aprobado,ACTA-2024-S1-2795-A-ORD,Normal,2024-05-12,42,27,69,False,False
23d99703-dc71-5cfb-be2e-7b094396d2e1,2795,S1,2024-05-12,Ordinario,A,54,1,55,Reprobado,ACTA-2024-S1-2795-A-ORD,Normal,2024-05-12,54,1,55,False,False
25077c77-5aee-5d93-8a36-c5b57da00dc0,2795,S1,2024-05-12,Ordinario,A,35,NSP,35,NSP,ACTA-2024-S1-2795-A-ORD,Normal,2024-05-12,35,,35,False,True
25e84c4c-0e95-5f03-a935-f30e7f0de6b0,2795,S1,2024-05-12,Ordinario,A,53,14,67,Aprobado,ACTA-2024-S1-2795-A-ORD,Normal,2024-05-12,53,14,67,False,False
26b70c46-d8aa-5b67-b21d-02f2c1b9ca56,2795,S1,2024-05-12,Ordinario,A,65,25,90,Aprobado,ACTA-2024-S1-2795-A-ORD,Normal,2024-05-12,65,25,90,False,False
34986bea-a380-5964-a9fe-b7d8075f0cd5,2795,S1,2024-05-12,Ordinario,A,61,22,83,Aprobado,ACTA-2024-S1-2795-A-ORD,Normal,2024-05-12,61,22,83,False,False
34cda5e3-c5d3-54b8-aeb1-bfb0d468bf7f,2795,S1,2024-05-12,Ordinario,A,39,30,69,Aprobado,ACTA-2024-S1-2795-A-ORD,Normal,2024-05-12,39,30,69,False,False
37298f71-ec61-5e5c-ad25-86570c15f7ec,2795,S1,2024-05-12,Ordinario,A,54,6,60,Reprobado,ACTA-2024-S1-2795-A-ORD,Normal,2024-05-12,54,6,60,False,False
38d3c179-d651-5b38-a95d-5f30eea49bc7,2795,S1,2024-05-12,Ordinario,A,37,21,58,Reprobado,ACTA-2024-S1-2795-A-ORD,Normal,2024-05-12,37,21,58,False,False
390a81e9-c184-59de-8b1f-aa4c16c462b8,2795,S1,2024-05-12,Ordinario,A,40,30,70,Aprobado,ACTA-2024-S1-2795-A-ORD,Normal,2024-05-12,40,30,70,False,False
3bdd6bd7-2493-5fef-97d2-19101e40630a,2795,S1,2024-05-12,Ordinario,A,49,6,55,Reprobado,ACTA-2024-S1-2795-A-ORD,Normal,2024-05-12,49,6,55,False,False
3d26acfe-2654-5f55-abd4-4977a7b03cf5,2795,S1,2024-05-12,Ordinario,A,59,5,64,Aprobado,ACTA-2024-S1-2795-A-ORD,Normal,2024-05-12,59,5,64,False,False
4628c082-b668-5afc-a506-1e3c43e99915,2795,S1,2024-05-12,Ordinario,A,68,3,71,Aprobado,ACTA-2024-S1-2795-A-ORD,Normal,2024-05-12,68,3,71,False,False
490c004f-42a1-534f-b227-8fe75437eaed,2795,S1,2024-05-12,Ordinario,A,67,4,71,Aprobado,ACTA-2024-S1-2795-A-ORD,Normal,2024-05-12,67,4,71,False,False
49b58f54-b0f3-5a4f-b91f-0f3ad303fe50,2795,S1,2024-05-12,Ordinario,A,54,30,84,Aprobado,ACTA-2024-S1-2795-A-ORD,Normal,2024-05-12,54,30,84,False,False
4fd48cf3-f8af-550e-a2d0-220e5a797783,2795,S1,2024-05-12,Ordinario,A,46,7,53,Reprobado,ACTA-2024-S1-2795-A-ORD,Normal,2024-05-12,46,7,53,False,False
5f2d4609-1bd0-5199-8792-ad4daad25e34,2795,S1,2024-05-12,Ordinario,A,53,8,61,Aprobado,ACTA-2024-S1-2795-A-ORD,Normal,2024-05-12,53,8,61,False,False
6b0fa083-89e1-5c4a-9ebd-503d3bf9b28b,2795,S1,2024-05-12,Ordinario,A,64,19,83,Aprobado,ACTA-2024-S1-2795-A-ORD,Normal,2024-05-12,64,19,83,False,False
71806101-b15f-5375-91f0-eafc01d04a08,2795,S1,2024-05-12,Ordinario,A,62,17,79,Aprobado,ACTA-2024-S1-2795-A-ORD,Normal,2024-05-12,62,17,79,False,False
760374e5-fa63-5431-b172-de8a0abbce5f,2795,S1,2024-05-12,Ordinario,A,40,4,44,Reprobado,ACTA-2024-S1-2795-A-ORD,Normal,2024-05-12,40,4,44,False,False
766a215c-fae4-5d87-86b1-a6544ab14748,2795,S1,2024-05-12,Ordinario,A,64,10,74,Aprobado,ACTA-2024-S1-2795-A-ORD,Normal,2024-05-12,64,10,74,False,False
8feda068-15b3-578a-b249-a538441fafb6,2795,S1,2024-05-12,Ordinario,A,42,9,51,Reprobado,ACTA-2024-S1-2795-A-ORD,Normal,2024-05-12,42,9,51,False,False
97171161-ceef-5159-92b0-c9415c6d7403,2795,S1,2024-05-12,Ordinario,A,43,20,63,Aprobado,ACTA-2024-S1-2795-A-ORD,Normal,2024-05-12,43,20,63,False,False
99e6be68-8a89-5792-85ba-477b1d7e300b,2795,S1,2024-05-12,Ordinario,A,37,1,38,Reprobado,ACTA-2024-S1-2795-A-ORD,Normal,2024-05-12,37,1,38,False,False
9db9b320-6e2b-5cf7-9e83-bba0130684c9,2795,S1,2024-05-12,Ordinario,A,46,13,59,Reprobado,ACTA-2024-S1-2795-A-ORD,Normal,2024-05-12,46,13,59,False,False
9ef93136-4252-556a-b27a-56284b0733c6,2795,S1,2024-05-12,Ordinario,A,40,29,69,Aprobado,ACTA-2024-S1-2795-A-ORD,Normal,2024-05-12,40,29,69,False,False
a0255bd2-c49d-5e1e-9f89-cd10cc01f918,2795,S1,2024-05-12,Ordinario,A,45,22,67,Aprobado,ACTA-2024-S1-2795-A-ORD,Normal,2024-05-12,45,22,67,False,False
a029f47b-dd20-5fb5-9265-eb5443fecfd1,2795,S1,2024-05-12,Ordinario,A,40,27,67,Aprobado,ACTA-2024-S1-2795-A-ORD,Normal,2024-05-12,40,27,67,False,False
a252557b-6fa4-5ac7-b1b4-dfa120d1e728,2795,S1,2024-05-12,Ordinario,A,43,21,64,Aprobado,ACTA-2024-S1-2795-A-ORD,Normal,2024-05-12,43,21,64,False,False
a2b5f5b2-e9f5-5757-9f6e-7438a476abc5,2795,S1,2024-05-12,Ordinario,A,40,13,53,Reprobado,ACTA-2024-S1-2795-A-ORD,Normal,2024-05-12,40,13,53,False,False
a95180f9-77c6-5b98-a2fb-323e641ed050,2795,S1,2024-05-12,Ordinario,A,51,11,62,Aprobado,ACTA-2024-S1-2795-A-ORD,Normal,2024-05-12,51,11,62,False,False
b0348df3-fe64-57fb-9a16-ef1d46254d7e,2795,S1,2024-05-12,Ordinario,A,66,27,93,Aprobado,ACTA-2024-S1-2795-A-ORD,Normal,2024-05-12,66,27,93,False,False
bfcdedcc-bb15-55d3-af36-398b47e8169b,2795,S1,2024-05-12,Ordinario,A,53,25,78,Aprobado,ACTA-2024-S1-2795-A-ORD,Normal,2024-05-12,53,25,78,False,False
ca6fc301-a539-586c-9789-e3d1605db2b0,2795,S1,2024-05-12,Ordinario,A,49,24,73,Aprobado,ACTA-2024-S1-2795-A-ORD,Normal,2024-05-12,49,24,73,False,False
cb7e7a97-6e00-55b0-b580-317f19854827,2795,S1,2024-05-12,Ordinario,A,31,4,35,Reprobado,ACTA-2024-S1-2795-A-ORD,Normal,2024-05-12,31,4,35,False,False
cf78170e-bdcf-5b76-9880-68254df8a507,2795,S1,2024-05-12,Ordinario,A,35,15,50,Reprobado,ACTA-2024-S1-2795-A-ORD,Normal,2024-05-12,35,15,50,False,False
d4aa7cc1-7a50-5352-8316-3d2d7fa077d2,2795,S1,2024-05-12,Ordinario,A,45,30,75,Aprobado,ACTA-2024-S1-2795-A-ORD,Normal,2024-05-12,45,30,75,False,False
d5aaa6eb-6692-5c69-b2a8-cf5b1835b425,2795,S1,2024-05-12,Ordinario,A,66,20,86,Aprobado,ACTA-2024-S1-2795-A-ORD,Normal,2024-05-12,66,20,86,False,False
e21547f5-5ca5-5a65-9672-e1f99f10125a,2795,S1,2024-05-12,Ordinario,A,52,3,55,Reprobado,ACTA-2024-S1-2795-A-ORD,Normal,2024-05-12,52,3,55,False,False
eae6527b-b1e4-5222-b4d0-ac6089abf79f,2795,S1,2024-05-12,Ordinario,A,33,21,54,Reprobado,ACTA-2024-S1-2795-A-ORD,Normal,2024-05-12,33,21,54,False,False
ec14649a-b1aa-5070-8cb4-c6a848b94d89,2795,S1,2024-05-12,Ordinario,A,53,30,83,Aprobado,ACTA-2024-S1-2795-A-ORD,Normal,2024-05-12,53,30,83,False,False
ec22dbbf-bcda-5f1d-bfc8-a82e55ec7de9,2795,S1,2024-05-12,Ordinario,A,54,10,64,Aprobado,ACTA-2024-S1-2795-A-ORD,Normal,2024-05-12,54,10,64,False,False
f199e5f4-121f-5cf5-ba7c-98bc08d9eb4c,2795,S1,2024-05-12,Ordinario,A,46,NSP,46,NSP,ACTA-2024-S1-2795-A-ORD,Normal,2024-05-12,46,,46,False,True
f4bcda92-d4d7-507e-b697-5600cac6f573,2795,S1,2024-05-12,Ordinario,A,42,30,72,Aprobado,ACTA-2024-S1-2795-A-ORD,Normal,2024-05-12,42,30,72,False,False
fb167343-6dc1-5b01-b2b2-486e33496558,2795,S1,2024-05-12,Ordinario,A,64,14,78,Aprobado,ACTA-2024-S1-2795-A-ORD,Normal,2024-05-12,64,14,78,False,False
fc68457e-7e7c-5698-a1c7-1ed0dccba4b3,2795,S1,2024-05-12,Ordinario,A,53,0,53,Reprobado,ACTA-2024-S1-2795-A-ORD,Normal,2024-05-12,53,0,53,False,False
0cde0ab4-cadb-52c2-b390-b7f6afe8746c,2795,S1,2024-05-26,Primera recuperacion,A,50,25,75,Aprobado,ACTA-2024-S1-2795-A-REC1,Normal,2024-05-26,50,25,75,False,False
23d99703-dc71-5cfb-be2e-7b094396d2e1,2795,S1,2024-05-26,Primera recuperacion,A,54,1,55,Reprobado,ACTA-2024-S1-2795-A-REC1,Normal,2024-05-26,54,1,55,False,False
38d3c179-d651-5b38-a95d-5f30eea49bc7,2795,S1,2024-05-26,Primera recuperacion,A,37,21,58,Reprobado,ACTA-2024-S1-2795-A-REC1,Normal,2024-05-26,37,21,58,False,False
4fd48cf3-f8af-550e-a2d0-220e5a797783,2795,S1,2024-05-26,Primera recuperacion,A,46,25,71,Aprobado,ACTA-2024-S1-2795-A-REC1,Normal,2024-05-26,46,25,71,False,False
760374e5-fa63-5431-b172-de8a0abbce5f,2795,S1,2024-05-26,Primera recuperacion,A,40,4,44,Reprobado,ACTA-2024-S1-2795-A-REC1,Normal,2024-05-26,40,4,44,False,False
8feda068-15b3-578a-b249-a538441fafb6,2795,S1,2024-05-26,Primera recuperacion,A,42,9,51,Reprobado,ACTA-2024-S1-2795-A-REC1,Normal,2024-05-26,42,9,51,False,False
99e6be68-8a89-5792-85ba-477b1d7e300b,2795,S1,2024-05-26,Primera recuperacion,A,37,28,65,Aprobado,ACTA-2024-S1-2795-A-REC1,Normal,2024-05-26,37,28,65,False,False
a2b5f5b2-e9f5-5757-9f6e-7438a476abc5,2795,S1,2024-05-26,Primera recuperacion,A,40,13,53,Reprobado,ACTA-2024-S1-2795-A-REC1,Normal,2024-05-26,40,13,53,False,False
cf78170e-bdcf-5b76-9880-68254df8a507,2795,S1,2024-05-26,Primera recuperacion,A,35,29,64,Aprobado,ACTA-2024-S1-2795-A-REC1,Normal,2024-05-26,35,29,64,False,False
eae6527b-b1e4-5222-b4d0-ac6089abf79f,2795,S1,2024-05-26,Primera recuperacion,A,33,21,54,Reprobado,ACTA-2024-S1-2795-A-REC1,Normal,2024-05-26,33,21,54,False,False
23d99703-dc71-5cfb-be2e-7b094396d2e1,2795,S1,2024-07-09,Segunda recuperacion,A,54,27,81,Aprobado,ACTA-2024-S1-2795-A-REC2,Normal,2024-07-09,54,27,81,False,False
a2b5f5b2-e9f5-5757-9f6e-7438a476abc5,2795,S1,2024-07-09,Segunda recuperacion,A,40,13,53,Reprobado,ACTA-2024-S1-2795-A-REC2,Normal,2024-07-09,40,13,53,False,False
eae6527b-b1e4-5222-b4d0-ac6089abf79f,2795,S1,2024-07-09,Segunda recuperacion,A,33,28,61,Aprobado,ACTA-2024-S1-2795-A-REC2,Normal,2024-07-09,33,28,61,False,False
0c06f8f4-288d-57e0-8936-3d81fc7db2e7,2796,S1,2024-05-07,Equivalencia,A,EQ,EQ,EQ,Aprobado,ACTA-2024-S1-2796-A-EQ,Normal,2024-05-07,,,,True,False
d931f9da-177d-519e-9604-82c77ffd7dfc,2796,S1,2024-05-07,Equivalencia,A,EQ,EQ,EQ,Aprobado,ACTA-2024-S1-2796-A-EQ,Normal,2024-05-07,,,,True,False
0c7a60bb-8fd5-5785-ae40-5a238188aebd,2796,S1,2024-05-09,Ordinario,A,66,23,89,Aprobado,ACTA-2024-S1-2796-A-ORD,Normal,2024-05-09,66,23,89,False,False
0cde0ab4-cadb-52c2-b390-b7f6afe8746c,2796,S1,2024-05-09,Ordinario,A,49,2,51,Reprobado,ACTA-2024-S1-2796-A-ORD,Normal,2024-05-09,49,2,51,False,False
0ee9e680-12e5-50e4-b182-3e780e680246,2796,S1,2024-05-09,Ordinario,A,53,13,66,Aprobado,ACTA-2024-S1-2796-A-ORD,Normal,2024-05-09,53,13,66,False,False
160c76d2-e6fd-5b5f-848d-57e6bb964df3,2796,S1,2024-05-09,Ordinario,A,59,25,84,Aprobado,ACTA-2024-S1-2796-A-ORD,Normal,2024-05-09,59,25,84,False,False
16882813-1901-5922-b351-e490c6282bc4,2796,S1,2024-05-09,Ordinario,A,44,NSP,44,NSP,ACTA-2024-S1-2796-A-ORD,Normal,2024-05-09,44,,44,False,True
18744750-066d-5952-a07f-87fe04f11287,2796,S1,2024-05-09,Ordinario,A,40,NSP,40,NSP,ACTA-2024-S1-2796-A-ORD,Normal,2024-05-09,40,,40,False,True
1f2beec5-6645-5d05-82ee-24ac5912f380,2796,S1,2024-05-09,Ordinario,A,42,30,72,Aprobado,ACTA-2024-S1-2796-A-ORD,Normal,2024-05-09,42,30,72,False,False
1f6f1f28-074c-59c7-92b8-d6e9c19bdd7a,2796,S1,2024-05-09,Ordinario,A,46,18,64,Aprobado,ACTA-2024-S1-2796-A-ORD,Normal,2024-05-09,46,18,64,False,False
2025c707-2bf8-5151-be4c-a2a603e99860,2796,S1,2024-05-09,Ordinario,A,64,20,84,Aprobado,ACTA-2024-S1-2796-A-ORD,Normal,2024-05-09,64,20,84,False,False
23d99703-dc71-5cfb-be2e-7b094396d2e1,2796,S1,2024-05-09,Ordinario,A,37,9,46,Reprobado,ACTA-2024-S1-2796-A-ORD,Normal,2024-05-09,37,9,46,False,False
25077c77-5aee-5d93-8a36-c5b57da00dc0,2796,S1,2024-05-09,Ordinario,A,36,0,36,Reprobado,ACTA-2024-S1-2796-A-ORD,Normal,2024-05-09,36,0,36,False,False
257724e2-11c9-5663-88d5-df9d1c7c66c6,2796,S1,2024-05-09,Ordinario,A,53,21,74,Aprobado,ACTA-2024-S1-2796-A-ORD,Normal,2024-05-09,53,21,74,False,False
25841c45-8811-545f-b5e2-6b2d705ec4c7,2796,S1,2024-05-09,Ordinario,A,67,21,88,Aprobado,ACTA-2024-S1-2796-A-ORD,Normal,2024-05-09,67,21,88,False,False
25e84c4c-0e95-5f03-a935-f30e7f0de6b0,2796,S1,2024-05-09,Ordinario,A,35,20,55,Reprobado,ACTA-2024-S1-2796-A-ORD,Normal,2024-05-09,35,20,55,False,False
26a06e61-efe0-518d-aa15-c7ace718268a,2796,S1,2024-05-09,Ordinario,A,42,27,69,Aprobado,ACTA-2024-S1-2796-A-ORD,Normal,2024-05-09,42,27,69,False,False
26b70c46-d8aa-5b67-b21d-02f2c1b9ca56,2796,S1,2024-05-09,Ordinario,A,37,28,65,Aprobado,ACTA-2024-S1-2796-A-ORD,Normal,2024-05-09,37,28,65,False,False
26d5d2fd-ceb5-56b7-bf84-f028a12bf50c,2796,S1,2024-05-09,Ordinario,A,41,29,70,Aprobado,ACTA-2024-S1-2796-A-ORD,Normal,2024-05-09,41,29,70,False,False
2a6bef91-9d34-57ef-9ecf-910d7d7bfd14,2796,S1,2024-05-09,Ordinario,A,41,26,67,Aprobado,ACTA-2024-S1-2796-A-ORD,Normal,2024-05-09,41,26,67,False,False
2e531479-2e51-5b22-9a96-785cdab828d1,2796,S1,2024-05-09,Ordinario,A,51,5,56,Reprobado,ACTA-2024-S1-2796-A-ORD,Normal,2024-05-09,51,5,56,False,False
34986bea-a380-5964-a9fe-b7d8075f0cd5,2796,S1,2024-05-09,Ordinario,A,66,8,74,Aprobado,ACTA-2024-S1-2796-A-ORD,Normal,2024-05-09,66,8,74,False,False
34cda5e3-c5d3-54b8-aeb1-bfb0d468bf7f,2796,S1,2024-05-09,Ordinario,A,39,25,64,Aprobado,ACTA-2024-S1-2796-A-ORD,Normal,2024-05-09,39,25,64,False,False
37298f71-ec61-5e5c-ad25-86570c15f7ec,2796,S1,2024-05-09,Ordinario,A,31,11,42,Reprobado,ACTA-2024-S1-2796-A-ORD,Normal,2024-05-09,31,11,42,False,False
38d3c179-d651-5b38-a95d-5f30eea49bc7,2796,S1,2024-05-09,Ordinario,A,42,0,42,Reprobado,ACTA-2024-S1-2796-A-ORD,Normal,2024-05-09,42,0,42,False,False
390a81e9-c184-59de-8b1f-aa4c16c462b8,2796,S1,2024-05-09,Ordinario,A,47,16,63,Aprobado,ACTA-2024-S1-2796-A-ORD,Normal,2024-05-09,47,16,63,False,False
3bdd6bd7-2493-5fef-97d2-19101e40630a,2796,S1,2024-05-09,Ordinario,A,48,12,60,Reprobado,ACTA-2024-S1-2796-A-ORD,Normal,2024-05-09,48,12,60,False,False
3d26acfe-2654-5f55-abd4-4977a7b03cf5,2796,S1,2024-05-09,Ordinario,A,47,20,67,Aprobado,ACTA-2024-S1-2796-A-ORD,Normal,2024-05-09,47,20,67,False,False
3f6b4811-4804-539a-990b-aa859b6d7359,2796,S1,2024-05-09,Ordinario,A,58,4,62,Aprobado,ACTA-2024-S1-2796-A-ORD,Normal,2024-05-09,58,4,62,False,False
41c3459c-e2e4-550d-a299-2cc964c7cfea,2796,S1,2024-05-09,Ordinario,A,48,0,48,Reprobado,ACTA-2024-S1-2796-A-ORD,Normal,2024-05-09,48,0,48,False,False
4628c082-b668-5afc-a506-1e3c43e99915,2796,S1,2024-05-09,Ordinario,A,33,NSP,33,NSP,ACTA-2024-S1-2796-A-ORD,Normal,2024-05-09,33,,33,False,True
483edcff-dbbf-5447-b9d9-095557232b02,2796,S1,2024-05-09,Ordinario,A,42,NSP,42,NSP,ACTA-2024-S1-2796-A-ORD,Normal,2024-05-09,42,,42,False,True
490c004f-42a1-534f-b227-8fe75437eaed,2796,S1,2024-05-09,Ordinario,A,47,12,59,Reprobado,ACTA-2024-S1-2796-A-ORD,Normal,2024-05-09,47,12,59,False,False
49b58f54-b0f3-5a4f-b91f-0f3ad303fe50,2796,S1,2024-05-09,Ordinario,A,36,13,49,Reprobado,ACTA-2024-S1-2796-A-ORD,Normal,2024-05-09,36,13,49,False,False
4a07ae27-bce6-5958-80da-0b26f4d4650a,2796,S1,2024-05-09,Ordinario,A,42,10,52,Reprobado,ACTA-2024-S1-2796-A-ORD,Normal,2024-05-09,42,10,52,False,False
4fd48cf3-f8af-550e-a2d0-220e5a797783,2796,S1,2024-05-09,Ordinario,A,36,20,56,Reprobado,ACTA-2024-S1-2796-A-ORD,Normal,2024-05-09,36,20,56,False,False
5f2d4609-1bd0-5199-8792-ad4daad25e34,2796,S1,2024-05-09,Ordinario,A,51,11,62,Aprobado,ACTA-2024-S1-2796-A-ORD,Normal,2024-05-09,51,11,62,False,False
6b0fa083-89e1-5c4a-9ebd-503d3bf9b28b,2796,S1,2024-05-09,Ordinario,A,53,12,65,Aprobado,ACTA-2024-S1-2796-A-ORD,Normal,2024-05-09,53,12,65,False,False
6c433ed9-ad1e-51e2-9d31-0f92474524f1,2796,S1,2024-05-09,Ordinario,A,51,0,51,Reprobado,ACTA-2024-S1-2796-A-ORD,Normal,2024-05-09,51,0,51,False,False
70b2bc66-3db1-536f-8061-39cc18e139ea,2796,S1,2024-05-09,Ordinario,A,54,19,73,Aprobado,ACTA-2024-S1-2796-A-ORD,Normal,2024-05-09,54,19,73,False,False
71806101-b15f-5375-91f0-eafc01d04a08,2796,S1,2024-05-09,Ordinario,A,63,21,84,Aprobado,ACTA-2024-S1-2796-A-ORD,Normal,2024-05-09,63,21,84,False,False
731b92fd-50e5-5559-a9d3-96a0748f2373,2796,S1,2024-05-09,Ordinario,A,41,26,67,Aprobado,ACTA-2024-S1-2796-A-ORD,Normal,2024-05-09,41,26,67,False,False
751429d0-55a4-50e5-96d4-4ff1fdfc02c0,2796,S1,2024-05-09,Ordinario,A,36,5,41,Reprobado,ACTA-2024-S1-2796-A-ORD,Normal,2024-05-09,36,5,41,False,False
760374e5-fa63-5431-b172-de8a0abbce5f,2796,S1,2024-05-09,Ordinario,A,37,21,58,Reprobado,ACTA-2024-S1-2796-A-ORD,Normal,2024-05-09,37,21,58,False,False
766a215c-fae4-5d87-86b1-a6544ab14748,2796,S1,2024-05-09,Ordinario,A,42,27,69,Aprobado,ACTA-2024-S1-2796-A-ORD,Normal,2024-05-09,42,27,69,False,False
7aac2ae8-68aa-51a1-b8a6-24cdb91b4935,2796,S1,2024-05-09,Ordinario,A,37,28,65,Aprobado,ACTA-2024-S1-2796-A-ORD,Normal,2024-05-09,37,28,65,False,False
808862a1-f703-5d96-9eb0-dee85a54f151,2796,S1,2024-05-09,Ordinario,A,48,8,56,Reprobado,ACTA-2024-S1-2796-A-ORD,Normal,2024-05-09,48,8,56,False,False
830d469b-5f0d-5c02-83e5-fb3ef8b12772,2796,S1,2024-05-09,Ordinario,A,54,5,59,Reprobado,ACTA-2024-S1-2796-A-ORD,Normal,2024-05-09,54,5,59,False,False
8bc03924-39b4-5c0a-985f-6cb1afe0a9e9,2796,S1,2024-05-09,Ordinario,A,44,29,73,Aprobado,ACTA-2024-S1-2796-A-ORD,Normal,2024-05-09,44,29,73,False,False
8d0b01b6-3de2-5be7-87a9-01eb3806e177,2796,S1,2024-05-09,Ordinario,A,39,NSP,39,NSP,ACTA-2024-S1-2796-A-ORD,Normal,2024-05-09,39,,39,False,True
8dc5c8ce-0b27-50c3-bec7-fce9414db9bf,2796,S1,2024-05-09,Ordinario,A,50,1,51,Reprobado,ACTA-2024-S1-2796-A-ORD,Normal,2024-05-09,50,1,51,False,False
8feda068-15b3-578a-b249-a538441fafb6,2796,S1,2024-05-09,Ordinario,A,45,1,46,Reprobado,ACTA-2024-S1-2796-A-ORD,Normal,2024-05-09,45,1,46,False,False
94c2d2be-6e25-5d7c-a62b-a4c80507cb2b,2796,S1,2024-05-09,Ordinario,A,46,1,47,Reprobado,ACTA-2024-S1-2796-A-ORD,Normal,2024-05-09,46,1,47,False,False
97171161-ceef-5159-92b0-c9415c6d7403,2796,S1,2024-05-09,Ordinario,A,60,14,74,Aprobado,ACTA-2024-S1-2796-A-ORD,Normal,2024-05-09,60,14,74,False,False
99e6be68-8a89-5792-85ba-477b1d7e300b,2796,S1,2024-05-09,Ordinario,A,38,15,53,Reprobado,ACTA-2024-S1-2796-A-ORD,Normal,2024-05-09,38,15,53,False,False
9db9b320-6e2b-5cf7-9e83-bba0130684c9,2796,S1,2024-05-09,Ordinario,A,38,11,49,Reprobado,ACTA-2024-S1-2796-A-ORD,Normal,2024-05-09,38,11,49,False,False
9ef93136-4252-556a-b27a-56284b0733c6,2796,S1,2024-05-09,Ordinario,A,48,8,56,Reprobado,ACTA-2024-S1-2796-A-ORD,Normal,2024-05-09,48,8,56,False,False
a0255bd2-c49d-5e1e-9f89-cd10cc01f918,2796,S1,2024-05-09,Ordinario,A,34,10,44,Reprobado,ACTA-2024-S1-2796-A-ORD,Normal,2024-05-09,34,10,44,False,False
a029f47b-dd20-5fb5-9265-eb5443fecfd1,2796,S1,2024-05-09,Ordinario,A,41,28,69,Aprobado,ACTA-2024-S1-2796-A-ORD,Normal,2024-05-09,41,28,69,False,False
a20155e8-2dc9-5995-816b-3cb66b43ad43,2796,S1,2024-05-09,Ordinario,A,42,19,61,Aprobado,ACTA-2024-S1-2796-A-ORD,Normal,2024-05-09,42,19,61,False,False
a252557b-6fa4-5ac7-b1b4-dfa120d1e728,2796,S1,2024-05-09,Ordinario,A,42,9,51,Reprobado,ACTA-2024-S1-2796-A-ORD,Normal,2024-05-09,42,9,51,False,False
a2b5f5b2-e9f5-5757-9f6e-7438a476abc5,2796,S1,2024-05-09,Ordinario,A,48,5,53,Reprobado,ACTA-2024-S1-2796-A-ORD,Normal,2024-05-09,48,5,53,False,False
a397aa26-43c1-5dd5-8ded-d294dadfb78d,2796,S1,2024-05-09,Ordinario,A,54,19,73,Aprobado,ACTA-2024-S1-2796-A-ORD,Normal,2024-05-09,54,19,73,False,False
a5be436a-cb69-5107-956d-501d659bb0d7,2796,S1,2024-05-09,Ordinario,A,37,1,38,Reprobado,ACTA-2024-S1-2796-A-ORD,Normal,2024-05-09,37,1,38,False,False
ab49c2b1-e673-50f6-ae4a-e5b321756a15,2796,S1,2024-05-09,Ordinario,A,65,28,93,Aprobado,ACTA-2024-S1-2796-A-ORD,Normal,2024-05-09,65,28,93,False,False
adaf3c7a-3e47-5989-abc3-94ddc1fa8301,2796,S1,2024-05-09,Ordinario,A,43,NSP,43,NSP,ACTA-2024-S1-2796-A-ORD,Normal,2024-05-09,43,,43,False,True
af7170d5-79af-53e8-ac44-8d6b7e8ad951,2796,S1,2024-05-09,Ordinario,A,36,19,55,Reprobado,ACTA-2024-S1-2796-A-ORD,Normal,2024-05-09,36,19,55,False,False
b0348df3-fe64-57fb-9a16-ef1d46254d7e,2796,S1,2024-05-09,Ordinario,A,33,9,42,Reprobado,ACTA-2024-S1-2796-A-ORD,Normal,2024-05-09,33,9,42,False,False
b06bcec0-b3a3-50b9-a1ec-953a4674371d,2796,S1,2024-05-09,Ordinario,A,41,NSP,41,NSP,ACTA-2024-S1-2796-A-ORD,Normal,2024-05-09,41,,41,False,True
b2adc362-05d9-54d6-bd03-02e44c27e8c5,2796,S1,2024-05-09,Ordinario,A,46,26,72,Aprobado,ACTA-2024-S1-2796-A-ORD,Normal,2024-05-09,46,26,72,False,False
bc2edb29-4cd5-5fb5-88a5-7dedee94af0d,2796,S1,2024-05-09,Ordinario,A,52,5,57,Reprobado,ACTA-2024-S1-2796-A-ORD,Normal,2024-05-09,52,5,57,False,False
bed9e918-22d8-53c7-891c-03d1739f37c3,2796,S1,2024-05-09,Ordinario,A,40,22,62,Aprobado,ACTA-2024-S1-2796-A-ORD,Normal,2024-05-09,40,22,62,False,False
bfcdedcc-bb15-55d3-af36-398b47e8169b,2796,S1,2024-05-09,Ordinario,A,36,28,64,Aprobado,ACTA-2024-S1-2796-A-ORD,Normal,2024-05-09,36,28,64,False,False
c27c04eb-b36c-5f95-a9ff-ba3b43c1f175,2796,S1,2024-05-09,Ordinario,A,54,1,55,Reprobado,ACTA-2024-S1-2796-A-ORD,Normal,2024-05-09,54,1,55,False,False
c5252bea-0a8d-5efa-82fb-26d83372a130,2796,S1,2024-05-09,Ordinario,A,36,7,43,Reprobado,ACTA-2024-S1-2796-A-ORD,Normal,2024-05-09,36,7,43,False,False
ca045e8e-72e0-524e-b94e-790662c03e9c,2796,S1,2024-05-09,Ordinario,A,42,22,64,Aprobado,ACTA-2024-S1-2796-A-ORD,Normal,2024-05-09,42,22,64,False,False
ca6fc301-a539-586c-9789-e3d1605db2b0,2796,S1,2024-05-09,Ordinario,A,54,0,54,Reprobado,ACTA-2024-S1-2796-A-ORD,Normal,2024-05-09,54,0,54,False,False
cb7e7a97-6e00-55b0-b580-317f19854827,2796,S1,2024-05-09,Ordinario,A,49,0,49,Reprobado,ACTA-2024-S1-2796-A-ORD,Normal,2024-05-09,49,0,49,False,False
cf78170e-bdcf-5b76-9880-68254df8a507,2796,S1,2024-05-09,Ordinario,A,42,1,43,Reprobado,ACTA-2024-S1-2796-A-ORD,Normal,2024-05-09,42,1,43,False,False
d3acc96f-c21a-5c20-96fb-a688c8734bfe,2796,S1,2024-05-09,Ordinario,A,62,27,89,Aprobado,ACTA-2024-S1-2796-A-ORD,Normal,2024-05-09,62,27,89,False,False
d4aa7cc1-7a50-5352-8316-3d2d7fa077d2,2796,S1,2024-05-09,Ordinario,A,54,25,79,Aprobado,ACTA-2024-S1-2796-A-ORD,Normal,2024-05-09,54,25,79,False,False
d5aaa6eb-6692-5c69-b2a8-cf5b1835b425,2796,S1,2024-05-09,Ordinario,A,53,26,79,Aprobado,ACTA-2024-S1-2796-A-ORD,Normal,2024-05-09,53,26,79,False,False
e21547f5-5ca5-5a65-9672-e1f99f10125a,2796,S1,2024-05-09,Ordinario,A,46,2,48,Reprobado,ACTA-2024-S1-2796-A-ORD,Normal,2024-05-09,46,2,48,False,False
e433d0b0-de78-5b0f-9cd1-397f7d94f630,2796,S1,2024-05-09,Ordinario,A,38,5,43,Reprobado,ACTA-2024-S1-2796-A-ORD,Normal,2024-05-09,38,5,43,False,False
e6cecf06-57d6-5cdb-b2ba-c309cb7cab41,2796,S1,2024-05-09,Ordinario,A,48,NSP,48,NSP,ACTA-2024-S1-2796-A-ORD,Normal,2024-05-09,48,,48,False,True
ec22dbbf-bcda-5f1d-bfc8-a82e55ec7de9,2796,S1,2024-05-09,Ordinario,A,38,27,65,Aprobado,ACTA-2024-S1-2796-A-ORD,Normal,2024-05-09,38,27,65,False,False
f244a686-f32b-5770-9d6b-044f508009fa,2796,S1,2024-05-09,Ordinario,A,39,6,45,Reprobado,ACTA-2024-S1-2796-A-ORD,Normal,2024-05-09,39,6,45,False,False
f4bcda92-d4d7-507e-b697-5600cac6f573,2796,S1,2024-05-09,Ordinario,A,62,30,92,Aprobado,ACTA-2024-S1-2796-A-ORD,Normal,2024-05-09,62,30,92,False,False
fb167343-6dc1-5b01-b2b2-486e33496558,2796,S1,2024-05-09,Ordinario,A,34,16,50,Reprobado,ACTA-2024-S1-2796-A-ORD,Normal,2024-05-09,34,16,50,False,False
fc68457e-7e7c-5698-a1c7-1ed0dccba4b3,2796,S1,2024-05-09,Ordinario,A,36,24,60,Reprobado,ACTA-2024-S1-2796-A-ORD,Normal,2024-05-09,36,24,60,False,False
23d99703-dc71-5cfb-be2e-7b094396d2e1,2796,S1,2024-05-27,Primera recuperacion,A,37,9,46,Reprobado,ACTA-2024-S1-2796-A-REC1,Normal,2024-05-27,37,9,46,False,False
25077c77-5aee-5d93-8a36-c5b57da00dc0,2796,S1,2024-05-27,Primera recuperacion,A,36,0,36,Reprobado,ACTA-2024-S1-2796-A-REC1,Normal,2024-05-27,36,0,36,False,False
25e84c4c-0e95-5f03-a935-f30e7f0de6b0,2796,S1,2024-05-27,Primera recuperacion,A,35,20,55,Reprobado,ACTA-2024-S1-2796-A-REC1,Normal,2024-05-27,35,20,55,False,False
2e531479-2e51-5b22-9a96-785cdab828d1,2796,S1,2024-05-27,Primera recuperacion,A,51,5,56,Reprobado,ACTA-2024-S1-2796-A-REC1,Normal,2024-05-27,51,5,56,False,False
37298f71-ec61-5e5c-ad25-86570c15f7ec,2796,S1,2024-05-27,Primera recuperacion,A,31,11,42,Reprobado,ACTA-2024-S1-2796-A-REC1,Normal,2024-05-27,31,11,42,False,False
490c004f-42a1-534f-b227-8fe75437eaed,2796,S1,2024-05-27,Primera recuperacion,A,47,29,76,Aprobado,ACTA-2024-S1-2796-A-REC1,Normal,2024-05-27,47,29,76,False,False
49b58f54-b0f3-5a4f-b91f-0f3ad303fe50,2796,S1,2024-05-27,Primera recuperacion,A,36,13,49,Reprobado,ACTA-2024-S1-2796-A-REC1,Normal,2024-05-27,36,13,49,False,False
4a07ae27-bce6-5958-80da-0b26f4d4650a,2796,S1,2024-05-27,Primera recuperacion,A,42,26,68,Aprobado,ACTA-2024-S1-2796-A-REC1,Normal,2024-05-27,42,26,68,False,False
6c433ed9-ad1e-51e2-9d31-0f92474524f1,2796,S1,2024-05-27,Primera recuperacion,A,51,0,51,Reprobado,ACTA-2024-S1-2796-A-REC1,Normal,2024-05-27,51,0,51,False,False
751429d0-55a4-50e5-96d4-4ff1fdfc02c0,2796,S1,2024-05-27,Primera recuperacion,A,36,5,41,Reprobado,ACTA-2024-S1-2796-A-REC1,Normal,2024-05-27,36,5,41,False,False
760374e5-fa63-5431-b172-de8a0abbce5f,2796,S1,2024-05-27,Primera recuperacion,A,37,21,58,Reprobado,ACTA-2024-S1-2796-A-REC1,Normal,2024-05-27,37,21,58,False,False
808862a1-f703-5d96-9eb0-dee85a54f151,2796,S1,2024-05-27,Primera recuperacion,A,48,22,70,Aprobado,ACTA-2024-S1-2796-A-REC1,Normal,2024-05-27,48,22,70,False,False
830d469b-5f0d-5c02-83e5-fb3ef8b12772,2796,S1,2024-05-27,Primera recuperacion,A,54,29,83,Aprobado,ACTA-2024-S1-2796-A-REC1,Normal,2024-05-27,54,29,83,False,False
8dc5c8ce-0b27-50c3-bec7-fce9414db9bf,2796,S1,2024-05-27,Primera recuperacion,A,50,1,51,Reprobado,ACTA-2024-S1-2796-A-REC1,Normal,2024-05-27,50,1,51,False,False
8feda068-15b3-578a-b249-a538441fafb6,2796,S1,2024-05-27,Primera recuperacion,A,45,1,46,Reprobado,ACTA-2024-S1-2796-A-REC1,Normal,2024-05-27,45,1,46,False,False
94c2d2be-6e25-5d7c-a62b-a4c80507cb2b,2796,S1,2024-05-27,Primera recuperacion,A,46,17,63,Aprobado,ACTA-2024-S1-2796-A-REC1,Normal,2024-05-27,46,17,63,False,False
99e6be68-8a89-5792-85ba-477b1d7e300b,2796,S1,2024-05-27,Primera recuperacion,A,38,15,53,Reprobado,ACTA-2024-S1-2796-A-REC1,Normal,2024-05-27,38,15,53,False,False
9db9b320-6e2b-5cf7-9e83-bba0130684c9,2796,S1,2024-05-27,Primera recuperacion,A,38,11,49,Reprobado,ACTA-2024-S1-2796-A-REC1,Normal,2024-05-27,38,11,49,False,False
9ef93136-4252-556a-b27a-56284b0733c6,2796,S1,2024-05-27,Primera recuperacion,A,48,8,56,Reprobado,ACTA-2024-S1-2796-A-REC1,Normal,2024-05-27,48,8,56,False,False
a0255bd2-c49d-5e1e-9f89-cd10cc01f918,2796,S1,2024-05-27,Primera recuperacion,A,34,10,44,Reprobado,ACTA-2024-S1-2796-A-REC1,Normal,2024-05-27,34,10,44,False,False
a252557b-6fa4-5ac7-b1b4-dfa120d1e728,2796,S1,2024-05-27,Primera recuperacion,A,42,30,72,Aprobado,ACTA-2024-S1-2796-A-REC1,Normal,2024-05-27,42,30,72,False,False
a5be436a-cb69-5107-956d-501d659bb0d7,2796,S1,2024-05-27,Primera recuperacion,A,37,1,38,Reprobado,ACTA-2024-S1-2796-A-REC1,Normal,2024-05-27,37,1,38,False,False
b0348df3-fe64-57fb-9a16-ef1d46254d7e,2796,S1,2024-05-27,Primera recuperacion,A,33,9,42,Reprobado,ACTA-2024-S1-2796-A-REC1,Normal,2024-05-27,33,9,42,False,False
bc2edb29-4cd5-5fb5-88a5-7dedee94af0d,2796,S1,2024-05-27,Primera recuperacion,A,52,5,57,Reprobado,ACTA-2024-S1-2796-A-REC1,Normal,2024-05-27,52,5,57,False,False
c5252bea-0a8d-5efa-82fb-26d83372a130,2796,S1,2024-05-27,Primera recuperacion,A,36,27,63,Aprobado,ACTA-2024-S1-2796-A-REC1,Normal,2024-05-27,36,27,63,False,False
ca6fc301-a539-586c-9789-e3d1605db2b0,2796,S1,2024-05-27,Primera recuperacion,A,54,0,54,Reprobado,ACTA-2024-S1-2796-A-REC1,Normal,2024-05-27,54,0,54,False,False
cb7e7a97-6e00-55b0-b580-317f19854827,2796,S1,2024-05-27,Primera recuperacion,A,49,0,49,Reprobado,ACTA-2024-S1-2796-A-REC1,Normal,2024-05-27,49,0,49,False,False
cf78170e-bdcf-5b76-9880-68254df8a507,2796,S1,2024-05-27,Primera recuperacion,A,42,1,43,Reprobado,ACTA-2024-S1-2796-A-REC1,Normal,2024-05-27,42,1,43,False,False
e21547f5-5ca5-5a65-9672-e1f99f10125a,2796,S1,2024-05-27,Primera recuperacion,A,46,2,48,Reprobado,ACTA-2024-S1-2796-A-REC1,Normal,2024-05-27,46,2,48,False,False
fb167343-6dc1-5b01-b2b2-486e33496558,2796,S1,2024-05-27,Primera recuperacion,A,34,27,61,Aprobado,ACTA-2024-S1-2796-A-REC1,Normal,2024-05-27,34,27,61,False,False
25e84c4c-0e95-5f03-a935-f30e7f0de6b0,2796,S1,2024-07-10,Segunda recuperacion,A,35,28,63,Aprobado,ACTA-2024-S1-2796-A-REC2,Normal,2024-07-10,35,28,63,False,False
2e531479-2e51-5b22-9a96-785cdab828d1,2796,S1,2024-07-10,Segunda recuperacion,A,51,28,79,Aprobado,ACTA-2024-S1-2796-A-REC2,Normal,2024-07-10,51,28,79,False,False
37298f71-ec61-5e5c-ad25-86570c15f7ec,2796,S1,2024-07-10,Segunda recuperacion,A,31,11,42,Reprobado,ACTA-2024-S1-2796-A-REC2,Normal,2024-07-10,31,11,42,False,False
49b58f54-b0f3-5a4f-b91f-0f3ad303fe50,2796,S1,2024-07-10,Segunda recuperacion,A,36,28,64,Aprobado,ACTA-2024-S1-2796-A-REC2,Normal,2024-07-10,36,28,64,False,False
760374e5-fa63-5431-b172-de8a0abbce5f,2796,S1,2024-07-10,Segunda recuperacion,A,37,21,58,Reprobado,ACTA-2024-S1-2796-A-REC2,Normal,2024-07-10,37,21,58,False,False
8dc5c8ce-0b27-50c3-bec7-fce9414db9bf,2796,S1,2024-07-10,Segunda recuperacion,A,50,1,51,Reprobado,ACTA-2024-S1-2796-A-REC2,Normal,2024-07-10,50,1,51,False,False
a5be436a-cb69-5107-956d-501d659bb0d7,2796,S1,2024-07-10,Segunda recuperacion,A,37,1,38,Reprobado,ACTA-2024-S1-2796-A-REC2,Normal,2024-07-10,37,1,38,False,False
bc2edb29-4cd5-5fb5-88a5-7dedee94af0d,2796,S1,2024-07-10,Segunda recuperacion,A,52,19,71,Aprobado,ACTA-2024-S1-2796-A-REC2,Normal,2024-07-10,52,19,71,False,False
cf78170e-bdcf-5b76-9880-68254df8a507,2796,S1,2024-07-10,Segunda recuperacion,A,42,1,43,Reprobado,ACTA-2024-S1-2796-A-REC2,Normal,2024-07-10,42,1,43,False,False
0c7a60bb-8fd5-5785-ae40-5a238188aebd,2797,S1,2024-05-13,Ordinario,A,50,17,67,Aprobado,ACTA-2024-S1-2797-A-ORD,Normal,2024-05-13,50,17,67,False,False
18744750-066d-5952-a07f-87fe04f11287,2797,S1,2024-05-13,Ordinario,A,40,0,40,Reprobado,ACTA-2024-S1-2797-A-ORD,Normal,2024-05-13,40,0,40,False,False
2025c707-2bf8-5151-be4c-a2a603e99860,2797,S1,2024-05-13,Ordinario,A,40,29,69,Aprobado,ACTA-2024-S1-2797-A-ORD,Normal,2024-05-13,40,29,69,False,False
257724e2-11c9-5663-88d5-df9d1c7c66c6,2797,S1,2024-05-13,Ordinario,A,60,24,84,Aprobado,ACTA-2024-S1-2797-A-ORD,Normal,2024-05-13,60,24,84,False,False
25841c45-8811-545f-b5e2-6b2d705ec4c7,2797,S1,2024-05-13,Ordinario,A,53,8,61,Aprobado,ACTA-2024-S1-2797-A-ORD,Normal,2024-05-13,53,8,61,False,False
25e84c4c-0e95-5f03-a935-f30e7f0de6b0,2797,S1,2024-05-13,Ordinario,A,46,30,76,Aprobado,ACTA-2024-S1-2797-A-ORD,Normal,2024-05-13,46,30,76,False,False
26b70c46-d8aa-5b67-b21d-02f2c1b9ca56,2797,S1,2024-05-13,Ordinario,A,38,25,63,Aprobado,ACTA-2024-S1-2797-A-ORD,Normal,2024-05-13,38,25,63,False,False
26d5d2fd-ceb5-56b7-bf84-f028a12bf50c,2797,S1,2024-05-13,Ordinario,A,43,25,68,Aprobado,ACTA-2024-S1-2797-A-ORD,Normal,2024-05-13,43,25,68,False,False
2e531479-2e51-5b22-9a96-785cdab828d1,2797,S1,2024-05-13,Ordinario,A,60,10,70,Aprobado,ACTA-2024-S1-2797-A-ORD,Normal,2024-05-13,60,10,70,False,False
34cda5e3-c5d3-54b8-aeb1-bfb0d468bf7f,2797,S1,2024-05-13,Ordinario,A,45,26,71,Aprobado,ACTA-2024-S1-2797-A-ORD,Normal,2024-05-13,45,26,71,False,False
3b72ef3a-35be-57ea-9618-876a2c6483e8,2797,S1,2024-05-13,Ordinario,A,40,16,56,Reprobado,ACTA-2024-S1-2797-A-ORD,Normal,2024-05-13,40,16,56,False,False
3d26acfe-2654-5f55-abd4-4977a7b03cf5,2797,S1,2024-05-13,Ordinario,A,39,28,67,Aprobado,ACTA-2024-S1-2797-A-ORD,Normal,2024-05-13,39,28,67,False,False
4628c082-b668-5afc-a506-1e3c43e99915,2797,S1,2024-05-13,Ordinario,A,46,12,58,Reprobado,ACTA-2024-S1-2797-A-ORD,Normal,2024-05-13,46,12,58,False,False
483edcff-dbbf-5447-b9d9-095557232b02,2797,S1,2024-05-13,Ordinario,A,49,0,49,Reprobado,ACTA-2024-S1-2797-A-ORD,Normal,2024-05-13,49,0,49,False,False
490c004f-42a1-534f-b227-8fe75437eaed,2797,S1,2024-05-13,Ordinario,A,49,17,66,Aprobado,ACTA-2024-S1-2797-A-ORD,Normal,2024-05-13,49,17,66,False,False
490c9487-1342-5062-a509-90370d598267,2797,S1,2024-05-13,Ordinario,A,54,29,83,Aprobado,ACTA-2024-S1-2797-A-ORD,Normal,2024-05-13,54,29,83,False,False
49b58f54-b0f3-5a4f-b91f-0f3ad303fe50,2797,S1,2024-05-13,Ordinario,A,36,27,63,Aprobado,ACTA-2024-S1-2797-A-ORD,Normal,2024-05-13,36,27,63,False,False
4fd48cf3-f8af-550e-a2d0-220e5a797783,2797,S1,2024-05-13,Ordinario,A,43,4,47,Reprobado,ACTA-2024-S1-2797-A-ORD,Normal,2024-05-13,43,4,47,False,False
5f2d4609-1bd0-5199-8792-ad4daad25e34,2797,S1,2024-05-13,Ordinario,A,65,22,87,Aprobado,ACTA-2024-S1-2797-A-ORD,Normal,2024-05-13,65,22,87,False,False
6c433ed9-ad1e-51e2-9d31-0f92474524f1,2797,S1,2024-05-13,Ordinario,A,50,6,56,Reprobado,ACTA-2024-S1-2797-A-ORD,Normal,2024-05-13,50,6,56,False,False
70b2bc66-3db1-536f-8061-39cc18e139ea,2797,S1,2024-05-13,Ordinario,A,46,15,61,Aprobado,ACTA-2024-S1-2797-A-ORD,Normal,2024-05-13,46,15,61,False,False
751429d0-55a4-50e5-96d4-4ff1fdfc02c0,2797,S1,2024-05-13,Ordinario,A,53,1,54,Reprobado,ACTA-2024-S1-2797-A-ORD,Normal,2024-05-13,53,1,54,False,False
766a215c-fae4-5d87-86b1-a6544ab14748,2797,S1,2024-05-13,Ordinario,A,51,18,69,Aprobado,ACTA-2024-S1-2797-A-ORD,Normal,2024-05-13,51,18,69,False,False
808862a1-f703-5d96-9eb0-dee85a54f151,2797,S1,2024-05-13,Ordinario,A,38,27,65,Aprobado,ACTA-2024-S1-2797-A-ORD,Normal,2024-05-13,38,27,65,False,False
8dc5c8ce-0b27-50c3-bec7-fce9414db9bf,2797,S1,2024-05-13,Ordinario,A,39,11,50,Reprobado,ACTA-2024-S1-2797-A-ORD,Normal,2024-05-13,39,11,50,False,False
94c2d2be-6e25-5d7c-a62b-a4c80507cb2b,2797,S1,2024-05-13,Ordinario,A,65,3,68,Aprobado,ACTA-2024-S1-2797-A-ORD,Normal,2024-05-13,65,3,68,False,False
97171161-ceef-5159-92b0-c9415c6d7403,2797,S1,2024-05-13,Ordinario,A,44,22,66,Aprobado,ACTA-2024-S1-2797-A-ORD,Normal,2024-05-13,44,22,66,False,False
9db9b320-6e2b-5cf7-9e83-bba0130684c9,2797,S1,2024-05-13,Ordinario,A,51,9,60,Reprobado,ACTA-2024-S1-2797-A-ORD,Normal,2024-05-13,51,9,60,False,False
a029f47b-dd20-5fb5-9265-eb5443fecfd1,2797,S1,2024-05-13,Ordinario,A,65,15,80,Aprobado,ACTA-2024-S1-2797-A-ORD,Normal,2024-05-13,65,15,80,False,False
a20155e8-2dc9-5995-816b-3cb66b43ad43,2797,S1,2024-05-13,Ordinario,A,62,25,87,Aprobado,ACTA-2024-S1-2797-A-ORD,Normal,2024-05-13,62,25,87,False,False
a397aa26-43c1-5dd5-8ded-d294dadfb78d,2797,S1,2024-05-13,Ordinario,A,44,21,65,Aprobado,ACTA-2024-S1-2797-A-ORD,Normal,2024-05-13,44,21,65,False,False
a95180f9-77c6-5b98-a2fb-323e641ed050,2797,S1,2024-05-13,Ordinario,A,53,NSP,53,NSP,ACTA-2024-S1-2797-A-ORD,Normal,2024-05-13,53,,53,False,True
adaf3c7a-3e47-5989-abc3-94ddc1fa8301,2797,S1,2024-05-13,Ordinario,A,55,2,57,Reprobado,ACTA-2024-S1-2797-A-ORD,Normal,2024-05-13,55,2,57,False,False
af7170d5-79af-53e8-ac44-8d6b7e8ad951,2797,S1,2024-05-13,Ordinario,A,42,7,49,Reprobado,ACTA-2024-S1-2797-A-ORD,Normal,2024-05-13,42,7,49,False,False
bfcdedcc-bb15-55d3-af36-398b47e8169b,2797,S1,2024-05-13,Ordinario,A,41,23,64,Aprobado,ACTA-2024-S1-2797-A-ORD,Normal,2024-05-13,41,23,64,False,False
c27c04eb-b36c-5f95-a9ff-ba3b43c1f175,2797,S1,2024-05-13,Ordinario,A,38,2,40,Reprobado,ACTA-2024-S1-2797-A-ORD,Normal,2024-05-13,38,2,40,False,False
ca6fc301-a539-586c-9789-e3d1605db2b0,2797,S1,2024-05-13,Ordinario,A,39,NSP,39,NSP,ACTA-2024-S1-2797-A-ORD,Normal,2024-05-13,39,,39,False,True
cb7e7a97-6e00-55b0-b580-317f19854827,2797,S1,2024-05-13,Ordinario,A,44,14,58,Reprobado,ACTA-2024-S1-2797-A-ORD,Normal,2024-05-13,44,14,58,False,False
cf78170e-bdcf-5b76-9880-68254df8a507,2797,S1,2024-05-13,Ordinario,A,48,8,56,Reprobado,ACTA-2024-S1-2797-A-ORD,Normal,2024-05-13,48,8,56,False,False
d4aa7cc1-7a50-5352-8316-3d2d7fa077d2,2797,S1,2024-05-13,Ordinario,A,53,16,69,Aprobado,ACTA-2024-S1-2797-A-ORD,Normal,2024-05-13,53,16,69,False,False
e433d0b0-de78-5b0f-9cd1-397f7d94f630,2797,S1,2024-05-13,Ordinario,A,43,8,51,Reprobado,ACTA-2024-S1-2797-A-ORD,Normal,2024-05-13,43,8,51,False,False
ec14649a-b1aa-5070-8cb4-c6a848b94d89,2797,S1,2024-05-13,Ordinario,A,42,28,70,Aprobado,ACTA-2024-S1-2797-A-ORD,Normal,2024-05-13,42,28,70,False,False
ec22dbbf-bcda-5f1d-bfc8-a82e55ec7de9,2797,S1,2024-05-13,Ordinario,A,44,21,65,Aprobado,ACTA-2024-S1-2797-A-ORD,Normal,2024-05-13,44,21,65,False,False
f199e5f4-121f-5cf5-ba7c-98bc08d9eb4c,2797,S1,2024-05-13,Ordinario,A,44,13,57,Reprobado,ACTA-2024-S1-2797-A-ORD,Normal,2024-05-13,44,13,57,False,False
f4bcda92-d4d7-507e-b697-5600cac6f573,2797,S1,2024-05-13,Ordinario,A,62,24,86,Aprobado,ACTA-2024-S1-2797-A-ORD,Normal,2024-05-13,62,24,86,False,False
fb167343-6dc1-5b01-b2b2-486e33496558,2797,S1,2024-05-13,Ordinario,A,62,28,90,Aprobado,ACTA-2024-S1-2797-A-ORD,Normal,2024-05-13,62,28,90,False,False
18744750-066d-5952-a07f-87fe04f11287,2797,S1,2024-05-25,Primera recuperacion,A,40,23,63,Aprobado,ACTA-2024-S1-2797-A-REC1,Normal,2024-05-25,40,23,63,False,False
3b72ef3a-35be-57ea-9618-876a2c6483e8,2797,S1,2024-05-25,Primera recuperacion,A,40,28,68,Aprobado,ACTA-2024-S1-2797-A-REC1,Normal,2024-05-25,40,28,68,False,False
4628c082-b668-5afc-a506-1e3c43e99915,2797,S1,2024-05-25,Primera recuperacion,A,46,25,71,Aprobado,ACTA-2024-S1-2797-A-REC1,Normal,2024-05-25,46,25,71,False,False
483edcff-dbbf-5447-b9d9-095557232b02,2797,S1,2024-05-25,Primera recuperacion,A,49,0,49,Reprobado,ACTA-2024-S1-2797-A-REC1,Normal,2024-05-25,49,0,49,False,False
8dc5c8ce-0b27-50c3-bec7-fce9414db9bf,2797,S1,2024-05-25,Primera recuperacion,A,39,11,50,Reprobado,ACTA-2024-S1-2797-A-REC1,Normal,2024-05-25,39,11,50,False,False
9db9b320-6e2b-5cf7-9e83-bba0130684c9,2797,S1,2024-05-25,Primera recuperacion,A,51,9,60,Reprobado,ACTA-2024-S1-2797-A-REC1,Normal,2024-05-25,51,9,60,False,False
adaf3c7a-3e47-5989-abc3-94ddc1fa8301,2797,S1,2024-05-25,Primera recuperacion,A,55,14,69,Aprobado,ACTA-2024-S1-2797-A-REC1,Normal,2024-05-25,55,14,69,False,False
af7170d5-79af-53e8-ac44-8d6b7e8ad951,2797,S1,2024-05-25,Primera recuperacion,A,42,7,49,Reprobado,ACTA-2024-S1-2797-A-REC1,Normal,2024-05-25,42,7,49,False,False
cf78170e-bdcf-5b76-9880-68254df8a507,2797,S1,2024-05-25,Primera recuperacion,A,48,8,56,Reprobado,ACTA-2024-S1-2797-A-REC1,Normal,2024-05-25,48,8,56,False,False
e433d0b0-de78-5b0f-9cd1-397f7d94f630,2797,S1,2024-05-25,Primera recuperacion,A,43,8,51,Reprobado,ACTA-2024-S1-2797-A-REC1,Normal,2024-05-25,43,8,51,False,False
f199e5f4-121f-5cf5-ba7c-98bc08d9eb4c,2797,S1,2024-05-25,Primera recuperacion,A,44,13,57,Reprobado,ACTA-2024-S1-2797-A-REC1,Normal,2024-05-25,44,13,57,False,False
483edcff-dbbf-5447-b9d9-095557232b02,2797,S1,2024-07-10,Segunda recuperacion,A,49,22,71,Aprobado,ACTA-2024-S1-2797-A-REC2,Normal,2024-07-10,49,22,71,False,False
8dc5c8ce-0b27-50c3-bec7-fce9414db9bf,2797,S1,2024-07-10,Segunda recuperacion,A,39,28,67,Aprobado,ACTA-2024-S1-2797-A-REC2,Normal,2024-07-10,39,28,67,False,False
cf78170e-bdcf-5b76-9880-68254df8a507,2797,S1,2024-07-10,Segunda recuperacion,A,48,8,56,Reprobado,ACTA-2024-S1-2797-A-REC2,Normal,2024-07-10,48,8,56,False,False
ab49c2b1-e673-50f6-ae4a-e5b321756a15,2800,S1,2024-05-08,Equivalencia,A,EQ,EQ,EQ,Aprobado,ACTA-2024-S1-2800-A-EQ,Normal,2024-05-08,,,,True,False
0fa55129-2054-5d0a-ac6a-c453dfc1133a,2800,S1,2024-05-08,Ordinario,A,31,24,55,Reprobado,ACTA-2024-S1-2800-A-ORD,Normal,2024-05-08,31,24,55,False,False
101fcc1c-02cb-502a-895a-dc14ec8bc4fc,2800,S1,2024-05-08,Ordinario,A,46,26,72,Aprobado,ACTA-2024-S1-2800-A-ORD,Normal,2024-05-08,46,26,72,False,False
26a06e61-efe0-518d-aa15-c7ace718268a,2800,S1,2024-05-08,Ordinario,A,60,8,68,Aprobado,ACTA-2024-S1-2800-A-ORD,Normal,2024-05-08,60,8,68,False,False
35608fe5-e3c5-504b-8cc2-216c90a13a47,2800,S1,2024-05-08,Ordinario,A,51,8,59,Reprobado,ACTA-2024-S1-2800-A-ORD,Normal,2024-05-08,51,8,59,False,False
3e286a49-0d95-56da-aeae-91cae0ed2763,2800,S1,2024-05-08,Ordinario,A,58,NSP,58,NSP,ACTA-2024-S1-2800-A-ORD,Normal,2024-05-08,58,,58,False,True
3f2755ef-7031-5580-be34-89f9ba198194,2800,S1,2024-05-08,Ordinario,A,32,24,56,Reprobado,ACTA-2024-S1-2800-A-ORD,Normal,2024-05-08,32,24,56,False,False
6473da69-8d8c-53e3-9a2c-6841674fb2d0,2800,S1,2024-05-08,Ordinario,A,51,1,52,Reprobado,ACTA-2024-S1-2800-A-ORD,Normal,2024-05-08,51,1,52,False,False
6d078a78-d8e3-5b7a-89a1-43baa31b9780,2800,S1,2024-05-08,Ordinario,A,37,28,65,Aprobado,ACTA-2024-S1-2800-A-ORD,Normal,2024-05-08,37,28,65,False,False
717b731e-7f1f-5d15-97ab-fe9730798a9c,2800,S1,2024-05-08,Ordinario,A,40,24,64,Aprobado,ACTA-2024-S1-2800-A-ORD,Normal,2024-05-08,40,24,64,False,False
731b92fd-50e5-5559-a9d3-96a0748f2373,2800,S1,2024-05-08,Ordinario,A,40,22,62,Aprobado,ACTA-2024-S1-2800-A-ORD,Normal,2024-05-08,40,22,62,False,False
75ad2a1d-e65d-5b36-9b02-6dc6f12138a4,2800,S1,2024-05-08,Ordinario,A,53,1,54,Reprobado,ACTA-2024-S1-2800-A-ORD,Normal,2024-05-08,53,1,54,False,False
7d36a894-5a69-5be2-93a2-a8c1d01df056,2800,S1,2024-05-08,Ordinario,A,54,0,54,Reprobado,ACTA-2024-S1-2800-A-ORD,Normal,2024-05-08,54,0,54,False,False
9af53817-e9ec-5854-a2a5-e577ccaf67ed,2800,S1,2024-05-08,Ordinario,A,51,21,72,Aprobado,ACTA-2024-S1-2800-A-ORD,Normal,2024-05-08,51,21,72,False,False
b3997c2f-90c6-5168-9d2b-373122f6b85d,2800,S1,2024-05-08,Ordinario,A,34,14,48,Reprobado,ACTA-2024-S1-2800-A-ORD,Normal,2024-05-08,34,14,48,False,False
ba341cb6-848c-5d30-8bb3-6dc3b8ccd016,2800,S1,2024-05-08,Ordinario,A,51,13,64,Aprobado,ACTA-2024-S1-2800-A-ORD,Normal,2024-05-08,51,13,64,False,False
bd77a48a-9406-51ae-a620-b28897754dec,2800,S1,2024-05-08,Ordinario,A,43,11,54,Reprobado,ACTA-2024-S1-2800-A-ORD,Normal,2024-05-08,43,11,54,False,False
cb2a28b9-397d-5feb-a252-7b8abaccc929,2800,S1,2024-05-08,Ordinario,A,33,12,45,Reprobado,ACTA-2024-S1-2800-A-ORD,Normal,2024-05-08,33,12,45,False,False
cc8b8c37-cde4-5961-8d5a-293197f83e2e,2800,S1,2024-05-08,Ordinario,A,54,8,62,Aprobado,ACTA-2024-S1-2800-A-ORD,Normal,2024-05-08,54,8,62,False,False
f4079fd7-040c-5036-b7a6-c0842fed660b,2800,S1,2024-05-08,Ordinario,A,36,26,62,Aprobado,ACTA-2024-S1-2800-A-ORD,Normal,2024-05-08,36,26,62,False,False
0fa55129-2054-5d0a-ac6a-c453dfc1133a,2800,S1,2024-05-26,Primera recuperacion,A,31,24,55,Reprobado,ACTA-2024-S1-2800-A-REC1,Normal,2024-05-26,31,24,55,False,False
35608fe5-e3c5-504b-8cc2-216c90a13a47,2800,S1,2024-05-26,Primera recuperacion,A,51,24,75,Aprobado,ACTA-2024-S1-2800-A-REC1,Normal,2024-05-26,51,24,75,False,False
6473da69-8d8c-53e3-9a2c-6841674fb2d0,2800,S1,2024-05-26,Primera recuperacion,A,51,17,68,Aprobado,ACTA-2024-S1-2800-A-REC1,Normal,2024-05-26,51,17,68,False,False
75ad2a1d-e65d-5b36-9b02-6dc6f12138a4,2800,S1,2024-05-26,Primera recuperacion,A,53,1,54,Reprobado,ACTA-2024-S1-2800-A-REC1,Normal,2024-05-26,53,1,54,False,False
b3997c2f-90c6-5168-9d2b-373122f6b85d,2800,S1,2024-05-26,Primera recuperacion,A,34,14,48,Reprobado,ACTA-2024-S1-2800-A-REC1,Normal,2024-05-26,34,14,48,False,False
bd77a48a-9406-51ae-a620-b28897754dec,2800,S1,2024-05-26,Primera recuperacion,A,43,11,54,Reprobado,ACTA-2024-S1-2800-A-REC1,Normal,2024-05-26,43,11,54,False,False
cb2a28b9-397d-5feb-a252-7b8abaccc929,2800,S1,2024-05-26,Primera recuperacion,A,33,12,45,Reprobado,ACTA-2024-S1-2800-A-REC1,Normal,2024-05-26,33,12,45,False,False
0fa55129-2054-5d0a-ac6a-c453dfc1133a,2800,S1,2024-07-10,Segunda recuperacion,A,31,24,55,Reprobado,ACTA-2024-S1-2800-A-REC2,Normal,2024-07-10,31,24,55,False,False
b3997c2f-90c6-5168-9d2b-373122f6b85d,2800,S1,2024-07-10,Segunda recuperacion,A,34,27,61,Aprobado,ACTA-2024-S1-2800-A-REC2,Normal,2024-07-10,34,27,61,False,False
bd77a48a-9406-51ae-a620-b28897754dec,2800,S1,2024-07-10,Segunda recuperacion,A,43,11,54,Reprobado,ACTA-2024-S1-2800-A-REC2,Normal,2024-07-10,43,11,54,False,False
cb2a28b9-397d-5feb-a252-7b8abaccc929,2800,S1,2024-07-10,Segunda recuperacion,A,33,12,45,Reprobado,ACTA-2024-S1-2800-A-REC2,Normal,2024-07-10,33,12,45,False,False
258230b7-9a78-5154-bafa-abd2bb5f077f,2802,S1,2024-05-07,Ordinario,A,61,3,64,Aprobado,ACTA-2024-S1-2802-A-ORD,Normal,2024-05-07,61,3,64,False,False
2f29da26-30bd-532b-9d7f-881c2de77b44,2802,S1,2024-05-07,Ordinario,A,42,16,58,Reprobado,ACTA-2024-S1-2802-A-ORD,Normal,2024-05-07,42,16,58,False,False
3985e831-1448-5276-828a-6bb569a3fc32,2802,S1,2024-05-07,Ordinario,A,54,23,77,Aprobado,ACTA-2024-S1-2802-A-ORD,Normal,2024-05-07,54,23,77,False,False
3990bdb0-1b8f-5889-897b-07750b6beeab,2802,S1,2024-05-07,Ordinario,A,47,NSP,47,NSP,ACTA-2024-S1-2802-A-ORD,Normal,2024-05-07,47,,47,False,True
3c6f1a4a-d7f3-52a4-8351-301617f5a809,2802,S1,2024-05-07,Ordinario,A,48,6,54,Reprobado,ACTA-2024-S1-2802-A-ORD,Normal,2024-05-07,48,6,54,False,False
4a6b3546-7880-595e-b541-6aab9d24320b,2802,S1,2024-05-07,Ordinario,A,37,25,62,Aprobado,ACTA-2024-S1-2802-A-ORD,Normal,2024-05-07,37,25,62,False,False
4ad432f3-551d-5be7-8c6b-3119f5486a77,2802,S1,2024-05-07,Ordinario,A,42,2,44,Reprobado,ACTA-2024-S1-2802-A-ORD,Normal,2024-05-07,42,2,44,False,False
4f27b763-668f-5443-b687-4d9ca582763c,2802,S1,2024-05-07,Ordinario,A,42,30,72,Aprobado,ACTA-2024-S1-2802-A-ORD,Normal,2024-05-07,42,30,72,False,False
61b4785b-fce3-5388-98b4-78ae1eab1273,2802,S1,2024-05-07,Ordinario,A,39,28,67,Aprobado,ACTA-2024-S1-2802-A-ORD,Normal,2024-05-07,39,28,67,False,False
650bbd69-f91f-582d-aed1-6aaf74b21405,2802,S1,2024-05-07,Ordinario,A,55,11,66,Aprobado,ACTA-2024-S1-2802-A-ORD,Normal,2024-05-07,55,11,66,False,False
6522d817-9f15-5a33-a9dc-47059c82e492,2802,S1,2024-05-07,Ordinario,A,46,11,57,Reprobado,ACTA-2024-S1-2802-A-ORD,Normal,2024-05-07,46,11,57,False,False
6bd36f7f-f413-50fc-9d21-a81519a0f9ae,2802,S1,2024-05-07,Ordinario,A,40,28,68,Aprobado,ACTA-2024-S1-2802-A-ORD,Normal,2024-05-07,40,28,68,False,False
6e7eeb15-ed34-52a3-9b2e-94a14ced704f,2802,S1,2024-05-07,Ordinario,A,47,29,76,Aprobado,ACTA-2024-S1-2802-A-ORD,Normal,2024-05-07,47,29,76,False,False
76a27247-038b-519c-8c4d-bfd0b57beee0,2802,S1,2024-05-07,Ordinario,A,35,20,55,Reprobado,ACTA-2024-S1-2802-A-ORD,Normal,2024-05-07,35,20,55,False,False
78442ff4-9731-59db-a8f6-bcf204414ad0,2802,S1,2024-05-07,Ordinario,A,53,8,61,Aprobado,ACTA-2024-S1-2802-A-ORD,Normal,2024-05-07,53,8,61,False,False
7f9606ee-06b3-5cde-b8e8-5ecc400c2647,2802,S1,2024-05-07,Ordinario,A,53,4,57,Reprobado,ACTA-2024-S1-2802-A-ORD,Normal,2024-05-07,53,4,57,False,False
9a98393a-472a-543c-b2c9-606126573d51,2802,S1,2024-05-07,Ordinario,A,49,25,74,Aprobado,ACTA-2024-S1-2802-A-ORD,Normal,2024-05-07,49,25,74,False,False
a0ce5501-c941-5d6f-bdff-a357ccb52bd7,2802,S1,2024-05-07,Ordinario,A,68,15,83,Aprobado,ACTA-2024-S1-2802-A-ORD,Normal,2024-05-07,68,15,83,False,False
a470abbf-738a-5dfb-8bb6-e50d4c2f9d24,2802,S1,2024-05-07,Ordinario,A,39,7,46,Reprobado,ACTA-2024-S1-2802-A-ORD,Normal,2024-05-07,39,7,46,False,False
a9222af8-9a83-5e7a-985e-0ccc23119415,2802,S1,2024-05-07,Ordinario,A,46,14,60,Reprobado,ACTA-2024-S1-2802-A-ORD,Normal,2024-05-07,46,14,60,False,False
bd33a1e4-88e2-5537-8532-82d6a9b59ed2,2802,S1,2024-05-07,Ordinario,A,42,27,69,Aprobado,ACTA-2024-S1-2802-A-ORD,Normal,2024-05-07,42,27,69,False,False
c30fa33e-a61c-5bad-a910-c62f6e25578d,2802,S1,2024-05-07,Ordinario,A,53,28,81,Aprobado,ACTA-2024-S1-2802-A-ORD,Normal,2024-05-07,53,28,81,False,False
d9eeab00-bbf2-51d4-911b-4b868ffbb81a,2802,S1,2024-05-07,Ordinario,A,33,26,59,Reprobado,ACTA-2024-S1-2802-A-ORD,Normal,2024-05-07,33,26,59,False,False
daac4940-d50e-5f20-8627-7705544803ed,2802,S1,2024-05-07,Ordinario,A,50,28,78,Aprobado,ACTA-2024-S1-2802-A-ORD,Normal,2024-05-07,50,28,78,False,False
f921ded9-7fd5-54fb-aad5-6aef5fe039e2,2802,S1,2024-05-07,Ordinario,A,64,15,79,Aprobado,ACTA-2024-S1-2802-A-ORD,Normal,2024-05-07,64,15,79,False,False
2f29da26-30bd-532b-9d7f-881c2de77b44,2802,S1,2024-05-25,Primera recuperacion,A,42,20,62,Aprobado,ACTA-2024-S1-2802-A-REC1,Normal,2024-05-25,42,20,62,False,False
3c6f1a4a-d7f3-52a4-8351-301617f5a809,2802,S1,2024-05-25,Primera recuperacion,A,48,6,54,Reprobado,ACTA-2024-S1-2802-A-REC1,Normal,2024-05-25,48,6,54,False,False
6522d817-9f15-5a33-a9dc-47059c82e492,2802,S1,2024-05-25,Primera recuperacion,A,46,11,57,Reprobado,ACTA-2024-S1-2802-A-REC1,Normal,2024-05-25,46,11,57,False,False
a9222af8-9a83-5e7a-985e-0ccc23119415,2802,S1,2024-05-25,Primera recuperacion,A,46,18,64,Aprobado,ACTA-2024-S1-2802-A-REC1,Normal,2024-05-25,46,18,64,False,False
d9eeab00-bbf2-51d4-911b-4b868ffbb81a,2802,S1,2024-05-25,Primera recuperacion,A,33,26,59,Reprobado,ACTA-2024-S1-2802-A-REC1,Normal,2024-05-25,33,26,59,False,False
3c6f1a4a-d7f3-52a4-8351-301617f5a809,2802,S1,2024-07-06,Segunda recuperacion,A,48,25,73,Aprobado,ACTA-2024-S1-2802-A-REC2,Normal,2024-07-06,48,25,73,False,False
06845194-5599-5680-bfb6-ebd5b2311c5a,2803,S1,2024-05-10,Ordinario,A,42,4,46,Reprobado,ACTA-2024-S1-2803-A-ORD,Normal,2024-05-10,42,4,46,False,False
2993393f-9a74-58c6-b1c7-dd72e54f82e4,2803,S1,2024-05-10,Ordinario,A,45,14,59,Reprobado,ACTA-2024-S1-2803-A-ORD,Normal,2024-05-10,45,14,59,False,False
2f29da26-30bd-532b-9d7f-881c2de77b44,2803,S1,2024-05-10,Ordinario,A,53,12,65,Aprobado,ACTA-2024-S1-2803-A-ORD,Normal,2024-05-10,53,12,65,False,False
3990bdb0-1b8f-5889-897b-07750b6beeab,2803,S1,2024-05-10,Ordinario,A,42,26,68,Aprobado,ACTA-2024-S1-2803-A-ORD,Normal,2024-05-10,42,26,68,False,False
3c6f1a4a-d7f3-52a4-8351-301617f5a809,2803,S1,2024-05-10,Ordinario,A,47,25,72,Aprobado,ACTA-2024-S1-2803-A-ORD,Normal,2024-05-10,47,25,72,False,False
3e4778be-bac1-5c8c-8706-d8358755d3d7,2803,S1,2024-05-10,Ordinario,A,35,21,56,Reprobado,ACTA-2024-S1-2803-A-ORD,Normal,2024-05-10,35,21,56,False,False
bd33a1e4-88e2-5537-8532-82d6a9b59ed2,2803,S1,2024-05-10,Ordinario,A,60,3,63,Aprobado,ACTA-2024-S1-2803-A-ORD,Normal,2024-05-10,60,3,63,False,False
e01ffccc-2b4c-54a9-9a6e-07307564f527,2803,S1,2024-05-10,Ordinario,A,44,23,67,Aprobado,ACTA-2024-S1-2803-A-ORD,Normal,2024-05-10,44,23,67,False,False
e6a59826-1bef-51d2-8aca-813db3078360,2803,S1,2024-05-10,Ordinario,A,46,6,52,Reprobado,ACTA-2024-S1-2803-A-ORD,Normal,2024-05-10,46,6,52,False,False
ea6d5422-828f-5de1-9fda-fcc0b60d4590,2803,S1,2024-05-10,Ordinario,A,62,16,78,Aprobado,ACTA-2024-S1-2803-A-ORD,Normal,2024-05-10,62,16,78,False,False
f113ca9c-f96d-574a-8d4e-37dbed8a6755,2803,S1,2024-05-10,Ordinario,A,56,16,72,Aprobado,ACTA-2024-S1-2803-A-ORD,Normal,2024-05-10,56,16,72,False,False
f495d99d-1544-59a5-b354-52fd3724f756,2803,S1,2024-05-10,Ordinario,A,53,3,56,Reprobado,ACTA-2024-S1-2803-A-ORD,Normal,2024-05-10,53,3,56,False,False
c89bf0ca-8b71-5ca2-971d-575175c65ad9,2803,S1,2024-05-13,Equivalencia,A,EQ,EQ,EQ,Aprobado,ACTA-2024-S1-2803-A-EQ,Normal,2024-05-13,,,,True,False
06845194-5599-5680-bfb6-ebd5b2311c5a,2803,S1,2024-05-27,Primera recuperacion,A,42,30,72,Aprobado,ACTA-2024-S1-2803-A-REC1,Normal,2024-05-27,42,30,72,False,False
2993393f-9a74-58c6-b1c7-dd72e54f82e4,2803,S1,2024-05-27,Primera recuperacion,A,45,14,59,Reprobado,ACTA-2024-S1-2803-A-REC1,Normal,2024-05-27,45,14,59,False,False
3e4778be-bac1-5c8c-8706-d8358755d3d7,2803,S1,2024-05-27,Primera recuperacion,A,35,21,56,Reprobado,ACTA-2024-S1-2803-A-REC1,Normal,2024-05-27,35,21,56,False,False
e6a59826-1bef-51d2-8aca-813db3078360,2803,S1,2024-05-27,Primera recuperacion,A,46,6,52,Reprobado,ACTA-2024-S1-2803-A-REC1,Normal,2024-05-27,46,6,52,False,False
f495d99d-1544-59a5-b354-52fd3724f756,2803,S1,2024-05-27,Primera recuperacion,A,53,29,82,Aprobado,ACTA-2024-S1-2803-A-REC1,Normal,2024-05-27,53,29,82,False,False
2993393f-9a74-58c6-b1c7-dd72e54f82e4,2803,S1,2024-07-11,Segunda recuperacion,A,45,28,73,Aprobado,ACTA-2024-S1-2803-A-REC2,Normal,2024-07-11,45,28,73,False,False
3e4778be-bac1-5c8c-8706-d8358755d3d7,2803,S1,2024-07-11,Segunda recuperacion,A,35,21,56,Reprobado,ACTA-2024-S1-2803-A-REC2,Normal,2024-07-11,35,21,56,False,False
06845194-5599-5680-bfb6-ebd5b2311c5a,2804,S1,2024-05-14,Ordinario,A,51,6,57,Reprobado,ACTA-2024-S1-2804-A-ORD,Normal,2024-05-14,51,6,57,False,False
0abddb67-c783-530f-814b-5f0edd0526d8,2804,S1,2024-05-14,Ordinario,A,54,1,55,Reprobado,ACTA-2024-S1-2804-A-ORD,Normal,2024-05-14,54,1,55,False,False
2993393f-9a74-58c6-b1c7-dd72e54f82e4,2804,S1,2024-05-14,Ordinario,A,57,NSP,57,NSP,ACTA-2024-S1-2804-A-ORD,Normal,2024-05-14,57,,57,False,True
3d7b4965-b27a-514f-80f3-5afca2189109,2804,S1,2024-05-14,Ordinario,A,63,22,85,Aprobado,ACTA-2024-S1-2804-A-ORD,Normal,2024-05-14,63,22,85,False,False
536a507b-cae9-556a-aca9-6fa541df708f,2804,S1,2024-05-14,Ordinario,A,43,13,56,Reprobado,ACTA-2024-S1-2804-A-ORD,Normal,2024-05-14,43,13,56,False,False
5f682d23-c8ca-56c5-87a4-a1e5f6295097,2804,S1,2024-05-14,Ordinario,A,52,4,56,Reprobado,ACTA-2024-S1-2804-A-ORD,Normal,2024-05-14,52,4,56,False,False
6805b9fb-41ed-5a31-ad5a-85709d91a8bb,2804,S1,2024-05-14,Ordinario,A,31,28,59,Reprobado,ACTA-2024-S1-2804-A-ORD,Normal,2024-05-14,31,28,59,False,False
6ca44d65-1cc8-59d0-8612-060e77224b40,2804,S1,2024-05-14,Ordinario,A,38,25,63,Aprobado,ACTA-2024-S1-2804-A-ORD,Normal,2024-05-14,38,25,63,False,False
89e30471-3014-5c79-9455-e1c4f2ee60bd,2804,S1,2024-05-14,Ordinario,A,68,9,77,Aprobado,ACTA-2024-S1-2804-A-ORD,Normal,2024-05-14,68,9,77,False,False
8adbc82c-808f-5b1d-b86c-04b04f2a4aad,2804,S1,2024-05-14,Ordinario,A,57,20,77,Aprobado,ACTA-2024-S1-2804-A-ORD,Normal,2024-05-14,57,20,77,False,False
ae8a03d3-f49b-5a06-bc7a-d6bba5d3e0f7,2804,S1,2024-05-14,Ordinario,A,49,26,75,Aprobado,ACTA-2024-S1-2804-A-ORD,Normal,2024-05-14,49,26,75,False,False
b69b6146-9244-5946-800b-bab8d07fdf29,2804,S1,2024-05-14,Ordinario,A,66,27,93,Aprobado,ACTA-2024-S1-2804-A-ORD,Normal,2024-05-14,66,27,93,False,False
d4527165-c6ec-5c29-a3ed-988cd19e5f3f,2804,S1,2024-05-14,Ordinario,A,51,27,78,Aprobado,ACTA-2024-S1-2804-A-ORD,Normal,2024-05-14,51,27,78,False,False
da36824c-8b4b-5355-b4d7-f8c483b0a556,2804,S1,2024-05-14,Ordinario,A,47,7,54,Reprobado,ACTA-2024-S1-2804-A-ORD,Normal,2024-05-14,47,7,54,False,False
daac4940-d50e-5f20-8627-7705544803ed,2804,S1,2024-05-14,Ordinario,A,50,16,66,Aprobado,ACTA-2024-S1-2804-A-ORD,Normal,2024-05-14,50,16,66,False,False
dbf903d2-202e-5c76-bec4-0a27f91b30dd,2804,S1,2024-05-14,Ordinario,A,42,20,62,Aprobado,ACTA-2024-S1-2804-A-ORD,Normal,2024-05-14,42,20,62,False,False
ea6d5422-828f-5de1-9fda-fcc0b60d4590,2804,S1,2024-05-14,Ordinario,A,61,25,86,Aprobado,ACTA-2024-S1-2804-A-ORD,Normal,2024-05-14,61,25,86,False,False
fcb564ba-dcd6-5948-b405-a71674ce7049,2804,S1,2024-05-14,Ordinario,A,45,25,70,Aprobado,ACTA-2024-S1-2804-A-ORD,Normal,2024-05-14,45,25,70,False,False
06845194-5599-5680-bfb6-ebd5b2311c5a,2804,S1,2024-05-27,Primera recuperacion,A,51,6,57,Reprobado,ACTA-2024-S1-2804-A-REC1,Normal,2024-05-27,51,6,57,False,False
536a507b-cae9-556a-aca9-6fa541df708f,2804,S1,2024-05-27,Primera recuperacion,A,43,13,56,Reprobado,ACTA-2024-S1-2804-A-REC1,Normal,2024-05-27,43,13,56,False,False
5f682d23-c8ca-56c5-87a4-a1e5f6295097,2804,S1,2024-05-27,Primera recuperacion,A,52,4,56,Reprobado,ACTA-2024-S1-2804-A-REC1,Normal,2024-05-27,52,4,56,False,False
6805b9fb-41ed-5a31-ad5a-85709d91a8bb,2804,S1,2024-05-27,Primera recuperacion,A,31,30,61,Aprobado,ACTA-2024-S1-2804-A-REC1,Normal,2024-05-27,31,30,61,False,False
06845194-5599-5680-bfb6-ebd5b2311c5a,2804,S1,2024-07-11,Segunda recuperacion,A,51,14,65,Aprobado,ACTA-2024-S1-2804-A-REC2,Normal,2024-07-11,51,14,65,False,False
5f682d23-c8ca-56c5-87a4-a1e5f6295097,2804,S1,2024-07-11,Segunda recuperacion,A,52,4,56,Reprobado,ACTA-2024-S1-2804-A-REC2,Normal,2024-07-11,52,4,56,False,False
09f38ce8-1f46-54d4-9aaf-a5c3bd38490d,2805,S1,2024-05-10,Ordinario,A,53,NSP,53,NSP,ACTA-2024-S1-2805-A-ORD,Normal,2024-05-10,53,,53,False,True
2905901c-e9bb-5210-b2b9-d5891b55407e,2805,S1,2024-05-10,Ordinario,A,40,13,53,Reprobado,ACTA-2024-S1-2805-A-ORD,Normal,2024-05-10,40,13,53,False,False
3d7b4965-b27a-514f-80f3-5afca2189109,2805,S1,2024-05-10,Ordinario,A,65,22,87,Aprobado,ACTA-2024-S1-2805-A-ORD,Normal,2024-05-10,65,22,87,False,False
5307c02e-106e-56e4-a7c6-ccf412960b22,2805,S1,2024-05-10,Ordinario,A,55,5,60,Reprobado,ACTA-2024-S1-2805-A-ORD,Normal,2024-05-10,55,5,60,False,False
5f682d23-c8ca-56c5-87a4-a1e5f6295097,2805,S1,2024-05-10,Ordinario,A,34,17,51,Reprobado,ACTA-2024-S1-2805-A-ORD,Normal,2024-05-10,34,17,51,False,False
64cc33e8-ae26-5cbe-b897-cf46dddd0613,2805,S1,2024-05-10,Ordinario,A,64,2,66,Aprobado,ACTA-2024-S1-2805-A-ORD,Normal,2024-05-10,64,2,66,False,False
6805b9fb-41ed-5a31-ad5a-85709d91a8bb,2805,S1,2024-05-10,Ordinario,A,54,8,62,Aprobado,ACTA-2024-S1-2805-A-ORD,Normal,2024-05-10,54,8,62,False,False
76a27247-038b-519c-8c4d-bfd0b57beee0,2805,S1,2024-05-10,Ordinario,A,44,16,60,Reprobado,ACTA-2024-S1-2805-A-ORD,Normal,2024-05-10,44,16,60,False,False
78442ff4-9731-59db-a8f6-bcf204414ad0,2805,S1,2024-05-10,Ordinario,A,42,22,64,Aprobado,ACTA-2024-S1-2805-A-ORD,Normal,2024-05-10,42,22,64,False,False
7996cf1a-d87a-5fdc-a9eb-dfc452b7df6a,2805,S1,2024-05-10,Ordinario,A,65,0,65,Aprobado,ACTA-2024-S1-2805-A-ORD,Normal,2024-05-10,65,0,65,False,False
85f6e33e-822a-59b2-a749-33e5034486fd,2805,S1,2024-05-10,Ordinario,A,48,16,64,Aprobado,ACTA-2024-S1-2805-A-ORD,Normal,2024-05-10,48,16,64,False,False
a0ce5501-c941-5d6f-bdff-a357ccb52bd7,2805,S1,2024-05-10,Ordinario,A,63,28,91,Aprobado,ACTA-2024-S1-2805-A-ORD,Normal,2024-05-10,63,28,91,False,False
d118687e-00c4-575c-a6cb-42161dba4e09,2805,S1,2024-05-10,Ordinario,A,37,23,60,Reprobado,ACTA-2024-S1-2805-A-ORD,Normal,2024-05-10,37,23,60,False,False
d9eeab00-bbf2-51d4-911b-4b868ffbb81a,2805,S1,2024-05-10,Ordinario,A,44,13,57,Reprobado,ACTA-2024-S1-2805-A-ORD,Normal,2024-05-10,44,13,57,False,False
daac4940-d50e-5f20-8627-7705544803ed,2805,S1,2024-05-10,Ordinario,A,60,11,71,Aprobado,ACTA-2024-S1-2805-A-ORD,Normal,2024-05-10,60,11,71,False,False
dad0c14e-3930-51b5-9cb7-b11183202107,2805,S1,2024-05-10,Ordinario,A,31,11,42,Reprobado,ACTA-2024-S1-2805-A-ORD,Normal,2024-05-10,31,11,42,False,False
e52db2fa-d8d9-5bda-a7fc-5c159063b4ee,2805,S1,2024-05-10,Ordinario,A,51,1,52,Reprobado,ACTA-2024-S1-2805-A-ORD,Normal,2024-05-10,51,1,52,False,False
f4c71755-c25b-53e6-aae7-bf388a03494c,2805,S1,2024-05-10,Ordinario,A,64,17,81,Aprobado,ACTA-2024-S1-2805-A-ORD,Normal,2024-05-10,64,17,81,False,False
2905901c-e9bb-5210-b2b9-d5891b55407e,2805,S1,2024-05-26,Primera recuperacion,A,40,13,53,Reprobado,ACTA-2024-S1-2805-A-REC1,Normal,2024-05-26,40,13,53,False,False
5307c02e-106e-56e4-a7c6-ccf412960b22,2805,S1,2024-05-26,Primera recuperacion,A,55,14,69,Aprobado,ACTA-2024-S1-2805-A-REC1,Normal,2024-05-26,55,14,69,False,False
76a27247-038b-519c-8c4d-bfd0b57beee0,2805,S1,2024-05-26,Primera recuperacion,A,44,16,60,Reprobado,ACTA-2024-S1-2805-A-REC1,Normal,2024-05-26,44,16,60,False,False
d118687e-00c4-575c-a6cb-42161dba4e09,2805,S1,2024-05-26,Primera recuperacion,A,37,23,60,Reprobado,ACTA-2024-S1-2805-A-REC1,Normal,2024-05-26,37,23,60,False,False
d118687e-00c4-575c-a6cb-42161dba4e09,2805,S1,2024-07-11,Segunda recuperacion,A,37,29,66,Aprobado,ACTA-2024-S1-2805-A-REC2,Normal,2024-07-11,37,29,66,False,False
13aacc8a-4f10-5af2-8322-c4f461609117,2807,S1,2024-05-10,Ordinario,A,34,5,39,Reprobado,ACTA-2024-S1-2807-A-ORD,Normal,2024-05-10,34,5,39,False,False
18259429-587c-58cc-96cd-23a89c45f1cb,2807,S1,2024-05-10,Ordinario,A,51,6,57,Reprobado,ACTA-2024-S1-2807-A-ORD,Normal,2024-05-10,51,6,57,False,False
2f29da26-30bd-532b-9d7f-881c2de77b44,2807,S1,2024-05-10,Ordinario,A,40,3,43,Reprobado,ACTA-2024-S1-2807-A-ORD,Normal,2024-05-10,40,3,43,False,False
3dd479e7-5243-5a56-8926-f9ff104c6b07,2807,S1,2024-05-10,Ordinario,A,49,3,52,Reprobado,ACTA-2024-S1-2807-A-ORD,Normal,2024-05-10,49,3,52,False,False
41be5257-eb86-58d2-acc5-634e881af433,2807,S1,2024-05-10,Ordinario,A,46,9,55,Reprobado,ACTA-2024-S1-2807-A-ORD,Normal,2024-05-10,46,9,55,False,False
4a6b3546-7880-595e-b541-6aab9d24320b,2807,S1,2024-05-10,Ordinario,A,58,23,81,Aprobado,ACTA-2024-S1-2807-A-ORD,Normal,2024-05-10,58,23,81,False,False
4f27b763-668f-5443-b687-4d9ca582763c,2807,S1,2024-05-10,Ordinario,A,43,25,68,Aprobado,ACTA-2024-S1-2807-A-ORD,Normal,2024-05-10,43,25,68,False,False
650bbd69-f91f-582d-aed1-6aaf74b21405,2807,S1,2024-05-10,Ordinario,A,36,28,64,Aprobado,ACTA-2024-S1-2807-A-ORD,Normal,2024-05-10,36,28,64,False,False
6bd36f7f-f413-50fc-9d21-a81519a0f9ae,2807,S1,2024-05-10,Ordinario,A,36,25,61,Aprobado,ACTA-2024-S1-2807-A-ORD,Normal,2024-05-10,36,25,61,False,False
6e7eeb15-ed34-52a3-9b2e-94a14ced704f,2807,S1,2024-05-10,Ordinario,A,42,23,65,Aprobado,ACTA-2024-S1-2807-A-ORD,Normal,2024-05-10,42,23,65,False,False
7996cf1a-d87a-5fdc-a9eb-dfc452b7df6a,2807,S1,2024-05-10,Ordinario,A,45,19,64,Aprobado,ACTA-2024-S1-2807-A-ORD,Normal,2024-05-10,45,19,64,False,False
837fc661-96eb-586d-b4c9-f77b85563c15,2807,S1,2024-05-10,Ordinario,A,41,15,56,Reprobado,ACTA-2024-S1-2807-A-ORD,Normal,2024-05-10,41,15,56,False,False
85f6e33e-822a-59b2-a749-33e5034486fd,2807,S1,2024-05-10,Ordinario,A,44,30,74,Aprobado,ACTA-2024-S1-2807-A-ORD,Normal,2024-05-10,44,30,74,False,False
8adbc82c-808f-5b1d-b86c-04b04f2a4aad,2807,S1,2024-05-10,Ordinario,A,41,30,71,Aprobado,ACTA-2024-S1-2807-A-ORD,Normal,2024-05-10,41,30,71,False,False
9a98393a-472a-543c-b2c9-606126573d51,2807,S1,2024-05-10,Ordinario,A,53,8,61,Aprobado,ACTA-2024-S1-2807-A-ORD,Normal,2024-05-10,53,8,61,False,False
da36824c-8b4b-5355-b4d7-f8c483b0a556,2807,S1,2024-05-10,Ordinario,A,31,NSP,31,NSP,ACTA-2024-S1-2807-A-ORD,Normal,2024-05-10,31,,31,False,True
e01ffccc-2b4c-54a9-9a6e-07307564f527,2807,S1,2024-05-10,Ordinario,A,48,19,67,Aprobado,ACTA-2024-S1-2807-A-ORD,Normal,2024-05-10,48,19,67,False,False
eb14890f-4dde-58de-a427-a40744003b02,2807,S1,2024-05-10,Ordinario,A,41,4,45,Reprobado,ACTA-2024-S1-2807-A-ORD,Normal,2024-05-10,41,4,45,False,False
f921ded9-7fd5-54fb-aad5-6aef5fe039e2,2807,S1,2024-05-10,Ordinario,A,59,9,68,Aprobado,ACTA-2024-S1-2807-A-ORD,Normal,2024-05-10,59,9,68,False,False
13aacc8a-4f10-5af2-8322-c4f461609117,2807,S1,2024-05-23,Primera recuperacion,A,34,5,39,Reprobado,ACTA-2024-S1-2807-A-REC1,Normal,2024-05-23,34,5,39,False,False
2f29da26-30bd-532b-9d7f-881c2de77b44,2807,S1,2024-05-23,Primera recuperacion,A,40,27,67,Aprobado,ACTA-2024-S1-2807-A-REC1,Normal,2024-05-23,40,27,67,False,False
3dd479e7-5243-5a56-8926-f9ff104c6b07,2807,S1,2024-05-23,Primera recuperacion,A,49,19,68,Aprobado,ACTA-2024-S1-2807-A-REC1,Normal,2024-05-23,49,19,68,False,False
837fc661-96eb-586d-b4c9-f77b85563c15,2807,S1,2024-05-23,Primera recuperacion,A,41,15,56,Reprobado,ACTA-2024-S1-2807-A-REC1,Normal,2024-05-23,41,15,56,False,False
837fc661-96eb-586d-b4c9-f77b85563c15,2807,S1,2024-07-10,Segunda recuperacion,A,41,22,63,Aprobado,ACTA-2024-S1-2807-A-REC2,Normal,2024-07-10,41,22,63,False,False
05d4241f-34c4-5309-b3bf-b59f562b2b28,2813,S1,2024-05-10,Ordinario,A,42,19,61,Aprobado,ACTA-2024-S1-2813-A-ORD,Normal,2024-05-10,42,19,61,False,False
22037c10-f3e3-577f-b9fd-ca611f78fc13,2813,S1,2024-05-10,Ordinario,A,68,9,77,Aprobado,ACTA-2024-S1-2813-A-ORD,Normal,2024-05-10,68,9,77,False,False
3b010113-22bd-5f9d-ae22-55e22893eed8,2813,S1,2024-05-10,Ordinario,A,51,NSP,51,NSP,ACTA-2024-S1-2813-A-ORD,Normal,2024-05-10,51,,51,False,True
3d77a469-e655-55fe-805c-791030382035,2813,S1,2024-05-10,Ordinario,A,45,20,65,Aprobado,ACTA-2024-S1-2813-A-ORD,Normal,2024-05-10,45,20,65,False,False
414c2cd0-1848-5853-8c5d-c17cb93672ce,2813,S1,2024-05-10,Ordinario,A,39,27,66,Aprobado,ACTA-2024-S1-2813-A-ORD,Normal,2024-05-10,39,27,66,False,False
4dc4aa77-9ac0-5bc3-a84e-2b88879b68a8,2813,S1,2024-05-10,Ordinario,A,59,6,65,Aprobado,ACTA-2024-S1-2813-A-ORD,Normal,2024-05-10,59,6,65,False,False
508865ff-526c-5b08-8f0b-36822182e26c,2813,S1,2024-05-10,Ordinario,A,67,25,92,Aprobado,ACTA-2024-S1-2813-A-ORD,Normal,2024-05-10,67,25,92,False,False
5cfb66d3-10c8-5710-97b6-8bd25d49adff,2813,S1,2024-05-10,Ordinario,A,61,23,84,Aprobado,ACTA-2024-S1-2813-A-ORD,Normal,2024-05-10,61,23,84,False,False
78985e7d-ee45-54ea-9fa9-bfacc2ee4797,2813,S1,2024-05-10,Ordinario,A,66,15,81,Aprobado,ACTA-2024-S1-2813-A-ORD,Normal,2024-05-10,66,15,81,False,False
79fbc371-b3f2-583e-af6a-cb69b75903b0,2813,S1,2024-05-10,Ordinario,A,41,12,53,Reprobado,ACTA-2024-S1-2813-A-ORD,Normal,2024-05-10,41,12,53,False,False
80fd2144-9a50-53ec-86c3-7660cc3a92ca,2813,S1,2024-05-10,Ordinario,A,35,17,52,Reprobado,ACTA-2024-S1-2813-A-ORD,Normal,2024-05-10,35,17,52,False,False
81499fda-b7ee-5fa7-9cda-b64ee9dfbab2,2813,S1,2024-05-10,Ordinario,A,56,5,61,Aprobado,ACTA-2024-S1-2813-A-ORD,Normal,2024-05-10,56,5,61,False,False
9b342f29-299c-53e8-abab-d0ddb5c51d18,2813,S1,2024-05-10,Ordinario,A,46,23,69,Aprobado,ACTA-2024-S1-2813-A-ORD,Normal,2024-05-10,46,23,69,False,False
9fb68156-bea9-5d9c-9ac8-4c74978e183e,2813,S1,2024-05-10,Ordinario,A,40,15,55,Reprobado,ACTA-2024-S1-2813-A-ORD,Normal,2024-05-10,40,15,55,False,False
b61e89b6-2037-59df-8c60-9b45ea924c36,2813,S1,2024-05-10,Ordinario,A,58,27,85,Aprobado,ACTA-2024-S1-2813-A-ORD,Normal,2024-05-10,58,27,85,False,False
bb2df0dc-340e-59b9-8c78-651baefa28d4,2813,S1,2024-05-10,Ordinario,A,66,22,88,Aprobado,ACTA-2024-S1-2813-A-ORD,Normal,2024-05-10,66,22,88,False,False
c3fcfe06-c7d0-5bcb-9082-cad8ca841cd2,2813,S1,2024-05-10,Ordinario,A,50,4,54,Reprobado,ACTA-2024-S1-2813-A-ORD,Normal,2024-05-10,50,4,54,False,False
c3fdd0ea-defe-56bf-8614-d4895c9df8cb,2813,S1,2024-05-10,Ordinario,A,43,20,63,Aprobado,ACTA-2024-S1-2813-A-ORD,Normal,2024-05-10,43,20,63,False,False
ca344a73-ffb8-5b0a-a30a-0b081b5c1bcc,2813,S1,2024-05-10,Ordinario,A,52,1,53,Reprobado,ACTA-2024-S1-2813-A-ORD,Normal,2024-05-10,52,1,53,False,False
cafd50f0-00ad-5b43-9ecf-2e3a99da0a42,2813,S1,2024-05-10,Ordinario,A,47,28,75,Aprobado,ACTA-2024-S1-2813-A-ORD,Normal,2024-05-10,47,28,75,False,False
ccca9a76-953a-5d63-92e5-d3c2a20b74fe,2813,S1,2024-05-10,Ordinario,A,40,13,53,Reprobado,ACTA-2024-S1-2813-A-ORD,Normal,2024-05-10,40,13,53,False,False
e6616dee-223f-521e-9148-18ea6494d738,2813,S1,2024-05-10,Ordinario,A,39,16,55,Reprobado,ACTA-2024-S1-2813-A-ORD,Normal,2024-05-10,39,16,55,False,False
f2b69ec5-a14d-5236-a5b1-4a3da87d9200,2813,S1,2024-05-10,Ordinario,A,40,14,54,Reprobado,ACTA-2024-S1-2813-A-ORD,Normal,2024-05-10,40,14,54,False,False
f3c31e55-a2c7-5170-9b87-fe33fd8c91a6,2813,S1,2024-05-10,Ordinario,A,38,7,45,Reprobado,ACTA-2024-S1-2813-A-ORD,Normal,2024-05-10,38,7,45,False,False
f3df7bb3-edfa-50c0-9e56-9da800375bc4,2813,S1,2024-05-10,Ordinario,A,44,26,70,Aprobado,ACTA-2024-S1-2813-A-ORD,Normal,2024-05-10,44,26,70,False,False
f9eea9a9-015d-521f-ace7-3f3f5190ac81,2813,S1,2024-05-10,Ordinario,A,48,21,69,Aprobado,ACTA-2024-S1-2813-A-ORD,Normal,2024-05-10,48,21,69,False,False
79fbc371-b3f2-583e-af6a-cb69b75903b0,2813,S1,2024-05-25,Primera recuperacion,A,41,12,53,Reprobado,ACTA-2024-S1-2813-A-REC1,Normal,2024-05-25,41,12,53,False,False
80fd2144-9a50-53ec-86c3-7660cc3a92ca,2813,S1,2024-05-25,Primera recuperacion,A,35,27,62,Aprobado,ACTA-2024-S1-2813-A-REC1,Normal,2024-05-25,35,27,62,False,False
c3fcfe06-c7d0-5bcb-9082-cad8ca841cd2,2813,S1,2024-05-25,Primera recuperacion,A,50,4,54,Reprobado,ACTA-2024-S1-2813-A-REC1,Normal,2024-05-25,50,4,54,False,False
ccca9a76-953a-5d63-92e5-d3c2a20b74fe,2813,S1,2024-05-25,Primera recuperacion,A,40,24,64,Aprobado,ACTA-2024-S1-2813-A-REC1,Normal,2024-05-25,40,24,64,False,False
e6616dee-223f-521e-9148-18ea6494d738,2813,S1,2024-05-25,Primera recuperacion,A,39,16,55,Reprobado,ACTA-2024-S1-2813-A-REC1,Normal,2024-05-25,39,16,55,False,False
f2b69ec5-a14d-5236-a5b1-4a3da87d9200,2813,S1,2024-05-25,Primera recuperacion,A,40,14,54,Reprobado,ACTA-2024-S1-2813-A-REC1,Normal,2024-05-25,40,14,54,False,False
f3c31e55-a2c7-5170-9b87-fe33fd8c91a6,2813,S1,2024-05-25,Primera recuperacion,A,38,7,45,Reprobado,ACTA-2024-S1-2813-A-REC1,Normal,2024-05-25,38,7,45,False,False
79fbc371-b3f2-583e-af6a-cb69b75903b0,2813,S1,2024-07-04,Segunda recuperacion,A,41,27,68,Aprobado,ACTA-2024-S1-2813-A-REC2,Normal,2024-07-04,41,27,68,False,False
3709aa39-ebba-578a-bfc0-0b92e87fdeaa,2814,S1,2024-05-11,Ordinario,A,45,7,52,Reprobado,ACTA-2024-S1-2814-A-ORD,Normal,2024-05-11,45,7,52,False,False
3d77a469-e655-55fe-805c-791030382035,2814,S1,2024-05-11,Ordinario,A,63,30,93,Aprobado,ACTA-2024-S1-2814-A-ORD,Normal,2024-05-11,63,30,93,False,False
414c2cd0-1848-5853-8c5d-c17cb93672ce,2814,S1,2024-05-11,Ordinario,A,42,13,55,Reprobado,ACTA-2024-S1-2814-A-ORD,Normal,2024-05-11,42,13,55,False,False
4f27d42a-857e-5649-b886-e03a4f702663,2814,S1,2024-05-11,Ordinario,A,33,NSP,33,NSP,ACTA-2024-S1-2814-A-ORD,Normal,2024-05-11,33,,33,False,True
508865ff-526c-5b08-8f0b-36822182e26c,2814,S1,2024-05-11,Ordinario,A,51,24,75,Aprobado,ACTA-2024-S1-2814-A-ORD,Normal,2024-05-11,51,24,75,False,False
5341d121-3e52-582b-9ade-7f81a055be74,2814,S1,2024-05-11,Ordinario,A,60,5,65,Aprobado,ACTA-2024-S1-2814-A-ORD,Normal,2024-05-11,60,5,65,False,False
55336854-e2aa-563e-8035-7284b4ccc98d,2814,S1,2024-05-11,Ordinario,A,34,NSP,34,NSP,ACTA-2024-S1-2814-A-ORD,Normal,2024-05-11,34,,34,False,True
8bc617b7-d1c6-5083-a14d-f3fb4bc50494,2814,S1,2024-05-11,Ordinario,A,54,17,71,Aprobado,ACTA-2024-S1-2814-A-ORD,Normal,2024-05-11,54,17,71,False,False
98bd6a13-8add-5575-9388-3bae6a5ba51c,2814,S1,2024-05-11,Ordinario,A,42,23,65,Aprobado,ACTA-2024-S1-2814-A-ORD,Normal,2024-05-11,42,23,65,False,False
9b342f29-299c-53e8-abab-d0ddb5c51d18,2814,S1,2024-05-11,Ordinario,A,38,28,66,Aprobado,ACTA-2024-S1-2814-A-ORD,Normal,2024-05-11,38,28,66,False,False
aad6201b-f416-55be-a19b-4d06d2c15135,2814,S1,2024-05-11,Ordinario,A,53,1,54,Reprobado,ACTA-2024-S1-2814-A-ORD,Normal,2024-05-11,53,1,54,False,False
be4cc3ed-a3b2-5e94-bdab-cb425a63135a,2814,S1,2024-05-11,Ordinario,A,50,28,78,Aprobado,ACTA-2024-S1-2814-A-ORD,Normal,2024-05-11,50,28,78,False,False
c3fdd0ea-defe-56bf-8614-d4895c9df8cb,2814,S1,2024-05-11,Ordinario,A,37,26,63,Aprobado,ACTA-2024-S1-2814-A-ORD,Normal,2024-05-11,37,26,63,False,False
c9ab122a-e4e7-51dc-af6b-059ecfaf700a,2814,S1,2024-05-11,Ordinario,A,64,0,64,Aprobado,ACTA-2024-S1-2814-A-ORD,Normal,2024-05-11,64,0,64,False,False
ca1fd280-c70c-5620-9699-ff3834093054,2814,S1,2024-05-11,Ordinario,A,36,10,46,Reprobado,ACTA-2024-S1-2814-A-ORD,Normal,2024-05-11,36,10,46,False,False
cafd50f0-00ad-5b43-9ecf-2e3a99da0a42,2814,S1,2024-05-11,Ordinario,A,39,1,40,Reprobado,ACTA-2024-S1-2814-A-ORD,Normal,2024-05-11,39,1,40,False,False
ccca9a76-953a-5d63-92e5-d3c2a20b74fe,2814,S1,2024-05-11,Ordinario,A,44,16,60,Reprobado,ACTA-2024-S1-2814-A-ORD,Normal,2024-05-11,44,16,60,False,False
dba52ccd-1502-5df9-b31a-3e80d6f796d2,2814,S1,2024-05-11,Ordinario,A,32,24,56,Reprobado,ACTA-2024-S1-2814-A-ORD,Normal,2024-05-11,32,24,56,False,False
e6616dee-223f-521e-9148-18ea6494d738,2814,S1,2024-05-11,Ordinario,A,44,16,60,Reprobado,ACTA-2024-S1-2814-A-ORD,Normal,2024-05-11,44,16,60,False,False
ef638bbd-09bd-5411-8a78-9f02760fef4d,2814,S1,2024-05-11,Ordinario,A,47,16,63,Aprobado,ACTA-2024-S1-2814-A-ORD,Normal,2024-05-11,47,16,63,False,False
f2b69ec5-a14d-5236-a5b1-4a3da87d9200,2814,S1,2024-05-11,Ordinario,A,53,4,57,Reprobado,ACTA-2024-S1-2814-A-ORD,Normal,2024-05-11,53,4,57,False,False
f37f66a2-3ef2-5947-8f55-1145199e62f0,2814,S1,2024-05-11,Ordinario,A,44,26,70,Aprobado,ACTA-2024-S1-2814-A-ORD,Normal,2024-05-11,44,26,70,False,False
f3df7bb3-edfa-50c0-9e56-9da800375bc4,2814,S1,2024-05-11,Ordinario,A,39,9,48,Reprobado,ACTA-2024-S1-2814-A-ORD,Normal,2024-05-11,39,9,48,False,False
f8dfcdf5-919b-55bc-8085-c7d8d9f98dca,2814,S1,2024-05-11,Ordinario,A,50,4,54,Reprobado,ACTA-2024-S1-2814-A-ORD,Normal,2024-05-11,50,4,54,False,False
f9eea9a9-015d-521f-ace7-3f3f5190ac81,2814,S1,2024-05-11,Ordinario,A,41,20,61,Aprobado,ACTA-2024-S1-2814-A-ORD,Normal,2024-05-11,41,20,61,False,False
fc5db985-05cf-59ad-a8d8-e6a91932d72c,2814,S1,2024-05-11,Ordinario,A,57,19,76,Aprobado,ACTA-2024-S1-2814-A-ORD,Normal,2024-05-11,57,19,76,False,False
414c2cd0-1848-5853-8c5d-c17cb93672ce,2814,S1,2024-05-26,Primera recuperacion,A,42,19,61,Aprobado,ACTA-2024-S1-2814-A-REC1,Normal,2024-05-26,42,19,61,False,False
aad6201b-f416-55be-a19b-4d06d2c15135,2814,S1,2024-05-26,Primera recuperacion,A,53,1,54,Reprobado,ACTA-2024-S1-2814-A-REC1,Normal,2024-05-26,53,1,54,False,False
ca1fd280-c70c-5620-9699-ff3834093054,2814,S1,2024-05-26,Primera recuperacion,A,36,10,46,Reprobado,ACTA-2024-S1-2814-A-REC1,Normal,2024-05-26,36,10,46,False,False
cafd50f0-00ad-5b43-9ecf-2e3a99da0a42,2814,S1,2024-05-26,Primera recuperacion,A,39,1,40,Reprobado,ACTA-2024-S1-2814-A-REC1,Normal,2024-05-26,39,1,40,False,False
f2b69ec5-a14d-5236-a5b1-4a3da87d9200,2814,S1,2024-05-26,Primera recuperacion,A,53,4,57,Reprobado,ACTA-2024-S1-2814-A-REC1,Normal,2024-05-26,53,4,57,False,False
f8dfcdf5-919b-55bc-8085-c7d8d9f98dca,2814,S1,2024-05-26,Primera recuperacion,A,50,22,72,Aprobado,ACTA-2024-S1-2814-A-REC1,Normal,2024-05-26,50,22,72,False,False
aad6201b-f416-55be-a19b-4d06d2c15135,2814,S1,2024-07-13,Segunda recuperacion,A,53,1,54,Reprobado,ACTA-2024-S1-2814-A-REC2,Normal,2024-07-13,53,1,54,False,False
cafd50f0-00ad-5b43-9ecf-2e3a99da0a42,2814,S1,2024-07-13,Segunda recuperacion,A,39,26,65,Aprobado,ACTA-2024-S1-2814-A-REC2,Normal,2024-07-13,39,26,65,False,False
069b0f85-66ac-5610-9b5a-0560dd8cad5c,2815,S1,2024-05-09,Ordinario,A,31,24,55,Reprobado,ACTA-2024-S1-2815-A-ORD,Normal,2024-05-09,31,24,55,False,False
0eb4976d-25ba-5524-a0db-2266a874f6ef,2815,S1,2024-05-09,Ordinario,A,39,20,59,Reprobado,ACTA-2024-S1-2815-A-ORD,Normal,2024-05-09,39,20,59,False,False
3d77a469-e655-55fe-805c-791030382035,2815,S1,2024-05-09,Ordinario,A,51,17,68,Aprobado,ACTA-2024-S1-2815-A-ORD,Normal,2024-05-09,51,17,68,False,False
480dcf0f-fef3-5445-b5eb-829165c7cc0b,2815,S1,2024-05-09,Ordinario,A,39,11,50,Reprobado,ACTA-2024-S1-2815-A-ORD,Normal,2024-05-09,39,11,50,False,False
71a9076e-98e5-5381-a6bb-d621499edc32,2815,S1,2024-05-09,Ordinario,A,40,26,66,Aprobado,ACTA-2024-S1-2815-A-ORD,Normal,2024-05-09,40,26,66,False,False
835b66d3-72cd-5867-b7d3-2de662ae3c02,2815,S1,2024-05-09,Ordinario,A,46,18,64,Aprobado,ACTA-2024-S1-2815-A-ORD,Normal,2024-05-09,46,18,64,False,False
98bd6a13-8add-5575-9388-3bae6a5ba51c,2815,S1,2024-05-09,Ordinario,A,67,5,72,Aprobado,ACTA-2024-S1-2815-A-ORD,Normal,2024-05-09,67,5,72,False,False
c3fcfe06-c7d0-5bcb-9082-cad8ca841cd2,2815,S1,2024-05-09,Ordinario,A,47,11,58,Reprobado,ACTA-2024-S1-2815-A-ORD,Normal,2024-05-09,47,11,58,False,False
ca344a73-ffb8-5b0a-a30a-0b081b5c1bcc,2815,S1,2024-05-09,Ordinario,A,62,22,84,Aprobado,ACTA-2024-S1-2815-A-ORD,Normal,2024-05-09,62,22,84,False,False
cafd50f0-00ad-5b43-9ecf-2e3a99da0a42,2815,S1,2024-05-09,Ordinario,A,63,13,76,Aprobado,ACTA-2024-S1-2815-A-ORD,Normal,2024-05-09,63,13,76,False,False
f8dfcdf5-919b-55bc-8085-c7d8d9f98dca,2815,S1,2024-05-09,Ordinario,A,41,21,62,Aprobado,ACTA-2024-S1-2815-A-ORD,Normal,2024-05-09,41,21,62,False,False
fc5db985-05cf-59ad-a8d8-e6a91932d72c,2815,S1,2024-05-09,Ordinario,A,41,20,61,Aprobado,ACTA-2024-S1-2815-A-ORD,Normal,2024-05-09,41,20,61,False,False
ff71036f-4246-50f0-bdcc-ca1603a77671,2815,S1,2024-05-09,Ordinario,A,33,4,37,Reprobado,ACTA-2024-S1-2815-A-ORD,Normal,2024-05-09,33,4,37,False,False
069b0f85-66ac-5610-9b5a-0560dd8cad5c,2815,S1,2024-05-24,Primera recuperacion,A,31,24,55,Reprobado,ACTA-2024-S1-2815-A-REC1,Normal,2024-05-24,31,24,55,False,False
0eb4976d-25ba-5524-a0db-2266a874f6ef,2815,S1,2024-05-24,Primera recuperacion,A,39,20,59,Reprobado,ACTA-2024-S1-2815-A-REC1,Normal,2024-05-24,39,20,59,False,False
c3fcfe06-c7d0-5bcb-9082-cad8ca841cd2,2815,S1,2024-05-24,Primera recuperacion,A,47,27,74,Aprobado,ACTA-2024-S1-2815-A-REC1,Normal,2024-05-24,47,27,74,False,False
069b0f85-66ac-5610-9b5a-0560dd8cad5c,2815,S1,2024-07-05,Segunda recuperacion,A,31,30,61,Aprobado,ACTA-2024-S1-2815-A-REC2,Normal,2024-07-05,31,30,61,False,False
069b0f85-66ac-5610-9b5a-0560dd8cad5c,2816,S1,2024-05-11,Ordinario,A,42,3,45,Reprobado,ACTA-2024-S1-2816-A-ORD,Normal,2024-05-11,42,3,45,False,False
0875f04d-ba62-524b-9469-180d7b74c579,2816,S1,2024-05-11,Ordinario,A,31,21,52,Reprobado,ACTA-2024-S1-2816-A-ORD,Normal,2024-05-11,31,21,52,False,False
3b010113-22bd-5f9d-ae22-55e22893eed8,2816,S1,2024-05-11,Ordinario,A,35,17,52,Reprobado,ACTA-2024-S1-2816-A-ORD,Normal,2024-05-11,35,17,52,False,False
4dc4aa77-9ac0-5bc3-a84e-2b88879b68a8,2816,S1,2024-05-11,Ordinario,A,38,27,65,Aprobado,ACTA-2024-S1-2816-A-ORD,Normal,2024-05-11,38,27,65,False,False
4f27d42a-857e-5649-b886-e03a4f702663,2816,S1,2024-05-11,Ordinario,A,43,0,43,Reprobado,ACTA-2024-S1-2816-A-ORD,Normal,2024-05-11,43,0,43,False,False
508865ff-526c-5b08-8f0b-36822182e26c,2816,S1,2024-05-11,Ordinario,A,52,10,62,Aprobado,ACTA-2024-S1-2816-A-ORD,Normal,2024-05-11,52,10,62,False,False
55336854-e2aa-563e-8035-7284b4ccc98d,2816,S1,2024-05-11,Ordinario,A,34,18,52,Reprobado,ACTA-2024-S1-2816-A-ORD,Normal,2024-05-11,34,18,52,False,False
5cfb66d3-10c8-5710-97b6-8bd25d49adff,2816,S1,2024-05-11,Ordinario,A,40,7,47,Reprobado,ACTA-2024-S1-2816-A-ORD,Normal,2024-05-11,40,7,47,False,False
71629b28-676c-5f88-96b2-fa1142a2a041,2816,S1,2024-05-11,Ordinario,A,40,11,51,Reprobado,ACTA-2024-S1-2816-A-ORD,Normal,2024-05-11,40,11,51,False,False
71a9076e-98e5-5381-a6bb-d621499edc32,2816,S1,2024-05-11,Ordinario,A,36,27,63,Aprobado,ACTA-2024-S1-2816-A-ORD,Normal,2024-05-11,36,27,63,False,False
78985e7d-ee45-54ea-9fa9-bfacc2ee4797,2816,S1,2024-05-11,Ordinario,A,58,21,79,Aprobado,ACTA-2024-S1-2816-A-ORD,Normal,2024-05-11,58,21,79,False,False
7bd40d41-d52d-5c5d-bd6a-72ac2a374717,2816,S1,2024-05-11,Ordinario,A,54,NSP,54,NSP,ACTA-2024-S1-2816-A-ORD,Normal,2024-05-11,54,,54,False,True
81499fda-b7ee-5fa7-9cda-b64ee9dfbab2,2816,S1,2024-05-11,Ordinario,A,56,NSP,56,NSP,ACTA-2024-S1-2816-A-ORD,Normal,2024-05-11,56,,56,False,True
98bd6a13-8add-5575-9388-3bae6a5ba51c,2816,S1,2024-05-11,Ordinario,A,52,19,71,Aprobado,ACTA-2024-S1-2816-A-ORD,Normal,2024-05-11,52,19,71,False,False
bb2df0dc-340e-59b9-8c78-651baefa28d4,2816,S1,2024-05-11,Ordinario,A,67,19,86,Aprobado,ACTA-2024-S1-2816-A-ORD,Normal,2024-05-11,67,19,86,False,False
c3fdd0ea-defe-56bf-8614-d4895c9df8cb,2816,S1,2024-05-11,Ordinario,A,53,8,61,Aprobado,ACTA-2024-S1-2816-A-ORD,Normal,2024-05-11,53,8,61,False,False
c8b29424-3564-5114-8e8b-3ec7edb4631a,2816,S1,2024-05-11,Ordinario,A,40,11,51,Reprobado,ACTA-2024-S1-2816-A-ORD,Normal,2024-05-11,40,11,51,False,False
dba52ccd-1502-5df9-b31a-3e80d6f796d2,2816,S1,2024-05-11,Ordinario,A,50,10,60,Reprobado,ACTA-2024-S1-2816-A-ORD,Normal,2024-05-11,50,10,60,False,False
ef638bbd-09bd-5411-8a78-9f02760fef4d,2816,S1,2024-05-11,Ordinario,A,65,11,76,Aprobado,ACTA-2024-S1-2816-A-ORD,Normal,2024-05-11,65,11,76,False,False
f165b21b-a360-52d6-a848-f2b84f7a3202,2816,S1,2024-05-11,Ordinario,A,37,25,62,Aprobado,ACTA-2024-S1-2816-A-ORD,Normal,2024-05-11,37,25,62,False,False
f37f66a2-3ef2-5947-8f55-1145199e62f0,2816,S1,2024-05-11,Ordinario,A,56,13,69,Aprobado,ACTA-2024-S1-2816-A-ORD,Normal,2024-05-11,56,13,69,False,False
f9eea9a9-015d-521f-ace7-3f3f5190ac81,2816,S1,2024-05-11,Ordinario,A,60,8,68,Aprobado,ACTA-2024-S1-2816-A-ORD,Normal,2024-05-11,60,8,68,False,False
fc5db985-05cf-59ad-a8d8-e6a91932d72c,2816,S1,2024-05-11,Ordinario,A,61,29,90,Aprobado,ACTA-2024-S1-2816-A-ORD,Normal,2024-05-11,61,29,90,False,False
ff71036f-4246-50f0-bdcc-ca1603a77671,2816,S1,2024-05-11,Ordinario,A,38,17,55,Reprobado,ACTA-2024-S1-2816-A-ORD,Normal,2024-05-11,38,17,55,False,False
069b0f85-66ac-5610-9b5a-0560dd8cad5c,2816,S1,2024-05-26,Primera recuperacion,A,42,3,45,Reprobado,ACTA-2024-S1-2816-A-REC1,Normal,2024-05-26,42,3,45,False,False
3b010113-22bd-5f9d-ae22-55e22893eed8,2816,S1,2024-05-26,Primera recuperacion,A,35,17,52,Reprobado,ACTA-2024-S1-2816-A-REC1,Normal,2024-05-26,35,17,52,False,False
4f27d42a-857e-5649-b886-e03a4f702663,2816,S1,2024-05-26,Primera recuperacion,A,43,22,65,Aprobado,ACTA-2024-S1-2816-A-REC1,Normal,2024-05-26,43,22,65,False,False
55336854-e2aa-563e-8035-7284b4ccc98d,2816,S1,2024-05-26,Primera recuperacion,A,34,18,52,Reprobado,ACTA-2024-S1-2816-A-REC1,Normal,2024-05-26,34,18,52,False,False
5cfb66d3-10c8-5710-97b6-8bd25d49adff,2816,S1,2024-05-26,Primera recuperacion,A,40,27,67,Aprobado,ACTA-2024-S1-2816-A-REC1,Normal,2024-05-26,40,27,67,False,False
c8b29424-3564-5114-8e8b-3ec7edb4631a,2816,S1,2024-05-26,Primera recuperacion,A,40,11,51,Reprobado,ACTA-2024-S1-2816-A-REC1,Normal,2024-05-26,40,11,51,False,False
dba52ccd-1502-5df9-b31a-3e80d6f796d2,2816,S1,2024-05-26,Primera recuperacion,A,50,10,60,Reprobado,ACTA-2024-S1-2816-A-REC1,Normal,2024-05-26,50,10,60,False,False
ff71036f-4246-50f0-bdcc-ca1603a77671,2816,S1,2024-05-26,Primera recuperacion,A,38,17,55,Reprobado,ACTA-2024-S1-2816-A-REC1,Normal,2024-05-26,38,17,55,False,False
069b0f85-66ac-5610-9b5a-0560dd8cad5c,2816,S1,2024-07-10,Segunda recuperacion,A,42,3,45,Reprobado,ACTA-2024-S1-2816-A-REC2,Normal,2024-07-10,42,3,45,False,False
55336854-e2aa-563e-8035-7284b4ccc98d,2816,S1,2024-07-10,Segunda recuperacion,A,34,27,61,Aprobado,ACTA-2024-S1-2816-A-REC2,Normal,2024-07-10,34,27,61,False,False
dba52ccd-1502-5df9-b31a-3e80d6f796d2,2816,S1,2024-07-10,Segunda recuperacion,A,50,10,60,Reprobado,ACTA-2024-S1-2816-A-REC2,Normal,2024-07-10,50,10,60,False,False
0259d9e4-ede8-5030-8d0c-86ad714a8687,2817,S1,2024-05-09,Ordinario,A,44,NSP,44,NSP,ACTA-2024-S1-2817-A-ORD,Normal,2024-05-09,44,,44,False,True
05d4241f-34c4-5309-b3bf-b59f562b2b28,2817,S1,2024-05-09,Ordinario,A,37,28,65,Aprobado,ACTA-2024-S1-2817-A-ORD,Normal,2024-05-09,37,28,65,False,False
0875f04d-ba62-524b-9469-180d7b74c579,2817,S1,2024-05-09,Ordinario,A,31,27,58,Reprobado,ACTA-2024-S1-2817-A-ORD,Normal,2024-05-09,31,27,58,False,False
22037c10-f3e3-577f-b9fd-ca611f78fc13,2817,S1,2024-05-09,Ordinario,A,46,NSP,46,NSP,ACTA-2024-S1-2817-A-ORD,Normal,2024-05-09,46,,46,False,True
3709aa39-ebba-578a-bfc0-0b92e87fdeaa,2817,S1,2024-05-09,Ordinario,A,46,6,52,Reprobado,ACTA-2024-S1-2817-A-ORD,Normal,2024-05-09,46,6,52,False,False
3d77a469-e655-55fe-805c-791030382035,2817,S1,2024-05-09,Ordinario,A,57,15,72,Aprobado,ACTA-2024-S1-2817-A-ORD,Normal,2024-05-09,57,15,72,False,False
414c2cd0-1848-5853-8c5d-c17cb93672ce,2817,S1,2024-05-09,Ordinario,A,39,6,45,Reprobado,ACTA-2024-S1-2817-A-ORD,Normal,2024-05-09,39,6,45,False,False
480dcf0f-fef3-5445-b5eb-829165c7cc0b,2817,S1,2024-05-09,Ordinario,A,50,10,60,Reprobado,ACTA-2024-S1-2817-A-ORD,Normal,2024-05-09,50,10,60,False,False
4dc4aa77-9ac0-5bc3-a84e-2b88879b68a8,2817,S1,2024-05-09,Ordinario,A,62,3,65,Aprobado,ACTA-2024-S1-2817-A-ORD,Normal,2024-05-09,62,3,65,False,False
4f27d42a-857e-5649-b886-e03a4f702663,2817,S1,2024-05-09,Ordinario,A,43,13,56,Reprobado,ACTA-2024-S1-2817-A-ORD,Normal,2024-05-09,43,13,56,False,False
5cfb66d3-10c8-5710-97b6-8bd25d49adff,2817,S1,2024-05-09,Ordinario,A,58,23,81,Aprobado,ACTA-2024-S1-2817-A-ORD,Normal,2024-05-09,58,23,81,False,False
71629b28-676c-5f88-96b2-fa1142a2a041,2817,S1,2024-05-09,Ordinario,A,43,10,53,Reprobado,ACTA-2024-S1-2817-A-ORD,Normal,2024-05-09,43,10,53,False,False
71a9076e-98e5-5381-a6bb-d621499edc32,2817,S1,2024-05-09,Ordinario,A,48,24,72,Aprobado,ACTA-2024-S1-2817-A-ORD,Normal,2024-05-09,48,24,72,False,False
7bd40d41-d52d-5c5d-bd6a-72ac2a374717,2817,S1,2024-05-09,Ordinario,A,37,15,52,Reprobado,ACTA-2024-S1-2817-A-ORD,Normal,2024-05-09,37,15,52,False,False
80fd2144-9a50-53ec-86c3-7660cc3a92ca,2817,S1,2024-05-09,Ordinario,A,32,1,33,Reprobado,ACTA-2024-S1-2817-A-ORD,Normal,2024-05-09,32,1,33,False,False
81499fda-b7ee-5fa7-9cda-b64ee9dfbab2,2817,S1,2024-05-09,Ordinario,A,33,14,47,Reprobado,ACTA-2024-S1-2817-A-ORD,Normal,2024-05-09,33,14,47,False,False
835b66d3-72cd-5867-b7d3-2de662ae3c02,2817,S1,2024-05-09,Ordinario,A,65,14,79,Aprobado,ACTA-2024-S1-2817-A-ORD,Normal,2024-05-09,65,14,79,False,False
b61e89b6-2037-59df-8c60-9b45ea924c36,2817,S1,2024-05-09,Ordinario,A,49,29,78,Aprobado,ACTA-2024-S1-2817-A-ORD,Normal,2024-05-09,49,29,78,False,False
bb2df0dc-340e-59b9-8c78-651baefa28d4,2817,S1,2024-05-09,Ordinario,A,52,19,71,Aprobado,ACTA-2024-S1-2817-A-ORD,Normal,2024-05-09,52,19,71,False,False
be4cc3ed-a3b2-5e94-bdab-cb425a63135a,2817,S1,2024-05-09,Ordinario,A,62,4,66,Aprobado,ACTA-2024-S1-2817-A-ORD,Normal,2024-05-09,62,4,66,False,False
c3fdd0ea-defe-56bf-8614-d4895c9df8cb,2817,S1,2024-05-09,Ordinario,A,53,17,70,Aprobado,ACTA-2024-S1-2817-A-ORD,Normal,2024-05-09,53,17,70,False,False
c9ab122a-e4e7-51dc-af6b-059ecfaf700a,2817,S1,2024-05-09,Ordinario,A,43,22,65,Aprobado,ACTA-2024-S1-2817-A-ORD,Normal,2024-05-09,43,22,65,False,False
ca344a73-ffb8-5b0a-a30a-0b081b5c1bcc,2817,S1,2024-05-09,Ordinario,A,40,6,46,Reprobado,ACTA-2024-S1-2817-A-ORD,Normal,2024-05-09,40,6,46,False,False
f37f66a2-3ef2-5947-8f55-1145199e62f0,2817,S1,2024-05-09,Ordinario,A,55,27,82,Aprobado,ACTA-2024-S1-2817-A-ORD,Normal,2024-05-09,55,27,82,False,False
f3c31e55-a2c7-5170-9b87-fe33fd8c91a6,2817,S1,2024-05-09,Ordinario,A,45,2,47,Reprobado,ACTA-2024-S1-2817-A-ORD,Normal,2024-05-09,45,2,47,False,False
f8dfcdf5-919b-55bc-8085-c7d8d9f98dca,2817,S1,2024-05-09,Ordinario,A,32,21,53,Reprobado,ACTA-2024-S1-2817-A-ORD,Normal,2024-05-09,32,21,53,False,False
f9eea9a9-015d-521f-ace7-3f3f5190ac81,2817,S1,2024-05-09,Ordinario,A,68,24,92,Aprobado,ACTA-2024-S1-2817-A-ORD,Normal,2024-05-09,68,24,92,False,False
fc5db985-05cf-59ad-a8d8-e6a91932d72c,2817,S1,2024-05-09,Ordinario,A,53,26,79,Aprobado,ACTA-2024-S1-2817-A-ORD,Normal,2024-05-09,53,26,79,False,False
0875f04d-ba62-524b-9469-180d7b74c579,2817,S1,2024-05-25,Primera recuperacion,A,31,27,58,Reprobado,ACTA-2024-S1-2817-A-REC1,Normal,2024-05-25,31,27,58,False,False
3709aa39-ebba-578a-bfc0-0b92e87fdeaa,2817,S1,2024-05-25,Primera recuperacion,A,46,6,52,Reprobado,ACTA-2024-S1-2817-A-REC1,Normal,2024-05-25,46,6,52,False,False
414c2cd0-1848-5853-8c5d-c17cb93672ce,2817,S1,2024-05-25,Primera recuperacion,A,39,25,64,Aprobado,ACTA-2024-S1-2817-A-REC1,Normal,2024-05-25,39,25,64,False,False
4f27d42a-857e-5649-b886-e03a4f702663,2817,S1,2024-05-25,Primera recuperacion,A,43,13,56,Reprobado,ACTA-2024-S1-2817-A-REC1,Normal,2024-05-25,43,13,56,False,False
7bd40d41-d52d-5c5d-bd6a-72ac2a374717,2817,S1,2024-05-25,Primera recuperacion,A,37,15,52,Reprobado,ACTA-2024-S1-2817-A-REC1,Normal,2024-05-25,37,15,52,False,False
80fd2144-9a50-53ec-86c3-7660cc3a92ca,2817,S1,2024-05-25,Primera recuperacion,A,32,1,33,Reprobado,ACTA-2024-S1-2817-A-REC1,Normal,2024-05-25,32,1,33,False,False
81499fda-b7ee-5fa7-9cda-b64ee9dfbab2,2817,S1,2024-05-25,Primera recuperacion,A,33,14,47,Reprobado,ACTA-2024-S1-2817-A-REC1,Normal,2024-05-25,33,14,47,False,False
ca344a73-ffb8-5b0a-a30a-0b081b5c1bcc,2817,S1,2024-05-25,Primera recuperacion,A,40,6,46,Reprobado,ACTA-2024-S1-2817-A-REC1,Normal,2024-05-25,40,6,46,False,False
f3c31e55-a2c7-5170-9b87-fe33fd8c91a6,2817,S1,2024-05-25,Primera recuperacion,A,45,2,47,Reprobado,ACTA-2024-S1-2817-A-REC1,Normal,2024-05-25,45,2,47,False,False
f8dfcdf5-919b-55bc-8085-c7d8d9f98dca,2817,S1,2024-05-25,Primera recuperacion,A,32,29,61,Aprobado,ACTA-2024-S1-2817-A-REC1,Normal,2024-05-25,32,29,61,False,False
0875f04d-ba62-524b-9469-180d7b74c579,2817,S1,2024-07-12,Segunda recuperacion,A,31,27,58,Reprobado,ACTA-2024-S1-2817-A-REC2,Normal,2024-07-12,31,27,58,False,False
4f27d42a-857e-5649-b886-e03a4f702663,2817,S1,2024-07-12,Segunda recuperacion,A,43,30,73,Aprobado,ACTA-2024-S1-2817-A-REC2,Normal,2024-07-12,43,30,73,False,False
ca344a73-ffb8-5b0a-a30a-0b081b5c1bcc,2817,S1,2024-07-12,Segunda recuperacion,A,40,6,46,Reprobado,ACTA-2024-S1-2817-A-REC2,Normal,2024-07-12,40,6,46,False,False
05d4241f-34c4-5309-b3bf-b59f562b2b28,2818,S1,2024-05-11,Ordinario,A,64,28,92,Aprobado,ACTA-2024-S1-2818-A-ORD,Normal,2024-05-11,64,28,92,False,False
22037c10-f3e3-577f-b9fd-ca611f78fc13,2818,S1,2024-05-11,Ordinario,A,53,1,54,Reprobado,ACTA-2024-S1-2818-A-ORD,Normal,2024-05-11,53,1,54,False,False
3709aa39-ebba-578a-bfc0-0b92e87fdeaa,2818,S1,2024-05-11,Ordinario,A,54,3,57,Reprobado,ACTA-2024-S1-2818-A-ORD,Normal,2024-05-11,54,3,57,False,False
480dcf0f-fef3-5445-b5eb-829165c7cc0b,2818,S1,2024-05-11,Ordinario,A,34,24,58,Reprobado,ACTA-2024-S1-2818-A-ORD,Normal,2024-05-11,34,24,58,False,False
4dc4aa77-9ac0-5bc3-a84e-2b88879b68a8,2818,S1,2024-05-11,Ordinario,A,67,18,85,Aprobado,ACTA-2024-S1-2818-A-ORD,Normal,2024-05-11,67,18,85,False,False
4f27d42a-857e-5649-b886-e03a4f702663,2818,S1,2024-05-11,Ordinario,A,51,26,77,Aprobado,ACTA-2024-S1-2818-A-ORD,Normal,2024-05-11,51,26,77,False,False
508865ff-526c-5b08-8f0b-36822182e26c,2818,S1,2024-05-11,Ordinario,A,55,27,82,Aprobado,ACTA-2024-S1-2818-A-ORD,Normal,2024-05-11,55,27,82,False,False
5341d121-3e52-582b-9ade-7f81a055be74,2818,S1,2024-05-11,Ordinario,A,59,30,89,Aprobado,ACTA-2024-S1-2818-A-ORD,Normal,2024-05-11,59,30,89,False,False
5cfb66d3-10c8-5710-97b6-8bd25d49adff,2818,S1,2024-05-11,Ordinario,A,59,9,68,Aprobado,ACTA-2024-S1-2818-A-ORD,Normal,2024-05-11,59,9,68,False,False
78985e7d-ee45-54ea-9fa9-bfacc2ee4797,2818,S1,2024-05-11,Ordinario,A,67,16,83,Aprobado,ACTA-2024-S1-2818-A-ORD,Normal,2024-05-11,67,16,83,False,False
79fbc371-b3f2-583e-af6a-cb69b75903b0,2818,S1,2024-05-11,Ordinario,A,33,11,44,Reprobado,ACTA-2024-S1-2818-A-ORD,Normal,2024-05-11,33,11,44,False,False
81499fda-b7ee-5fa7-9cda-b64ee9dfbab2,2818,S1,2024-05-11,Ordinario,A,42,NSP,42,NSP,ACTA-2024-S1-2818-A-ORD,Normal,2024-05-11,42,,42,False,True
835b66d3-72cd-5867-b7d3-2de662ae3c02,2818,S1,2024-05-11,Ordinario,A,64,4,68,Aprobado,ACTA-2024-S1-2818-A-ORD,Normal,2024-05-11,64,4,68,False,False
8bc617b7-d1c6-5083-a14d-f3fb4bc50494,2818,S1,2024-05-11,Ordinario,A,60,15,75,Aprobado,ACTA-2024-S1-2818-A-ORD,Normal,2024-05-11,60,15,75,False,False
98bd6a13-8add-5575-9388-3bae6a5ba51c,2818,S1,2024-05-11,Ordinario,A,51,11,62,Aprobado,ACTA-2024-S1-2818-A-ORD,Normal,2024-05-11,51,11,62,False,False
b6f67e91-3fbc-5e3c-9701-7f82ed8816ec,2818,S1,2024-05-11,Ordinario,A,48,1,49,Reprobado,ACTA-2024-S1-2818-A-ORD,Normal,2024-05-11,48,1,49,False,False
bb2df0dc-340e-59b9-8c78-651baefa28d4,2818,S1,2024-05-11,Ordinario,A,66,0,66,Aprobado,ACTA-2024-S1-2818-A-ORD,Normal,2024-05-11,66,0,66,False,False
be4cc3ed-a3b2-5e94-bdab-cb425a63135a,2818,S1,2024-05-11,Ordinario,A,38,26,64,Aprobado,ACTA-2024-S1-2818-A-ORD,Normal,2024-05-11,38,26,64,False,False
c3fcfe06-c7d0-5bcb-9082-cad8ca841cd2,2818,S1,2024-05-11,Ordinario,A,55,1,56,Reprobado,ACTA-2024-S1-2818-A-ORD,Normal,2024-05-11,55,1,56,False,False
cafd50f0-00ad-5b43-9ecf-2e3a99da0a42,2818,S1,2024-05-11,Ordinario,A,45,28,73,Aprobado,ACTA-2024-S1-2818-A-ORD,Normal,2024-05-11,45,28,73,False,False
e6616dee-223f-521e-9148-18ea6494d738,2818,S1,2024-05-11,Ordinario,A,53,3,56,Reprobado,ACTA-2024-S1-2818-A-ORD,Normal,2024-05-11,53,3,56,False,False
e81dc01b-99fa-5afe-96c2-e6f0e7a8f50d,2818,S1,2024-05-11,Ordinario,A,48,0,48,Reprobado,ACTA-2024-S1-2818-A-ORD,Normal,2024-05-11,48,0,48,False,False
ef638bbd-09bd-5411-8a78-9f02760fef4d,2818,S1,2024-05-11,Ordinario,A,43,23,66,Aprobado,ACTA-2024-S1-2818-A-ORD,Normal,2024-05-11,43,23,66,False,False
f37f66a2-3ef2-5947-8f55-1145199e62f0,2818,S1,2024-05-11,Ordinario,A,65,9,74,Aprobado,ACTA-2024-S1-2818-A-ORD,Normal,2024-05-11,65,9,74,False,False
f3c31e55-a2c7-5170-9b87-fe33fd8c91a6,2818,S1,2024-05-11,Ordinario,A,55,3,58,Reprobado,ACTA-2024-S1-2818-A-ORD,Normal,2024-05-11,55,3,58,False,False
fc5db985-05cf-59ad-a8d8-e6a91932d72c,2818,S1,2024-05-11,Ordinario,A,65,4,69,Aprobado,ACTA-2024-S1-2818-A-ORD,Normal,2024-05-11,65,4,69,False,False
ff71036f-4246-50f0-bdcc-ca1603a77671,2818,S1,2024-05-11,Ordinario,A,55,4,59,Reprobado,ACTA-2024-S1-2818-A-ORD,Normal,2024-05-11,55,4,59,False,False
22037c10-f3e3-577f-b9fd-ca611f78fc13,2818,S1,2024-05-26,Primera recuperacion,A,53,29,82,Aprobado,ACTA-2024-S1-2818-A-REC1,Normal,2024-05-26,53,29,82,False,False
3709aa39-ebba-578a-bfc0-0b92e87fdeaa,2818,S1,2024-05-26,Primera recuperacion,A,54,3,57,Reprobado,ACTA-2024-S1-2818-A-REC1,Normal,2024-05-26,54,3,57,False,False
79fbc371-b3f2-583e-af6a-cb69b75903b0,2818,S1,2024-05-26,Primera recuperacion,A,33,11,44,Reprobado,ACTA-2024-S1-2818-A-REC1,Normal,2024-05-26,33,11,44,False,False
b6f67e91-3fbc-5e3c-9701-7f82ed8816ec,2818,S1,2024-05-26,Primera recuperacion,A,48,1,49,Reprobado,ACTA-2024-S1-2818-A-REC1,Normal,2024-05-26,48,1,49,False,False
c3fcfe06-c7d0-5bcb-9082-cad8ca841cd2,2818,S1,2024-05-26,Primera recuperacion,A,55,1,56,Reprobado,ACTA-2024-S1-2818-A-REC1,Normal,2024-05-26,55,1,56,False,False
e6616dee-223f-521e-9148-18ea6494d738,2818,S1,2024-05-26,Primera recuperacion,A,53,3,56,Reprobado,ACTA-2024-S1-2818-A-REC1,Normal,2024-05-26,53,3,56,False,False
e81dc01b-99fa-5afe-96c2-e6f0e7a8f50d,2818,S1,2024-05-26,Primera recuperacion,A,48,14,62,Aprobado,ACTA-2024-S1-2818-A-REC1,Normal,2024-05-26,48,14,62,False,False
3709aa39-ebba-578a-bfc0-0b92e87fdeaa,2818,S1,2024-07-08,Segunda recuperacion,A,54,27,81,Aprobado,ACTA-2024-S1-2818-A-REC2,Normal,2024-07-08,54,27,81,False,False
79fbc371-b3f2-583e-af6a-cb69b75903b0,2818,S1,2024-07-08,Segunda recuperacion,A,33,11,44,Reprobado,ACTA-2024-S1-2818-A-REC2,Normal,2024-07-08,33,11,44,False,False
c3fcfe06-c7d0-5bcb-9082-cad8ca841cd2,2818,S1,2024-07-08,Segunda recuperacion,A,55,1,56,Reprobado,ACTA-2024-S1-2818-A-REC2,Normal,2024-07-08,55,1,56,False,False
07470beb-65dd-5cb9-93ad-8e0c1eeac0af,2825,S1,2024-05-11,Ordinario,A,41,29,70,Aprobado,ACTA-2024-S1-2825-A-ORD,Normal,2024-05-11,41,29,70,False,False
1b7adb46-da25-57cc-ad1c-f57382ea2726,2825,S1,2024-05-11,Ordinario,A,38,21,59,Reprobado,ACTA-2024-S1-2825-A-ORD,Normal,2024-05-11,38,21,59,False,False
31c0d36d-c8d2-5f54-8576-179c5db0d849,2825,S1,2024-05-11,Ordinario,A,50,21,71,Aprobado,ACTA-2024-S1-2825-A-ORD,Normal,2024-05-11,50,21,71,False,False
3b36b2ad-44dd-5a2d-9040-f4de57c705b1,2825,S1,2024-05-11,Ordinario,A,46,12,58,Reprobado,ACTA-2024-S1-2825-A-ORD,Normal,2024-05-11,46,12,58,False,False
68d355f1-6155-5bf7-a1f7-df1e2af2313a,2825,S1,2024-05-11,Ordinario,A,48,16,64,Aprobado,ACTA-2024-S1-2825-A-ORD,Normal,2024-05-11,48,16,64,False,False
6af2858e-1d0c-505f-8272-789dcd0a9bf5,2825,S1,2024-05-11,Ordinario,A,48,20,68,Aprobado,ACTA-2024-S1-2825-A-ORD,Normal,2024-05-11,48,20,68,False,False
823b4866-812a-5280-9922-7a6ce48df3ae,2825,S1,2024-05-11,Ordinario,A,50,3,53,Reprobado,ACTA-2024-S1-2825-A-ORD,Normal,2024-05-11,50,3,53,False,False
8942056f-ad5d-5e4f-abe0-9664b990f490,2825,S1,2024-05-11,Ordinario,A,50,1,51,Reprobado,ACTA-2024-S1-2825-A-ORD,Normal,2024-05-11,50,1,51,False,False
c83f656f-fd8a-563a-85fd-9a8f9539d381,2825,S1,2024-05-11,Ordinario,A,31,20,51,Reprobado,ACTA-2024-S1-2825-A-ORD,Normal,2024-05-11,31,20,51,False,False
c9d2363e-8ced-5661-aa58-506752643073,2825,S1,2024-05-11,Ordinario,A,53,25,78,Aprobado,ACTA-2024-S1-2825-A-ORD,Normal,2024-05-11,53,25,78,False,False
d18b43dd-fa9f-5af3-b2cd-507f5315f597,2825,S1,2024-05-11,Ordinario,A,49,30,79,Aprobado,ACTA-2024-S1-2825-A-ORD,Normal,2024-05-11,49,30,79,False,False
e3f06cc9-e450-5211-aaa7-d1e490dfed18,2825,S1,2024-05-11,Ordinario,A,58,9,67,Aprobado,ACTA-2024-S1-2825-A-ORD,Normal,2024-05-11,58,9,67,False,False
f2b9a44a-2706-5151-be54-8e3148495c13,2825,S1,2024-05-11,Ordinario,A,43,21,64,Aprobado,ACTA-2024-S1-2825-A-ORD,Normal,2024-05-11,43,21,64,False,False
f39a2924-9c6d-574b-85f9-9602ce0e6bd3,2825,S1,2024-05-11,Ordinario,A,57,17,74,Aprobado,ACTA-2024-S1-2825-A-ORD,Normal,2024-05-11,57,17,74,False,False
3b36b2ad-44dd-5a2d-9040-f4de57c705b1,2825,S1,2024-05-23,Primera recuperacion,A,46,12,58,Reprobado,ACTA-2024-S1-2825-A-REC1,Normal,2024-05-23,46,12,58,False,False
823b4866-812a-5280-9922-7a6ce48df3ae,2825,S1,2024-05-23,Primera recuperacion,A,50,3,53,Reprobado,ACTA-2024-S1-2825-A-REC1,Normal,2024-05-23,50,3,53,False,False
8942056f-ad5d-5e4f-abe0-9664b990f490,2825,S1,2024-05-23,Primera recuperacion,A,50,1,51,Reprobado,ACTA-2024-S1-2825-A-REC1,Normal,2024-05-23,50,1,51,False,False
c83f656f-fd8a-563a-85fd-9a8f9539d381,2825,S1,2024-05-23,Primera recuperacion,A,31,30,61,Aprobado,ACTA-2024-S1-2825-A-REC1,Normal,2024-05-23,31,30,61,False,False
3b36b2ad-44dd-5a2d-9040-f4de57c705b1,2825,S1,2024-07-08,Segunda recuperacion,A,46,24,70,Aprobado,ACTA-2024-S1-2825-A-REC2,Normal,2024-07-08,46,24,70,False,False
823b4866-812a-5280-9922-7a6ce48df3ae,2825,S1,2024-07-08,Segunda recuperacion,A,50,3,53,Reprobado,ACTA-2024-S1-2825-A-REC2,Normal,2024-07-08,50,3,53,False,False
02d73083-ab69-51c4-805a-720d97598b43,2826,S1,2024-05-11,Ordinario,A,46,12,58,Reprobado,ACTA-2024-S1-2826-A-ORD,Normal,2024-05-11,46,12,58,False,False
3729cff5-4cf8-547f-93c3-463ddacaa886,2826,S1,2024-05-11,Ordinario,A,58,28,86,Aprobado,ACTA-2024-S1-2826-A-ORD,Normal,2024-05-11,58,28,86,False,False
38cb34a5-05a5-5af4-8c59-1127a33a6e3e,2826,S1,2024-05-11,Ordinario,A,54,6,60,Reprobado,ACTA-2024-S1-2826-A-ORD,Normal,2024-05-11,54,6,60,False,False
56a5ce3c-8d0b-51a5-940f-f3e91b040fcc,2826,S1,2024-05-11,Ordinario,A,42,22,64,Aprobado,ACTA-2024-S1-2826-A-ORD,Normal,2024-05-11,42,22,64,False,False
68d355f1-6155-5bf7-a1f7-df1e2af2313a,2826,S1,2024-05-11,Ordinario,A,64,2,66,Aprobado,ACTA-2024-S1-2826-A-ORD,Normal,2024-05-11,64,2,66,False,False
6af2858e-1d0c-505f-8272-789dcd0a9bf5,2826,S1,2024-05-11,Ordinario,A,51,17,68,Aprobado,ACTA-2024-S1-2826-A-ORD,Normal,2024-05-11,51,17,68,False,False
819e3498-97dd-5043-9bf3-b2813d4d41f6,2826,S1,2024-05-11,Ordinario,A,35,25,60,Reprobado,ACTA-2024-S1-2826-A-ORD,Normal,2024-05-11,35,25,60,False,False
94797180-4529-5bbd-b17a-b1f61fd97dab,2826,S1,2024-05-11,Ordinario,A,53,21,74,Aprobado,ACTA-2024-S1-2826-A-ORD,Normal,2024-05-11,53,21,74,False,False
c536f584-6511-5834-9001-81b90ae09a0a,2826,S1,2024-05-11,Ordinario,A,64,8,72,Aprobado,ACTA-2024-S1-2826-A-ORD,Normal,2024-05-11,64,8,72,False,False
c83f656f-fd8a-563a-85fd-9a8f9539d381,2826,S1,2024-05-11,Ordinario,A,34,7,41,Reprobado,ACTA-2024-S1-2826-A-ORD,Normal,2024-05-11,34,7,41,False,False
d0ad0b2d-4aa7-5f82-b60f-d5d1853af793,2826,S1,2024-05-11,Ordinario,A,59,18,77,Aprobado,ACTA-2024-S1-2826-A-ORD,Normal,2024-05-11,59,18,77,False,False
d0cf7e89-3fc9-5ac9-94b2-1ba5d480cdb1,2826,S1,2024-05-11,Ordinario,A,65,0,65,Aprobado,ACTA-2024-S1-2826-A-ORD,Normal,2024-05-11,65,0,65,False,False
e3e96b5f-57f6-51ec-9525-aea706ce36ab,2826,S1,2024-05-11,Ordinario,A,47,11,58,Reprobado,ACTA-2024-S1-2826-A-ORD,Normal,2024-05-11,47,11,58,False,False
02d73083-ab69-51c4-805a-720d97598b43,2826,S1,2024-05-23,Primera recuperacion,A,46,12,58,Reprobado,ACTA-2024-S1-2826-A-REC1,Normal,2024-05-23,46,12,58,False,False
819e3498-97dd-5043-9bf3-b2813d4d41f6,2826,S1,2024-05-23,Primera recuperacion,A,35,25,60,Reprobado,ACTA-2024-S1-2826-A-REC1,Normal,2024-05-23,35,25,60,False,False
c83f656f-fd8a-563a-85fd-9a8f9539d381,2826,S1,2024-05-23,Primera recuperacion,A,34,7,41,Reprobado,ACTA-2024-S1-2826-A-REC1,Normal,2024-05-23,34,7,41,False,False
e3e96b5f-57f6-51ec-9525-aea706ce36ab,2826,S1,2024-05-23,Primera recuperacion,A,47,28,75,Aprobado,ACTA-2024-S1-2826-A-REC1,Normal,2024-05-23,47,28,75,False,False
819e3498-97dd-5043-9bf3-b2813d4d41f6,2826,S1,2024-07-08,Segunda recuperacion,A,35,25,60,Reprobado,ACTA-2024-S1-2826-A-REC2,Normal,2024-07-08,35,25,60,False,False
c83f656f-fd8a-563a-85fd-9a8f9539d381,2826,S1,2024-07-08,Segunda recuperacion,A,34,28,62,Aprobado,ACTA-2024-S1-2826-A-REC2,Normal,2024-07-08,34,28,62,False,False
1b7adb46-da25-57cc-ad1c-f57382ea2726,2827,S1,2024-05-14,Ordinario,A,36,1,37,Reprobado,ACTA-2024-S1-2827-A-ORD,Normal,2024-05-14,36,1,37,False,False
31c0d36d-c8d2-5f54-8576-179c5db0d849,2827,S1,2024-05-14,Ordinario,A,56,24,80,Aprobado,ACTA-2024-S1-2827-A-ORD,Normal,2024-05-14,56,24,80,False,False
48fc640e-bda5-5ade-8116-7cded5b90465,2827,S1,2024-05-14,Ordinario,A,45,0,45,Reprobado,ACTA-2024-S1-2827-A-ORD,Normal,2024-05-14,45,0,45,False,False
68d355f1-6155-5bf7-a1f7-df1e2af2313a,2827,S1,2024-05-14,Ordinario,A,41,20,61,Aprobado,ACTA-2024-S1-2827-A-ORD,Normal,2024-05-14,41,20,61,False,False
94797180-4529-5bbd-b17a-b1f61fd97dab,2827,S1,2024-05-14,Ordinario,A,35,9,44,Reprobado,ACTA-2024-S1-2827-A-ORD,Normal,2024-05-14,35,9,44,False,False
a069913d-2dd9-5940-ae5c-c8d6c78649f4,2827,S1,2024-05-14,Ordinario,A,56,24,80,Aprobado,ACTA-2024-S1-2827-A-ORD,Normal,2024-05-14,56,24,80,False,False
c83f656f-fd8a-563a-85fd-9a8f9539d381,2827,S1,2024-05-14,Ordinario,A,52,6,58,Reprobado,ACTA-2024-S1-2827-A-ORD,Normal,2024-05-14,52,6,58,False,False
d59271aa-80c7-5dac-9158-b805a029afa6,2827,S1,2024-05-14,Ordinario,A,50,NSP,50,NSP,ACTA-2024-S1-2827-A-ORD,Normal,2024-05-14,50,,50,False,True
e3f06cc9-e450-5211-aaa7-d1e490dfed18,2827,S1,2024-05-14,Ordinario,A,68,17,85,Aprobado,ACTA-2024-S1-2827-A-ORD,Normal,2024-05-14,68,17,85,False,False
e51922a4-dfe4-5ac3-a000-6761f11e2a08,2827,S1,2024-05-14,Ordinario,A,54,2,56,Reprobado,ACTA-2024-S1-2827-A-ORD,Normal,2024-05-14,54,2,56,False,False
f39a2924-9c6d-574b-85f9-9602ce0e6bd3,2827,S1,2024-05-14,Ordinario,A,49,22,71,Aprobado,ACTA-2024-S1-2827-A-ORD,Normal,2024-05-14,49,22,71,False,False
1b7adb46-da25-57cc-ad1c-f57382ea2726,2827,S1,2024-05-26,Primera recuperacion,A,36,1,37,Reprobado,ACTA-2024-S1-2827-A-REC1,Normal,2024-05-26,36,1,37,False,False
48fc640e-bda5-5ade-8116-7cded5b90465,2827,S1,2024-05-26,Primera recuperacion,A,45,0,45,Reprobado,ACTA-2024-S1-2827-A-REC1,Normal,2024-05-26,45,0,45,False,False
94797180-4529-5bbd-b17a-b1f61fd97dab,2827,S1,2024-05-26,Primera recuperacion,A,35,30,65,Aprobado,ACTA-2024-S1-2827-A-REC1,Normal,2024-05-26,35,30,65,False,False
c83f656f-fd8a-563a-85fd-9a8f9539d381,2827,S1,2024-05-26,Primera recuperacion,A,52,6,58,Reprobado,ACTA-2024-S1-2827-A-REC1,Normal,2024-05-26,52,6,58,False,False
e51922a4-dfe4-5ac3-a000-6761f11e2a08,2827,S1,2024-05-26,Primera recuperacion,A,54,20,74,Aprobado,ACTA-2024-S1-2827-A-REC1,Normal,2024-05-26,54,20,74,False,False
1b7adb46-da25-57cc-ad1c-f57382ea2726,2827,S1,2024-07-09,Segunda recuperacion,A,36,1,37,Reprobado,ACTA-2024-S1-2827-A-REC2,Normal,2024-07-09,36,1,37,False,False
48fc640e-bda5-5ade-8116-7cded5b90465,2827,S1,2024-07-09,Segunda recuperacion,A,45,0,45,Reprobado,ACTA-2024-S1-2827-A-REC2,Normal,2024-07-09,45,0,45,False,False
c83f656f-fd8a-563a-85fd-9a8f9539d381,2827,S1,2024-07-09,Segunda recuperacion,A,52,27,79,Aprobado,ACTA-2024-S1-2827-A-REC2,Normal,2024-07-09,52,27,79,False,False
3729cff5-4cf8-547f-93c3-463ddacaa886,2828,S1,2024-05-07,Ordinario,A,47,12,59,Reprobado,ACTA-2024-S1-2828-A-ORD,Normal,2024-05-07,47,12,59,False,False
a069913d-2dd9-5940-ae5c-c8d6c78649f4,2828,S1,2024-05-07,Ordinario,A,41,13,54,Reprobado,ACTA-2024-S1-2828-A-ORD,Normal,2024-05-07,41,13,54,False,False
c536f584-6511-5834-9001-81b90ae09a0a,2828,S1,2024-05-07,Ordinario,A,55,29,84,Aprobado,ACTA-2024-S1-2828-A-ORD,Normal,2024-05-07,55,29,84,False,False
d18b43dd-fa9f-5af3-b2cd-507f5315f597,2828,S1,2024-05-07,Ordinario,A,61,15,76,Aprobado,ACTA-2024-S1-2828-A-ORD,Normal,2024-05-07,61,15,76,False,False
f2b9a44a-2706-5151-be54-8e3148495c13,2828,S1,2024-05-07,Ordinario,A,53,26,79,Aprobado,ACTA-2024-S1-2828-A-ORD,Normal,2024-05-07,53,26,79,False,False
97e3a24a-1951-5cc2-923b-6191af630108,2828,S1,2024-05-12,Equivalencia,A,EQ,EQ,EQ,Aprobado,ACTA-2024-S1-2828-A-EQ,Normal,2024-05-12,,,,True,False
d0ad0b2d-4aa7-5f82-b60f-d5d1853af793,2828,S1,2024-05-12,Equivalencia,A,EQ,EQ,EQ,Aprobado,ACTA-2024-S1-2828-A-EQ,Normal,2024-05-12,,,,True,False
819e3498-97dd-5043-9bf3-b2813d4d41f6,2829,S1,2024-05-09,Ordinario,A,53,2,55,Reprobado,ACTA-2024-S1-2829-A-ORD,Normal,2024-05-09,53,2,55,False,False
c536f584-6511-5834-9001-81b90ae09a0a,2829,S1,2024-05-09,Ordinario,A,56,23,79,Aprobado,ACTA-2024-S1-2829-A-ORD,Normal,2024-05-09,56,23,79,False,False
d0ad0b2d-4aa7-5f82-b60f-d5d1853af793,2829,S1,2024-05-09,Ordinario,A,43,28,71,Aprobado,ACTA-2024-S1-2829-A-ORD,Normal,2024-05-09,43,28,71,False,False
f2b9a44a-2706-5151-be54-8e3148495c13,2829,S1,2024-05-09,Ordinario,A,51,9,60,Reprobado,ACTA-2024-S1-2829-A-ORD,Normal,2024-05-09,51,9,60,False,False
f39a2924-9c6d-574b-85f9-9602ce0e6bd3,2829,S1,2024-05-09,Ordinario,A,41,21,62,Aprobado,ACTA-2024-S1-2829-A-ORD,Normal,2024-05-09,41,21,62,False,False
0cde0ab4-cadb-52c2-b390-b7f6afe8746c,290,S1,2024-05-08,Ordinario,A,32,5,37,Reprobado,ACTA-2024-S1-290-A-ORD,Normal,2024-05-08,32,5,37,False,False
160c76d2-e6fd-5b5f-848d-57e6bb964df3,290,S1,2024-05-08,Ordinario,A,44,25,69,Aprobado,ACTA-2024-S1-290-A-ORD,Normal,2024-05-08,44,25,69,False,False
18744750-066d-5952-a07f-87fe04f11287,290,S1,2024-05-08,Ordinario,A,36,4,40,Reprobado,ACTA-2024-S1-290-A-ORD,Normal,2024-05-08,36,4,40,False,False
1f6f1f28-074c-59c7-92b8-d6e9c19bdd7a,290,S1,2024-05-08,Ordinario,A,45,18,63,Aprobado,ACTA-2024-S1-290-A-ORD,Normal,2024-05-08,45,18,63,False,False
2025c707-2bf8-5151-be4c-a2a603e99860,290,S1,2024-05-08,Ordinario,A,41,26,67,Aprobado,ACTA-2024-S1-290-A-ORD,Normal,2024-05-08,41,26,67,False,False
25841c45-8811-545f-b5e2-6b2d705ec4c7,290,S1,2024-05-08,Ordinario,A,49,30,79,Aprobado,ACTA-2024-S1-290-A-ORD,Normal,2024-05-08,49,30,79,False,False
71806101-b15f-5375-91f0-eafc01d04a08,290,S1,2024-05-08,Ordinario,A,37,30,67,Aprobado,ACTA-2024-S1-290-A-ORD,Normal,2024-05-08,37,30,67,False,False
94c2d2be-6e25-5d7c-a62b-a4c80507cb2b,290,S1,2024-05-08,Ordinario,A,49,0,49,Reprobado,ACTA-2024-S1-290-A-ORD,Normal,2024-05-08,49,0,49,False,False
a20155e8-2dc9-5995-816b-3cb66b43ad43,290,S1,2024-05-08,Ordinario,A,65,12,77,Aprobado,ACTA-2024-S1-290-A-ORD,Normal,2024-05-08,65,12,77,False,False
a397aa26-43c1-5dd5-8ded-d294dadfb78d,290,S1,2024-05-08,Ordinario,A,49,26,75,Aprobado,ACTA-2024-S1-290-A-ORD,Normal,2024-05-08,49,26,75,False,False
b0348df3-fe64-57fb-9a16-ef1d46254d7e,290,S1,2024-05-08,Ordinario,A,49,9,58,Reprobado,ACTA-2024-S1-290-A-ORD,Normal,2024-05-08,49,9,58,False,False
d3acc96f-c21a-5c20-96fb-a688c8734bfe,290,S1,2024-05-08,Ordinario,A,44,17,61,Aprobado,ACTA-2024-S1-290-A-ORD,Normal,2024-05-08,44,17,61,False,False
18744750-066d-5952-a07f-87fe04f11287,290,S1,2024-05-24,Primera recuperacion,A,36,4,40,Reprobado,ACTA-2024-S1-290-A-REC1,Normal,2024-05-24,36,4,40,False,False
94c2d2be-6e25-5d7c-a62b-a4c80507cb2b,290,S1,2024-05-24,Primera recuperacion,A,49,26,75,Aprobado,ACTA-2024-S1-290-A-REC1,Normal,2024-05-24,49,26,75,False,False
b0348df3-fe64-57fb-9a16-ef1d46254d7e,290,S1,2024-05-24,Primera recuperacion,A,49,9,58,Reprobado,ACTA-2024-S1-290-A-REC1,Normal,2024-05-24,49,9,58,False,False
25077c77-5aee-5d93-8a36-c5b57da00dc0,290,S1,2024-05-15,Ordinario,B,54,4,58,Reprobado,ACTA-2024-S1-290-B-ORD,Normal,2024-05-15,54,4,58,False,False
37298f71-ec61-5e5c-ad25-86570c15f7ec,290,S1,2024-05-15,Ordinario,B,46,NSP,46,NSP,ACTA-2024-S1-290-B-ORD,Normal,2024-05-15,46,,46,False,True
390a81e9-c184-59de-8b1f-aa4c16c462b8,290,S1,2024-05-15,Ordinario,B,38,27,65,Aprobado,ACTA-2024-S1-290-B-ORD,Normal,2024-05-15,38,27,65,False,False
3b839c8a-1e03-5728-b057-2689dbdd202e,290,S1,2024-05-15,Ordinario,B,34,22,56,Reprobado,ACTA-2024-S1-290-B-ORD,Normal,2024-05-15,34,22,56,False,False
3d26acfe-2654-5f55-abd4-4977a7b03cf5,290,S1,2024-05-15,Ordinario,B,57,20,77,Aprobado,ACTA-2024-S1-290-B-ORD,Normal,2024-05-15,57,20,77,False,False
3f6b4811-4804-539a-990b-aa859b6d7359,290,S1,2024-05-15,Ordinario,B,44,19,63,Aprobado,ACTA-2024-S1-290-B-ORD,Normal,2024-05-15,44,19,63,False,False
490c9487-1342-5062-a509-90370d598267,290,S1,2024-05-15,Ordinario,B,47,25,72,Aprobado,ACTA-2024-S1-290-B-ORD,Normal,2024-05-15,47,25,72,False,False
49b58f54-b0f3-5a4f-b91f-0f3ad303fe50,290,S1,2024-05-15,Ordinario,B,60,19,79,Aprobado,ACTA-2024-S1-290-B-ORD,Normal,2024-05-15,60,19,79,False,False
6b0fa083-89e1-5c4a-9ebd-503d3bf9b28b,290,S1,2024-05-15,Ordinario,B,47,27,74,Aprobado,ACTA-2024-S1-290-B-ORD,Normal,2024-05-15,47,27,74,False,False
9db9b320-6e2b-5cf7-9e83-bba0130684c9,290,S1,2024-05-15,Ordinario,B,37,12,49,Reprobado,ACTA-2024-S1-290-B-ORD,Normal,2024-05-15,37,12,49,False,False
9ef93136-4252-556a-b27a-56284b0733c6,290,S1,2024-05-15,Ordinario,B,45,19,64,Aprobado,ACTA-2024-S1-290-B-ORD,Normal,2024-05-15,45,19,64,False,False
a252557b-6fa4-5ac7-b1b4-dfa120d1e728,290,S1,2024-05-15,Ordinario,B,45,27,72,Aprobado,ACTA-2024-S1-290-B-ORD,Normal,2024-05-15,45,27,72,False,False
bfcdedcc-bb15-55d3-af36-398b47e8169b,290,S1,2024-05-15,Ordinario,B,67,23,90,Aprobado,ACTA-2024-S1-290-B-ORD,Normal,2024-05-15,67,23,90,False,False
e433d0b0-de78-5b0f-9cd1-397f7d94f630,290,S1,2024-05-15,Ordinario,B,33,6,39,Reprobado,ACTA-2024-S1-290-B-ORD,Normal,2024-05-15,33,6,39,False,False
ec22dbbf-bcda-5f1d-bfc8-a82e55ec7de9,290,S1,2024-05-15,Ordinario,B,41,22,63,Aprobado,ACTA-2024-S1-290-B-ORD,Normal,2024-05-15,41,22,63,False,False
f244a686-f32b-5770-9d6b-044f508009fa,290,S1,2024-05-15,Ordinario,B,54,0,54,Reprobado,ACTA-2024-S1-290-B-ORD,Normal,2024-05-15,54,0,54,False,False
f4bcda92-d4d7-507e-b697-5600cac6f573,290,S1,2024-05-15,Ordinario,B,58,13,71,Aprobado,ACTA-2024-S1-290-B-ORD,Normal,2024-05-15,58,13,71,False,False
fc68457e-7e7c-5698-a1c7-1ed0dccba4b3,290,S1,2024-05-15,Ordinario,B,48,0,48,Reprobado,ACTA-2024-S1-290-B-ORD,Normal,2024-05-15,48,0,48,False,False
25077c77-5aee-5d93-8a36-c5b57da00dc0,290,S1,2024-05-28,Primera recuperacion,B,54,4,58,Reprobado,ACTA-2024-S1-290-B-REC1,Normal,2024-05-28,54,4,58,False,False
3b839c8a-1e03-5728-b057-2689dbdd202e,290,S1,2024-05-28,Primera recuperacion,B,34,22,56,Reprobado,ACTA-2024-S1-290-B-REC1,Normal,2024-05-28,34,22,56,False,False
e433d0b0-de78-5b0f-9cd1-397f7d94f630,290,S1,2024-05-28,Primera recuperacion,B,33,30,63,Aprobado,ACTA-2024-S1-290-B-REC1,Normal,2024-05-28,33,30,63,False,False
f244a686-f32b-5770-9d6b-044f508009fa,290,S1,2024-05-28,Primera recuperacion,B,54,0,54,Reprobado,ACTA-2024-S1-290-B-REC1,Normal,2024-05-28,54,0,54,False,False
fc68457e-7e7c-5698-a1c7-1ed0dccba4b3,290,S1,2024-05-28,Primera recuperacion,B,48,0,48,Reprobado,ACTA-2024-S1-290-B-REC1,Normal,2024-05-28,48,0,48,False,False
25077c77-5aee-5d93-8a36-c5b57da00dc0,290,S1,2024-07-08,Segunda recuperacion,B,54,28,82,Aprobado,ACTA-2024-S1-290-B-REC2,Normal,2024-07-08,54,28,82,False,False
fc68457e-7e7c-5698-a1c7-1ed0dccba4b3,290,S1,2024-07-08,Segunda recuperacion,B,48,0,48,Reprobado,ACTA-2024-S1-290-B-REC2,Normal,2024-07-08,48,0,48,False,False
061443c8-a609-5195-99f3-6ded28732468,290,S1,2024-05-11,Ordinario,C,42,28,70,Aprobado,ACTA-2024-S1-290-C-ORD,Normal,2024-05-11,42,28,70,False,False
0c7a60bb-8fd5-5785-ae40-5a238188aebd,290,S1,2024-05-11,Ordinario,C,62,30,92,Aprobado,ACTA-2024-S1-290-C-ORD,Normal,2024-05-11,62,30,92,False,False
0ee9e680-12e5-50e4-b182-3e780e680246,290,S1,2024-05-11,Ordinario,C,57,10,67,Aprobado,ACTA-2024-S1-290-C-ORD,Normal,2024-05-11,57,10,67,False,False
184c1de9-fa20-510e-b160-68ad1dc84065,290,S1,2024-05-11,Ordinario,C,64,5,69,Aprobado,ACTA-2024-S1-290-C-ORD,Normal,2024-05-11,64,5,69,False,False
1f2beec5-6645-5d05-82ee-24ac5912f380,290,S1,2024-05-11,Ordinario,C,66,6,72,Aprobado,ACTA-2024-S1-290-C-ORD,Normal,2024-05-11,66,6,72,False,False
23d99703-dc71-5cfb-be2e-7b094396d2e1,290,S1,2024-05-11,Ordinario,C,53,7,60,Reprobado,ACTA-2024-S1-290-C-ORD,Normal,2024-05-11,53,7,60,False,False
257724e2-11c9-5663-88d5-df9d1c7c66c6,290,S1,2024-05-11,Ordinario,C,60,25,85,Aprobado,ACTA-2024-S1-290-C-ORD,Normal,2024-05-11,60,25,85,False,False
25e84c4c-0e95-5f03-a935-f30e7f0de6b0,290,S1,2024-05-11,Ordinario,C,38,24,62,Aprobado,ACTA-2024-S1-290-C-ORD,Normal,2024-05-11,38,24,62,False,False
26d5d2fd-ceb5-56b7-bf84-f028a12bf50c,290,S1,2024-05-11,Ordinario,C,57,28,85,Aprobado,ACTA-2024-S1-290-C-ORD,Normal,2024-05-11,57,28,85,False,False
2a6bef91-9d34-57ef-9ecf-910d7d7bfd14,290,S1,2024-05-11,Ordinario,C,50,11,61,Aprobado,ACTA-2024-S1-290-C-ORD,Normal,2024-05-11,50,11,61,False,False
2e531479-2e51-5b22-9a96-785cdab828d1,290,S1,2024-05-11,Ordinario,C,56,14,70,Aprobado,ACTA-2024-S1-290-C-ORD,Normal,2024-05-11,56,14,70,False,False
34986bea-a380-5964-a9fe-b7d8075f0cd5,290,S1,2024-05-11,Ordinario,C,47,28,75,Aprobado,ACTA-2024-S1-290-C-ORD,Normal,2024-05-11,47,28,75,False,False
34cda5e3-c5d3-54b8-aeb1-bfb0d468bf7f,290,S1,2024-05-11,Ordinario,C,52,12,64,Aprobado,ACTA-2024-S1-290-C-ORD,Normal,2024-05-11,52,12,64,False,False
3b72ef3a-35be-57ea-9618-876a2c6483e8,290,S1,2024-05-11,Ordinario,C,38,23,61,Aprobado,ACTA-2024-S1-290-C-ORD,Normal,2024-05-11,38,23,61,False,False
3bdd6bd7-2493-5fef-97d2-19101e40630a,290,S1,2024-05-11,Ordinario,C,42,5,47,Reprobado,ACTA-2024-S1-290-C-ORD,Normal,2024-05-11,42,5,47,False,False
483edcff-dbbf-5447-b9d9-095557232b02,290,S1,2024-05-11,Ordinario,C,45,30,75,Aprobado,ACTA-2024-S1-290-C-ORD,Normal,2024-05-11,45,30,75,False,False
490c004f-42a1-534f-b227-8fe75437eaed,290,S1,2024-05-11,Ordinario,C,60,6,66,Aprobado,ACTA-2024-S1-290-C-ORD,Normal,2024-05-11,60,6,66,False,False
4fd48cf3-f8af-550e-a2d0-220e5a797783,290,S1,2024-05-11,Ordinario,C,41,0,41,Reprobado,ACTA-2024-S1-290-C-ORD,Normal,2024-05-11,41,0,41,False,False
6c433ed9-ad1e-51e2-9d31-0f92474524f1,290,S1,2024-05-11,Ordinario,C,42,0,42,Reprobado,ACTA-2024-S1-290-C-ORD,Normal,2024-05-11,42,0,42,False,False
70b2bc66-3db1-536f-8061-39cc18e139ea,290,S1,2024-05-11,Ordinario,C,56,19,75,Aprobado,ACTA-2024-S1-290-C-ORD,Normal,2024-05-11,56,19,75,False,False
751429d0-55a4-50e5-96d4-4ff1fdfc02c0,290,S1,2024-05-11,Ordinario,C,51,7,58,Reprobado,ACTA-2024-S1-290-C-ORD,Normal,2024-05-11,51,7,58,False,False
760374e5-fa63-5431-b172-de8a0abbce5f,290,S1,2024-05-11,Ordinario,C,46,12,58,Reprobado,ACTA-2024-S1-290-C-ORD,Normal,2024-05-11,46,12,58,False,False
766a215c-fae4-5d87-86b1-a6544ab14748,290,S1,2024-05-11,Ordinario,C,52,28,80,Aprobado,ACTA-2024-S1-290-C-ORD,Normal,2024-05-11,52,28,80,False,False
808862a1-f703-5d96-9eb0-dee85a54f151,290,S1,2024-05-11,Ordinario,C,68,7,75,Aprobado,ACTA-2024-S1-290-C-ORD,Normal,2024-05-11,68,7,75,False,False
819b9b1c-476d-5b64-949b-8bb80947bfde,290,S1,2024-05-11,Ordinario,C,51,17,68,Aprobado,ACTA-2024-S1-290-C-ORD,Normal,2024-05-11,51,17,68,False,False
8bc03924-39b4-5c0a-985f-6cb1afe0a9e9,290,S1,2024-05-11,Ordinario,C,50,14,64,Aprobado,ACTA-2024-S1-290-C-ORD,Normal,2024-05-11,50,14,64,False,False
8dc5c8ce-0b27-50c3-bec7-fce9414db9bf,290,S1,2024-05-11,Ordinario,C,45,7,52,Reprobado,ACTA-2024-S1-290-C-ORD,Normal,2024-05-11,45,7,52,False,False
8feda068-15b3-578a-b249-a538441fafb6,290,S1,2024-05-11,Ordinario,C,53,1,54,Reprobado,ACTA-2024-S1-290-C-ORD,Normal,2024-05-11,53,1,54,False,False
97171161-ceef-5159-92b0-c9415c6d7403,290,S1,2024-05-11,Ordinario,C,39,24,63,Aprobado,ACTA-2024-S1-290-C-ORD,Normal,2024-05-11,39,24,63,False,False
99e6be68-8a89-5792-85ba-477b1d7e300b,290,S1,2024-05-11,Ordinario,C,52,6,58,Reprobado,ACTA-2024-S1-290-C-ORD,Normal,2024-05-11,52,6,58,False,False
a0255bd2-c49d-5e1e-9f89-cd10cc01f918,290,S1,2024-05-11,Ordinario,C,53,2,55,Reprobado,ACTA-2024-S1-290-C-ORD,Normal,2024-05-11,53,2,55,False,False
a029f47b-dd20-5fb5-9265-eb5443fecfd1,290,S1,2024-05-11,Ordinario,C,37,26,63,Aprobado,ACTA-2024-S1-290-C-ORD,Normal,2024-05-11,37,26,63,False,False
a2b5f5b2-e9f5-5757-9f6e-7438a476abc5,290,S1,2024-05-11,Ordinario,C,53,7,60,Reprobado,ACTA-2024-S1-290-C-ORD,Normal,2024-05-11,53,7,60,False,False
adaf3c7a-3e47-5989-abc3-94ddc1fa8301,290,S1,2024-05-11,Ordinario,C,55,14,69,Aprobado,ACTA-2024-S1-290-C-ORD,Normal,2024-05-11,55,14,69,False,False
af7170d5-79af-53e8-ac44-8d6b7e8ad951,290,S1,2024-05-11,Ordinario,C,41,13,54,Reprobado,ACTA-2024-S1-290-C-ORD,Normal,2024-05-11,41,13,54,False,False
c27c04eb-b36c-5f95-a9ff-ba3b43c1f175,290,S1,2024-05-11,Ordinario,C,50,NSP,50,NSP,ACTA-2024-S1-290-C-ORD,Normal,2024-05-11,50,,50,False,True
ca045e8e-72e0-524e-b94e-790662c03e9c,290,S1,2024-05-11,Ordinario,C,58,9,67,Aprobado,ACTA-2024-S1-290-C-ORD,Normal,2024-05-11,58,9,67,False,False
ca6fc301-a539-586c-9789-e3d1605db2b0,290,S1,2024-05-11,Ordinario,C,42,10,52,Reprobado,ACTA-2024-S1-290-C-ORD,Normal,2024-05-11,42,10,52,False,False
cd28b7e2-8009-5ab7-bfab-ba2f84ee3e52,290,S1,2024-05-11,Ordinario,C,49,16,65,Aprobado,ACTA-2024-S1-290-C-ORD,Normal,2024-05-11,49,16,65,False,False
d4aa7cc1-7a50-5352-8316-3d2d7fa077d2,290,S1,2024-05-11,Ordinario,C,67,20,87,Aprobado,ACTA-2024-S1-290-C-ORD,Normal,2024-05-11,67,20,87,False,False
d5aaa6eb-6692-5c69-b2a8-cf5b1835b425,290,S1,2024-05-11,Ordinario,C,65,25,90,Aprobado,ACTA-2024-S1-290-C-ORD,Normal,2024-05-11,65,25,90,False,False
e21547f5-5ca5-5a65-9672-e1f99f10125a,290,S1,2024-05-11,Ordinario,C,36,22,58,Reprobado,ACTA-2024-S1-290-C-ORD,Normal,2024-05-11,36,22,58,False,False
eae6527b-b1e4-5222-b4d0-ac6089abf79f,290,S1,2024-05-11,Ordinario,C,39,NSP,39,NSP,ACTA-2024-S1-290-C-ORD,Normal,2024-05-11,39,,39,False,True
f199e5f4-121f-5cf5-ba7c-98bc08d9eb4c,290,S1,2024-05-11,Ordinario,C,55,4,59,Reprobado,ACTA-2024-S1-290-C-ORD,Normal,2024-05-11,55,4,59,False,False
f250f78e-a10d-5ef3-be84-18dfa329601a,290,S1,2024-05-11,Ordinario,C,68,7,75,Aprobado,ACTA-2024-S1-290-C-ORD,Normal,2024-05-11,68,7,75,False,False
fb167343-6dc1-5b01-b2b2-486e33496558,290,S1,2024-05-11,Ordinario,C,47,24,71,Aprobado,ACTA-2024-S1-290-C-ORD,Normal,2024-05-11,47,24,71,False,False
23d99703-dc71-5cfb-be2e-7b094396d2e1,290,S1,2024-05-28,Primera recuperacion,C,53,7,60,Reprobado,ACTA-2024-S1-290-C-REC1,Normal,2024-05-28,53,7,60,False,False
3bdd6bd7-2493-5fef-97d2-19101e40630a,290,S1,2024-05-28,Primera recuperacion,C,42,5,47,Reprobado,ACTA-2024-S1-290-C-REC1,Normal,2024-05-28,42,5,47,False,False
4fd48cf3-f8af-550e-a2d0-220e5a797783,290,S1,2024-05-28,Primera recuperacion,C,41,25,66,Aprobado,ACTA-2024-S1-290-C-REC1,Normal,2024-05-28,41,25,66,False,False
751429d0-55a4-50e5-96d4-4ff1fdfc02c0,290,S1,2024-05-28,Primera recuperacion,C,51,7,58,Reprobado,ACTA-2024-S1-290-C-REC1,Normal,2024-05-28,51,7,58,False,False
8dc5c8ce-0b27-50c3-bec7-fce9414db9bf,290,S1,2024-05-28,Primera recuperacion,C,45,17,62,Aprobado,ACTA-2024-S1-290-C-REC1,Normal,2024-05-28,45,17,62,False,False
8feda068-15b3-578a-b249-a538441fafb6,290,S1,2024-05-28,Primera recuperacion,C,53,1,54,Reprobado,ACTA-2024-S1-290-C-REC1,Normal,2024-05-28,53,1,54,False,False
99e6be68-8a89-5792-85ba-477b1d7e300b,290,S1,2024-05-28,Primera recuperacion,C,52,6,58,Reprobado,ACTA-2024-S1-290-C-REC1,Normal,2024-05-28,52,6,58,False,False
a0255bd2-c49d-5e1e-9f89-cd10cc01f918,290,S1,2024-05-28,Primera recuperacion,C,53,12,65,Aprobado,ACTA-2024-S1-290-C-REC1,Normal,2024-05-28,53,12,65,False,False
ca6fc301-a539-586c-9789-e3d1605db2b0,290,S1,2024-05-28,Primera recuperacion,C,42,25,67,Aprobado,ACTA-2024-S1-290-C-REC1,Normal,2024-05-28,42,25,67,False,False
e21547f5-5ca5-5a65-9672-e1f99f10125a,290,S1,2024-05-28,Primera recuperacion,C,36,22,58,Reprobado,ACTA-2024-S1-290-C-REC1,Normal,2024-05-28,36,22,58,False,False
f199e5f4-121f-5cf5-ba7c-98bc08d9eb4c,290,S1,2024-05-28,Primera recuperacion,C,55,4,59,Reprobado,ACTA-2024-S1-290-C-REC1,Normal,2024-05-28,55,4,59,False,False
23d99703-dc71-5cfb-be2e-7b094396d2e1,290,S1,2024-07-06,Segunda recuperacion,C,53,9,62,Aprobado,ACTA-2024-S1-290-C-REC2,Normal,2024-07-06,53,9,62,False,False
99e6be68-8a89-5792-85ba-477b1d7e300b,290,S1,2024-07-06,Segunda recuperacion,C,52,21,73,Aprobado,ACTA-2024-S1-290-C-REC2,Normal,2024-07-06,52,21,73,False,False
38d3c179-d651-5b38-a95d-5f30eea49bc7,290,S1,2024-05-12,Ordinario,D,45,11,56,Reprobado,ACTA-2024-S1-290-D-ORD,Normal,2024-05-12,45,11,56,False,False
43568f87-d046-5ada-b5c5-049d7f35eb47,290,S1,2024-05-12,Ordinario,D,51,21,72,Aprobado,ACTA-2024-S1-290-D-ORD,Normal,2024-05-12,51,21,72,False,False
d931f9da-177d-519e-9604-82c77ffd7dfc,290,S1,2024-05-12,Ordinario,D,51,23,74,Aprobado,ACTA-2024-S1-290-D-ORD,Normal,2024-05-12,51,23,74,False,False
38d3c179-d651-5b38-a95d-5f30eea49bc7,290,S1,2024-05-24,Primera recuperacion,D,45,11,56,Reprobado,ACTA-2024-S1-290-D-REC1,Normal,2024-05-24,45,11,56,False,False
15a0bb40-c6d6-5f6a-8142-f1c5ba0a121a,291,S1,2024-05-11,Ordinario,A,57,27,84,Aprobado,ACTA-2024-S1-291-A-ORD,Normal,2024-05-11,57,27,84,False,False
229d23a0-bac6-55e3-9d53-ef85f45542e0,291,S1,2024-05-11,Ordinario,A,37,0,37,Reprobado,ACTA-2024-S1-291-A-ORD,Normal,2024-05-11,37,0,37,False,False
36f4d3ec-4023-5b34-8dc2-6e588a93f6a1,291,S1,2024-05-11,Ordinario,A,56,25,81,Aprobado,ACTA-2024-S1-291-A-ORD,Normal,2024-05-11,56,25,81,False,False
3e286a49-0d95-56da-aeae-91cae0ed2763,291,S1,2024-05-11,Ordinario,A,56,25,81,Aprobado,ACTA-2024-S1-291-A-ORD,Normal,2024-05-11,56,25,81,False,False
3f2755ef-7031-5580-be34-89f9ba198194,291,S1,2024-05-11,Ordinario,A,49,6,55,Reprobado,ACTA-2024-S1-291-A-ORD,Normal,2024-05-11,49,6,55,False,False
830d469b-5f0d-5c02-83e5-fb3ef8b12772,291,S1,2024-05-11,Ordinario,A,41,27,68,Aprobado,ACTA-2024-S1-291-A-ORD,Normal,2024-05-11,41,27,68,False,False
83c5a92d-1d67-5123-9563-d6dad24bbc27,291,S1,2024-05-11,Ordinario,A,43,23,66,Aprobado,ACTA-2024-S1-291-A-ORD,Normal,2024-05-11,43,23,66,False,False
857bee19-f5cc-5925-8f6d-5e6dc8b42cb7,291,S1,2024-05-11,Ordinario,A,52,30,82,Aprobado,ACTA-2024-S1-291-A-ORD,Normal,2024-05-11,52,30,82,False,False
8d0b01b6-3de2-5be7-87a9-01eb3806e177,291,S1,2024-05-11,Ordinario,A,43,27,70,Aprobado,ACTA-2024-S1-291-A-ORD,Normal,2024-05-11,43,27,70,False,False
9205f4d0-ca02-57f6-b51e-b705ac0898d7,291,S1,2024-05-11,Ordinario,A,44,9,53,Reprobado,ACTA-2024-S1-291-A-ORD,Normal,2024-05-11,44,9,53,False,False
a5be436a-cb69-5107-956d-501d659bb0d7,291,S1,2024-05-11,Ordinario,A,38,17,55,Reprobado,ACTA-2024-S1-291-A-ORD,Normal,2024-05-11,38,17,55,False,False
b1ada878-5ce8-5e51-bc44-6a5ae1f64971,291,S1,2024-05-11,Ordinario,A,57,NSP,57,NSP,ACTA-2024-S1-291-A-ORD,Normal,2024-05-11,57,,57,False,True
b1cce0db-3292-5ff2-837e-2fda6bc2eb62,291,S1,2024-05-11,Ordinario,A,54,5,59,Reprobado,ACTA-2024-S1-291-A-ORD,Normal,2024-05-11,54,5,59,False,False
b3997c2f-90c6-5168-9d2b-373122f6b85d,291,S1,2024-05-11,Ordinario,A,46,19,65,Aprobado,ACTA-2024-S1-291-A-ORD,Normal,2024-05-11,46,19,65,False,False
ba341cb6-848c-5d30-8bb3-6dc3b8ccd016,291,S1,2024-05-11,Ordinario,A,61,5,66,Aprobado,ACTA-2024-S1-291-A-ORD,Normal,2024-05-11,61,5,66,False,False
bed9e918-22d8-53c7-891c-03d1739f37c3,291,S1,2024-05-11,Ordinario,A,44,18,62,Aprobado,ACTA-2024-S1-291-A-ORD,Normal,2024-05-11,44,18,62,False,False
d0d32b44-cc7d-5dc8-8f44-2e0cadff8dca,291,S1,2024-05-11,Ordinario,A,59,12,71,Aprobado,ACTA-2024-S1-291-A-ORD,Normal,2024-05-11,59,12,71,False,False
efa55bd1-a3d6-552e-b4fc-91b4426c5818,291,S1,2024-05-11,Ordinario,A,43,15,58,Reprobado,ACTA-2024-S1-291-A-ORD,Normal,2024-05-11,43,15,58,False,False
229d23a0-bac6-55e3-9d53-ef85f45542e0,291,S1,2024-05-23,Primera recuperacion,A,37,0,37,Reprobado,ACTA-2024-S1-291-A-REC1,Normal,2024-05-23,37,0,37,False,False
9205f4d0-ca02-57f6-b51e-b705ac0898d7,291,S1,2024-05-23,Primera recuperacion,A,44,29,73,Aprobado,ACTA-2024-S1-291-A-REC1,Normal,2024-05-23,44,29,73,False,False
a5be436a-cb69-5107-956d-501d659bb0d7,291,S1,2024-05-23,Primera recuperacion,A,38,17,55,Reprobado,ACTA-2024-S1-291-A-REC1,Normal,2024-05-23,38,17,55,False,False
b1cce0db-3292-5ff2-837e-2fda6bc2eb62,291,S1,2024-05-23,Primera recuperacion,A,54,22,76,Aprobado,ACTA-2024-S1-291-A-REC1,Normal,2024-05-23,54,22,76,False,False
a5be436a-cb69-5107-956d-501d659bb0d7,291,S1,2024-07-09,Segunda recuperacion,A,38,26,64,Aprobado,ACTA-2024-S1-291-A-REC2,Normal,2024-07-09,38,26,64,False,False
0450959e-48dc-5783-9140-cfcec928c5c5,291,S1,2024-05-15,Ordinario,B,56,20,76,Aprobado,ACTA-2024-S1-291-B-ORD,Normal,2024-05-15,56,20,76,False,False
0fa55129-2054-5d0a-ac6a-c453dfc1133a,291,S1,2024-05-15,Ordinario,B,41,0,41,Reprobado,ACTA-2024-S1-291-B-ORD,Normal,2024-05-15,41,0,41,False,False
101fcc1c-02cb-502a-895a-dc14ec8bc4fc,291,S1,2024-05-15,Ordinario,B,36,27,63,Aprobado,ACTA-2024-S1-291-B-ORD,Normal,2024-05-15,36,27,63,False,False
6473da69-8d8c-53e3-9a2c-6841674fb2d0,291,S1,2024-05-15,Ordinario,B,39,30,69,Aprobado,ACTA-2024-S1-291-B-ORD,Normal,2024-05-15,39,30,69,False,False
819b9b1c-476d-5b64-949b-8bb80947bfde,291,S1,2024-05-15,Ordinario,B,38,26,64,Aprobado,ACTA-2024-S1-291-B-ORD,Normal,2024-05-15,38,26,64,False,False
bc2edb29-4cd5-5fb5-88a5-7dedee94af0d,291,S1,2024-05-15,Ordinario,B,53,21,74,Aprobado,ACTA-2024-S1-291-B-ORD,Normal,2024-05-15,53,21,74,False,False
c7cd1346-234a-5f30-b884-48b69a36b80d,291,S1,2024-05-15,Ordinario,B,51,9,60,Reprobado,ACTA-2024-S1-291-B-ORD,Normal,2024-05-15,51,9,60,False,False
0fa55129-2054-5d0a-ac6a-c453dfc1133a,291,S1,2024-05-24,Primera recuperacion,B,41,0,41,Reprobado,ACTA-2024-S1-291-B-REC1,Normal,2024-05-24,41,0,41,False,False
c7cd1346-234a-5f30-b884-48b69a36b80d,291,S1,2024-05-24,Primera recuperacion,B,51,9,60,Reprobado,ACTA-2024-S1-291-B-REC1,Normal,2024-05-24,51,9,60,False,False
0450959e-48dc-5783-9140-cfcec928c5c5,292,S1,2024-05-12,Ordinario,A,64,1,65,Aprobado,ACTA-2024-S1-292-A-ORD,Normal,2024-05-12,64,1,65,False,False
18a74ce6-ba44-5c94-a2c3-22a8ded6786a,292,S1,2024-05-12,Ordinario,A,50,5,55,Reprobado,ACTA-2024-S1-292-A-ORD,Normal,2024-05-12,50,5,55,False,False
56d6a85b-af6a-5056-b7e5-6fc2b0054af8,292,S1,2024-05-12,Ordinario,A,59,27,86,Aprobado,ACTA-2024-S1-292-A-ORD,Normal,2024-05-12,59,27,86,False,False
717b731e-7f1f-5d15-97ab-fe9730798a9c,292,S1,2024-05-12,Ordinario,A,47,24,71,Aprobado,ACTA-2024-S1-292-A-ORD,Normal,2024-05-12,47,24,71,False,False
7e033645-6b36-5b24-be88-ef2953f2c850,292,S1,2024-05-12,Ordinario,A,55,2,57,Reprobado,ACTA-2024-S1-292-A-ORD,Normal,2024-05-12,55,2,57,False,False
829d6bb7-6b71-5f40-9045-d49c7a41f459,292,S1,2024-05-12,Ordinario,A,36,11,47,Reprobado,ACTA-2024-S1-292-A-ORD,Normal,2024-05-12,36,11,47,False,False
9205f4d0-ca02-57f6-b51e-b705ac0898d7,292,S1,2024-05-12,Ordinario,A,56,5,61,Aprobado,ACTA-2024-S1-292-A-ORD,Normal,2024-05-12,56,5,61,False,False
9af53817-e9ec-5854-a2a5-e577ccaf67ed,292,S1,2024-05-12,Ordinario,A,36,28,64,Aprobado,ACTA-2024-S1-292-A-ORD,Normal,2024-05-12,36,28,64,False,False
b2adc362-05d9-54d6-bd03-02e44c27e8c5,292,S1,2024-05-12,Ordinario,A,58,10,68,Aprobado,ACTA-2024-S1-292-A-ORD,Normal,2024-05-12,58,10,68,False,False
c5252bea-0a8d-5efa-82fb-26d83372a130,292,S1,2024-05-12,Ordinario,A,68,29,97,Aprobado,ACTA-2024-S1-292-A-ORD,Normal,2024-05-12,68,29,97,False,False
cb2a28b9-397d-5feb-a252-7b8abaccc929,292,S1,2024-05-12,Ordinario,A,36,0,36,Reprobado,ACTA-2024-S1-292-A-ORD,Normal,2024-05-12,36,0,36,False,False
d0d32b44-cc7d-5dc8-8f44-2e0cadff8dca,292,S1,2024-05-12,Ordinario,A,59,4,63,Aprobado,ACTA-2024-S1-292-A-ORD,Normal,2024-05-12,59,4,63,False,False
18a74ce6-ba44-5c94-a2c3-22a8ded6786a,292,S1,2024-05-24,Primera recuperacion,A,50,5,55,Reprobado,ACTA-2024-S1-292-A-REC1,Normal,2024-05-24,50,5,55,False,False
829d6bb7-6b71-5f40-9045-d49c7a41f459,292,S1,2024-05-24,Primera recuperacion,A,36,30,66,Aprobado,ACTA-2024-S1-292-A-REC1,Normal,2024-05-24,36,30,66,False,False
cb2a28b9-397d-5feb-a252-7b8abaccc929,292,S1,2024-05-24,Primera recuperacion,A,36,0,36,Reprobado,ACTA-2024-S1-292-A-REC1,Normal,2024-05-24,36,0,36,False,False
229d23a0-bac6-55e3-9d53-ef85f45542e0,292,S1,2024-05-14,Ordinario,B,54,1,55,Reprobado,ACTA-2024-S1-292-B-ORD,Normal,2024-05-14,54,1,55,False,False
287283ce-fcaf-5519-a49e-3dea1c655f86,292,S1,2024-05-14,Ordinario,B,59,27,86,Aprobado,ACTA-2024-S1-292-B-ORD,Normal,2024-05-14,59,27,86,False,False
366b165f-922c-5847-b813-fc6ef6c3a751,292,S1,2024-05-14,Ordinario,B,42,0,42,Reprobado,ACTA-2024-S1-292-B-ORD,Normal,2024-05-14,42,0,42,False,False
4a07ae27-bce6-5958-80da-0b26f4d4650a,292,S1,2024-05-14,Ordinario,B,65,10,75,Aprobado,ACTA-2024-S1-292-B-ORD,Normal,2024-05-14,65,10,75,False,False
6473da69-8d8c-53e3-9a2c-6841674fb2d0,292,S1,2024-05-14,Ordinario,B,64,3,67,Aprobado,ACTA-2024-S1-292-B-ORD,Normal,2024-05-14,64,3,67,False,False
75ad2a1d-e65d-5b36-9b02-6dc6f12138a4,292,S1,2024-05-14,Ordinario,B,53,3,56,Reprobado,ACTA-2024-S1-292-B-ORD,Normal,2024-05-14,53,3,56,False,False
8d0b01b6-3de2-5be7-87a9-01eb3806e177,292,S1,2024-05-14,Ordinario,B,37,28,65,Aprobado,ACTA-2024-S1-292-B-ORD,Normal,2024-05-14,37,28,65,False,False
bed9e918-22d8-53c7-891c-03d1739f37c3,292,S1,2024-05-14,Ordinario,B,40,23,63,Aprobado,ACTA-2024-S1-292-B-ORD,Normal,2024-05-14,40,23,63,False,False
c41dd30f-7c59-5647-a164-2c5d11a89c90,292,S1,2024-05-14,Ordinario,B,59,3,62,Aprobado,ACTA-2024-S1-292-B-ORD,Normal,2024-05-14,59,3,62,False,False
c7cd1346-234a-5f30-b884-48b69a36b80d,292,S1,2024-05-14,Ordinario,B,38,21,59,Reprobado,ACTA-2024-S1-292-B-ORD,Normal,2024-05-14,38,21,59,False,False
366b165f-922c-5847-b813-fc6ef6c3a751,292,S1,2024-05-29,Primera recuperacion,B,42,0,42,Reprobado,ACTA-2024-S1-292-B-REC1,Normal,2024-05-29,42,0,42,False,False
75ad2a1d-e65d-5b36-9b02-6dc6f12138a4,292,S1,2024-05-29,Primera recuperacion,B,53,27,80,Aprobado,ACTA-2024-S1-292-B-REC1,Normal,2024-05-29,53,27,80,False,False
050d1ef7-fae1-5a16-8445-3f2c1bb0e697,670,S1,2024-05-13,Ordinario,A,55,7,62,Aprobado,ACTA-2024-S1-670-A-ORD,Normal,2024-05-13,55,7,62,False,False
0dbc3861-b848-5448-a148-42de02126320,670,S1,2024-05-13,Ordinario,A,62,6,68,Aprobado,ACTA-2024-S1-670-A-ORD,Normal,2024-05-13,62,6,68,False,False
3099a7bf-6e40-58f6-ab25-f2d2d83ce748,670,S1,2024-05-13,Ordinario,A,63,4,67,Aprobado,ACTA-2024-S1-670-A-ORD,Normal,2024-05-13,63,4,67,False,False
4f7b4d36-ced0-507a-ab49-52e28e9b672f,670,S1,2024-05-13,Ordinario,A,43,6,49,Reprobado,ACTA-2024-S1-670-A-ORD,Normal,2024-05-13,43,6,49,False,False
80be8af0-a5ec-534c-8e5d-0a36ec0491a5,670,S1,2024-05-13,Ordinario,A,46,11,57,Reprobado,ACTA-2024-S1-670-A-ORD,Normal,2024-05-13,46,11,57,False,False
a7bd029d-5a6a-5bb6-bc5c-4ddb5411b6fe,670,S1,2024-05-13,Ordinario,A,45,29,74,Aprobado,ACTA-2024-S1-670-A-ORD,Normal,2024-05-13,45,29,74,False,False
bfb0c4a8-e5d5-50a9-880b-4f06cf9de121,670,S1,2024-05-13,Ordinario,A,45,6,51,Reprobado,ACTA-2024-S1-670-A-ORD,Normal,2024-05-13,45,6,51,False,False
de300aca-315d-5ec3-8a15-b7198afc11e1,670,S1,2024-05-13,Ordinario,A,54,15,69,Aprobado,ACTA-2024-S1-670-A-ORD,Normal,2024-05-13,54,15,69,False,False
f3cfaa1d-b9fa-564b-a1b6-4ef5630c678e,670,S1,2024-05-13,Ordinario,A,67,19,86,Aprobado,ACTA-2024-S1-670-A-ORD,Normal,2024-05-13,67,19,86,False,False
4f7b4d36-ced0-507a-ab49-52e28e9b672f,670,S1,2024-05-28,Primera recuperacion,A,43,25,68,Aprobado,ACTA-2024-S1-670-A-REC1,Normal,2024-05-28,43,25,68,False,False
14909b74-1ad8-5aa8-9c18-990ee5e451b5,673,S1,2024-05-09,Ordinario,A,36,25,61,Aprobado,ACTA-2024-S1-673-A-ORD,Normal,2024-05-09,36,25,61,False,False
385d8efa-6168-5aa3-ada8-a2e6a2d12d83,673,S1,2024-05-09,Ordinario,A,32,8,40,Reprobado,ACTA-2024-S1-673-A-ORD,Normal,2024-05-09,32,8,40,False,False
3985e831-1448-5276-828a-6bb569a3fc32,673,S1,2024-05-09,Ordinario,A,46,15,61,Aprobado,ACTA-2024-S1-673-A-ORD,Normal,2024-05-09,46,15,61,False,False
64cc33e8-ae26-5cbe-b897-cf46dddd0613,673,S1,2024-05-09,Ordinario,A,46,14,60,Reprobado,ACTA-2024-S1-673-A-ORD,Normal,2024-05-09,46,14,60,False,False
b01c0133-92dd-5f13-8b4b-3e6a951b3bb4,673,S1,2024-05-09,Ordinario,A,53,7,60,Reprobado,ACTA-2024-S1-673-A-ORD,Normal,2024-05-09,53,7,60,False,False
c922de12-eb27-59e0-bffe-295050a28a20,673,S1,2024-05-09,Ordinario,A,57,25,82,Aprobado,ACTA-2024-S1-673-A-ORD,Normal,2024-05-09,57,25,82,False,False
fcb564ba-dcd6-5948-b405-a71674ce7049,673,S1,2024-05-09,Ordinario,A,38,26,64,Aprobado,ACTA-2024-S1-673-A-ORD,Normal,2024-05-09,38,26,64,False,False
385d8efa-6168-5aa3-ada8-a2e6a2d12d83,673,S1,2024-05-26,Primera recuperacion,A,32,8,40,Reprobado,ACTA-2024-S1-673-A-REC1,Normal,2024-05-26,32,8,40,False,False
64cc33e8-ae26-5cbe-b897-cf46dddd0613,673,S1,2024-05-26,Primera recuperacion,A,46,27,73,Aprobado,ACTA-2024-S1-673-A-REC1,Normal,2024-05-26,46,27,73,False,False
b01c0133-92dd-5f13-8b4b-3e6a951b3bb4,673,S1,2024-05-26,Primera recuperacion,A,53,7,60,Reprobado,ACTA-2024-S1-673-A-REC1,Normal,2024-05-26,53,7,60,False,False
385d8efa-6168-5aa3-ada8-a2e6a2d12d83,674,S1,2024-05-12,Ordinario,A,51,21,72,Aprobado,ACTA-2024-S1-674-A-ORD,Normal,2024-05-12,51,21,72,False,False
3dd479e7-5243-5a56-8926-f9ff104c6b07,674,S1,2024-05-12,Ordinario,A,65,10,75,Aprobado,ACTA-2024-S1-674-A-ORD,Normal,2024-05-12,65,10,75,False,False
619e0687-c73c-51a5-96c5-00517e00097a,674,S1,2024-05-12,Ordinario,A,54,3,57,Reprobado,ACTA-2024-S1-674-A-ORD,Normal,2024-05-12,54,3,57,False,False
8f991504-6b31-501a-864a-6713b5eebd07,674,S1,2024-05-12,Ordinario,A,50,0,50,Reprobado,ACTA-2024-S1-674-A-ORD,Normal,2024-05-12,50,0,50,False,False
96c6949d-d550-5217-9989-03c50351059d,674,S1,2024-05-12,Ordinario,A,36,26,62,Aprobado,ACTA-2024-S1-674-A-ORD,Normal,2024-05-12,36,26,62,False,False
a9222af8-9a83-5e7a-985e-0ccc23119415,674,S1,2024-05-12,Ordinario,A,53,21,74,Aprobado,ACTA-2024-S1-674-A-ORD,Normal,2024-05-12,53,21,74,False,False
dbf903d2-202e-5c76-bec4-0a27f91b30dd,674,S1,2024-05-12,Ordinario,A,39,24,63,Aprobado,ACTA-2024-S1-674-A-ORD,Normal,2024-05-12,39,24,63,False,False
e52db2fa-d8d9-5bda-a7fc-5c159063b4ee,674,S1,2024-05-12,Ordinario,A,40,12,52,Reprobado,ACTA-2024-S1-674-A-ORD,Normal,2024-05-12,40,12,52,False,False
f4c71755-c25b-53e6-aae7-bf388a03494c,674,S1,2024-05-12,Ordinario,A,41,25,66,Aprobado,ACTA-2024-S1-674-A-ORD,Normal,2024-05-12,41,25,66,False,False
619e0687-c73c-51a5-96c5-00517e00097a,674,S1,2024-05-28,Primera recuperacion,A,54,3,57,Reprobado,ACTA-2024-S1-674-A-REC1,Normal,2024-05-28,54,3,57,False,False
8f991504-6b31-501a-864a-6713b5eebd07,674,S1,2024-05-28,Primera recuperacion,A,50,0,50,Reprobado,ACTA-2024-S1-674-A-REC1,Normal,2024-05-28,50,0,50,False,False
e52db2fa-d8d9-5bda-a7fc-5c159063b4ee,674,S1,2024-05-28,Primera recuperacion,A,40,22,62,Aprobado,ACTA-2024-S1-674-A-REC1,Normal,2024-05-28,40,22,62,False,False
327817b1-69ac-5335-a21d-9b8f2b559853,685,S1,2024-05-07,Ordinario,A,51,11,62,Aprobado,ACTA-2024-S1-685-A-ORD,Normal,2024-05-07,51,11,62,False,False
78b7c5d8-ef57-529f-a111-388b34c7c35a,685,S1,2024-05-07,Ordinario,A,61,5,66,Aprobado,ACTA-2024-S1-685-A-ORD,Normal,2024-05-07,61,5,66,False,False
82c74821-0a18-59a5-b35b-8e5e0a96770d,685,S1,2024-05-07,Ordinario,A,40,13,53,Reprobado,ACTA-2024-S1-685-A-ORD,Normal,2024-05-07,40,13,53,False,False
908ad6b6-bcca-5db9-bd43-adb0a789cb28,685,S1,2024-05-07,Ordinario,A,54,6,60,Reprobado,ACTA-2024-S1-685-A-ORD,Normal,2024-05-07,54,6,60,False,False
af235c0f-fa51-564a-a139-98be54af9391,685,S1,2024-05-07,Ordinario,A,61,1,62,Aprobado,ACTA-2024-S1-685-A-ORD,Normal,2024-05-07,61,1,62,False,False
c5b1ebc7-fe00-5c45-907f-133c48cc8f5e,685,S1,2024-05-07,Ordinario,A,45,11,56,Reprobado,ACTA-2024-S1-685-A-ORD,Normal,2024-05-07,45,11,56,False,False
c7e1cd7b-9639-50d9-8dfc-1d73b1c85f64,685,S1,2024-05-07,Ordinario,A,64,29,93,Aprobado,ACTA-2024-S1-685-A-ORD,Normal,2024-05-07,64,29,93,False,False
d14b3e31-2a2e-5d74-a02b-19460fe28aa5,685,S1,2024-05-07,Ordinario,A,51,11,62,Aprobado,ACTA-2024-S1-685-A-ORD,Normal,2024-05-07,51,11,62,False,False
82c74821-0a18-59a5-b35b-8e5e0a96770d,685,S1,2024-05-27,Primera recuperacion,A,40,27,67,Aprobado,ACTA-2024-S1-685-A-REC1,Normal,2024-05-27,40,27,67,False,False
033a103c-fbdf-5dda-afd6-6b5429304878,690,S1,2024-05-13,Ordinario,A,53,14,67,Aprobado,ACTA-2024-S1-690-A-ORD,Normal,2024-05-13,53,14,67,False,False
1181881d-1271-5070-9d47-c66a61743477,690,S1,2024-05-13,Ordinario,A,37,18,55,Reprobado,ACTA-2024-S1-690-A-ORD,Normal,2024-05-13,37,18,55,False,False
1587f2c9-f709-503c-823b-a76643566a8a,690,S1,2024-05-13,Ordinario,A,40,30,70,Aprobado,ACTA-2024-S1-690-A-ORD,Normal,2024-05-13,40,30,70,False,False
179e6d0b-0f6d-5db7-ae97-4827e95151e3,690,S1,2024-05-13,Ordinario,A,51,12,63,Aprobado,ACTA-2024-S1-690-A-ORD,Normal,2024-05-13,51,12,63,False,False
1cfe526c-6423-5755-b329-89a2d9085093,690,S1,2024-05-13,Ordinario,A,50,22,72,Aprobado,ACTA-2024-S1-690-A-ORD,Normal,2024-05-13,50,22,72,False,False
2076888d-44fb-51ad-853e-2a03767511fb,690,S1,2024-05-13,Ordinario,A,57,7,64,Aprobado,ACTA-2024-S1-690-A-ORD,Normal,2024-05-13,57,7,64,False,False
26570c68-dd6f-5886-82c0-578576c73a75,690,S1,2024-05-13,Ordinario,A,40,30,70,Aprobado,ACTA-2024-S1-690-A-ORD,Normal,2024-05-13,40,30,70,False,False
2bfc082b-de5b-5caf-90c2-bd97bc77bd6a,690,S1,2024-05-13,Ordinario,A,57,NSP,57,NSP,ACTA-2024-S1-690-A-ORD,Normal,2024-05-13,57,,57,False,True
2dd5e133-d42c-5f10-9c6d-0f4f03b76768,690,S1,2024-05-13,Ordinario,A,46,17,63,Aprobado,ACTA-2024-S1-690-A-ORD,Normal,2024-05-13,46,17,63,False,False
2f2a3f2a-28f6-50dd-95a2-5faed5f8552f,690,S1,2024-05-13,Ordinario,A,43,6,49,Reprobado,ACTA-2024-S1-690-A-ORD,Normal,2024-05-13,43,6,49,False,False
32f146b8-61b8-50f7-bc3c-769691d70f96,690,S1,2024-05-13,Ordinario,A,56,26,82,Aprobado,ACTA-2024-S1-690-A-ORD,Normal,2024-05-13,56,26,82,False,False
38b03b54-edfa-5b7a-bda4-c05f1d380357,690,S1,2024-05-13,Ordinario,A,40,5,45,Reprobado,ACTA-2024-S1-690-A-ORD,Normal,2024-05-13,40,5,45,False,False
39a86973-efa3-509c-8363-d189b08d40fc,690,S1,2024-05-13,Ordinario,A,48,28,76,Aprobado,ACTA-2024-S1-690-A-ORD,Normal,2024-05-13,48,28,76,False,False
711782c3-1186-5101-9ae9-158e08315c56,690,S1,2024-05-13,Ordinario,A,48,20,68,Aprobado,ACTA-2024-S1-690-A-ORD,Normal,2024-05-13,48,20,68,False,False
74d80850-b8d9-55f0-ba5d-6ac148969f1e,690,S1,2024-05-13,Ordinario,A,38,30,68,Aprobado,ACTA-2024-S1-690-A-ORD,Normal,2024-05-13,38,30,68,False,False
941b6cb8-df72-5875-8525-f33fdae7c13d,690,S1,2024-05-13,Ordinario,A,57,26,83,Aprobado,ACTA-2024-S1-690-A-ORD,Normal,2024-05-13,57,26,83,False,False
9d8b757f-00fd-55fc-b60c-74804ea267b7,690,S1,2024-05-13,Ordinario,A,34,17,51,Reprobado,ACTA-2024-S1-690-A-ORD,Normal,2024-05-13,34,17,51,False,False
aff46efa-3185-503c-a500-ffd7602ad3dc,690,S1,2024-05-13,Ordinario,A,48,9,57,Reprobado,ACTA-2024-S1-690-A-ORD,Normal,2024-05-13,48,9,57,False,False
b1bffc04-aba8-54c6-9172-ea17f1483e9a,690,S1,2024-05-13,Ordinario,A,51,8,59,Reprobado,ACTA-2024-S1-690-A-ORD,Normal,2024-05-13,51,8,59,False,False
b5215489-f318-5dc2-9a6a-c14e1b2edaa8,690,S1,2024-05-13,Ordinario,A,46,19,65,Aprobado,ACTA-2024-S1-690-A-ORD,Normal,2024-05-13,46,19,65,False,False
2f2a3f2a-28f6-50dd-95a2-5faed5f8552f,690,S1,2024-05-26,Primera recuperacion,A,43,6,49,Reprobado,ACTA-2024-S1-690-A-REC1,Normal,2024-05-26,43,6,49,False,False
38b03b54-edfa-5b7a-bda4-c05f1d380357,690,S1,2024-05-26,Primera recuperacion,A,40,5,45,Reprobado,ACTA-2024-S1-690-A-REC1,Normal,2024-05-26,40,5,45,False,False
9d8b757f-00fd-55fc-b60c-74804ea267b7,690,S1,2024-05-26,Primera recuperacion,A,34,17,51,Reprobado,ACTA-2024-S1-690-A-REC1,Normal,2024-05-26,34,17,51,False,False
aff46efa-3185-503c-a500-ffd7602ad3dc,690,S1,2024-05-26,Primera recuperacion,A,48,13,61,Aprobado,ACTA-2024-S1-690-A-REC1,Normal,2024-05-26,48,13,61,False,False
b1bffc04-aba8-54c6-9172-ea17f1483e9a,690,S1,2024-05-26,Primera recuperacion,A,51,27,78,Aprobado,ACTA-2024-S1-690-A-REC1,Normal,2024-05-26,51,27,78,False,False
2f2a3f2a-28f6-50dd-95a2-5faed5f8552f,690,S1,2024-07-12,Segunda recuperacion,A,43,28,71,Aprobado,ACTA-2024-S1-690-A-REC2,Normal,2024-07-12,43,28,71,False,False
9d8b757f-00fd-55fc-b60c-74804ea267b7,690,S1,2024-07-12,Segunda recuperacion,A,34,17,51,Reprobado,ACTA-2024-S1-690-A-REC2,Normal,2024-07-12,34,17,51,False,False
06845194-5599-5680-bfb6-ebd5b2311c5a,694,S1,2024-05-14,Ordinario,A,63,6,69,Aprobado,ACTA-2024-S1-694-A-ORD,Normal,2024-05-14,63,6,69,False,False
258230b7-9a78-5154-bafa-abd2bb5f077f,694,S1,2024-05-14,Ordinario,A,39,23,62,Aprobado,ACTA-2024-S1-694-A-ORD,Normal,2024-05-14,39,23,62,False,False
3985e831-1448-5276-828a-6bb569a3fc32,694,S1,2024-05-14,Ordinario,A,40,21,61,Aprobado,ACTA-2024-S1-694-A-ORD,Normal,2024-05-14,40,21,61,False,False
4ad432f3-551d-5be7-8c6b-3119f5486a77,694,S1,2024-05-14,Ordinario,A,31,2,33,Reprobado,ACTA-2024-S1-694-A-ORD,Normal,2024-05-14,31,2,33,False,False
5307c02e-106e-56e4-a7c6-ccf412960b22,694,S1,2024-05-14,Ordinario,A,47,11,58,Reprobado,ACTA-2024-S1-694-A-ORD,Normal,2024-05-14,47,11,58,False,False
6bb97f95-e313-5cc7-bef3-47a9c8f29a52,694,S1,2024-05-14,Ordinario,A,37,17,54,Reprobado,ACTA-2024-S1-694-A-ORD,Normal,2024-05-14,37,17,54,False,False
7f65857e-5b14-557a-bd52-34d73e3b4017,694,S1,2024-05-14,Ordinario,A,56,16,72,Aprobado,ACTA-2024-S1-694-A-ORD,Normal,2024-05-14,56,16,72,False,False
d4527165-c6ec-5c29-a3ed-988cd19e5f3f,694,S1,2024-05-14,Ordinario,A,63,19,82,Aprobado,ACTA-2024-S1-694-A-ORD,Normal,2024-05-14,63,19,82,False,False
dbf903d2-202e-5c76-bec4-0a27f91b30dd,694,S1,2024-05-14,Ordinario,A,60,24,84,Aprobado,ACTA-2024-S1-694-A-ORD,Normal,2024-05-14,60,24,84,False,False
4ad432f3-551d-5be7-8c6b-3119f5486a77,694,S1,2024-05-26,Primera recuperacion,A,31,2,33,Reprobado,ACTA-2024-S1-694-A-REC1,Normal,2024-05-26,31,2,33,False,False
5307c02e-106e-56e4-a7c6-ccf412960b22,694,S1,2024-05-26,Primera recuperacion,A,47,14,61,Aprobado,ACTA-2024-S1-694-A-REC1,Normal,2024-05-26,47,14,61,False,False
6bb97f95-e313-5cc7-bef3-47a9c8f29a52,694,S1,2024-05-26,Primera recuperacion,A,37,17,54,Reprobado,ACTA-2024-S1-694-A-REC1,Normal,2024-05-26,37,17,54,False,False
6bb97f95-e313-5cc7-bef3-47a9c8f29a52,694,S1,2024-07-14,Segunda recuperacion,A,37,17,54,Reprobado,ACTA-2024-S1-694-A-REC2,Normal,2024-07-14,37,17,54,False,False
aee6cbf2-05c4-5fd5-abf4-53aaee161048,779,S1,2024-05-09,Ordinario,A,64,4,68,Aprobado,ACTA-2024-S1-779-A-ORD,Normal,2024-05-09,64,4,68,False,False
0259d9e4-ede8-5030-8d0c-86ad714a8687,795,S1,2024-05-14,Ordinario,A,37,27,64,Aprobado,ACTA-2024-S1-795-A-ORD,Normal,2024-05-14,37,27,64,False,False
05d4241f-34c4-5309-b3bf-b59f562b2b28,795,S1,2024-05-14,Ordinario,A,44,22,66,Aprobado,ACTA-2024-S1-795-A-ORD,Normal,2024-05-14,44,22,66,False,False
0875f04d-ba62-524b-9469-180d7b74c579,795,S1,2024-05-14,Ordinario,A,41,5,46,Reprobado,ACTA-2024-S1-795-A-ORD,Normal,2024-05-14,41,5,46,False,False
3709aa39-ebba-578a-bfc0-0b92e87fdeaa,795,S1,2024-05-14,Ordinario,A,64,1,65,Aprobado,ACTA-2024-S1-795-A-ORD,Normal,2024-05-14,64,1,65,False,False
508865ff-526c-5b08-8f0b-36822182e26c,795,S1,2024-05-14,Ordinario,A,56,17,73,Aprobado,ACTA-2024-S1-795-A-ORD,Normal,2024-05-14,56,17,73,False,False
55336854-e2aa-563e-8035-7284b4ccc98d,795,S1,2024-05-14,Ordinario,A,57,12,69,Aprobado,ACTA-2024-S1-795-A-ORD,Normal,2024-05-14,57,12,69,False,False
aad6201b-f416-55be-a19b-4d06d2c15135,795,S1,2024-05-14,Ordinario,A,48,11,59,Reprobado,ACTA-2024-S1-795-A-ORD,Normal,2024-05-14,48,11,59,False,False
b6f67e91-3fbc-5e3c-9701-7f82ed8816ec,795,S1,2024-05-14,Ordinario,A,34,9,43,Reprobado,ACTA-2024-S1-795-A-ORD,Normal,2024-05-14,34,9,43,False,False
c9ab122a-e4e7-51dc-af6b-059ecfaf700a,795,S1,2024-05-14,Ordinario,A,57,16,73,Aprobado,ACTA-2024-S1-795-A-ORD,Normal,2024-05-14,57,16,73,False,False
ca1fd280-c70c-5620-9699-ff3834093054,795,S1,2024-05-14,Ordinario,A,40,17,57,Reprobado,ACTA-2024-S1-795-A-ORD,Normal,2024-05-14,40,17,57,False,False
ef638bbd-09bd-5411-8a78-9f02760fef4d,795,S1,2024-05-14,Ordinario,A,50,15,65,Aprobado,ACTA-2024-S1-795-A-ORD,Normal,2024-05-14,50,15,65,False,False
f3df7bb3-edfa-50c0-9e56-9da800375bc4,795,S1,2024-05-14,Ordinario,A,64,11,75,Aprobado,ACTA-2024-S1-795-A-ORD,Normal,2024-05-14,64,11,75,False,False
aad6201b-f416-55be-a19b-4d06d2c15135,795,S1,2024-05-22,Primera recuperacion,A,48,13,61,Aprobado,ACTA-2024-S1-795-A-REC1,Normal,2024-05-22,48,13,61,False,False
b6f67e91-3fbc-5e3c-9701-7f82ed8816ec,795,S1,2024-05-22,Primera recuperacion,A,34,9,43,Reprobado,ACTA-2024-S1-795-A-REC1,Normal,2024-05-22,34,9,43,False,False
ca1fd280-c70c-5620-9699-ff3834093054,795,S1,2024-05-22,Primera recuperacion,A,40,17,57,Reprobado,ACTA-2024-S1-795-A-REC1,Normal,2024-05-22,40,17,57,False,False
172d1071-6be5-5340-babc-57ca19b4e7df,909,S1,2024-05-10,Ordinario,A,64,24,88,Aprobado,ACTA-2024-S1-909-A-ORD,Normal,2024-05-10,64,24,88,False,False
2e00f910-0e59-5ab9-9e8b-a34bcab03f92,909,S1,2024-05-10,Ordinario,A,37,30,67,Aprobado,ACTA-2024-S1-909-A-ORD,Normal,2024-05-10,37,30,67,False,False
32e88d76-e8a9-5944-91f2-67940f32b9db,909,S1,2024-05-10,Ordinario,A,49,29,78,Aprobado,ACTA-2024-S1-909-A-ORD,Normal,2024-05-10,49,29,78,False,False
62d061cf-ef3a-5598-9c6d-8afab4360e19,909,S1,2024-05-10,Ordinario,A,50,2,52,Reprobado,ACTA-2024-S1-909-A-ORD,Normal,2024-05-10,50,2,52,False,False
6963f4f3-6802-5cdd-bd03-ae2ce6377118,909,S1,2024-05-10,Ordinario,A,38,11,49,Reprobado,ACTA-2024-S1-909-A-ORD,Normal,2024-05-10,38,11,49,False,False
846ef7fc-83cf-5608-bf9e-87b3ec34f757,909,S1,2024-05-10,Ordinario,A,66,11,77,Aprobado,ACTA-2024-S1-909-A-ORD,Normal,2024-05-10,66,11,77,False,False
9bdf610d-5561-5b91-8b06-e55510ab5fca,909,S1,2024-05-10,Ordinario,A,50,3,53,Reprobado,ACTA-2024-S1-909-A-ORD,Normal,2024-05-10,50,3,53,False,False
9f318098-1494-5125-906a-ee896264abd1,909,S1,2024-05-10,Ordinario,A,49,25,74,Aprobado,ACTA-2024-S1-909-A-ORD,Normal,2024-05-10,49,25,74,False,False
6963f4f3-6802-5cdd-bd03-ae2ce6377118,909,S1,2024-05-26,Primera recuperacion,A,38,29,67,Aprobado,ACTA-2024-S1-909-A-REC1,Normal,2024-05-26,38,29,67,False,False
9bdf610d-5561-5b91-8b06-e55510ab5fca,909,S1,2024-05-26,Primera recuperacion,A,50,3,53,Reprobado,ACTA-2024-S1-909-A-REC1,Normal,2024-05-26,50,3,53,False,False
329e7019-2aa5-5081-be77-b04897cd4e37,912,S1,2024-05-13,Ordinario,A,48,14,62,Aprobado,ACTA-2024-S1-912-A-ORD,Normal,2024-05-13,48,14,62,False,False
71a9076e-98e5-5381-a6bb-d621499edc32,919,S1,2024-05-14,Ordinario,A,38,25,63,Aprobado,ACTA-2024-S1-919-A-ORD,Normal,2024-05-14,38,25,63,False,False
78985e7d-ee45-54ea-9fa9-bfacc2ee4797,919,S1,2024-05-14,Ordinario,A,54,28,82,Aprobado,ACTA-2024-S1-919-A-ORD,Normal,2024-05-14,54,28,82,False,False
9fb68156-bea9-5d9c-9ac8-4c74978e183e,919,S1,2024-05-14,Ordinario,A,49,2,51,Reprobado,ACTA-2024-S1-919-A-ORD,Normal,2024-05-14,49,2,51,False,False
b61e89b6-2037-59df-8c60-9b45ea924c36,919,S1,2024-05-14,Ordinario,A,36,29,65,Aprobado,ACTA-2024-S1-919-A-ORD,Normal,2024-05-14,36,29,65,False,False
c8b29424-3564-5114-8e8b-3ec7edb4631a,919,S1,2024-05-14,Ordinario,A,41,1,42,Reprobado,ACTA-2024-S1-919-A-ORD,Normal,2024-05-14,41,1,42,False,False
e81dc01b-99fa-5afe-96c2-e6f0e7a8f50d,919,S1,2024-05-14,Ordinario,A,59,8,67,Aprobado,ACTA-2024-S1-919-A-ORD,Normal,2024-05-14,59,8,67,False,False
56c07b50-61f3-5f42-9d38-4d72989e1a65,943,S1,2024-05-12,Ordinario,A,59,5,64,Aprobado,ACTA-2024-S1-943-A-ORD,Normal,2024-05-12,59,5,64,False,False
101fcc1c-02cb-502a-895a-dc14ec8bc4fc,949,S1,2024-05-16,Ordinario,A,54,13,67,Aprobado,ACTA-2024-S1-949-A-ORD,Normal,2024-05-16,54,13,67,False,False
15a0bb40-c6d6-5f6a-8142-f1c5ba0a121a,949,S1,2024-05-16,Ordinario,A,68,17,85,Aprobado,ACTA-2024-S1-949-A-ORD,Normal,2024-05-16,68,17,85,False,False
18a74ce6-ba44-5c94-a2c3-22a8ded6786a,949,S1,2024-05-16,Ordinario,A,44,0,44,Reprobado,ACTA-2024-S1-949-A-ORD,Normal,2024-05-16,44,0,44,False,False
23b6caf2-e88d-5562-aa80-01e9ef57ebe9,949,S1,2024-05-16,Ordinario,A,33,21,54,Reprobado,ACTA-2024-S1-949-A-ORD,Normal,2024-05-16,33,21,54,False,False
287283ce-fcaf-5519-a49e-3dea1c655f86,949,S1,2024-05-16,Ordinario,A,33,NSP,33,NSP,ACTA-2024-S1-949-A-ORD,Normal,2024-05-16,33,,33,False,True
36f4d3ec-4023-5b34-8dc2-6e588a93f6a1,949,S1,2024-05-16,Ordinario,A,54,6,60,Reprobado,ACTA-2024-S1-949-A-ORD,Normal,2024-05-16,54,6,60,False,False
3e286a49-0d95-56da-aeae-91cae0ed2763,949,S1,2024-05-16,Ordinario,A,57,12,69,Aprobado,ACTA-2024-S1-949-A-ORD,Normal,2024-05-16,57,12,69,False,False
56d6a85b-af6a-5056-b7e5-6fc2b0054af8,949,S1,2024-05-16,Ordinario,A,36,29,65,Aprobado,ACTA-2024-S1-949-A-ORD,Normal,2024-05-16,36,29,65,False,False
6d078a78-d8e3-5b7a-89a1-43baa31b9780,949,S1,2024-05-16,Ordinario,A,57,22,79,Aprobado,ACTA-2024-S1-949-A-ORD,Normal,2024-05-16,57,22,79,False,False
717b731e-7f1f-5d15-97ab-fe9730798a9c,949,S1,2024-05-16,Ordinario,A,44,28,72,Aprobado,ACTA-2024-S1-949-A-ORD,Normal,2024-05-16,44,28,72,False,False
75ad2a1d-e65d-5b36-9b02-6dc6f12138a4,949,S1,2024-05-16,Ordinario,A,48,5,53,Reprobado,ACTA-2024-S1-949-A-ORD,Normal,2024-05-16,48,5,53,False,False
7aac2ae8-68aa-51a1-b8a6-24cdb91b4935,949,S1,2024-05-16,Ordinario,A,60,8,68,Aprobado,ACTA-2024-S1-949-A-ORD,Normal,2024-05-16,60,8,68,False,False
819b9b1c-476d-5b64-949b-8bb80947bfde,949,S1,2024-05-16,Ordinario,A,42,21,63,Aprobado,ACTA-2024-S1-949-A-ORD,Normal,2024-05-16,42,21,63,False,False
857bee19-f5cc-5925-8f6d-5e6dc8b42cb7,949,S1,2024-05-16,Ordinario,A,37,26,63,Aprobado,ACTA-2024-S1-949-A-ORD,Normal,2024-05-16,37,26,63,False,False
9205f4d0-ca02-57f6-b51e-b705ac0898d7,949,S1,2024-05-16,Ordinario,A,45,1,46,Reprobado,ACTA-2024-S1-949-A-ORD,Normal,2024-05-16,45,1,46,False,False
9af53817-e9ec-5854-a2a5-e577ccaf67ed,949,S1,2024-05-16,Ordinario,A,52,15,67,Aprobado,ACTA-2024-S1-949-A-ORD,Normal,2024-05-16,52,15,67,False,False
a5be436a-cb69-5107-956d-501d659bb0d7,949,S1,2024-05-16,Ordinario,A,50,3,53,Reprobado,ACTA-2024-S1-949-A-ORD,Normal,2024-05-16,50,3,53,False,False
b06bcec0-b3a3-50b9-a1ec-953a4674371d,949,S1,2024-05-16,Ordinario,A,54,14,68,Aprobado,ACTA-2024-S1-949-A-ORD,Normal,2024-05-16,54,14,68,False,False
b1ada878-5ce8-5e51-bc44-6a5ae1f64971,949,S1,2024-05-16,Ordinario,A,32,28,60,Reprobado,ACTA-2024-S1-949-A-ORD,Normal,2024-05-16,32,28,60,False,False
b2adc362-05d9-54d6-bd03-02e44c27e8c5,949,S1,2024-05-16,Ordinario,A,45,21,66,Aprobado,ACTA-2024-S1-949-A-ORD,Normal,2024-05-16,45,21,66,False,False
b3997c2f-90c6-5168-9d2b-373122f6b85d,949,S1,2024-05-16,Ordinario,A,65,27,92,Aprobado,ACTA-2024-S1-949-A-ORD,Normal,2024-05-16,65,27,92,False,False
bd77a48a-9406-51ae-a620-b28897754dec,949,S1,2024-05-16,Ordinario,A,51,1,52,Reprobado,ACTA-2024-S1-949-A-ORD,Normal,2024-05-16,51,1,52,False,False
bed9e918-22d8-53c7-891c-03d1739f37c3,949,S1,2024-05-16,Ordinario,A,57,8,65,Aprobado,ACTA-2024-S1-949-A-ORD,Normal,2024-05-16,57,8,65,False,False
c5252bea-0a8d-5efa-82fb-26d83372a130,949,S1,2024-05-16,Ordinario,A,46,22,68,Aprobado,ACTA-2024-S1-949-A-ORD,Normal,2024-05-16,46,22,68,False,False
c7cd1346-234a-5f30-b884-48b69a36b80d,949,S1,2024-05-16,Ordinario,A,32,11,43,Reprobado,ACTA-2024-S1-949-A-ORD,Normal,2024-05-16,32,11,43,False,False
cb2a28b9-397d-5feb-a252-7b8abaccc929,949,S1,2024-05-16,Ordinario,A,35,20,55,Reprobado,ACTA-2024-S1-949-A-ORD,Normal,2024-05-16,35,20,55,False,False
cc8b8c37-cde4-5961-8d5a-293197f83e2e,949,S1,2024-05-16,Ordinario,A,43,19,62,Aprobado,ACTA-2024-S1-949-A-ORD,Normal,2024-05-16,43,19,62,False,False
d0d32b44-cc7d-5dc8-8f44-2e0cadff8dca,949,S1,2024-05-16,Ordinario,A,55,21,76,Aprobado,ACTA-2024-S1-949-A-ORD,Normal,2024-05-16,55,21,76,False,False
18a74ce6-ba44-5c94-a2c3-22a8ded6786a,949,S1,2024-05-25,Primera recuperacion,A,44,0,44,Reprobado,ACTA-2024-S1-949-A-REC1,Normal,2024-05-25,44,0,44,False,False
36f4d3ec-4023-5b34-8dc2-6e588a93f6a1,949,S1,2024-05-25,Primera recuperacion,A,54,26,80,Aprobado,ACTA-2024-S1-949-A-REC1,Normal,2024-05-25,54,26,80,False,False
9205f4d0-ca02-57f6-b51e-b705ac0898d7,949,S1,2024-05-25,Primera recuperacion,A,45,1,46,Reprobado,ACTA-2024-S1-949-A-REC1,Normal,2024-05-25,45,1,46,False,False
a5be436a-cb69-5107-956d-501d659bb0d7,949,S1,2024-05-25,Primera recuperacion,A,50,3,53,Reprobado,ACTA-2024-S1-949-A-REC1,Normal,2024-05-25,50,3,53,False,False
b1ada878-5ce8-5e51-bc44-6a5ae1f64971,949,S1,2024-05-25,Primera recuperacion,A,32,28,60,Reprobado,ACTA-2024-S1-949-A-REC1,Normal,2024-05-25,32,28,60,False,False
bd77a48a-9406-51ae-a620-b28897754dec,949,S1,2024-05-25,Primera recuperacion,A,51,15,66,Aprobado,ACTA-2024-S1-949-A-REC1,Normal,2024-05-25,51,15,66,False,False
c7cd1346-234a-5f30-b884-48b69a36b80d,949,S1,2024-05-25,Primera recuperacion,A,32,11,43,Reprobado,ACTA-2024-S1-949-A-REC1,Normal,2024-05-25,32,11,43,False,False
cb2a28b9-397d-5feb-a252-7b8abaccc929,949,S1,2024-05-25,Primera recuperacion,A,35,20,55,Reprobado,ACTA-2024-S1-949-A-REC1,Normal,2024-05-25,35,20,55,False,False
9205f4d0-ca02-57f6-b51e-b705ac0898d7,949,S1,2024-07-08,Segunda recuperacion,A,45,30,75,Aprobado,ACTA-2024-S1-949-A-REC2,Normal,2024-07-08,45,30,75,False,False
0eb4976d-25ba-5524-a0db-2266a874f6ef,950,S1,2024-05-09,Ordinario,A,48,7,55,Reprobado,ACTA-2024-S1-950-A-ORD,Normal,2024-05-09,48,7,55,False,False
56c07b50-61f3-5f42-9d38-4d72989e1a65,950,S1,2024-05-09,Ordinario,A,52,21,73,Aprobado,ACTA-2024-S1-950-A-ORD,Normal,2024-05-09,52,21,73,False,False
9b342f29-299c-53e8-abab-d0ddb5c51d18,950,S1,2024-05-09,Ordinario,A,40,22,62,Aprobado,ACTA-2024-S1-950-A-ORD,Normal,2024-05-09,40,22,62,False,False
b6f67e91-3fbc-5e3c-9701-7f82ed8816ec,950,S1,2024-05-09,Ordinario,A,39,11,50,Reprobado,ACTA-2024-S1-950-A-ORD,Normal,2024-05-09,39,11,50,False,False
f2b69ec5-a14d-5236-a5b1-4a3da87d9200,950,S1,2024-05-09,Ordinario,A,66,10,76,Aprobado,ACTA-2024-S1-950-A-ORD,Normal,2024-05-09,66,10,76,False,False
b6f67e91-3fbc-5e3c-9701-7f82ed8816ec,950,S1,2024-05-28,Primera recuperacion,A,39,11,50,Reprobado,ACTA-2024-S1-950-A-REC1,Normal,2024-05-28,39,11,50,False,False
584ca980-7215-5ebe-bd2d-639aa11fa8a6,029,S2,2024-11-10,Ordinario,A,41,20,61,Aprobado,ACTA-2024-S2-029-A-ORD,Normal,2024-11-10,41,20,61,False,False
67414565-08f4-5f9f-b76b-b069d2a06f0f,029,S2,2024-11-10,Ordinario,A,42,27,69,Aprobado,ACTA-2024-S2-029-A-ORD,Normal,2024-11-10,42,27,69,False,False
6ec54b76-7dc1-5765-b816-5a329a6432e2,029,S2,2024-11-10,Ordinario,A,52,6,58,Reprobado,ACTA-2024-S2-029-A-ORD,Normal,2024-11-10,52,6,58,False,False
7736aed7-1f28-53e1-8433-c7a89c6e4992,029,S2,2024-11-10,Ordinario,A,39,24,63,Aprobado,ACTA-2024-S2-029-A-ORD,Normal,2024-11-10,39,24,63,False,False
978d05a1-a5a9-5ba4-9e3c-f3840d820cc0,029,S2,2024-11-10,Ordinario,A,51,16,67,Aprobado,ACTA-2024-S2-029-A-ORD,Normal,2024-11-10,51,16,67,False,False
df0bf56a-77fe-508c-a55e-34d29c2f924e,029,S2,2024-11-10,Ordinario,A,53,27,80,Aprobado,ACTA-2024-S2-029-A-ORD,Normal,2024-11-10,53,27,80,False,False
f1bca5fd-d3c7-5b2e-a90e-fbbf75fbcb41,029,S2,2024-11-10,Ordinario,A,53,5,58,Reprobado,ACTA-2024-S2-029-A-ORD,Normal,2024-11-10,53,5,58,False,False
ff12ec30-7918-541b-8167-6fda67f57e81,029,S2,2024-11-10,Ordinario,A,32,23,55,Reprobado,ACTA-2024-S2-029-A-ORD,Normal,2024-11-10,32,23,55,False,False
ff12ec30-7918-541b-8167-6fda67f57e81,029,S2,2024-11-20,Primera recuperacion,A,32,29,61,Aprobado,ACTA-2024-S2-029-A-REC1,Normal,2024-11-20,32,29,61,False,False
00a20d4b-9043-50fd-9656-3d18b3d769d1,029,S2,2024-11-11,Ordinario,B,37,30,67,Aprobado,ACTA-2024-S2-029-B-ORD,Normal,2024-11-11,37,30,67,False,False
0982685f-f12c-5cbc-87fb-2af443788fef,029,S2,2024-11-11,Ordinario,B,42,26,68,Aprobado,ACTA-2024-S2-029-B-ORD,Normal,2024-11-11,42,26,68,False,False
16e05d20-d12c-5dad-944c-ac46cae0b322,029,S2,2024-11-11,Ordinario,B,43,3,46,Reprobado,ACTA-2024-S2-029-B-ORD,Normal,2024-11-11,43,3,46,False,False
44265d66-98f6-5e01-98b4-22e7f68180a9,029,S2,2024-11-11,Ordinario,B,34,25,59,Reprobado,ACTA-2024-S2-029-B-ORD,Normal,2024-11-11,34,25,59,False,False
47413417-88fb-5b3e-957d-208714a3e40a,029,S2,2024-11-11,Ordinario,B,46,24,70,Aprobado,ACTA-2024-S2-029-B-ORD,Normal,2024-11-11,46,24,70,False,False
54efacbd-8d05-5312-8217-122e8f73fddc,029,S2,2024-11-11,Ordinario,B,46,22,68,Aprobado,ACTA-2024-S2-029-B-ORD,Normal,2024-11-11,46,22,68,False,False
56ed1545-fc8b-541e-9773-3c5f0bc2bf3b,029,S2,2024-11-11,Ordinario,B,40,23,63,Aprobado,ACTA-2024-S2-029-B-ORD,Normal,2024-11-11,40,23,63,False,False
5c937f46-19cc-56ec-bd5e-bec0181f8b45,029,S2,2024-11-11,Ordinario,B,31,18,49,Reprobado,ACTA-2024-S2-029-B-ORD,Normal,2024-11-11,31,18,49,False,False
63b57290-7942-50f2-9869-50904d311a85,029,S2,2024-11-11,Ordinario,B,57,28,85,Aprobado,ACTA-2024-S2-029-B-ORD,Normal,2024-11-11,57,28,85,False,False
d249646d-3649-5026-b0d5-4d07c1c3188b,029,S2,2024-11-11,Ordinario,B,43,0,43,Reprobado,ACTA-2024-S2-029-B-ORD,Normal,2024-11-11,43,0,43,False,False
f75c73c4-4353-55c2-b404-dd551be115aa,029,S2,2024-11-11,Ordinario,B,41,21,62,Aprobado,ACTA-2024-S2-029-B-ORD,Normal,2024-11-11,41,21,62,False,False
16e05d20-d12c-5dad-944c-ac46cae0b322,029,S2,2024-11-26,Primera recuperacion,B,43,3,46,Reprobado,ACTA-2024-S2-029-B-REC1,Normal,2024-11-26,43,3,46,False,False
5c937f46-19cc-56ec-bd5e-bec0181f8b45,029,S2,2024-11-26,Primera recuperacion,B,31,30,61,Aprobado,ACTA-2024-S2-029-B-REC1,Normal,2024-11-26,31,30,61,False,False
d249646d-3649-5026-b0d5-4d07c1c3188b,029,S2,2024-11-26,Primera recuperacion,B,43,0,43,Reprobado,ACTA-2024-S2-029-B-REC1,Normal,2024-11-26,43,0,43,False,False
1c875d84-9b73-5522-98e9-e0320dcb5a3e,029,S2,2024-11-08,Ordinario,C,68,5,73,Aprobado,ACTA-2024-S2-029-C-ORD,Normal,2024-11-08,68,5,73,False,False
1f2b77ef-07aa-502d-929d-d94213b94b63,029,S2,2024-11-08,Ordinario,C,34,7,41,Reprobado,ACTA-2024-S2-029-C-ORD,Normal,2024-11-08,34,7,41,False,False
33d3602a-b2e5-5e74-b015-aef7204523f1,029,S2,2024-11-08,Ordinario,C,31,20,51,Reprobado,ACTA-2024-S2-029-C-ORD,Normal,2024-11-08,31,20,51,False,False
5010db5c-18ea-546b-b351-b9d46655e790,029,S2,2024-11-08,Ordinario,C,50,4,54,Reprobado,ACTA-2024-S2-029-C-ORD,Normal,2024-11-08,50,4,54,False,False
5d95c06a-fef3-5ae3-916c-3141bbd59760,029,S2,2024-11-08,Ordinario,C,48,23,71,Aprobado,ACTA-2024-S2-029-C-ORD,Normal,2024-11-08,48,23,71,False,False
671fcbd0-25c4-532a-afda-0a6d10e90dd4,029,S2,2024-11-08,Ordinario,C,55,24,79,Aprobado,ACTA-2024-S2-029-C-ORD,Normal,2024-11-08,55,24,79,False,False
9ffa6583-b745-5ab4-b96f-0cb448667369,029,S2,2024-11-08,Ordinario,C,47,16,63,Aprobado,ACTA-2024-S2-029-C-ORD,Normal,2024-11-08,47,16,63,False,False
d2f58abe-3bd7-5f07-9c7e-3a449807463d,029,S2,2024-11-08,Ordinario,C,56,18,74,Aprobado,ACTA-2024-S2-029-C-ORD,Normal,2024-11-08,56,18,74,False,False
f52fddd3-e36f-5a82-a378-727e37fe4596,029,S2,2024-11-08,Ordinario,C,45,26,71,Aprobado,ACTA-2024-S2-029-C-ORD,Normal,2024-11-08,45,26,71,False,False
1f2b77ef-07aa-502d-929d-d94213b94b63,029,S2,2024-11-22,Primera recuperacion,C,34,27,61,Aprobado,ACTA-2024-S2-029-C-REC1,Normal,2024-11-22,34,27,61,False,False
5010db5c-18ea-546b-b351-b9d46655e790,029,S2,2024-11-22,Primera recuperacion,C,50,4,54,Reprobado,ACTA-2024-S2-029-C-REC1,Normal,2024-11-22,50,4,54,False,False
72e11633-3227-57e3-b469-86f635587704,029,S2,2024-11-13,Ordinario,D,53,1,54,Reprobado,ACTA-2024-S2-029-D-ORD,Normal,2024-11-13,53,1,54,False,False
73b10026-ae9f-549d-9df0-f12a55fe95f5,029,S2,2024-11-13,Ordinario,D,47,28,75,Aprobado,ACTA-2024-S2-029-D-ORD,Normal,2024-11-13,47,28,75,False,False
a3861666-b560-52ec-9759-10a1eb4d3847,029,S2,2024-11-13,Ordinario,D,60,5,65,Aprobado,ACTA-2024-S2-029-D-ORD,Normal,2024-11-13,60,5,65,False,False
e6e9156d-7483-53bd-b81b-65242bc99cc1,029,S2,2024-11-13,Ordinario,D,38,28,66,Aprobado,ACTA-2024-S2-029-D-ORD,Normal,2024-11-13,38,28,66,False,False
136359a4-f6ba-5d83-bc2f-db84eb392890,072,S2,2024-11-06,Ordinario,A,62,10,72,Aprobado,ACTA-2024-S2-072-A-ORD,Normal,2024-11-06,62,10,72,False,False
37cf6f59-cc69-576b-ba66-c5cf8fe772c3,072,S2,2024-11-06,Ordinario,A,52,12,64,Aprobado,ACTA-2024-S2-072-A-ORD,Normal,2024-11-06,52,12,64,False,False
3d0a4f10-ddc8-5c1d-9130-52080699b517,072,S2,2024-11-06,Ordinario,A,59,5,64,Aprobado,ACTA-2024-S2-072-A-ORD,Normal,2024-11-06,59,5,64,False,False
41833e6f-ff9c-5e3d-8bc1-bf5c5abc3959,072,S2,2024-11-06,Ordinario,A,43,30,73,Aprobado,ACTA-2024-S2-072-A-ORD,Normal,2024-11-06,43,30,73,False,False
44265d66-98f6-5e01-98b4-22e7f68180a9,072,S2,2024-11-06,Ordinario,A,45,6,51,Reprobado,ACTA-2024-S2-072-A-ORD,Normal,2024-11-06,45,6,51,False,False
59fa1784-d7c1-543c-9d6d-14e13774fe1a,072,S2,2024-11-06,Ordinario,A,53,30,83,Aprobado,ACTA-2024-S2-072-A-ORD,Normal,2024-11-06,53,30,83,False,False
5f88dc9a-1680-52ba-95d3-277b3d08cd6a,072,S2,2024-11-06,Ordinario,A,54,9,63,Aprobado,ACTA-2024-S2-072-A-ORD,Normal,2024-11-06,54,9,63,False,False
6a5add93-63e2-56da-ad52-61e4a59b33d7,072,S2,2024-11-06,Ordinario,A,45,29,74,Aprobado,ACTA-2024-S2-072-A-ORD,Normal,2024-11-06,45,29,74,False,False
892d453e-ad59-5c86-bc3e-bdd521dd397b,072,S2,2024-11-06,Ordinario,A,37,27,64,Aprobado,ACTA-2024-S2-072-A-ORD,Normal,2024-11-06,37,27,64,False,False
8c6b782d-1004-5643-8e93-3a5fca01dcd3,072,S2,2024-11-06,Ordinario,A,36,NSP,36,NSP,ACTA-2024-S2-072-A-ORD,Normal,2024-11-06,36,,36,False,True
8cd78b9b-ec67-5cc2-a2e0-f9086c2a104e,072,S2,2024-11-06,Ordinario,A,55,21,76,Aprobado,ACTA-2024-S2-072-A-ORD,Normal,2024-11-06,55,21,76,False,False
bc81ba4d-c2d3-5069-aa38-750cf904b140,072,S2,2024-11-06,Ordinario,A,39,10,49,Reprobado,ACTA-2024-S2-072-A-ORD,Normal,2024-11-06,39,10,49,False,False
bd6823c1-6617-541e-b44d-2de09a66e52e,072,S2,2024-11-06,Ordinario,A,33,20,53,Reprobado,ACTA-2024-S2-072-A-ORD,Normal,2024-11-06,33,20,53,False,False
c22564cf-cae3-58e7-b34e-1ee6d3c9993a,072,S2,2024-11-06,Ordinario,A,53,0,53,Reprobado,ACTA-2024-S2-072-A-ORD,Normal,2024-11-06,53,0,53,False,False
c9be5db4-4388-5e6e-bdb4-3792752de6b4,072,S2,2024-11-06,Ordinario,A,34,15,49,Reprobado,ACTA-2024-S2-072-A-ORD,Normal,2024-11-06,34,15,49,False,False
da0c1c2d-eae2-57b8-b466-96a10f60d443,072,S2,2024-11-06,Ordinario,A,54,7,61,Aprobado,ACTA-2024-S2-072-A-ORD,Normal,2024-11-06,54,7,61,False,False
df0bf56a-77fe-508c-a55e-34d29c2f924e,072,S2,2024-11-06,Ordinario,A,65,14,79,Aprobado,ACTA-2024-S2-072-A-ORD,Normal,2024-11-06,65,14,79,False,False
fc8f1dd9-0500-5ce4-9533-7c16115f0457,072,S2,2024-11-06,Ordinario,A,34,23,57,Reprobado,ACTA-2024-S2-072-A-ORD,Normal,2024-11-06,34,23,57,False,False
44265d66-98f6-5e01-98b4-22e7f68180a9,072,S2,2024-11-21,Primera recuperacion,A,45,27,72,Aprobado,ACTA-2024-S2-072-A-REC1,Normal,2024-11-21,45,27,72,False,False
bc81ba4d-c2d3-5069-aa38-750cf904b140,072,S2,2024-11-21,Primera recuperacion,A,39,10,49,Reprobado,ACTA-2024-S2-072-A-REC1,Normal,2024-11-21,39,10,49,False,False
c22564cf-cae3-58e7-b34e-1ee6d3c9993a,072,S2,2024-11-21,Primera recuperacion,A,53,0,53,Reprobado,ACTA-2024-S2-072-A-REC1,Normal,2024-11-21,53,0,53,False,False
c9be5db4-4388-5e6e-bdb4-3792752de6b4,072,S2,2024-11-21,Primera recuperacion,A,34,15,49,Reprobado,ACTA-2024-S2-072-A-REC1,Normal,2024-11-21,34,15,49,False,False
bc81ba4d-c2d3-5069-aa38-750cf904b140,072,S2,2025-01-14,Segunda recuperacion,A,39,22,61,Aprobado,ACTA-2024-S2-072-A-REC2,Normal,2025-01-14,39,22,61,False,False
263cfab1-83e1-5775-bb4e-9afb1bef241e,072,S2,2024-11-10,Ordinario,B,57,20,77,Aprobado,ACTA-2024-S2-072-B-ORD,Normal,2024-11-10,57,20,77,False,False
33d3602a-b2e5-5e74-b015-aef7204523f1,072,S2,2024-11-10,Ordinario,B,40,0,40,Reprobado,ACTA-2024-S2-072-B-ORD,Normal,2024-11-10,40,0,40,False,False
3de5d6a3-404d-592b-bd1d-e16220feabe5,072,S2,2024-11-10,Ordinario,B,44,24,68,Aprobado,ACTA-2024-S2-072-B-ORD,Normal,2024-11-10,44,24,68,False,False
5d95c06a-fef3-5ae3-916c-3141bbd59760,072,S2,2024-11-10,Ordinario,B,39,24,63,Aprobado,ACTA-2024-S2-072-B-ORD,Normal,2024-11-10,39,24,63,False,False
81104a59-2b4e-542a-8a88-6b95928606f2,072,S2,2024-11-10,Ordinario,B,48,5,53,Reprobado,ACTA-2024-S2-072-B-ORD,Normal,2024-11-10,48,5,53,False,False
b4d9082e-1db4-5faf-906f-1ae369f92be4,072,S2,2024-11-10,Ordinario,B,35,11,46,Reprobado,ACTA-2024-S2-072-B-ORD,Normal,2024-11-10,35,11,46,False,False
f2460c68-01ff-5d83-9a1a-787679bb79e7,072,S2,2024-11-10,Ordinario,B,43,22,65,Aprobado,ACTA-2024-S2-072-B-ORD,Normal,2024-11-10,43,22,65,False,False
f40eeb46-bad9-5029-91f9-439aa0d47666,072,S2,2024-11-10,Ordinario,B,68,13,81,Aprobado,ACTA-2024-S2-072-B-ORD,Normal,2024-11-10,68,13,81,False,False
33d3602a-b2e5-5e74-b015-aef7204523f1,072,S2,2024-11-24,Primera recuperacion,B,40,0,40,Reprobado,ACTA-2024-S2-072-B-REC1,Normal,2024-11-24,40,0,40,False,False
81104a59-2b4e-542a-8a88-6b95928606f2,072,S2,2024-11-24,Primera recuperacion,B,48,5,53,Reprobado,ACTA-2024-S2-072-B-REC1,Normal,2024-11-24,48,5,53,False,False
b4d9082e-1db4-5faf-906f-1ae369f92be4,072,S2,2024-11-24,Primera recuperacion,B,35,28,63,Aprobado,ACTA-2024-S2-072-B-REC1,Normal,2024-11-24,35,28,63,False,False
81104a59-2b4e-542a-8a88-6b95928606f2,072,S2,2025-01-15,Segunda recuperacion,B,48,5,53,Reprobado,ACTA-2024-S2-072-B-REC2,Normal,2025-01-15,48,5,53,False,False
0ef15c27-d711-5c04-a891-a2c6c92975e9,072,S2,2024-11-06,Ordinario,C,51,0,51,Reprobado,ACTA-2024-S2-072-C-ORD,Normal,2024-11-06,51,0,51,False,False
16e05d20-d12c-5dad-944c-ac46cae0b322,072,S2,2024-11-06,Ordinario,C,54,20,74,Aprobado,ACTA-2024-S2-072-C-ORD,Normal,2024-11-06,54,20,74,False,False
1bf1c525-f0f5-52b9-81f2-e993b470b9cc,072,S2,2024-11-06,Ordinario,C,51,3,54,Reprobado,ACTA-2024-S2-072-C-ORD,Normal,2024-11-06,51,3,54,False,False
1de648c3-6819-5075-9540-695d387b5ffb,072,S2,2024-11-06,Ordinario,C,64,10,74,Aprobado,ACTA-2024-S2-072-C-ORD,Normal,2024-11-06,64,10,74,False,False
2fc7191e-47d6-5226-a537-f8c6eac9dddc,072,S2,2024-11-06,Ordinario,C,68,22,90,Aprobado,ACTA-2024-S2-072-C-ORD,Normal,2024-11-06,68,22,90,False,False
30cfbf3f-525e-5689-b923-5f20e1134539,072,S2,2024-11-06,Ordinario,C,40,9,49,Reprobado,ACTA-2024-S2-072-C-ORD,Normal,2024-11-06,40,9,49,False,False
3ed23438-77d4-550f-ad5f-cc6bcf90ec02,072,S2,2024-11-06,Ordinario,C,34,11,45,Reprobado,ACTA-2024-S2-072-C-ORD,Normal,2024-11-06,34,11,45,False,False
4d21cea1-ac04-5543-86ff-a481632efb1e,072,S2,2024-11-06,Ordinario,C,41,8,49,Reprobado,ACTA-2024-S2-072-C-ORD,Normal,2024-11-06,41,8,49,False,False
50cd2e0b-10ff-5209-836b-c75477a9725b,072,S2,2024-11-06,Ordinario,C,53,3,56,Reprobado,ACTA-2024-S2-072-C-ORD,Normal,2024-11-06,53,3,56,False,False
515cd66c-ea70-5052-a873-774d8dac953d,072,S2,2024-11-06,Ordinario,C,35,1,36,Reprobado,ACTA-2024-S2-072-C-ORD,Normal,2024-11-06,35,1,36,False,False
54a8344b-f5b6-57d7-bf33-011f650d4236,072,S2,2024-11-06,Ordinario,C,40,22,62,Aprobado,ACTA-2024-S2-072-C-ORD,Normal,2024-11-06,40,22,62,False,False
5814899b-920c-5074-a7c7-7511abd951ba,072,S2,2024-11-06,Ordinario,C,39,27,66,Aprobado,ACTA-2024-S2-072-C-ORD,Normal,2024-11-06,39,27,66,False,False
5c937f46-19cc-56ec-bd5e-bec0181f8b45,072,S2,2024-11-06,Ordinario,C,62,4,66,Aprobado,ACTA-2024-S2-072-C-ORD,Normal,2024-11-06,62,4,66,False,False
671fcbd0-25c4-532a-afda-0a6d10e90dd4,072,S2,2024-11-06,Ordinario,C,67,9,76,Aprobado,ACTA-2024-S2-072-C-ORD,Normal,2024-11-06,67,9,76,False,False
67414565-08f4-5f9f-b76b-b069d2a06f0f,072,S2,2024-11-06,Ordinario,C,63,16,79,Aprobado,ACTA-2024-S2-072-C-ORD,Normal,2024-11-06,63,16,79,False,False
682590a1-8178-5261-b1a8-d0e0130255a2,072,S2,2024-11-06,Ordinario,C,38,25,63,Aprobado,ACTA-2024-S2-072-C-ORD,Normal,2024-11-06,38,25,63,False,False
6ec54b76-7dc1-5765-b816-5a329a6432e2,072,S2,2024-11-06,Ordinario,C,66,4,70,Aprobado,ACTA-2024-S2-072-C-ORD,Normal,2024-11-06,66,4,70,False,False
7736aed7-1f28-53e1-8433-c7a89c6e4992,072,S2,2024-11-06,Ordinario,C,40,29,69,Aprobado,ACTA-2024-S2-072-C-ORD,Normal,2024-11-06,40,29,69,False,False
84dddfd9-5b3a-5af3-9cc7-78c192097158,072,S2,2024-11-06,Ordinario,C,40,22,62,Aprobado,ACTA-2024-S2-072-C-ORD,Normal,2024-11-06,40,22,62,False,False
88ac2e8a-94a5-5041-b4e6-f6e5d388a4da,072,S2,2024-11-06,Ordinario,C,44,30,74,Aprobado,ACTA-2024-S2-072-C-ORD,Normal,2024-11-06,44,30,74,False,False
a3861666-b560-52ec-9759-10a1eb4d3847,072,S2,2024-11-06,Ordinario,C,45,30,75,Aprobado,ACTA-2024-S2-072-C-ORD,Normal,2024-11-06,45,30,75,False,False
a531dcbb-f49d-5195-8ee1-330009237354,072,S2,2024-11-06,Ordinario,C,52,5,57,Reprobado,ACTA-2024-S2-072-C-ORD,Normal,2024-11-06,52,5,57,False,False
aa8813f5-0192-5963-bd3d-2626ed41657a,072,S2,2024-11-06,Ordinario,C,61,6,67,Aprobado,ACTA-2024-S2-072-C-ORD,Normal,2024-11-06,61,6,67,False,False
bb6f73d6-26af-56f4-8416-97e3fd8fba7a,072,S2,2024-11-06,Ordinario,C,44,15,59,Reprobado,ACTA-2024-S2-072-C-ORD,Normal,2024-11-06,44,15,59,False,False
c196e189-9bf9-5874-954e-a0324df04e81,072,S2,2024-11-06,Ordinario,C,34,NSP,34,NSP,ACTA-2024-S2-072-C-ORD,Normal,2024-11-06,34,,34,False,True
c236c9a7-ebb8-5bdd-9717-5b80d6074b31,072,S2,2024-11-06,Ordinario,C,64,21,85,Aprobado,ACTA-2024-S2-072-C-ORD,Normal,2024-11-06,64,21,85,False,False
d6d03fe5-9685-5915-b023-7244e7e5d506,072,S2,2024-11-06,Ordinario,C,54,5,59,Reprobado,ACTA-2024-S2-072-C-ORD,Normal,2024-11-06,54,5,59,False,False
f02dd2cb-e888-5bf5-ba3e-f4b7b438b68a,072,S2,2024-11-06,Ordinario,C,55,15,70,Aprobado,ACTA-2024-S2-072-C-ORD,Normal,2024-11-06,55,15,70,False,False
0ef15c27-d711-5c04-a891-a2c6c92975e9,072,S2,2024-11-27,Primera recuperacion,C,51,0,51,Reprobado,ACTA-2024-S2-072-C-REC1,Normal,2024-11-27,51,0,51,False,False
1bf1c525-f0f5-52b9-81f2-e993b470b9cc,072,S2,2024-11-27,Primera recuperacion,C,51,3,54,Reprobado,ACTA-2024-S2-072-C-REC1,Normal,2024-11-27,51,3,54,False,False
3ed23438-77d4-550f-ad5f-cc6bcf90ec02,072,S2,2024-11-27,Primera recuperacion,C,34,11,45,Reprobado,ACTA-2024-S2-072-C-REC1,Normal,2024-11-27,34,11,45,False,False
4d21cea1-ac04-5543-86ff-a481632efb1e,072,S2,2024-11-27,Primera recuperacion,C,41,8,49,Reprobado,ACTA-2024-S2-072-C-REC1,Normal,2024-11-27,41,8,49,False,False
50cd2e0b-10ff-5209-836b-c75477a9725b,072,S2,2024-11-27,Primera recuperacion,C,53,22,75,Aprobado,ACTA-2024-S2-072-C-REC1,Normal,2024-11-27,53,22,75,False,False
515cd66c-ea70-5052-a873-774d8dac953d,072,S2,2024-11-27,Primera recuperacion,C,35,1,36,Reprobado,ACTA-2024-S2-072-C-REC1,Normal,2024-11-27,35,1,36,False,False
a531dcbb-f49d-5195-8ee1-330009237354,072,S2,2024-11-27,Primera recuperacion,C,52,30,82,Aprobado,ACTA-2024-S2-072-C-REC1,Normal,2024-11-27,52,30,82,False,False
d6d03fe5-9685-5915-b023-7244e7e5d506,072,S2,2024-11-27,Primera recuperacion,C,54,5,59,Reprobado,ACTA-2024-S2-072-C-REC1,Normal,2024-11-27,54,5,59,False,False
0ef15c27-d711-5c04-a891-a2c6c92975e9,072,S2,2025-01-15,Segunda recuperacion,C,51,13,64,Aprobado,ACTA-2024-S2-072-C-REC2,Normal,2025-01-15,51,13,64,False,False
3ed23438-77d4-550f-ad5f-cc6bcf90ec02,072,S2,2025-01-15,Segunda recuperacion,C,34,11,45,Reprobado,ACTA-2024-S2-072-C-REC2,Normal,2025-01-15,34,11,45,False,False
4d21cea1-ac04-5543-86ff-a481632efb1e,072,S2,2025-01-15,Segunda recuperacion,C,41,8,49,Reprobado,ACTA-2024-S2-072-C-REC2,Normal,2025-01-15,41,8,49,False,False
18a74ce6-ba44-5c94-a2c3-22a8ded6786a,085,S2,2024-11-06,Ordinario,A,49,5,54,Reprobado,ACTA-2024-S2-085-A-ORD,Normal,2024-11-06,49,5,54,False,False
1f2beec5-6645-5d05-82ee-24ac5912f380,085,S2,2024-11-06,Ordinario,A,62,30,92,Aprobado,ACTA-2024-S2-085-A-ORD,Normal,2024-11-06,62,30,92,False,False
229d23a0-bac6-55e3-9d53-ef85f45542e0,085,S2,2024-11-06,Ordinario,A,41,19,60,Reprobado,ACTA-2024-S2-085-A-ORD,Normal,2024-11-06,41,19,60,False,False
23b6caf2-e88d-5562-aa80-01e9ef57ebe9,085,S2,2024-11-06,Ordinario,A,52,17,69,Aprobado,ACTA-2024-S2-085-A-ORD,Normal,2024-11-06,52,17,69,False,False
366b165f-922c-5847-b813-fc6ef6c3a751,085,S2,2024-11-06,Ordinario,A,46,2,48,Reprobado,ACTA-2024-S2-085-A-ORD,Normal,2024-11-06,46,2,48,False,False
3d26acfe-2654-5f55-abd4-4977a7b03cf5,085,S2,2024-11-06,Ordinario,A,43,30,73,Aprobado,ACTA-2024-S2-085-A-ORD,Normal,2024-11-06,43,30,73,False,False
3f2755ef-7031-5580-be34-89f9ba198194,085,S2,2024-11-06,Ordinario,A,35,NSP,35,NSP,ACTA-2024-S2-085-A-ORD,Normal,2024-11-06,35,,35,False,True
41c3459c-e2e4-550d-a299-2cc964c7cfea,085,S2,2024-11-06,Ordinario,A,44,15,59,Reprobado,ACTA-2024-S2-085-A-ORD,Normal,2024-11-06,44,15,59,False,False
75ad2a1d-e65d-5b36-9b02-6dc6f12138a4,085,S2,2024-11-06,Ordinario,A,64,1,65,Aprobado,ACTA-2024-S2-085-A-ORD,Normal,2024-11-06,64,1,65,False,False
7e033645-6b36-5b24-be88-ef2953f2c850,085,S2,2024-11-06,Ordinario,A,54,0,54,Reprobado,ACTA-2024-S2-085-A-ORD,Normal,2024-11-06,54,0,54,False,False
829d6bb7-6b71-5f40-9045-d49c7a41f459,085,S2,2024-11-06,Ordinario,A,55,30,85,Aprobado,ACTA-2024-S2-085-A-ORD,Normal,2024-11-06,55,30,85,False,False
830d469b-5f0d-5c02-83e5-fb3ef8b12772,085,S2,2024-11-06,Ordinario,A,63,27,90,Aprobado,ACTA-2024-S2-085-A-ORD,Normal,2024-11-06,63,27,90,False,False
9a98393a-472a-543c-b2c9-606126573d51,085,S2,2024-11-06,Ordinario,A,64,26,90,Aprobado,ACTA-2024-S2-085-A-ORD,Normal,2024-11-06,64,26,90,False,False
9af53817-e9ec-5854-a2a5-e577ccaf67ed,085,S2,2024-11-06,Ordinario,A,55,22,77,Aprobado,ACTA-2024-S2-085-A-ORD,Normal,2024-11-06,55,22,77,False,False
a0ce5501-c941-5d6f-bdff-a357ccb52bd7,085,S2,2024-11-06,Ordinario,A,67,23,90,Aprobado,ACTA-2024-S2-085-A-ORD,Normal,2024-11-06,67,23,90,False,False
a5be436a-cb69-5107-956d-501d659bb0d7,085,S2,2024-11-06,Ordinario,A,46,16,62,Aprobado,ACTA-2024-S2-085-A-ORD,Normal,2024-11-06,46,16,62,False,False
b06bcec0-b3a3-50b9-a1ec-953a4674371d,085,S2,2024-11-06,Ordinario,A,61,8,69,Aprobado,ACTA-2024-S2-085-A-ORD,Normal,2024-11-06,61,8,69,False,False
b1ada878-5ce8-5e51-bc44-6a5ae1f64971,085,S2,2024-11-06,Ordinario,A,42,24,66,Aprobado,ACTA-2024-S2-085-A-ORD,Normal,2024-11-06,42,24,66,False,False
bc607b11-c7c3-5cd1-b0c4-f95fabb7d1bf,085,S2,2024-11-06,Ordinario,A,41,12,53,Reprobado,ACTA-2024-S2-085-A-ORD,Normal,2024-11-06,41,12,53,False,False
bd77a48a-9406-51ae-a620-b28897754dec,085,S2,2024-11-06,Ordinario,A,55,6,61,Aprobado,ACTA-2024-S2-085-A-ORD,Normal,2024-11-06,55,6,61,False,False
c7cd1346-234a-5f30-b884-48b69a36b80d,085,S2,2024-11-06,Ordinario,A,45,5,50,Reprobado,ACTA-2024-S2-085-A-ORD,Normal,2024-11-06,45,5,50,False,False
cb2a28b9-397d-5feb-a252-7b8abaccc929,085,S2,2024-11-06,Ordinario,A,54,1,55,Reprobado,ACTA-2024-S2-085-A-ORD,Normal,2024-11-06,54,1,55,False,False
d3acc96f-c21a-5c20-96fb-a688c8734bfe,085,S2,2024-11-06,Ordinario,A,68,17,85,Aprobado,ACTA-2024-S2-085-A-ORD,Normal,2024-11-06,68,17,85,False,False
d5aaa6eb-6692-5c69-b2a8-cf5b1835b425,085,S2,2024-11-06,Ordinario,A,60,6,66,Aprobado,ACTA-2024-S2-085-A-ORD,Normal,2024-11-06,60,6,66,False,False
ec22dbbf-bcda-5f1d-bfc8-a82e55ec7de9,085,S2,2024-11-06,Ordinario,A,39,30,69,Aprobado,ACTA-2024-S2-085-A-ORD,Normal,2024-11-06,39,30,69,False,False
efa55bd1-a3d6-552e-b4fc-91b4426c5818,085,S2,2024-11-06,Ordinario,A,53,7,60,Reprobado,ACTA-2024-S2-085-A-ORD,Normal,2024-11-06,53,7,60,False,False
f4c71755-c25b-53e6-aae7-bf388a03494c,085,S2,2024-11-06,Ordinario,A,52,22,74,Aprobado,ACTA-2024-S2-085-A-ORD,Normal,2024-11-06,52,22,74,False,False
18a74ce6-ba44-5c94-a2c3-22a8ded6786a,085,S2,2024-11-23,Primera recuperacion,A,49,5,54,Reprobado,ACTA-2024-S2-085-A-REC1,Normal,2024-11-23,49,5,54,False,False
229d23a0-bac6-55e3-9d53-ef85f45542e0,085,S2,2024-11-23,Primera recuperacion,A,41,27,68,Aprobado,ACTA-2024-S2-085-A-REC1,Normal,2024-11-23,41,27,68,False,False
366b165f-922c-5847-b813-fc6ef6c3a751,085,S2,2024-11-23,Primera recuperacion,A,46,2,48,Reprobado,ACTA-2024-S2-085-A-REC1,Normal,2024-11-23,46,2,48,False,False
41c3459c-e2e4-550d-a299-2cc964c7cfea,085,S2,2024-11-23,Primera recuperacion,A,44,28,72,Aprobado,ACTA-2024-S2-085-A-REC1,Normal,2024-11-23,44,28,72,False,False
7e033645-6b36-5b24-be88-ef2953f2c850,085,S2,2024-11-23,Primera recuperacion,A,54,0,54,Reprobado,ACTA-2024-S2-085-A-REC1,Normal,2024-11-23,54,0,54,False,False
cb2a28b9-397d-5feb-a252-7b8abaccc929,085,S2,2024-11-23,Primera recuperacion,A,54,1,55,Reprobado,ACTA-2024-S2-085-A-REC1,Normal,2024-11-23,54,1,55,False,False
efa55bd1-a3d6-552e-b4fc-91b4426c5818,085,S2,2024-11-23,Primera recuperacion,A,53,7,60,Reprobado,ACTA-2024-S2-085-A-REC1,Normal,2024-11-23,53,7,60,False,False
7e033645-6b36-5b24-be88-ef2953f2c850,085,S2,2025-01-19,Segunda recuperacion,A,54,15,69,Aprobado,ACTA-2024-S2-085-A-REC2,Normal,2025-01-19,54,15,69,False,False
06845194-5599-5680-bfb6-ebd5b2311c5a,094,S2,2024-11-07,Ordinario,A,58,14,72,Aprobado,ACTA-2024-S2-094-A-ORD,Normal,2024-11-07,58,14,72,False,False
09f38ce8-1f46-54d4-9aaf-a5c3bd38490d,094,S2,2024-11-07,Ordinario,A,50,9,59,Reprobado,ACTA-2024-S2-094-A-ORD,Normal,2024-11-07,50,9,59,False,False
258230b7-9a78-5154-bafa-abd2bb5f077f,094,S2,2024-11-07,Ordinario,A,50,22,72,Aprobado,ACTA-2024-S2-094-A-ORD,Normal,2024-11-07,50,22,72,False,False
46f5141f-c212-54cb-a059-aceb91052900,094,S2,2024-11-07,Ordinario,A,47,19,66,Aprobado,ACTA-2024-S2-094-A-ORD,Normal,2024-11-07,47,19,66,False,False
7996cf1a-d87a-5fdc-a9eb-dfc452b7df6a,094,S2,2024-11-07,Ordinario,A,41,24,65,Aprobado,ACTA-2024-S2-094-A-ORD,Normal,2024-11-07,41,24,65,False,False
b69b6146-9244-5946-800b-bab8d07fdf29,094,S2,2024-11-07,Ordinario,A,55,11,66,Aprobado,ACTA-2024-S2-094-A-ORD,Normal,2024-11-07,55,11,66,False,False
d118687e-00c4-575c-a6cb-42161dba4e09,094,S2,2024-11-07,Ordinario,A,53,6,59,Reprobado,ACTA-2024-S2-094-A-ORD,Normal,2024-11-07,53,6,59,False,False
e6a59826-1bef-51d2-8aca-813db3078360,094,S2,2024-11-07,Ordinario,A,38,18,56,Reprobado,ACTA-2024-S2-094-A-ORD,Normal,2024-11-07,38,18,56,False,False
d118687e-00c4-575c-a6cb-42161dba4e09,094,S2,2024-11-24,Primera recuperacion,A,53,15,68,Aprobado,ACTA-2024-S2-094-A-REC1,Normal,2024-11-24,53,15,68,False,False
e6a59826-1bef-51d2-8aca-813db3078360,094,S2,2024-11-24,Primera recuperacion,A,38,18,56,Reprobado,ACTA-2024-S2-094-A-REC1,Normal,2024-11-24,38,18,56,False,False
0cde0ab4-cadb-52c2-b390-b7f6afe8746c,146,S2,2024-11-06,Ordinario,A,62,7,69,Aprobado,ACTA-2024-S2-146-A-ORD,Normal,2024-11-06,62,7,69,False,False
23d99703-dc71-5cfb-be2e-7b094396d2e1,146,S2,2024-11-06,Ordinario,A,40,22,62,Aprobado,ACTA-2024-S2-146-A-ORD,Normal,2024-11-06,40,22,62,False,False
25077c77-5aee-5d93-8a36-c5b57da00dc0,146,S2,2024-11-06,Ordinario,A,50,27,77,Aprobado,ACTA-2024-S2-146-A-ORD,Normal,2024-11-06,50,27,77,False,False
26d5d2fd-ceb5-56b7-bf84-f028a12bf50c,146,S2,2024-11-06,Ordinario,A,52,18,70,Aprobado,ACTA-2024-S2-146-A-ORD,Normal,2024-11-06,52,18,70,False,False
34986bea-a380-5964-a9fe-b7d8075f0cd5,146,S2,2024-11-06,Ordinario,A,68,9,77,Aprobado,ACTA-2024-S2-146-A-ORD,Normal,2024-11-06,68,9,77,False,False
37298f71-ec61-5e5c-ad25-86570c15f7ec,146,S2,2024-11-06,Ordinario,A,48,7,55,Reprobado,ACTA-2024-S2-146-A-ORD,Normal,2024-11-06,48,7,55,False,False
3b839c8a-1e03-5728-b057-2689dbdd202e,146,S2,2024-11-06,Ordinario,A,46,7,53,Reprobado,ACTA-2024-S2-146-A-ORD,Normal,2024-11-06,46,7,53,False,False
3bdd6bd7-2493-5fef-97d2-19101e40630a,146,S2,2024-11-06,Ordinario,A,46,9,55,Reprobado,ACTA-2024-S2-146-A-ORD,Normal,2024-11-06,46,9,55,False,False
3f6b4811-4804-539a-990b-aa859b6d7359,146,S2,2024-11-06,Ordinario,A,37,30,67,Aprobado,ACTA-2024-S2-146-A-ORD,Normal,2024-11-06,37,30,67,False,False
760374e5-fa63-5431-b172-de8a0abbce5f,146,S2,2024-11-06,Ordinario,A,52,3,55,Reprobado,ACTA-2024-S2-146-A-ORD,Normal,2024-11-06,52,3,55,False,False
9db9b320-6e2b-5cf7-9e83-bba0130684c9,146,S2,2024-11-06,Ordinario,A,51,6,57,Reprobado,ACTA-2024-S2-146-A-ORD,Normal,2024-11-06,51,6,57,False,False
af7170d5-79af-53e8-ac44-8d6b7e8ad951,146,S2,2024-11-06,Ordinario,A,35,21,56,Reprobado,ACTA-2024-S2-146-A-ORD,Normal,2024-11-06,35,21,56,False,False
b0348df3-fe64-57fb-9a16-ef1d46254d7e,146,S2,2024-11-06,Ordinario,A,49,23,72,Aprobado,ACTA-2024-S2-146-A-ORD,Normal,2024-11-06,49,23,72,False,False
bfcdedcc-bb15-55d3-af36-398b47e8169b,146,S2,2024-11-06,Ordinario,A,36,26,62,Aprobado,ACTA-2024-S2-146-A-ORD,Normal,2024-11-06,36,26,62,False,False
ca6fc301-a539-586c-9789-e3d1605db2b0,146,S2,2024-11-06,Ordinario,A,56,7,63,Aprobado,ACTA-2024-S2-146-A-ORD,Normal,2024-11-06,56,7,63,False,False
cb7e7a97-6e00-55b0-b580-317f19854827,146,S2,2024-11-06,Ordinario,A,44,NSP,44,NSP,ACTA-2024-S2-146-A-ORD,Normal,2024-11-06,44,,44,False,True
cf78170e-bdcf-5b76-9880-68254df8a507,146,S2,2024-11-06,Ordinario,A,68,5,73,Aprobado,ACTA-2024-S2-146-A-ORD,Normal,2024-11-06,68,5,73,False,False
d4aa7cc1-7a50-5352-8316-3d2d7fa077d2,146,S2,2024-11-06,Ordinario,A,61,10,71,Aprobado,ACTA-2024-S2-146-A-ORD,Normal,2024-11-06,61,10,71,False,False
e433d0b0-de78-5b0f-9cd1-397f7d94f630,146,S2,2024-11-06,Ordinario,A,68,17,85,Aprobado,ACTA-2024-S2-146-A-ORD,Normal,2024-11-06,68,17,85,False,False
f244a686-f32b-5770-9d6b-044f508009fa,146,S2,2024-11-06,Ordinario,A,37,18,55,Reprobado,ACTA-2024-S2-146-A-ORD,Normal,2024-11-06,37,18,55,False,False
fc68457e-7e7c-5698-a1c7-1ed0dccba4b3,146,S2,2024-11-06,Ordinario,A,37,8,45,Reprobado,ACTA-2024-S2-146-A-ORD,Normal,2024-11-06,37,8,45,False,False
37298f71-ec61-5e5c-ad25-86570c15f7ec,146,S2,2024-11-19,Primera recuperacion,A,48,20,68,Aprobado,ACTA-2024-S2-146-A-REC1,Normal,2024-11-19,48,20,68,False,False
3bdd6bd7-2493-5fef-97d2-19101e40630a,146,S2,2024-11-19,Primera recuperacion,A,46,9,55,Reprobado,ACTA-2024-S2-146-A-REC1,Normal,2024-11-19,46,9,55,False,False
9db9b320-6e2b-5cf7-9e83-bba0130684c9,146,S2,2024-11-19,Primera recuperacion,A,51,21,72,Aprobado,ACTA-2024-S2-146-A-REC1,Normal,2024-11-19,51,21,72,False,False
af7170d5-79af-53e8-ac44-8d6b7e8ad951,146,S2,2024-11-19,Primera recuperacion,A,35,21,56,Reprobado,ACTA-2024-S2-146-A-REC1,Normal,2024-11-19,35,21,56,False,False
f244a686-f32b-5770-9d6b-044f508009fa,146,S2,2024-11-19,Primera recuperacion,A,37,18,55,Reprobado,ACTA-2024-S2-146-A-REC1,Normal,2024-11-19,37,18,55,False,False
fc68457e-7e7c-5698-a1c7-1ed0dccba4b3,146,S2,2024-11-19,Primera recuperacion,A,37,8,45,Reprobado,ACTA-2024-S2-146-A-REC1,Normal,2024-11-19,37,8,45,False,False
3bdd6bd7-2493-5fef-97d2-19101e40630a,146,S2,2025-01-21,Segunda recuperacion,A,46,19,65,Aprobado,ACTA-2024-S2-146-A-REC2,Normal,2025-01-21,46,19,65,False,False
f244a686-f32b-5770-9d6b-044f508009fa,146,S2,2025-01-21,Segunda recuperacion,A,37,18,55,Reprobado,ACTA-2024-S2-146-A-REC2,Normal,2025-01-21,37,18,55,False,False
fc68457e-7e7c-5698-a1c7-1ed0dccba4b3,146,S2,2025-01-21,Segunda recuperacion,A,37,8,45,Reprobado,ACTA-2024-S2-146-A-REC2,Normal,2025-01-21,37,8,45,False,False
18744750-066d-5952-a07f-87fe04f11287,146,S2,2024-11-07,Ordinario,B,62,21,83,Aprobado,ACTA-2024-S2-146-B-ORD,Normal,2024-11-07,62,21,83,False,False
25e84c4c-0e95-5f03-a935-f30e7f0de6b0,146,S2,2024-11-07,Ordinario,B,59,10,69,Aprobado,ACTA-2024-S2-146-B-ORD,Normal,2024-11-07,59,10,69,False,False
34cda5e3-c5d3-54b8-aeb1-bfb0d468bf7f,146,S2,2024-11-07,Ordinario,B,48,28,76,Aprobado,ACTA-2024-S2-146-B-ORD,Normal,2024-11-07,48,28,76,False,False
3b72ef3a-35be-57ea-9618-876a2c6483e8,146,S2,2024-11-07,Ordinario,B,56,22,78,Aprobado,ACTA-2024-S2-146-B-ORD,Normal,2024-11-07,56,22,78,False,False
490c004f-42a1-534f-b227-8fe75437eaed,146,S2,2024-11-07,Ordinario,B,64,14,78,Aprobado,ACTA-2024-S2-146-B-ORD,Normal,2024-11-07,64,14,78,False,False
4fd48cf3-f8af-550e-a2d0-220e5a797783,146,S2,2024-11-07,Ordinario,B,54,4,58,Reprobado,ACTA-2024-S2-146-B-ORD,Normal,2024-11-07,54,4,58,False,False
8feda068-15b3-578a-b249-a538441fafb6,146,S2,2024-11-07,Ordinario,B,32,15,47,Reprobado,ACTA-2024-S2-146-B-ORD,Normal,2024-11-07,32,15,47,False,False
99e6be68-8a89-5792-85ba-477b1d7e300b,146,S2,2024-11-07,Ordinario,B,40,NSP,40,NSP,ACTA-2024-S2-146-B-ORD,Normal,2024-11-07,40,,40,False,True
a2b5f5b2-e9f5-5757-9f6e-7438a476abc5,146,S2,2024-11-07,Ordinario,B,54,3,57,Reprobado,ACTA-2024-S2-146-B-ORD,Normal,2024-11-07,54,3,57,False,False
a397aa26-43c1-5dd5-8ded-d294dadfb78d,146,S2,2024-11-07,Ordinario,B,59,19,78,Aprobado,ACTA-2024-S2-146-B-ORD,Normal,2024-11-07,59,19,78,False,False
adaf3c7a-3e47-5989-abc3-94ddc1fa8301,146,S2,2024-11-07,Ordinario,B,43,21,64,Aprobado,ACTA-2024-S2-146-B-ORD,Normal,2024-11-07,43,21,64,False,False
e21547f5-5ca5-5a65-9672-e1f99f10125a,146,S2,2024-11-07,Ordinario,B,47,1,48,Reprobado,ACTA-2024-S2-146-B-ORD,Normal,2024-11-07,47,1,48,False,False
4fd48cf3-f8af-550e-a2d0-220e5a797783,146,S2,2024-11-26,Primera recuperacion,B,54,12,66,Aprobado,ACTA-2024-S2-146-B-REC1,Normal,2024-11-26,54,12,66,False,False
e21547f5-5ca5-5a65-9672-e1f99f10125a,146,S2,2024-11-26,Primera recuperacion,B,47,1,48,Reprobado,ACTA-2024-S2-146-B-REC1,Normal,2024-11-26,47,1,48,False,False
49b58f54-b0f3-5a4f-b91f-0f3ad303fe50,146,S2,2024-11-09,Ordinario,C,52,22,74,Aprobado,ACTA-2024-S2-146-C-ORD,Normal,2024-11-09,52,22,74,False,False
a0255bd2-c49d-5e1e-9f89-cd10cc01f918,146,S2,2024-11-09,Ordinario,C,66,19,85,Aprobado,ACTA-2024-S2-146-C-ORD,Normal,2024-11-09,66,19,85,False,False
a20155e8-2dc9-5995-816b-3cb66b43ad43,146,S2,2024-11-09,Ordinario,C,56,29,85,Aprobado,ACTA-2024-S2-146-C-ORD,Normal,2024-11-09,56,29,85,False,False
a95180f9-77c6-5b98-a2fb-323e641ed050,146,S2,2024-11-09,Ordinario,C,50,8,58,Reprobado,ACTA-2024-S2-146-C-ORD,Normal,2024-11-09,50,8,58,False,False
cd28b7e2-8009-5ab7-bfab-ba2f84ee3e52,146,S2,2024-11-09,Ordinario,C,37,30,67,Aprobado,ACTA-2024-S2-146-C-ORD,Normal,2024-11-09,37,30,67,False,False
eae6527b-b1e4-5222-b4d0-ac6089abf79f,146,S2,2024-11-09,Ordinario,C,48,11,59,Reprobado,ACTA-2024-S2-146-C-ORD,Normal,2024-11-09,48,11,59,False,False
f199e5f4-121f-5cf5-ba7c-98bc08d9eb4c,146,S2,2024-11-09,Ordinario,C,35,18,53,Reprobado,ACTA-2024-S2-146-C-ORD,Normal,2024-11-09,35,18,53,False,False
fb167343-6dc1-5b01-b2b2-486e33496558,146,S2,2024-11-09,Ordinario,C,54,8,62,Aprobado,ACTA-2024-S2-146-C-ORD,Normal,2024-11-09,54,8,62,False,False
a95180f9-77c6-5b98-a2fb-323e641ed050,146,S2,2024-11-20,Primera recuperacion,C,50,21,71,Aprobado,ACTA-2024-S2-146-C-REC1,Normal,2024-11-20,50,21,71,False,False
18a74ce6-ba44-5c94-a2c3-22a8ded6786a,147,S2,2024-11-13,Ordinario,A,44,11,55,Reprobado,ACTA-2024-S2-147-A-ORD,Normal,2024-11-13,44,11,55,False,False
229d23a0-bac6-55e3-9d53-ef85f45542e0,147,S2,2024-11-13,Ordinario,A,55,2,57,Reprobado,ACTA-2024-S2-147-A-ORD,Normal,2024-11-13,55,2,57,False,False
23b6caf2-e88d-5562-aa80-01e9ef57ebe9,147,S2,2024-11-13,Ordinario,A,52,19,71,Aprobado,ACTA-2024-S2-147-A-ORD,Normal,2024-11-13,52,19,71,False,False
26b70c46-d8aa-5b67-b21d-02f2c1b9ca56,147,S2,2024-11-13,Ordinario,A,51,14,65,Aprobado,ACTA-2024-S2-147-A-ORD,Normal,2024-11-13,51,14,65,False,False
366b165f-922c-5847-b813-fc6ef6c3a751,147,S2,2024-11-13,Ordinario,A,42,1,43,Reprobado,ACTA-2024-S2-147-A-ORD,Normal,2024-11-13,42,1,43,False,False
390a81e9-c184-59de-8b1f-aa4c16c462b8,147,S2,2024-11-13,Ordinario,A,47,27,74,Aprobado,ACTA-2024-S2-147-A-ORD,Normal,2024-11-13,47,27,74,False,False
3c6f1a4a-d7f3-52a4-8351-301617f5a809,147,S2,2024-11-13,Ordinario,A,59,19,78,Aprobado,ACTA-2024-S2-147-A-ORD,Normal,2024-11-13,59,19,78,False,False
3e286a49-0d95-56da-aeae-91cae0ed2763,147,S2,2024-11-13,Ordinario,A,67,17,84,Aprobado,ACTA-2024-S2-147-A-ORD,Normal,2024-11-13,67,17,84,False,False
3f2755ef-7031-5580-be34-89f9ba198194,147,S2,2024-11-13,Ordinario,A,31,NSP,31,NSP,ACTA-2024-S2-147-A-ORD,Normal,2024-11-13,31,,31,False,True
41c3459c-e2e4-550d-a299-2cc964c7cfea,147,S2,2024-11-13,Ordinario,A,33,1,34,Reprobado,ACTA-2024-S2-147-A-ORD,Normal,2024-11-13,33,1,34,False,False
4a07ae27-bce6-5958-80da-0b26f4d4650a,147,S2,2024-11-13,Ordinario,A,68,2,70,Aprobado,ACTA-2024-S2-147-A-ORD,Normal,2024-11-13,68,2,70,False,False
4f27b763-668f-5443-b687-4d9ca582763c,147,S2,2024-11-13,Ordinario,A,40,23,63,Aprobado,ACTA-2024-S2-147-A-ORD,Normal,2024-11-13,40,23,63,False,False
7d36a894-5a69-5be2-93a2-a8c1d01df056,147,S2,2024-11-13,Ordinario,A,35,23,58,Reprobado,ACTA-2024-S2-147-A-ORD,Normal,2024-11-13,35,23,58,False,False
7e033645-6b36-5b24-be88-ef2953f2c850,147,S2,2024-11-13,Ordinario,A,41,6,47,Reprobado,ACTA-2024-S2-147-A-ORD,Normal,2024-11-13,41,6,47,False,False
8bc03924-39b4-5c0a-985f-6cb1afe0a9e9,147,S2,2024-11-13,Ordinario,A,65,28,93,Aprobado,ACTA-2024-S2-147-A-ORD,Normal,2024-11-13,65,28,93,False,False
8d0b01b6-3de2-5be7-87a9-01eb3806e177,147,S2,2024-11-13,Ordinario,A,43,22,65,Aprobado,ACTA-2024-S2-147-A-ORD,Normal,2024-11-13,43,22,65,False,False
9205f4d0-ca02-57f6-b51e-b705ac0898d7,147,S2,2024-11-13,Ordinario,A,47,16,63,Aprobado,ACTA-2024-S2-147-A-ORD,Normal,2024-11-13,47,16,63,False,False
a5be436a-cb69-5107-956d-501d659bb0d7,147,S2,2024-11-13,Ordinario,A,59,28,87,Aprobado,ACTA-2024-S2-147-A-ORD,Normal,2024-11-13,59,28,87,False,False
b1ada878-5ce8-5e51-bc44-6a5ae1f64971,147,S2,2024-11-13,Ordinario,A,44,25,69,Aprobado,ACTA-2024-S2-147-A-ORD,Normal,2024-11-13,44,25,69,False,False
bc607b11-c7c3-5cd1-b0c4-f95fabb7d1bf,147,S2,2024-11-13,Ordinario,A,41,2,43,Reprobado,ACTA-2024-S2-147-A-ORD,Normal,2024-11-13,41,2,43,False,False
c5252bea-0a8d-5efa-82fb-26d83372a130,147,S2,2024-11-13,Ordinario,A,39,26,65,Aprobado,ACTA-2024-S2-147-A-ORD,Normal,2024-11-13,39,26,65,False,False
cb2a28b9-397d-5feb-a252-7b8abaccc929,147,S2,2024-11-13,Ordinario,A,36,21,57,Reprobado,ACTA-2024-S2-147-A-ORD,Normal,2024-11-13,36,21,57,False,False
e01ffccc-2b4c-54a9-9a6e-07307564f527,147,S2,2024-11-13,Ordinario,A,57,10,67,Aprobado,ACTA-2024-S2-147-A-ORD,Normal,2024-11-13,57,10,67,False,False
efa55bd1-a3d6-552e-b4fc-91b4426c5818,147,S2,2024-11-13,Ordinario,A,31,0,31,Reprobado,ACTA-2024-S2-147-A-ORD,Normal,2024-11-13,31,0,31,False,False
18a74ce6-ba44-5c94-a2c3-22a8ded6786a,147,S2,2024-11-24,Primera recuperacion,A,44,11,55,Reprobado,ACTA-2024-S2-147-A-REC1,Normal,2024-11-24,44,11,55,False,False
229d23a0-bac6-55e3-9d53-ef85f45542e0,147,S2,2024-11-24,Primera recuperacion,A,55,24,79,Aprobado,ACTA-2024-S2-147-A-REC1,Normal,2024-11-24,55,24,79,False,False
41c3459c-e2e4-550d-a299-2cc964c7cfea,147,S2,2024-11-24,Primera recuperacion,A,33,30,63,Aprobado,ACTA-2024-S2-147-A-REC1,Normal,2024-11-24,33,30,63,False,False
7d36a894-5a69-5be2-93a2-a8c1d01df056,147,S2,2024-11-24,Primera recuperacion,A,35,23,58,Reprobado,ACTA-2024-S2-147-A-REC1,Normal,2024-11-24,35,23,58,False,False
7e033645-6b36-5b24-be88-ef2953f2c850,147,S2,2024-11-24,Primera recuperacion,A,41,6,47,Reprobado,ACTA-2024-S2-147-A-REC1,Normal,2024-11-24,41,6,47,False,False
bc607b11-c7c3-5cd1-b0c4-f95fabb7d1bf,147,S2,2024-11-24,Primera recuperacion,A,41,2,43,Reprobado,ACTA-2024-S2-147-A-REC1,Normal,2024-11-24,41,2,43,False,False
cb2a28b9-397d-5feb-a252-7b8abaccc929,147,S2,2024-11-24,Primera recuperacion,A,36,21,57,Reprobado,ACTA-2024-S2-147-A-REC1,Normal,2024-11-24,36,21,57,False,False
efa55bd1-a3d6-552e-b4fc-91b4426c5818,147,S2,2024-11-24,Primera recuperacion,A,31,0,31,Reprobado,ACTA-2024-S2-147-A-REC1,Normal,2024-11-24,31,0,31,False,False
7e033645-6b36-5b24-be88-ef2953f2c850,147,S2,2025-01-18,Segunda recuperacion,A,41,29,70,Aprobado,ACTA-2024-S2-147-A-REC2,Normal,2025-01-18,41,29,70,False,False
0abddb67-c783-530f-814b-5f0edd0526d8,147,S2,2024-11-14,Ordinario,B,53,3,56,Reprobado,ACTA-2024-S2-147-B-ORD,Normal,2024-11-14,53,3,56,False,False
2025c707-2bf8-5151-be4c-a2a603e99860,147,S2,2024-11-14,Ordinario,B,57,13,70,Aprobado,ACTA-2024-S2-147-B-ORD,Normal,2024-11-14,57,13,70,False,False
2d415273-7249-54f9-8906-6cb487e828ec,147,S2,2024-11-14,Ordinario,B,35,24,59,Reprobado,ACTA-2024-S2-147-B-ORD,Normal,2024-11-14,35,24,59,False,False
6b0fa083-89e1-5c4a-9ebd-503d3bf9b28b,147,S2,2024-11-14,Ordinario,B,60,29,89,Aprobado,ACTA-2024-S2-147-B-ORD,Normal,2024-11-14,60,29,89,False,False
96c6949d-d550-5217-9989-03c50351059d,147,S2,2024-11-14,Ordinario,B,50,20,70,Aprobado,ACTA-2024-S2-147-B-ORD,Normal,2024-11-14,50,20,70,False,False
97171161-ceef-5159-92b0-c9415c6d7403,147,S2,2024-11-14,Ordinario,B,40,24,64,Aprobado,ACTA-2024-S2-147-B-ORD,Normal,2024-11-14,40,24,64,False,False
a9222af8-9a83-5e7a-985e-0ccc23119415,147,S2,2024-11-14,Ordinario,B,49,0,49,Reprobado,ACTA-2024-S2-147-B-ORD,Normal,2024-11-14,49,0,49,False,False
d9eeab00-bbf2-51d4-911b-4b868ffbb81a,147,S2,2024-11-14,Ordinario,B,38,NSP,38,NSP,ACTA-2024-S2-147-B-ORD,Normal,2024-11-14,38,,38,False,True
ea6d5422-828f-5de1-9fda-fcc0b60d4590,147,S2,2024-11-14,Ordinario,B,60,16,76,Aprobado,ACTA-2024-S2-147-B-ORD,Normal,2024-11-14,60,16,76,False,False
f4bcda92-d4d7-507e-b697-5600cac6f573,147,S2,2024-11-14,Ordinario,B,39,22,61,Aprobado,ACTA-2024-S2-147-B-ORD,Normal,2024-11-14,39,22,61,False,False
0abddb67-c783-530f-814b-5f0edd0526d8,147,S2,2024-11-25,Primera recuperacion,B,53,3,56,Reprobado,ACTA-2024-S2-147-B-REC1,Normal,2024-11-25,53,3,56,False,False
2d415273-7249-54f9-8906-6cb487e828ec,147,S2,2024-11-25,Primera recuperacion,B,35,24,59,Reprobado,ACTA-2024-S2-147-B-REC1,Normal,2024-11-25,35,24,59,False,False
a9222af8-9a83-5e7a-985e-0ccc23119415,147,S2,2024-11-25,Primera recuperacion,B,49,23,72,Aprobado,ACTA-2024-S2-147-B-REC1,Normal,2024-11-25,49,23,72,False,False
08d5616f-376d-5766-b14e-b1d1437e5d1a,169,S2,2024-11-10,Ordinario,A,33,12,45,Reprobado,ACTA-2024-S2-169-A-ORD,Normal,2024-11-10,33,12,45,False,False
1c6583c9-8dab-560b-95ba-62442b620433,169,S2,2024-11-10,Ordinario,A,44,NSP,44,NSP,ACTA-2024-S2-169-A-ORD,Normal,2024-11-10,44,,44,False,True
1de648c3-6819-5075-9540-695d387b5ffb,169,S2,2024-11-10,Ordinario,A,59,29,88,Aprobado,ACTA-2024-S2-169-A-ORD,Normal,2024-11-10,59,29,88,False,False
252d04af-c959-574c-927b-59809a7cf378,169,S2,2024-11-10,Ordinario,A,46,27,73,Aprobado,ACTA-2024-S2-169-A-ORD,Normal,2024-11-10,46,27,73,False,False
2a26e298-c5dc-52aa-94db-7ad1d63e65cb,169,S2,2024-11-10,Ordinario,A,65,10,75,Aprobado,ACTA-2024-S2-169-A-ORD,Normal,2024-11-10,65,10,75,False,False
4051bf55-d9ef-5c45-94d7-34fa1dad5078,169,S2,2024-11-10,Ordinario,A,46,5,51,Reprobado,ACTA-2024-S2-169-A-ORD,Normal,2024-11-10,46,5,51,False,False
423e74d0-11dd-5a3f-8ce1-5ef8d9ab9064,169,S2,2024-11-10,Ordinario,A,61,8,69,Aprobado,ACTA-2024-S2-169-A-ORD,Normal,2024-11-10,61,8,69,False,False
4ace62b5-4832-525a-8d5d-71bdbe79aa5d,169,S2,2024-11-10,Ordinario,A,60,11,71,Aprobado,ACTA-2024-S2-169-A-ORD,Normal,2024-11-10,60,11,71,False,False
8330ae23-4728-57d3-9192-77a20abbdca7,169,S2,2024-11-10,Ordinario,A,60,12,72,Aprobado,ACTA-2024-S2-169-A-ORD,Normal,2024-11-10,60,12,72,False,False
86ca5350-2e17-5b7e-a919-5fd3d68be21f,169,S2,2024-11-10,Ordinario,A,46,10,56,Reprobado,ACTA-2024-S2-169-A-ORD,Normal,2024-11-10,46,10,56,False,False
9e77d389-c711-5374-8ab7-a5ef908fb2a5,169,S2,2024-11-10,Ordinario,A,58,23,81,Aprobado,ACTA-2024-S2-169-A-ORD,Normal,2024-11-10,58,23,81,False,False
a8b2948e-db2a-550f-8291-7bf443e650f9,169,S2,2024-11-10,Ordinario,A,40,22,62,Aprobado,ACTA-2024-S2-169-A-ORD,Normal,2024-11-10,40,22,62,False,False
b91bfdc4-f835-5a86-8106-fce8775833f0,169,S2,2024-11-10,Ordinario,A,52,2,54,Reprobado,ACTA-2024-S2-169-A-ORD,Normal,2024-11-10,52,2,54,False,False
be1fcbec-38cc-5bd7-8f2d-eb697f760369,169,S2,2024-11-10,Ordinario,A,38,24,62,Aprobado,ACTA-2024-S2-169-A-ORD,Normal,2024-11-10,38,24,62,False,False
ff9481f2-af23-5a24-9813-859e9c577ab6,169,S2,2024-11-10,Ordinario,A,36,5,41,Reprobado,ACTA-2024-S2-169-A-ORD,Normal,2024-11-10,36,5,41,False,False
08d5616f-376d-5766-b14e-b1d1437e5d1a,169,S2,2024-11-24,Primera recuperacion,A,33,12,45,Reprobado,ACTA-2024-S2-169-A-REC1,Normal,2024-11-24,33,12,45,False,False
4051bf55-d9ef-5c45-94d7-34fa1dad5078,169,S2,2024-11-24,Primera recuperacion,A,46,5,51,Reprobado,ACTA-2024-S2-169-A-REC1,Normal,2024-11-24,46,5,51,False,False
86ca5350-2e17-5b7e-a919-5fd3d68be21f,169,S2,2024-11-24,Primera recuperacion,A,46,15,61,Aprobado,ACTA-2024-S2-169-A-REC1,Normal,2024-11-24,46,15,61,False,False
b91bfdc4-f835-5a86-8106-fce8775833f0,169,S2,2024-11-24,Primera recuperacion,A,52,2,54,Reprobado,ACTA-2024-S2-169-A-REC1,Normal,2024-11-24,52,2,54,False,False
4051bf55-d9ef-5c45-94d7-34fa1dad5078,169,S2,2025-01-16,Segunda recuperacion,A,46,29,75,Aprobado,ACTA-2024-S2-169-A-REC2,Normal,2025-01-16,46,29,75,False,False
0d28940c-8260-53a7-8e3e-298acd7b5bfa,169,S2,2024-11-09,Ordinario,B,49,10,59,Reprobado,ACTA-2024-S2-169-B-ORD,Normal,2024-11-09,49,10,59,False,False
136359a4-f6ba-5d83-bc2f-db84eb392890,169,S2,2024-11-09,Ordinario,B,54,26,80,Aprobado,ACTA-2024-S2-169-B-ORD,Normal,2024-11-09,54,26,80,False,False
1f2b77ef-07aa-502d-929d-d94213b94b63,169,S2,2024-11-09,Ordinario,B,46,30,76,Aprobado,ACTA-2024-S2-169-B-ORD,Normal,2024-11-09,46,30,76,False,False
30cfbf3f-525e-5689-b923-5f20e1134539,169,S2,2024-11-09,Ordinario,B,47,22,69,Aprobado,ACTA-2024-S2-169-B-ORD,Normal,2024-11-09,47,22,69,False,False
3513277f-67b8-5015-9843-e138ce7821cd,169,S2,2024-11-09,Ordinario,B,51,5,56,Reprobado,ACTA-2024-S2-169-B-ORD,Normal,2024-11-09,51,5,56,False,False
378bc465-cae2-5579-8861-ca717c0ef31c,169,S2,2024-11-09,Ordinario,B,55,30,85,Aprobado,ACTA-2024-S2-169-B-ORD,Normal,2024-11-09,55,30,85,False,False
3d0a4f10-ddc8-5c1d-9130-52080699b517,169,S2,2024-11-09,Ordinario,B,56,17,73,Aprobado,ACTA-2024-S2-169-B-ORD,Normal,2024-11-09,56,17,73,False,False
3ed23438-77d4-550f-ad5f-cc6bcf90ec02,169,S2,2024-11-09,Ordinario,B,38,11,49,Reprobado,ACTA-2024-S2-169-B-ORD,Normal,2024-11-09,38,11,49,False,False
4190cb8b-4ab0-546e-bcd5-ebd18861cbf2,169,S2,2024-11-09,Ordinario,B,55,21,76,Aprobado,ACTA-2024-S2-169-B-ORD,Normal,2024-11-09,55,21,76,False,False
4d21cea1-ac04-5543-86ff-a481632efb1e,169,S2,2024-11-09,Ordinario,B,50,7,57,Reprobado,ACTA-2024-S2-169-B-ORD,Normal,2024-11-09,50,7,57,False,False
515cd66c-ea70-5052-a873-774d8dac953d,169,S2,2024-11-09,Ordinario,B,42,NSP,42,NSP,ACTA-2024-S2-169-B-ORD,Normal,2024-11-09,42,,42,False,True
5f88dc9a-1680-52ba-95d3-277b3d08cd6a,169,S2,2024-11-09,Ordinario,B,55,12,67,Aprobado,ACTA-2024-S2-169-B-ORD,Normal,2024-11-09,55,12,67,False,False
61c7e1ff-5e5c-5001-8567-a3771ff133dd,169,S2,2024-11-09,Ordinario,B,38,30,68,Aprobado,ACTA-2024-S2-169-B-ORD,Normal,2024-11-09,38,30,68,False,False
666af2be-87f6-5662-975b-441feb776cf0,169,S2,2024-11-09,Ordinario,B,59,18,77,Aprobado,ACTA-2024-S2-169-B-ORD,Normal,2024-11-09,59,18,77,False,False
73b10026-ae9f-549d-9df0-f12a55fe95f5,169,S2,2024-11-09,Ordinario,B,52,18,70,Aprobado,ACTA-2024-S2-169-B-ORD,Normal,2024-11-09,52,18,70,False,False
77ba4949-674f-5d40-b7e3-d0faee92880d,169,S2,2024-11-09,Ordinario,B,50,16,66,Aprobado,ACTA-2024-S2-169-B-ORD,Normal,2024-11-09,50,16,66,False,False
82c26a79-1d7f-541f-a528-1fa65eacb07f,169,S2,2024-11-09,Ordinario,B,49,14,63,Aprobado,ACTA-2024-S2-169-B-ORD,Normal,2024-11-09,49,14,63,False,False
8cd78b9b-ec67-5cc2-a2e0-f9086c2a104e,169,S2,2024-11-09,Ordinario,B,49,5,54,Reprobado,ACTA-2024-S2-169-B-ORD,Normal,2024-11-09,49,5,54,False,False
b4d9082e-1db4-5faf-906f-1ae369f92be4,169,S2,2024-11-09,Ordinario,B,60,4,64,Aprobado,ACTA-2024-S2-169-B-ORD,Normal,2024-11-09,60,4,64,False,False
c9be5db4-4388-5e6e-bdb4-3792752de6b4,169,S2,2024-11-09,Ordinario,B,46,12,58,Reprobado,ACTA-2024-S2-169-B-ORD,Normal,2024-11-09,46,12,58,False,False
d6d03fe5-9685-5915-b023-7244e7e5d506,169,S2,2024-11-09,Ordinario,B,42,20,62,Aprobado,ACTA-2024-S2-169-B-ORD,Normal,2024-11-09,42,20,62,False,False
e3bc81de-b8d3-5624-bc8b-61e4451515d1,169,S2,2024-11-09,Ordinario,B,55,4,59,Reprobado,ACTA-2024-S2-169-B-ORD,Normal,2024-11-09,55,4,59,False,False
3513277f-67b8-5015-9843-e138ce7821cd,169,S2,2024-11-27,Primera recuperacion,B,51,5,56,Reprobado,ACTA-2024-S2-169-B-REC1,Normal,2024-11-27,51,5,56,False,False
3ed23438-77d4-550f-ad5f-cc6bcf90ec02,169,S2,2024-11-27,Primera recuperacion,B,38,25,63,Aprobado,ACTA-2024-S2-169-B-REC1,Normal,2024-11-27,38,25,63,False,False
8cd78b9b-ec67-5cc2-a2e0-f9086c2a104e,169,S2,2024-11-27,Primera recuperacion,B,49,15,64,Aprobado,ACTA-2024-S2-169-B-REC1,Normal,2024-11-27,49,15,64,False,False
3513277f-67b8-5015-9843-e138ce7821cd,169,S2,2025-01-15,Segunda recuperacion,B,51,15,66,Aprobado,ACTA-2024-S2-169-B-REC2,Normal,2025-01-15,51,15,66,False,False
0ef15c27-d711-5c04-a891-a2c6c92975e9,169,S2,2024-11-09,Ordinario,C,56,11,67,Aprobado,ACTA-2024-S2-169-C-ORD,Normal,2024-11-09,56,11,67,False,False
23bc065b-fa7c-598a-91dd-9a5fd555e538,169,S2,2024-11-09,Ordinario,C,31,1,32,Reprobado,ACTA-2024-S2-169-C-ORD,Normal,2024-11-09,31,1,32,False,False
2e92edf7-1f03-5522-b45a-ff426594d799,169,S2,2024-11-09,Ordinario,C,40,27,67,Aprobado,ACTA-2024-S2-169-C-ORD,Normal,2024-11-09,40,27,67,False,False
2fc7191e-47d6-5226-a537-f8c6eac9dddc,169,S2,2024-11-09,Ordinario,C,56,26,82,Aprobado,ACTA-2024-S2-169-C-ORD,Normal,2024-11-09,56,26,82,False,False
3678d8f5-f11c-5323-ad36-aab7f6b19119,169,S2,2024-11-09,Ordinario,C,46,18,64,Aprobado,ACTA-2024-S2-169-C-ORD,Normal,2024-11-09,46,18,64,False,False
5010db5c-18ea-546b-b351-b9d46655e790,169,S2,2024-11-09,Ordinario,C,38,24,62,Aprobado,ACTA-2024-S2-169-C-ORD,Normal,2024-11-09,38,24,62,False,False
6327d4a3-6104-565e-b692-b3e8408fe538,169,S2,2024-11-09,Ordinario,C,45,10,55,Reprobado,ACTA-2024-S2-169-C-ORD,Normal,2024-11-09,45,10,55,False,False
64ceec45-794c-5ee0-8ef2-30c3d622ab0f,169,S2,2024-11-09,Ordinario,C,42,14,56,Reprobado,ACTA-2024-S2-169-C-ORD,Normal,2024-11-09,42,14,56,False,False
66d6c08a-7bbd-5231-8022-3bd6f157ebc0,169,S2,2024-11-09,Ordinario,C,42,18,60,Reprobado,ACTA-2024-S2-169-C-ORD,Normal,2024-11-09,42,18,60,False,False
671fcbd0-25c4-532a-afda-0a6d10e90dd4,169,S2,2024-11-09,Ordinario,C,65,16,81,Aprobado,ACTA-2024-S2-169-C-ORD,Normal,2024-11-09,65,16,81,False,False
6a5add93-63e2-56da-ad52-61e4a59b33d7,169,S2,2024-11-09,Ordinario,C,58,24,82,Aprobado,ACTA-2024-S2-169-C-ORD,Normal,2024-11-09,58,24,82,False,False
7e3bdd97-4da0-5cd5-b823-7a9e26bc38c5,169,S2,2024-11-09,Ordinario,C,48,13,61,Aprobado,ACTA-2024-S2-169-C-ORD,Normal,2024-11-09,48,13,61,False,False
81de0be7-e4bd-5700-bd1f-64854b46c475,169,S2,2024-11-09,Ordinario,C,53,14,67,Aprobado,ACTA-2024-S2-169-C-ORD,Normal,2024-11-09,53,14,67,False,False
88a82b73-03f1-51b9-8e54-86fd323e5b2f,169,S2,2024-11-09,Ordinario,C,39,18,57,Reprobado,ACTA-2024-S2-169-C-ORD,Normal,2024-11-09,39,18,57,False,False
88ac2e8a-94a5-5041-b4e6-f6e5d388a4da,169,S2,2024-11-09,Ordinario,C,46,21,67,Aprobado,ACTA-2024-S2-169-C-ORD,Normal,2024-11-09,46,21,67,False,False
8c52812b-9b12-5e6a-8874-64d21817846a,169,S2,2024-11-09,Ordinario,C,41,1,42,Reprobado,ACTA-2024-S2-169-C-ORD,Normal,2024-11-09,41,1,42,False,False
8c6b782d-1004-5643-8e93-3a5fca01dcd3,169,S2,2024-11-09,Ordinario,C,47,27,74,Aprobado,ACTA-2024-S2-169-C-ORD,Normal,2024-11-09,47,27,74,False,False
91743045-3b39-5cd8-b8b9-bf08f8d5885d,169,S2,2024-11-09,Ordinario,C,38,14,52,Reprobado,ACTA-2024-S2-169-C-ORD,Normal,2024-11-09,38,14,52,False,False
977f0c1c-e388-5fbf-be24-31a4cebf45d1,169,S2,2024-11-09,Ordinario,C,51,25,76,Aprobado,ACTA-2024-S2-169-C-ORD,Normal,2024-11-09,51,25,76,False,False
9ffa6583-b745-5ab4-b96f-0cb448667369,169,S2,2024-11-09,Ordinario,C,59,30,89,Aprobado,ACTA-2024-S2-169-C-ORD,Normal,2024-11-09,59,30,89,False,False
a3861666-b560-52ec-9759-10a1eb4d3847,169,S2,2024-11-09,Ordinario,C,55,11,66,Aprobado,ACTA-2024-S2-169-C-ORD,Normal,2024-11-09,55,11,66,False,False
b2cb3fc9-c25c-563b-8ade-24efbcb82119,169,S2,2024-11-09,Ordinario,C,31,29,60,Reprobado,ACTA-2024-S2-169-C-ORD,Normal,2024-11-09,31,29,60,False,False
b39a108c-b4ee-5874-8b0c-d7dcd496f75d,169,S2,2024-11-09,Ordinario,C,47,2,49,Reprobado,ACTA-2024-S2-169-C-ORD,Normal,2024-11-09,47,2,49,False,False
bb6f73d6-26af-56f4-8416-97e3fd8fba7a,169,S2,2024-11-09,Ordinario,C,37,24,61,Aprobado,ACTA-2024-S2-169-C-ORD,Normal,2024-11-09,37,24,61,False,False
bc81ba4d-c2d3-5069-aa38-750cf904b140,169,S2,2024-11-09,Ordinario,C,39,24,63,Aprobado,ACTA-2024-S2-169-C-ORD,Normal,2024-11-09,39,24,63,False,False
bd1c4b12-6c8c-5a45-8625-5e8fbbaa33f2,169,S2,2024-11-09,Ordinario,C,36,16,52,Reprobado,ACTA-2024-S2-169-C-ORD,Normal,2024-11-09,36,16,52,False,False
bd6823c1-6617-541e-b44d-2de09a66e52e,169,S2,2024-11-09,Ordinario,C,44,3,47,Reprobado,ACTA-2024-S2-169-C-ORD,Normal,2024-11-09,44,3,47,False,False
c22564cf-cae3-58e7-b34e-1ee6d3c9993a,169,S2,2024-11-09,Ordinario,C,41,25,66,Aprobado,ACTA-2024-S2-169-C-ORD,Normal,2024-11-09,41,25,66,False,False
cea4473d-52f7-5d4c-a6ca-fac54542b285,169,S2,2024-11-09,Ordinario,C,65,25,90,Aprobado,ACTA-2024-S2-169-C-ORD,Normal,2024-11-09,65,25,90,False,False
d4f8b688-70f3-5128-9500-2a45103ce45b,169,S2,2024-11-09,Ordinario,C,48,NSP,48,NSP,ACTA-2024-S2-169-C-ORD,Normal,2024-11-09,48,,48,False,True
da0c1c2d-eae2-57b8-b466-96a10f60d443,169,S2,2024-11-09,Ordinario,C,67,20,87,Aprobado,ACTA-2024-S2-169-C-ORD,Normal,2024-11-09,67,20,87,False,False
e3139aa2-e1cb-5e06-8ef2-3c1807aa2572,169,S2,2024-11-09,Ordinario,C,34,25,59,Reprobado,ACTA-2024-S2-169-C-ORD,Normal,2024-11-09,34,25,59,False,False
f02dd2cb-e888-5bf5-ba3e-f4b7b438b68a,169,S2,2024-11-09,Ordinario,C,52,14,66,Aprobado,ACTA-2024-S2-169-C-ORD,Normal,2024-11-09,52,14,66,False,False
f38571e3-0dd7-56c0-9003-d327dcd76739,169,S2,2024-11-09,Ordinario,C,40,21,61,Aprobado,ACTA-2024-S2-169-C-ORD,Normal,2024-11-09,40,21,61,False,False
23bc065b-fa7c-598a-91dd-9a5fd555e538,169,S2,2024-11-21,Primera recuperacion,C,31,30,61,Aprobado,ACTA-2024-S2-169-C-REC1,Normal,2024-11-21,31,30,61,False,False
6327d4a3-6104-565e-b692-b3e8408fe538,169,S2,2024-11-21,Primera recuperacion,C,45,19,64,Aprobado,ACTA-2024-S2-169-C-REC1,Normal,2024-11-21,45,19,64,False,False
64ceec45-794c-5ee0-8ef2-30c3d622ab0f,169,S2,2024-11-21,Primera recuperacion,C,42,14,56,Reprobado,ACTA-2024-S2-169-C-REC1,Normal,2024-11-21,42,14,56,False,False
66d6c08a-7bbd-5231-8022-3bd6f157ebc0,169,S2,2024-11-21,Primera recuperacion,C,42,18,60,Reprobado,ACTA-2024-S2-169-C-REC1,Normal,2024-11-21,42,18,60,False,False
8c52812b-9b12-5e6a-8874-64d21817846a,169,S2,2024-11-21,Primera recuperacion,C,41,1,42,Reprobado,ACTA-2024-S2-169-C-REC1,Normal,2024-11-21,41,1,42,False,False
91743045-3b39-5cd8-b8b9-bf08f8d5885d,169,S2,2024-11-21,Primera recuperacion,C,38,14,52,Reprobado,ACTA-2024-S2-169-C-REC1,Normal,2024-11-21,38,14,52,False,False
b2cb3fc9-c25c-563b-8ade-24efbcb82119,169,S2,2024-11-21,Primera recuperacion,C,31,30,61,Aprobado,ACTA-2024-S2-169-C-REC1,Normal,2024-11-21,31,30,61,False,False
bd6823c1-6617-541e-b44d-2de09a66e52e,169,S2,2024-11-21,Primera recuperacion,C,44,3,47,Reprobado,ACTA-2024-S2-169-C-REC1,Normal,2024-11-21,44,3,47,False,False
e3139aa2-e1cb-5e06-8ef2-3c1807aa2572,169,S2,2024-11-21,Primera recuperacion,C,34,25,59,Reprobado,ACTA-2024-S2-169-C-REC1,Normal,2024-11-21,34,25,59,False,False
91743045-3b39-5cd8-b8b9-bf08f8d5885d,169,S2,2025-01-17,Segunda recuperacion,C,38,24,62,Aprobado,ACTA-2024-S2-169-C-REC2,Normal,2025-01-17,38,24,62,False,False
061443c8-a609-5195-99f3-6ded28732468,169,S2,2024-11-11,Ordinario,D,63,30,93,Aprobado,ACTA-2024-S2-169-D-ORD,Normal,2024-11-11,63,30,93,False,False
329a5540-4d0e-50b1-8e8d-41575a82dc8b,169,S2,2024-11-11,Ordinario,D,37,7,44,Reprobado,ACTA-2024-S2-169-D-ORD,Normal,2024-11-11,37,7,44,False,False
3d7d6836-0718-514f-9b1c-cb60e1a84ee4,169,S2,2024-11-11,Ordinario,D,48,0,48,Reprobado,ACTA-2024-S2-169-D-ORD,Normal,2024-11-11,48,0,48,False,False
43568f87-d046-5ada-b5c5-049d7f35eb47,169,S2,2024-11-11,Ordinario,D,59,21,80,Aprobado,ACTA-2024-S2-169-D-ORD,Normal,2024-11-11,59,21,80,False,False
670ed2ec-5dc5-5a8a-9e6f-770f70091eb9,169,S2,2024-11-11,Ordinario,D,54,1,55,Reprobado,ACTA-2024-S2-169-D-ORD,Normal,2024-11-11,54,1,55,False,False
a87d6feb-c363-581e-8e53-245cd9839996,169,S2,2024-11-11,Ordinario,D,60,13,73,Aprobado,ACTA-2024-S2-169-D-ORD,Normal,2024-11-11,60,13,73,False,False
e95f73c9-1239-50f0-9bb5-6421a9c0181e,169,S2,2024-11-11,Ordinario,D,44,29,73,Aprobado,ACTA-2024-S2-169-D-ORD,Normal,2024-11-11,44,29,73,False,False
f2dad9d6-eb91-5d98-9cb3-9e546e130399,169,S2,2024-11-11,Ordinario,D,44,27,71,Aprobado,ACTA-2024-S2-169-D-ORD,Normal,2024-11-11,44,27,71,False,False
329a5540-4d0e-50b1-8e8d-41575a82dc8b,169,S2,2024-11-27,Primera recuperacion,D,37,24,61,Aprobado,ACTA-2024-S2-169-D-REC1,Normal,2024-11-27,37,24,61,False,False
670ed2ec-5dc5-5a8a-9e6f-770f70091eb9,169,S2,2024-11-27,Primera recuperacion,D,54,1,55,Reprobado,ACTA-2024-S2-169-D-REC1,Normal,2024-11-27,54,1,55,False,False
252d04af-c959-574c-927b-59809a7cf378,170,S2,2024-11-08,Ordinario,A,44,4,48,Reprobado,ACTA-2024-S2-170-A-ORD,Normal,2024-11-08,44,4,48,False,False
27211edc-1649-54b6-b315-76064d324463,170,S2,2024-11-08,Ordinario,A,45,25,70,Aprobado,ACTA-2024-S2-170-A-ORD,Normal,2024-11-08,45,25,70,False,False
2a26e298-c5dc-52aa-94db-7ad1d63e65cb,170,S2,2024-11-08,Ordinario,A,47,20,67,Aprobado,ACTA-2024-S2-170-A-ORD,Normal,2024-11-08,47,20,67,False,False
496acb28-ec74-5afd-ad47-b5e79d157dbe,170,S2,2024-11-08,Ordinario,A,42,24,66,Aprobado,ACTA-2024-S2-170-A-ORD,Normal,2024-11-08,42,24,66,False,False
66d6c08a-7bbd-5231-8022-3bd6f157ebc0,170,S2,2024-11-08,Ordinario,A,41,11,52,Reprobado,ACTA-2024-S2-170-A-ORD,Normal,2024-11-08,41,11,52,False,False
81104a59-2b4e-542a-8a88-6b95928606f2,170,S2,2024-11-08,Ordinario,A,52,16,68,Aprobado,ACTA-2024-S2-170-A-ORD,Normal,2024-11-08,52,16,68,False,False
86ca5350-2e17-5b7e-a919-5fd3d68be21f,170,S2,2024-11-08,Ordinario,A,38,NSP,38,NSP,ACTA-2024-S2-170-A-ORD,Normal,2024-11-08,38,,38,False,True
88a82b73-03f1-51b9-8e54-86fd323e5b2f,170,S2,2024-11-08,Ordinario,A,39,19,58,Reprobado,ACTA-2024-S2-170-A-ORD,Normal,2024-11-08,39,19,58,False,False
91743045-3b39-5cd8-b8b9-bf08f8d5885d,170,S2,2024-11-08,Ordinario,A,54,4,58,Reprobado,ACTA-2024-S2-170-A-ORD,Normal,2024-11-08,54,4,58,False,False
a97bb513-eef4-547a-a146-e227965cdee2,170,S2,2024-11-08,Ordinario,A,45,19,64,Aprobado,ACTA-2024-S2-170-A-ORD,Normal,2024-11-08,45,19,64,False,False
b481fb0d-4c7d-5dbf-8e5a-85fcf4533ba4,170,S2,2024-11-08,Ordinario,A,49,15,64,Aprobado,ACTA-2024-S2-170-A-ORD,Normal,2024-11-08,49,15,64,False,False
bad1322f-2133-549a-a69d-feb9f4347a58,170,S2,2024-11-08,Ordinario,A,47,25,72,Aprobado,ACTA-2024-S2-170-A-ORD,Normal,2024-11-08,47,25,72,False,False
bd1c4b12-6c8c-5a45-8625-5e8fbbaa33f2,170,S2,2024-11-08,Ordinario,A,31,8,39,Reprobado,ACTA-2024-S2-170-A-ORD,Normal,2024-11-08,31,8,39,False,False
bfe5ef19-d0c8-5540-803a-a9fd11a6409a,170,S2,2024-11-08,Ordinario,A,64,19,83,Aprobado,ACTA-2024-S2-170-A-ORD,Normal,2024-11-08,64,19,83,False,False
e3139aa2-e1cb-5e06-8ef2-3c1807aa2572,170,S2,2024-11-08,Ordinario,A,46,8,54,Reprobado,ACTA-2024-S2-170-A-ORD,Normal,2024-11-08,46,8,54,False,False
ed913d33-9a4a-5cda-a123-31a39a3a328e,170,S2,2024-11-08,Ordinario,A,43,26,69,Aprobado,ACTA-2024-S2-170-A-ORD,Normal,2024-11-08,43,26,69,False,False
f40eeb46-bad9-5029-91f9-439aa0d47666,170,S2,2024-11-08,Ordinario,A,48,25,73,Aprobado,ACTA-2024-S2-170-A-ORD,Normal,2024-11-08,48,25,73,False,False
f75c73c4-4353-55c2-b404-dd551be115aa,170,S2,2024-11-08,Ordinario,A,42,26,68,Aprobado,ACTA-2024-S2-170-A-ORD,Normal,2024-11-08,42,26,68,False,False
252d04af-c959-574c-927b-59809a7cf378,170,S2,2024-11-20,Primera recuperacion,A,44,4,48,Reprobado,ACTA-2024-S2-170-A-REC1,Normal,2024-11-20,44,4,48,False,False
91743045-3b39-5cd8-b8b9-bf08f8d5885d,170,S2,2024-11-20,Primera recuperacion,A,54,22,76,Aprobado,ACTA-2024-S2-170-A-REC1,Normal,2024-11-20,54,22,76,False,False
bd1c4b12-6c8c-5a45-8625-5e8fbbaa33f2,170,S2,2024-11-20,Primera recuperacion,A,31,8,39,Reprobado,ACTA-2024-S2-170-A-REC1,Normal,2024-11-20,31,8,39,False,False
e3139aa2-e1cb-5e06-8ef2-3c1807aa2572,170,S2,2024-11-20,Primera recuperacion,A,46,8,54,Reprobado,ACTA-2024-S2-170-A-REC1,Normal,2024-11-20,46,8,54,False,False
252d04af-c959-574c-927b-59809a7cf378,170,S2,2025-01-15,Segunda recuperacion,A,44,27,71,Aprobado,ACTA-2024-S2-170-A-REC2,Normal,2025-01-15,44,27,71,False,False
e3139aa2-e1cb-5e06-8ef2-3c1807aa2572,170,S2,2025-01-15,Segunda recuperacion,A,46,8,54,Reprobado,ACTA-2024-S2-170-A-REC2,Normal,2025-01-15,46,8,54,False,False
0a9592c1-41df-56fb-ae5f-49a98f842829,170,S2,2024-11-11,Ordinario,B,49,8,57,Reprobado,ACTA-2024-S2-170-B-ORD,Normal,2024-11-11,49,8,57,False,False
11b3b6a5-c3f8-5413-a4d3-bf4c2dee1df7,170,S2,2024-11-11,Ordinario,B,63,7,70,Aprobado,ACTA-2024-S2-170-B-ORD,Normal,2024-11-11,63,7,70,False,False
13b9c86d-9619-5631-94db-1fa1670bd20b,170,S2,2024-11-11,Ordinario,B,61,12,73,Aprobado,ACTA-2024-S2-170-B-ORD,Normal,2024-11-11,61,12,73,False,False
3678d8f5-f11c-5323-ad36-aab7f6b19119,170,S2,2024-11-11,Ordinario,B,32,18,50,Reprobado,ACTA-2024-S2-170-B-ORD,Normal,2024-11-11,32,18,50,False,False
41833e6f-ff9c-5e3d-8bc1-bf5c5abc3959,170,S2,2024-11-11,Ordinario,B,54,2,56,Reprobado,ACTA-2024-S2-170-B-ORD,Normal,2024-11-11,54,2,56,False,False
4190cb8b-4ab0-546e-bcd5-ebd18861cbf2,170,S2,2024-11-11,Ordinario,B,40,7,47,Reprobado,ACTA-2024-S2-170-B-ORD,Normal,2024-11-11,40,7,47,False,False
5d95c06a-fef3-5ae3-916c-3141bbd59760,170,S2,2024-11-11,Ordinario,B,47,25,72,Aprobado,ACTA-2024-S2-170-B-ORD,Normal,2024-11-11,47,25,72,False,False
6ec54b76-7dc1-5765-b816-5a329a6432e2,170,S2,2024-11-11,Ordinario,B,57,10,67,Aprobado,ACTA-2024-S2-170-B-ORD,Normal,2024-11-11,57,10,67,False,False
a531dcbb-f49d-5195-8ee1-330009237354,170,S2,2024-11-11,Ordinario,B,64,5,69,Aprobado,ACTA-2024-S2-170-B-ORD,Normal,2024-11-11,64,5,69,False,False
c196e189-9bf9-5874-954e-a0324df04e81,170,S2,2024-11-11,Ordinario,B,46,12,58,Reprobado,ACTA-2024-S2-170-B-ORD,Normal,2024-11-11,46,12,58,False,False
c51f9510-af9e-5a2e-8d05-9db91cfc5948,170,S2,2024-11-11,Ordinario,B,44,22,66,Aprobado,ACTA-2024-S2-170-B-ORD,Normal,2024-11-11,44,22,66,False,False
d11c046e-c9c2-5193-9cc1-77492c5d1264,170,S2,2024-11-11,Ordinario,B,61,30,91,Aprobado,ACTA-2024-S2-170-B-ORD,Normal,2024-11-11,61,30,91,False,False
dc7a4a7d-204c-510b-8a49-6ce8ff399651,170,S2,2024-11-11,Ordinario,B,57,24,81,Aprobado,ACTA-2024-S2-170-B-ORD,Normal,2024-11-11,57,24,81,False,False
f52fddd3-e36f-5a82-a378-727e37fe4596,170,S2,2024-11-11,Ordinario,B,63,23,86,Aprobado,ACTA-2024-S2-170-B-ORD,Normal,2024-11-11,63,23,86,False,False
0a9592c1-41df-56fb-ae5f-49a98f842829,170,S2,2024-11-21,Primera recuperacion,B,49,8,57,Reprobado,ACTA-2024-S2-170-B-REC1,Normal,2024-11-21,49,8,57,False,False
3678d8f5-f11c-5323-ad36-aab7f6b19119,170,S2,2024-11-21,Primera recuperacion,B,32,18,50,Reprobado,ACTA-2024-S2-170-B-REC1,Normal,2024-11-21,32,18,50,False,False
41833e6f-ff9c-5e3d-8bc1-bf5c5abc3959,170,S2,2024-11-21,Primera recuperacion,B,54,27,81,Aprobado,ACTA-2024-S2-170-B-REC1,Normal,2024-11-21,54,27,81,False,False
c196e189-9bf9-5874-954e-a0324df04e81,170,S2,2024-11-21,Primera recuperacion,B,46,12,58,Reprobado,ACTA-2024-S2-170-B-REC1,Normal,2024-11-21,46,12,58,False,False
0a9592c1-41df-56fb-ae5f-49a98f842829,170,S2,2025-01-14,Segunda recuperacion,B,49,8,57,Reprobado,ACTA-2024-S2-170-B-REC2,Normal,2025-01-14,49,8,57,False,False
3678d8f5-f11c-5323-ad36-aab7f6b19119,170,S2,2025-01-14,Segunda recuperacion,B,32,18,50,Reprobado,ACTA-2024-S2-170-B-REC2,Normal,2025-01-14,32,18,50,False,False
c196e189-9bf9-5874-954e-a0324df04e81,170,S2,2025-01-14,Segunda recuperacion,B,46,27,73,Aprobado,ACTA-2024-S2-170-B-REC2,Normal,2025-01-14,46,27,73,False,False
0982685f-f12c-5cbc-87fb-2af443788fef,170,S2,2024-11-08,Ordinario,C,49,26,75,Aprobado,ACTA-2024-S2-170-C-ORD,Normal,2024-11-08,49,26,75,False,False
3bddbee5-05a1-5c39-ac75-9157f041902e,170,S2,2024-11-08,Ordinario,C,32,8,40,Reprobado,ACTA-2024-S2-170-C-ORD,Normal,2024-11-08,32,8,40,False,False
3d0a4f10-ddc8-5c1d-9130-52080699b517,170,S2,2024-11-08,Ordinario,C,41,30,71,Aprobado,ACTA-2024-S2-170-C-ORD,Normal,2024-11-08,41,30,71,False,False
3ed23438-77d4-550f-ad5f-cc6bcf90ec02,170,S2,2024-11-08,Ordinario,C,38,NSP,38,NSP,ACTA-2024-S2-170-C-ORD,Normal,2024-11-08,38,,38,False,True
44265d66-98f6-5e01-98b4-22e7f68180a9,170,S2,2024-11-08,Ordinario,C,42,18,60,Reprobado,ACTA-2024-S2-170-C-ORD,Normal,2024-11-08,42,18,60,False,False
4a2ce805-bcd0-5f19-ab09-687335d8db6b,170,S2,2024-11-08,Ordinario,C,41,21,62,Aprobado,ACTA-2024-S2-170-C-ORD,Normal,2024-11-08,41,21,62,False,False
5010db5c-18ea-546b-b351-b9d46655e790,170,S2,2024-11-08,Ordinario,C,48,26,74,Aprobado,ACTA-2024-S2-170-C-ORD,Normal,2024-11-08,48,26,74,False,False
54efacbd-8d05-5312-8217-122e8f73fddc,170,S2,2024-11-08,Ordinario,C,65,21,86,Aprobado,ACTA-2024-S2-170-C-ORD,Normal,2024-11-08,65,21,86,False,False
59fa1784-d7c1-543c-9d6d-14e13774fe1a,170,S2,2024-11-08,Ordinario,C,68,24,92,Aprobado,ACTA-2024-S2-170-C-ORD,Normal,2024-11-08,68,24,92,False,False
61c7e1ff-5e5c-5001-8567-a3771ff133dd,170,S2,2024-11-08,Ordinario,C,66,4,70,Aprobado,ACTA-2024-S2-170-C-ORD,Normal,2024-11-08,66,4,70,False,False
63b57290-7942-50f2-9869-50904d311a85,170,S2,2024-11-08,Ordinario,C,44,29,73,Aprobado,ACTA-2024-S2-170-C-ORD,Normal,2024-11-08,44,29,73,False,False
682590a1-8178-5261-b1a8-d0e0130255a2,170,S2,2024-11-08,Ordinario,C,60,29,89,Aprobado,ACTA-2024-S2-170-C-ORD,Normal,2024-11-08,60,29,89,False,False
77ba4949-674f-5d40-b7e3-d0faee92880d,170,S2,2024-11-08,Ordinario,C,50,10,60,Reprobado,ACTA-2024-S2-170-C-ORD,Normal,2024-11-08,50,10,60,False,False
8c6b782d-1004-5643-8e93-3a5fca01dcd3,170,S2,2024-11-08,Ordinario,C,39,2,41,Reprobado,ACTA-2024-S2-170-C-ORD,Normal,2024-11-08,39,2,41,False,False
ad10f604-2695-5bb8-9b2b-5740bf0e649d,170,S2,2024-11-08,Ordinario,C,66,3,69,Aprobado,ACTA-2024-S2-170-C-ORD,Normal,2024-11-08,66,3,69,False,False
b2cb3fc9-c25c-563b-8ade-24efbcb82119,170,S2,2024-11-08,Ordinario,C,32,9,41,Reprobado,ACTA-2024-S2-170-C-ORD,Normal,2024-11-08,32,9,41,False,False
c236c9a7-ebb8-5bdd-9717-5b80d6074b31,170,S2,2024-11-08,Ordinario,C,61,27,88,Aprobado,ACTA-2024-S2-170-C-ORD,Normal,2024-11-08,61,27,88,False,False
d4f8b688-70f3-5128-9500-2a45103ce45b,170,S2,2024-11-08,Ordinario,C,46,1,47,Reprobado,ACTA-2024-S2-170-C-ORD,Normal,2024-11-08,46,1,47,False,False
d79beb1a-7cf0-5775-9371-58bfa0b31898,170,S2,2024-11-08,Ordinario,C,53,17,70,Aprobado,ACTA-2024-S2-170-C-ORD,Normal,2024-11-08,53,17,70,False,False
44265d66-98f6-5e01-98b4-22e7f68180a9,170,S2,2024-11-21,Primera recuperacion,C,42,18,60,Reprobado,ACTA-2024-S2-170-C-REC1,Normal,2024-11-21,42,18,60,False,False
77ba4949-674f-5d40-b7e3-d0faee92880d,170,S2,2024-11-21,Primera recuperacion,C,50,25,75,Aprobado,ACTA-2024-S2-170-C-REC1,Normal,2024-11-21,50,25,75,False,False
b2cb3fc9-c25c-563b-8ade-24efbcb82119,170,S2,2024-11-21,Primera recuperacion,C,32,9,41,Reprobado,ACTA-2024-S2-170-C-REC1,Normal,2024-11-21,32,9,41,False,False
d4f8b688-70f3-5128-9500-2a45103ce45b,170,S2,2024-11-21,Primera recuperacion,C,46,1,47,Reprobado,ACTA-2024-S2-170-C-REC1,Normal,2024-11-21,46,1,47,False,False
44265d66-98f6-5e01-98b4-22e7f68180a9,170,S2,2025-01-14,Segunda recuperacion,C,42,27,69,Aprobado,ACTA-2024-S2-170-C-REC2,Normal,2025-01-14,42,27,69,False,False
b2cb3fc9-c25c-563b-8ade-24efbcb82119,170,S2,2025-01-14,Segunda recuperacion,C,32,9,41,Reprobado,ACTA-2024-S2-170-C-REC2,Normal,2025-01-14,32,9,41,False,False
d4f8b688-70f3-5128-9500-2a45103ce45b,170,S2,2025-01-14,Segunda recuperacion,C,46,1,47,Reprobado,ACTA-2024-S2-170-C-REC2,Normal,2025-01-14,46,1,47,False,False
01bab3f1-2982-57c8-8f29-8cf445b6214e,178,S2,2024-11-07,Ordinario,A,42,24,66,Aprobado,ACTA-2024-S2-178-A-ORD,Normal,2024-11-07,42,24,66,False,False
0b91ef54-482c-5813-ab7c-4eec7f55e3d4,178,S2,2024-11-07,Ordinario,A,46,12,58,Reprobado,ACTA-2024-S2-178-A-ORD,Normal,2024-11-07,46,12,58,False,False
fc57b469-8570-5031-b6b6-027ecfb0f9a7,178,S2,2024-11-07,Ordinario,A,42,24,66,Aprobado,ACTA-2024-S2-178-A-ORD,Normal,2024-11-07,42,24,66,False,False
0b91ef54-482c-5813-ab7c-4eec7f55e3d4,178,S2,2024-11-27,Primera recuperacion,A,46,12,58,Reprobado,ACTA-2024-S2-178-A-REC1,Normal,2024-11-27,46,12,58,False,False
b481fb0d-4c7d-5dbf-8e5a-85fcf4533ba4,178,S2,2024-11-07,Ordinario,B,54,17,71,Aprobado,ACTA-2024-S2-178-B-ORD,Normal,2024-11-07,54,17,71,False,False
dc7a4a7d-204c-510b-8a49-6ce8ff399651,178,S2,2024-11-07,Ordinario,B,35,9,44,Reprobado,ACTA-2024-S2-178-B-ORD,Normal,2024-11-07,35,9,44,False,False
e6e9156d-7483-53bd-b81b-65242bc99cc1,178,S2,2024-11-07,Ordinario,B,41,23,64,Aprobado,ACTA-2024-S2-178-B-ORD,Normal,2024-11-07,41,23,64,False,False
dc7a4a7d-204c-510b-8a49-6ce8ff399651,178,S2,2024-11-22,Primera recuperacion,B,35,9,44,Reprobado,ACTA-2024-S2-178-B-REC1,Normal,2024-11-22,35,9,44,False,False
3e703abf-7a8c-5481-8fa7-6bc889902317,178,S2,2024-11-07,Ordinario,C,57,25,82,Aprobado,ACTA-2024-S2-178-C-ORD,Normal,2024-11-07,57,25,82,False,False
666af2be-87f6-5662-975b-441feb776cf0,178,S2,2024-11-07,Ordinario,C,34,4,38,Reprobado,ACTA-2024-S2-178-C-ORD,Normal,2024-11-07,34,4,38,False,False
bad1322f-2133-549a-a69d-feb9f4347a58,178,S2,2024-11-07,Ordinario,C,50,28,78,Aprobado,ACTA-2024-S2-178-C-ORD,Normal,2024-11-07,50,28,78,False,False
00951361-bee7-5343-85b9-b2de39c38298,216,S2,2024-11-10,Ordinario,A,56,11,67,Aprobado,ACTA-2024-S2-216-A-ORD,Normal,2024-11-10,56,11,67,False,False
08d5616f-376d-5766-b14e-b1d1437e5d1a,216,S2,2024-11-10,Ordinario,A,46,7,53,Reprobado,ACTA-2024-S2-216-A-ORD,Normal,2024-11-10,46,7,53,False,False
286fa7de-31f8-56c1-8023-d8120c448dc4,216,S2,2024-11-10,Ordinario,A,36,13,49,Reprobado,ACTA-2024-S2-216-A-ORD,Normal,2024-11-10,36,13,49,False,False
4ca64fe3-739c-5549-9021-88056df3ce2c,216,S2,2024-11-10,Ordinario,A,62,18,80,Aprobado,ACTA-2024-S2-216-A-ORD,Normal,2024-11-10,62,18,80,False,False
be370c13-7be9-54a5-89bb-4bdce7fb2e43,216,S2,2024-11-10,Ordinario,A,62,14,76,Aprobado,ACTA-2024-S2-216-A-ORD,Normal,2024-11-10,62,14,76,False,False
08d5616f-376d-5766-b14e-b1d1437e5d1a,216,S2,2024-11-23,Primera recuperacion,A,46,7,53,Reprobado,ACTA-2024-S2-216-A-REC1,Normal,2024-11-23,46,7,53,False,False
17c7a9a2-f074-5a25-9c33-123c3f252a00,216,S2,2024-11-06,Ordinario,B,37,26,63,Aprobado,ACTA-2024-S2-216-B-ORD,Normal,2024-11-06,37,26,63,False,False
898ef159-1bc5-50f4-a839-8a6328ead4e2,216,S2,2024-11-06,Ordinario,B,51,8,59,Reprobado,ACTA-2024-S2-216-B-ORD,Normal,2024-11-06,51,8,59,False,False
dda7d84e-c79a-5f19-b8d1-4090f3239620,216,S2,2024-11-06,Ordinario,B,52,21,73,Aprobado,ACTA-2024-S2-216-B-ORD,Normal,2024-11-06,52,21,73,False,False
898ef159-1bc5-50f4-a839-8a6328ead4e2,216,S2,2024-11-23,Primera recuperacion,B,51,8,59,Reprobado,ACTA-2024-S2-216-B-REC1,Normal,2024-11-23,51,8,59,False,False
898ef159-1bc5-50f4-a839-8a6328ead4e2,216,S2,2025-01-13,Segunda recuperacion,B,51,8,59,Reprobado,ACTA-2024-S2-216-B-REC2,Normal,2025-01-13,51,8,59,False,False
1c6583c9-8dab-560b-95ba-62442b620433,216,S2,2024-11-05,Ordinario,C,51,6,57,Reprobado,ACTA-2024-S2-216-C-ORD,Normal,2024-11-05,51,6,57,False,False
799bdc38-e9f5-5892-b852-bcb64e6e021b,216,S2,2024-11-05,Ordinario,C,64,16,80,Aprobado,ACTA-2024-S2-216-C-ORD,Normal,2024-11-05,64,16,80,False,False
79f7bd09-d805-5ce8-ab92-7f3812865478,216,S2,2024-11-05,Ordinario,C,67,30,97,Aprobado,ACTA-2024-S2-216-C-ORD,Normal,2024-11-05,67,30,97,False,False
92fcb7e2-aae7-5aa4-81b8-b92b825fe8a7,216,S2,2024-11-05,Ordinario,C,57,15,72,Aprobado,ACTA-2024-S2-216-C-ORD,Normal,2024-11-05,57,15,72,False,False
9b21c50e-3681-517b-af9a-5d043499cb27,216,S2,2024-11-05,Ordinario,C,46,27,73,Aprobado,ACTA-2024-S2-216-C-ORD,Normal,2024-11-05,46,27,73,False,False
cf443787-1a74-5a5e-bff3-2ef5575818ac,216,S2,2024-11-05,Ordinario,C,46,19,65,Aprobado,ACTA-2024-S2-216-C-ORD,Normal,2024-11-05,46,19,65,False,False
fb399764-8cce-535f-a2de-db636fb7aac4,216,S2,2024-11-05,Ordinario,C,55,3,58,Reprobado,ACTA-2024-S2-216-C-ORD,Normal,2024-11-05,55,3,58,False,False
ff9481f2-af23-5a24-9813-859e9c577ab6,216,S2,2024-11-05,Ordinario,C,55,2,57,Reprobado,ACTA-2024-S2-216-C-ORD,Normal,2024-11-05,55,2,57,False,False
1c6583c9-8dab-560b-95ba-62442b620433,216,S2,2024-11-20,Primera recuperacion,C,51,6,57,Reprobado,ACTA-2024-S2-216-C-REC1,Normal,2024-11-20,51,6,57,False,False
fb399764-8cce-535f-a2de-db636fb7aac4,216,S2,2024-11-20,Primera recuperacion,C,55,13,68,Aprobado,ACTA-2024-S2-216-C-REC1,Normal,2024-11-20,55,13,68,False,False
ff9481f2-af23-5a24-9813-859e9c577ab6,216,S2,2024-11-20,Primera recuperacion,C,55,2,57,Reprobado,ACTA-2024-S2-216-C-REC1,Normal,2024-11-20,55,2,57,False,False
ff9481f2-af23-5a24-9813-859e9c577ab6,216,S2,2025-01-15,Segunda recuperacion,C,55,2,57,Reprobado,ACTA-2024-S2-216-C-REC2,Normal,2025-01-15,55,2,57,False,False
9e77d389-c711-5374-8ab7-a5ef908fb2a5,216,S2,2024-11-10,Ordinario,D,52,4,56,Reprobado,ACTA-2024-S2-216-D-ORD,Normal,2024-11-10,52,4,56,False,False
a2047dfe-7072-5573-86cf-cf4ca53db0fa,216,S2,2024-11-10,Ordinario,D,50,25,75,Aprobado,ACTA-2024-S2-216-D-ORD,Normal,2024-11-10,50,25,75,False,False
aa0e548f-62ee-554b-83fc-7eb4613cf4ff,216,S2,2024-11-10,Ordinario,D,52,28,80,Aprobado,ACTA-2024-S2-216-D-ORD,Normal,2024-11-10,52,28,80,False,False
b48cf04d-3355-5979-a671-d15244b9f856,216,S2,2024-11-10,Ordinario,D,32,1,33,Reprobado,ACTA-2024-S2-216-D-ORD,Normal,2024-11-10,32,1,33,False,False
b48cf04d-3355-5979-a671-d15244b9f856,216,S2,2024-11-20,Primera recuperacion,D,32,1,33,Reprobado,ACTA-2024-S2-216-D-REC1,Normal,2024-11-20,32,1,33,False,False
1b7adb46-da25-57cc-ad1c-f57382ea2726,2570,S2,2024-11-14,Ordinario,A,32,8,40,Reprobado,ACTA-2024-S2-2570-A-ORD,Normal,2024-11-14,32,8,40,False,False
3729cff5-4cf8-547f-93c3-463ddacaa886,2570,S2,2024-11-14,Ordinario,A,57,6,63,Aprobado,ACTA-2024-S2-2570-A-ORD,Normal,2024-11-14,57,6,63,False,False
3b36b2ad-44dd-5a2d-9040-f4de57c705b1,2570,S2,2024-11-14,Ordinario,A,53,2,55,Reprobado,ACTA-2024-S2-2570-A-ORD,Normal,2024-11-14,53,2,55,False,False
823b4866-812a-5280-9922-7a6ce48df3ae,2570,S2,2024-11-14,Ordinario,A,37,20,57,Reprobado,ACTA-2024-S2-2570-A-ORD,Normal,2024-11-14,37,20,57,False,False
97e3a24a-1951-5cc2-923b-6191af630108,2570,S2,2024-11-14,Ordinario,A,45,4,49,Reprobado,ACTA-2024-S2-2570-A-ORD,Normal,2024-11-14,45,4,49,False,False
c536f584-6511-5834-9001-81b90ae09a0a,2570,S2,2024-11-14,Ordinario,A,65,5,70,Aprobado,ACTA-2024-S2-2570-A-ORD,Normal,2024-11-14,65,5,70,False,False
c9d2363e-8ced-5661-aa58-506752643073,2570,S2,2024-11-14,Ordinario,A,62,3,65,Aprobado,ACTA-2024-S2-2570-A-ORD,Normal,2024-11-14,62,3,65,False,False
d0ad0b2d-4aa7-5f82-b60f-d5d1853af793,2570,S2,2024-11-14,Ordinario,A,52,23,75,Aprobado,ACTA-2024-S2-2570-A-ORD,Normal,2024-11-14,52,23,75,False,False
d18b43dd-fa9f-5af3-b2cd-507f5315f597,2570,S2,2024-11-14,Ordinario,A,51,13,64,Aprobado,ACTA-2024-S2-2570-A-ORD,Normal,2024-11-14,51,13,64,False,False
d59271aa-80c7-5dac-9158-b805a029afa6,2570,S2,2024-11-14,Ordinario,A,55,14,69,Aprobado,ACTA-2024-S2-2570-A-ORD,Normal,2024-11-14,55,14,69,False,False
f2b9a44a-2706-5151-be54-8e3148495c13,2570,S2,2024-11-14,Ordinario,A,61,17,78,Aprobado,ACTA-2024-S2-2570-A-ORD,Normal,2024-11-14,61,17,78,False,False
3b36b2ad-44dd-5a2d-9040-f4de57c705b1,2570,S2,2024-11-26,Primera recuperacion,A,53,16,69,Aprobado,ACTA-2024-S2-2570-A-REC1,Normal,2024-11-26,53,16,69,False,False
08d5616f-376d-5766-b14e-b1d1437e5d1a,2666,S2,2024-11-05,Ordinario,A,45,12,57,Reprobado,ACTA-2024-S2-2666-A-ORD,Normal,2024-11-05,45,12,57,False,False
421e5b33-6bf8-5c14-a03b-3a4e6da333e6,2666,S2,2024-11-05,Ordinario,A,53,4,57,Reprobado,ACTA-2024-S2-2666-A-ORD,Normal,2024-11-05,53,4,57,False,False
4ca64fe3-739c-5549-9021-88056df3ce2c,2666,S2,2024-11-05,Ordinario,A,63,15,78,Aprobado,ACTA-2024-S2-2666-A-ORD,Normal,2024-11-05,63,15,78,False,False
799bdc38-e9f5-5892-b852-bcb64e6e021b,2666,S2,2024-11-05,Ordinario,A,46,17,63,Aprobado,ACTA-2024-S2-2666-A-ORD,Normal,2024-11-05,46,17,63,False,False
9e77d389-c711-5374-8ab7-a5ef908fb2a5,2666,S2,2024-11-05,Ordinario,A,37,3,40,Reprobado,ACTA-2024-S2-2666-A-ORD,Normal,2024-11-05,37,3,40,False,False
aa0e548f-62ee-554b-83fc-7eb4613cf4ff,2666,S2,2024-11-05,Ordinario,A,39,1,40,Reprobado,ACTA-2024-S2-2666-A-ORD,Normal,2024-11-05,39,1,40,False,False
cf443787-1a74-5a5e-bff3-2ef5575818ac,2666,S2,2024-11-05,Ordinario,A,47,16,63,Aprobado,ACTA-2024-S2-2666-A-ORD,Normal,2024-11-05,47,16,63,False,False
e1e5ddb0-f781-58a0-8ee3-0398d09b2498,2666,S2,2024-11-05,Ordinario,A,57,10,67,Aprobado,ACTA-2024-S2-2666-A-ORD,Normal,2024-11-05,57,10,67,False,False
f1655cb7-00bc-5455-9379-254358e903cf,2666,S2,2024-11-05,Ordinario,A,52,30,82,Aprobado,ACTA-2024-S2-2666-A-ORD,Normal,2024-11-05,52,30,82,False,False
f23552cd-6876-5561-b470-73e7c5e2bebe,2666,S2,2024-11-05,Ordinario,A,49,27,76,Aprobado,ACTA-2024-S2-2666-A-ORD,Normal,2024-11-05,49,27,76,False,False
08d5616f-376d-5766-b14e-b1d1437e5d1a,2666,S2,2024-11-21,Primera recuperacion,A,45,12,57,Reprobado,ACTA-2024-S2-2666-A-REC1,Normal,2024-11-21,45,12,57,False,False
421e5b33-6bf8-5c14-a03b-3a4e6da333e6,2666,S2,2024-11-21,Primera recuperacion,A,53,24,77,Aprobado,ACTA-2024-S2-2666-A-REC1,Normal,2024-11-21,53,24,77,False,False
9e77d389-c711-5374-8ab7-a5ef908fb2a5,2666,S2,2024-11-21,Primera recuperacion,A,37,3,40,Reprobado,ACTA-2024-S2-2666-A-REC1,Normal,2024-11-21,37,3,40,False,False
aa0e548f-62ee-554b-83fc-7eb4613cf4ff,2666,S2,2024-11-21,Primera recuperacion,A,39,1,40,Reprobado,ACTA-2024-S2-2666-A-REC1,Normal,2024-11-21,39,1,40,False,False
08d5616f-376d-5766-b14e-b1d1437e5d1a,2666,S2,2025-01-16,Segunda recuperacion,A,45,12,57,Reprobado,ACTA-2024-S2-2666-A-REC2,Normal,2025-01-16,45,12,57,False,False
270a0504-64d3-5ff7-bda8-d02793ef8a81,2667,S2,2024-11-05,Ordinario,A,67,30,97,Aprobado,ACTA-2024-S2-2667-A-ORD,Normal,2024-11-05,67,30,97,False,False
3678d8f5-f11c-5323-ad36-aab7f6b19119,2667,S2,2024-11-05,Ordinario,A,48,7,55,Reprobado,ACTA-2024-S2-2667-A-ORD,Normal,2024-11-05,48,7,55,False,False
3bddbee5-05a1-5c39-ac75-9157f041902e,2667,S2,2024-11-05,Ordinario,A,34,22,56,Reprobado,ACTA-2024-S2-2667-A-ORD,Normal,2024-11-05,34,22,56,False,False
3ed23438-77d4-550f-ad5f-cc6bcf90ec02,2667,S2,2024-11-05,Ordinario,A,57,25,82,Aprobado,ACTA-2024-S2-2667-A-ORD,Normal,2024-11-05,57,25,82,False,False
56ed1545-fc8b-541e-9773-3c5f0bc2bf3b,2667,S2,2024-11-05,Ordinario,A,54,27,81,Aprobado,ACTA-2024-S2-2667-A-ORD,Normal,2024-11-05,54,27,81,False,False
590a15b3-d7a2-52b9-ab96-bf974ee42530,2667,S2,2024-11-05,Ordinario,A,66,15,81,Aprobado,ACTA-2024-S2-2667-A-ORD,Normal,2024-11-05,66,15,81,False,False
6327d4a3-6104-565e-b692-b3e8408fe538,2667,S2,2024-11-05,Ordinario,A,38,NSP,38,NSP,ACTA-2024-S2-2667-A-ORD,Normal,2024-11-05,38,,38,False,True
82c26a79-1d7f-541f-a528-1fa65eacb07f,2667,S2,2024-11-05,Ordinario,A,54,21,75,Aprobado,ACTA-2024-S2-2667-A-ORD,Normal,2024-11-05,54,21,75,False,False
8330ae23-4728-57d3-9192-77a20abbdca7,2667,S2,2024-11-05,Ordinario,A,44,22,66,Aprobado,ACTA-2024-S2-2667-A-ORD,Normal,2024-11-05,44,22,66,False,False
8c6b782d-1004-5643-8e93-3a5fca01dcd3,2667,S2,2024-11-05,Ordinario,A,52,19,71,Aprobado,ACTA-2024-S2-2667-A-ORD,Normal,2024-11-05,52,19,71,False,False
b39a108c-b4ee-5874-8b0c-d7dcd496f75d,2667,S2,2024-11-05,Ordinario,A,47,4,51,Reprobado,ACTA-2024-S2-2667-A-ORD,Normal,2024-11-05,47,4,51,False,False
b73c830f-c8ef-567b-bcb4-081b76752502,2667,S2,2024-11-05,Ordinario,A,42,27,69,Aprobado,ACTA-2024-S2-2667-A-ORD,Normal,2024-11-05,42,27,69,False,False
b91bfdc4-f835-5a86-8106-fce8775833f0,2667,S2,2024-11-05,Ordinario,A,37,3,40,Reprobado,ACTA-2024-S2-2667-A-ORD,Normal,2024-11-05,37,3,40,False,False
bd6823c1-6617-541e-b44d-2de09a66e52e,2667,S2,2024-11-05,Ordinario,A,33,4,37,Reprobado,ACTA-2024-S2-2667-A-ORD,Normal,2024-11-05,33,4,37,False,False
c4cf05e9-8e3a-56f4-b1f2-38881baed5d0,2667,S2,2024-11-05,Ordinario,A,46,17,63,Aprobado,ACTA-2024-S2-2667-A-ORD,Normal,2024-11-05,46,17,63,False,False
e3bc81de-b8d3-5624-bc8b-61e4451515d1,2667,S2,2024-11-05,Ordinario,A,52,3,55,Reprobado,ACTA-2024-S2-2667-A-ORD,Normal,2024-11-05,52,3,55,False,False
e7da69d3-57e7-59a4-922d-a24220d927f7,2667,S2,2024-11-05,Ordinario,A,36,29,65,Aprobado,ACTA-2024-S2-2667-A-ORD,Normal,2024-11-05,36,29,65,False,False
f1bca5fd-d3c7-5b2e-a90e-fbbf75fbcb41,2667,S2,2024-11-05,Ordinario,A,60,11,71,Aprobado,ACTA-2024-S2-2667-A-ORD,Normal,2024-11-05,60,11,71,False,False
3678d8f5-f11c-5323-ad36-aab7f6b19119,2667,S2,2024-11-24,Primera recuperacion,A,48,7,55,Reprobado,ACTA-2024-S2-2667-A-REC1,Normal,2024-11-24,48,7,55,False,False
3bddbee5-05a1-5c39-ac75-9157f041902e,2667,S2,2024-11-24,Primera recuperacion,A,34,27,61,Aprobado,ACTA-2024-S2-2667-A-REC1,Normal,2024-11-24,34,27,61,False,False
b39a108c-b4ee-5874-8b0c-d7dcd496f75d,2667,S2,2024-11-24,Primera recuperacion,A,47,4,51,Reprobado,ACTA-2024-S2-2667-A-REC1,Normal,2024-11-24,47,4,51,False,False
bd6823c1-6617-541e-b44d-2de09a66e52e,2667,S2,2024-11-24,Primera recuperacion,A,33,4,37,Reprobado,ACTA-2024-S2-2667-A-REC1,Normal,2024-11-24,33,4,37,False,False
e3bc81de-b8d3-5624-bc8b-61e4451515d1,2667,S2,2024-11-24,Primera recuperacion,A,52,26,78,Aprobado,ACTA-2024-S2-2667-A-REC1,Normal,2024-11-24,52,26,78,False,False
3678d8f5-f11c-5323-ad36-aab7f6b19119,2667,S2,2025-01-17,Segunda recuperacion,A,48,30,78,Aprobado,ACTA-2024-S2-2667-A-REC2,Normal,2025-01-17,48,30,78,False,False
00a20d4b-9043-50fd-9656-3d18b3d769d1,2667,S2,2024-11-10,Ordinario,B,57,11,68,Aprobado,ACTA-2024-S2-2667-B-ORD,Normal,2024-11-10,57,11,68,False,False
27211edc-1649-54b6-b315-76064d324463,2667,S2,2024-11-10,Ordinario,B,51,8,59,Reprobado,ACTA-2024-S2-2667-B-ORD,Normal,2024-11-10,51,8,59,False,False
4190cb8b-4ab0-546e-bcd5-ebd18861cbf2,2667,S2,2024-11-10,Ordinario,B,43,10,53,Reprobado,ACTA-2024-S2-2667-B-ORD,Normal,2024-11-10,43,10,53,False,False
496acb28-ec74-5afd-ad47-b5e79d157dbe,2667,S2,2024-11-10,Ordinario,B,44,21,65,Aprobado,ACTA-2024-S2-2667-B-ORD,Normal,2024-11-10,44,21,65,False,False
584ca980-7215-5ebe-bd2d-639aa11fa8a6,2667,S2,2024-11-10,Ordinario,B,62,19,81,Aprobado,ACTA-2024-S2-2667-B-ORD,Normal,2024-11-10,62,19,81,False,False
67414565-08f4-5f9f-b76b-b069d2a06f0f,2667,S2,2024-11-10,Ordinario,B,45,24,69,Aprobado,ACTA-2024-S2-2667-B-ORD,Normal,2024-11-10,45,24,69,False,False
72e11633-3227-57e3-b469-86f635587704,2667,S2,2024-11-10,Ordinario,B,53,2,55,Reprobado,ACTA-2024-S2-2667-B-ORD,Normal,2024-11-10,53,2,55,False,False
977f0c1c-e388-5fbf-be24-31a4cebf45d1,2667,S2,2024-11-10,Ordinario,B,58,19,77,Aprobado,ACTA-2024-S2-2667-B-ORD,Normal,2024-11-10,58,19,77,False,False
aa8813f5-0192-5963-bd3d-2626ed41657a,2667,S2,2024-11-10,Ordinario,B,52,24,76,Aprobado,ACTA-2024-S2-2667-B-ORD,Normal,2024-11-10,52,24,76,False,False
d249646d-3649-5026-b0d5-4d07c1c3188b,2667,S2,2024-11-10,Ordinario,B,33,0,33,Reprobado,ACTA-2024-S2-2667-B-ORD,Normal,2024-11-10,33,0,33,False,False
d79beb1a-7cf0-5775-9371-58bfa0b31898,2667,S2,2024-11-10,Ordinario,B,40,30,70,Aprobado,ACTA-2024-S2-2667-B-ORD,Normal,2024-11-10,40,30,70,False,False
fc57b469-8570-5031-b6b6-027ecfb0f9a7,2667,S2,2024-11-10,Ordinario,B,68,21,89,Aprobado,ACTA-2024-S2-2667-B-ORD,Normal,2024-11-10,68,21,89,False,False
27211edc-1649-54b6-b315-76064d324463,2667,S2,2024-11-25,Primera recuperacion,B,51,23,74,Aprobado,ACTA-2024-S2-2667-B-REC1,Normal,2024-11-25,51,23,74,False,False
4190cb8b-4ab0-546e-bcd5-ebd18861cbf2,2667,S2,2024-11-25,Primera recuperacion,B,43,10,53,Reprobado,ACTA-2024-S2-2667-B-REC1,Normal,2024-11-25,43,10,53,False,False
01bab3f1-2982-57c8-8f29-8cf445b6214e,2667,S2,2024-11-12,Ordinario,C,36,27,63,Aprobado,ACTA-2024-S2-2667-C-ORD,Normal,2024-11-12,36,27,63,False,False
3513277f-67b8-5015-9843-e138ce7821cd,2667,S2,2024-11-12,Ordinario,C,39,17,56,Reprobado,ACTA-2024-S2-2667-C-ORD,Normal,2024-11-12,39,17,56,False,False
37cf6f59-cc69-576b-ba66-c5cf8fe772c3,2667,S2,2024-11-12,Ordinario,C,55,23,78,Aprobado,ACTA-2024-S2-2667-C-ORD,Normal,2024-11-12,55,23,78,False,False
4a2ce805-bcd0-5f19-ab09-687335d8db6b,2667,S2,2024-11-12,Ordinario,C,46,24,70,Aprobado,ACTA-2024-S2-2667-C-ORD,Normal,2024-11-12,46,24,70,False,False
63b57290-7942-50f2-9869-50904d311a85,2667,S2,2024-11-12,Ordinario,C,36,25,61,Aprobado,ACTA-2024-S2-2667-C-ORD,Normal,2024-11-12,36,25,61,False,False
64ceec45-794c-5ee0-8ef2-30c3d622ab0f,2667,S2,2024-11-12,Ordinario,C,35,15,50,Reprobado,ACTA-2024-S2-2667-C-ORD,Normal,2024-11-12,35,15,50,False,False
6a5add93-63e2-56da-ad52-61e4a59b33d7,2667,S2,2024-11-12,Ordinario,C,54,9,63,Aprobado,ACTA-2024-S2-2667-C-ORD,Normal,2024-11-12,54,9,63,False,False
bc81ba4d-c2d3-5069-aa38-750cf904b140,2667,S2,2024-11-12,Ordinario,C,49,1,50,Reprobado,ACTA-2024-S2-2667-C-ORD,Normal,2024-11-12,49,1,50,False,False
3513277f-67b8-5015-9843-e138ce7821cd,2667,S2,2024-11-20,Primera recuperacion,C,39,26,65,Aprobado,ACTA-2024-S2-2667-C-REC1,Normal,2024-11-20,39,26,65,False,False
64ceec45-794c-5ee0-8ef2-30c3d622ab0f,2667,S2,2024-11-20,Primera recuperacion,C,35,15,50,Reprobado,ACTA-2024-S2-2667-C-REC1,Normal,2024-11-20,35,15,50,False,False
bc81ba4d-c2d3-5069-aa38-750cf904b140,2667,S2,2024-11-20,Primera recuperacion,C,49,1,50,Reprobado,ACTA-2024-S2-2667-C-REC1,Normal,2024-11-20,49,1,50,False,False
bc81ba4d-c2d3-5069-aa38-750cf904b140,2667,S2,2025-01-17,Segunda recuperacion,C,49,1,50,Reprobado,ACTA-2024-S2-2667-C-REC2,Normal,2025-01-17,49,1,50,False,False
0a9592c1-41df-56fb-ae5f-49a98f842829,2667,S2,2024-11-09,Ordinario,D,56,19,75,Aprobado,ACTA-2024-S2-2667-D-ORD,Normal,2024-11-09,56,19,75,False,False
d4f8b688-70f3-5128-9500-2a45103ce45b,2667,S2,2024-11-09,Ordinario,D,47,8,55,Reprobado,ACTA-2024-S2-2667-D-ORD,Normal,2024-11-09,47,8,55,False,False
df0bf56a-77fe-508c-a55e-34d29c2f924e,2667,S2,2024-11-09,Ordinario,D,47,27,74,Aprobado,ACTA-2024-S2-2667-D-ORD,Normal,2024-11-09,47,27,74,False,False
fc8f1dd9-0500-5ce4-9533-7c16115f0457,2667,S2,2024-11-09,Ordinario,D,37,30,67,Aprobado,ACTA-2024-S2-2667-D-ORD,Normal,2024-11-09,37,30,67,False,False
d4f8b688-70f3-5128-9500-2a45103ce45b,2667,S2,2024-11-28,Primera recuperacion,D,47,8,55,Reprobado,ACTA-2024-S2-2667-D-REC1,Normal,2024-11-28,47,8,55,False,False
0450959e-48dc-5783-9140-cfcec928c5c5,2796,S2,2024-11-08,Equivalencia,A,EQ,EQ,EQ,Aprobado,ACTA-2024-S2-2796-A-EQ,Normal,2024-11-08,,,,True,False
0cde0ab4-cadb-52c2-b390-b7f6afe8746c,2796,S2,2024-11-08,Ordinario,A,49,2,51,Reprobado,ACTA-2024-S2-2796-A-ORD,Normal,2024-11-08,49,2,51,False,False
101fcc1c-02cb-502a-895a-dc14ec8bc4fc,2796,S2,2024-11-08,Ordinario,A,50,20,70,Aprobado,ACTA-2024-S2-2796-A-ORD,Normal,2024-11-08,50,20,70,False,False
15a0bb40-c6d6-5f6a-8142-f1c5ba0a121a,2796,S2,2024-11-08,Ordinario,A,48,16,64,Aprobado,ACTA-2024-S2-2796-A-ORD,Normal,2024-11-08,48,16,64,False,False
16882813-1901-5922-b351-e490c6282bc4,2796,S2,2024-11-08,Ordinario,A,47,27,74,Aprobado,ACTA-2024-S2-2796-A-ORD,Normal,2024-11-08,47,27,74,False,False
184c1de9-fa20-510e-b160-68ad1dc84065,2796,S2,2024-11-08,Ordinario,A,64,30,94,Aprobado,ACTA-2024-S2-2796-A-ORD,Normal,2024-11-08,64,30,94,False,False
18744750-066d-5952-a07f-87fe04f11287,2796,S2,2024-11-08,Ordinario,A,68,14,82,Aprobado,ACTA-2024-S2-2796-A-ORD,Normal,2024-11-08,68,14,82,False,False
23d99703-dc71-5cfb-be2e-7b094396d2e1,2796,S2,2024-11-08,Ordinario,A,37,NSP,37,NSP,ACTA-2024-S2-2796-A-ORD,Normal,2024-11-08,37,,37,False,True
25077c77-5aee-5d93-8a36-c5b57da00dc0,2796,S2,2024-11-08,Ordinario,A,36,0,36,Reprobado,ACTA-2024-S2-2796-A-ORD,Normal,2024-11-08,36,0,36,False,False
366b165f-922c-5847-b813-fc6ef6c3a751,2796,S2,2024-11-08,Ordinario,A,38,7,45,Reprobado,ACTA-2024-S2-2796-A-ORD,Normal,2024-11-08,38,7,45,False,False
36f4d3ec-4023-5b34-8dc2-6e588a93f6a1,2796,S2,2024-11-08,Ordinario,A,52,26,78,Aprobado,ACTA-2024-S2-2796-A-ORD,Normal,2024-11-08,52,26,78,False,False
37298f71-ec61-5e5c-ad25-86570c15f7ec,2796,S2,2024-11-08,Ordinario,A,31,11,42,Reprobado,ACTA-2024-S2-2796-A-ORD,Normal,2024-11-08,31,11,42,False,False
38d3c179-d651-5b38-a95d-5f30eea49bc7,2796,S2,2024-11-08,Ordinario,A,42,0,42,Reprobado,ACTA-2024-S2-2796-A-ORD,Normal,2024-11-08,42,0,42,False,False
3b72ef3a-35be-57ea-9618-876a2c6483e8,2796,S2,2024-11-08,Ordinario,A,38,23,61,Aprobado,ACTA-2024-S2-2796-A-ORD,Normal,2024-11-08,38,23,61,False,False
3b839c8a-1e03-5728-b057-2689dbdd202e,2796,S2,2024-11-08,Ordinario,A,44,1,45,Reprobado,ACTA-2024-S2-2796-A-ORD,Normal,2024-11-08,44,1,45,False,False
3bdd6bd7-2493-5fef-97d2-19101e40630a,2796,S2,2024-11-08,Ordinario,A,48,12,60,Reprobado,ACTA-2024-S2-2796-A-ORD,Normal,2024-11-08,48,12,60,False,False
41c3459c-e2e4-550d-a299-2cc964c7cfea,2796,S2,2024-11-08,Ordinario,A,48,0,48,Reprobado,ACTA-2024-S2-2796-A-ORD,Normal,2024-11-08,48,0,48,False,False
4628c082-b668-5afc-a506-1e3c43e99915,2796,S2,2024-11-08,Ordinario,A,41,24,65,Aprobado,ACTA-2024-S2-2796-A-ORD,Normal,2024-11-08,41,24,65,False,False
483edcff-dbbf-5447-b9d9-095557232b02,2796,S2,2024-11-08,Ordinario,A,57,24,81,Aprobado,ACTA-2024-S2-2796-A-ORD,Normal,2024-11-08,57,24,81,False,False
490c9487-1342-5062-a509-90370d598267,2796,S2,2024-11-08,Ordinario,A,68,24,92,Aprobado,ACTA-2024-S2-2796-A-ORD,Normal,2024-11-08,68,24,92,False,False
4fd48cf3-f8af-550e-a2d0-220e5a797783,2796,S2,2024-11-08,Ordinario,A,54,NSP,54,NSP,ACTA-2024-S2-2796-A-ORD,Normal,2024-11-08,54,,54,False,True
6473da69-8d8c-53e3-9a2c-6841674fb2d0,2796,S2,2024-11-08,Ordinario,A,48,16,64,Aprobado,ACTA-2024-S2-2796-A-ORD,Normal,2024-11-08,48,16,64,False,False
6c433ed9-ad1e-51e2-9d31-0f92474524f1,2796,S2,2024-11-08,Ordinario,A,51,0,51,Reprobado,ACTA-2024-S2-2796-A-ORD,Normal,2024-11-08,51,0,51,False,False
717b731e-7f1f-5d15-97ab-fe9730798a9c,2796,S2,2024-11-08,Ordinario,A,53,12,65,Aprobado,ACTA-2024-S2-2796-A-ORD,Normal,2024-11-08,53,12,65,False,False
751429d0-55a4-50e5-96d4-4ff1fdfc02c0,2796,S2,2024-11-08,Ordinario,A,36,5,41,Reprobado,ACTA-2024-S2-2796-A-ORD,Normal,2024-11-08,36,5,41,False,False
760374e5-fa63-5431-b172-de8a0abbce5f,2796,S2,2024-11-08,Ordinario,A,37,21,58,Reprobado,ACTA-2024-S2-2796-A-ORD,Normal,2024-11-08,37,21,58,False,False
819b9b1c-476d-5b64-949b-8bb80947bfde,2796,S2,2024-11-08,Ordinario,A,62,1,63,Aprobado,ACTA-2024-S2-2796-A-ORD,Normal,2024-11-08,62,1,63,False,False
8d0b01b6-3de2-5be7-87a9-01eb3806e177,2796,S2,2024-11-08,Ordinario,A,66,22,88,Aprobado,ACTA-2024-S2-2796-A-ORD,Normal,2024-11-08,66,22,88,False,False
8dc5c8ce-0b27-50c3-bec7-fce9414db9bf,2796,S2,2024-11-08,Ordinario,A,67,23,90,Aprobado,ACTA-2024-S2-2796-A-ORD,Normal,2024-11-08,67,23,90,False,False
8feda068-15b3-578a-b249-a538441fafb6,2796,S2,2024-11-08,Ordinario,A,45,1,46,Reprobado,ACTA-2024-S2-2796-A-ORD,Normal,2024-11-08,45,1,46,False,False
9205f4d0-ca02-57f6-b51e-b705ac0898d7,2796,S2,2024-11-08,Ordinario,A,48,9,57,Reprobado,ACTA-2024-S2-2796-A-ORD,Normal,2024-11-08,48,9,57,False,False
99e6be68-8a89-5792-85ba-477b1d7e300b,2796,S2,2024-11-08,Ordinario,A,44,NSP,44,NSP,ACTA-2024-S2-2796-A-ORD,Normal,2024-11-08,44,,44,False,True
9db9b320-6e2b-5cf7-9e83-bba0130684c9,2796,S2,2024-11-08,Ordinario,A,38,11,49,Reprobado,ACTA-2024-S2-2796-A-ORD,Normal,2024-11-08,38,11,49,False,False
9ef93136-4252-556a-b27a-56284b0733c6,2796,S2,2024-11-08,Ordinario,A,48,8,56,Reprobado,ACTA-2024-S2-2796-A-ORD,Normal,2024-11-08,48,8,56,False,False
a0255bd2-c49d-5e1e-9f89-cd10cc01f918,2796,S2,2024-11-08,Ordinario,A,46,21,67,Aprobado,ACTA-2024-S2-2796-A-ORD,Normal,2024-11-08,46,21,67,False,False
a2b5f5b2-e9f5-5757-9f6e-7438a476abc5,2796,S2,2024-11-08,Ordinario,A,48,5,53,Reprobado,ACTA-2024-S2-2796-A-ORD,Normal,2024-11-08,48,5,53,False,False
a5be436a-cb69-5107-956d-501d659bb0d7,2796,S2,2024-11-08,Ordinario,A,37,1,38,Reprobado,ACTA-2024-S2-2796-A-ORD,Normal,2024-11-08,37,1,38,False,False
a95180f9-77c6-5b98-a2fb-323e641ed050,2796,S2,2024-11-08,Ordinario,A,36,6,42,Reprobado,ACTA-2024-S2-2796-A-ORD,Normal,2024-11-08,36,6,42,False,False
adaf3c7a-3e47-5989-abc3-94ddc1fa8301,2796,S2,2024-11-08,Ordinario,A,39,28,67,Aprobado,ACTA-2024-S2-2796-A-ORD,Normal,2024-11-08,39,28,67,False,False
af7170d5-79af-53e8-ac44-8d6b7e8ad951,2796,S2,2024-11-08,Ordinario,A,36,19,55,Reprobado,ACTA-2024-S2-2796-A-ORD,Normal,2024-11-08,36,19,55,False,False
b0348df3-fe64-57fb-9a16-ef1d46254d7e,2796,S2,2024-11-08,Ordinario,A,48,16,64,Aprobado,ACTA-2024-S2-2796-A-ORD,Normal,2024-11-08,48,16,64,False,False
b06bcec0-b3a3-50b9-a1ec-953a4674371d,2796,S2,2024-11-08,Ordinario,A,53,28,81,Aprobado,ACTA-2024-S2-2796-A-ORD,Normal,2024-11-08,53,28,81,False,False
ba341cb6-848c-5d30-8bb3-6dc3b8ccd016,2796,S2,2024-11-08,Ordinario,A,57,23,80,Aprobado,ACTA-2024-S2-2796-A-ORD,Normal,2024-11-08,57,23,80,False,False
c27c04eb-b36c-5f95-a9ff-ba3b43c1f175,2796,S2,2024-11-08,Ordinario,A,45,NSP,45,NSP,ACTA-2024-S2-2796-A-ORD,Normal,2024-11-08,45,,45,False,True
ca6fc301-a539-586c-9789-e3d1605db2b0,2796,S2,2024-11-08,Ordinario,A,54,0,54,Reprobado,ACTA-2024-S2-2796-A-ORD,Normal,2024-11-08,54,0,54,False,False
cb7e7a97-6e00-55b0-b580-317f19854827,2796,S2,2024-11-08,Ordinario,A,49,0,49,Reprobado,ACTA-2024-S2-2796-A-ORD,Normal,2024-11-08,49,0,49,False,False
cc8b8c37-cde4-5961-8d5a-293197f83e2e,2796,S2,2024-11-08,Ordinario,A,57,23,80,Aprobado,ACTA-2024-S2-2796-A-ORD,Normal,2024-11-08,57,23,80,False,False
cf78170e-bdcf-5b76-9880-68254df8a507,2796,S2,2024-11-08,Ordinario,A,42,1,43,Reprobado,ACTA-2024-S2-2796-A-ORD,Normal,2024-11-08,42,1,43,False,False
d0d32b44-cc7d-5dc8-8f44-2e0cadff8dca,2796,S2,2024-11-08,Ordinario,A,59,7,66,Aprobado,ACTA-2024-S2-2796-A-ORD,Normal,2024-11-08,59,7,66,False,False
e21547f5-5ca5-5a65-9672-e1f99f10125a,2796,S2,2024-11-08,Ordinario,A,46,2,48,Reprobado,ACTA-2024-S2-2796-A-ORD,Normal,2024-11-08,46,2,48,False,False
e433d0b0-de78-5b0f-9cd1-397f7d94f630,2796,S2,2024-11-08,Ordinario,A,38,5,43,Reprobado,ACTA-2024-S2-2796-A-ORD,Normal,2024-11-08,38,5,43,False,False
e6cecf06-57d6-5cdb-b2ba-c309cb7cab41,2796,S2,2024-11-08,Ordinario,A,48,23,71,Aprobado,ACTA-2024-S2-2796-A-ORD,Normal,2024-11-08,48,23,71,False,False
eae6527b-b1e4-5222-b4d0-ac6089abf79f,2796,S2,2024-11-08,Ordinario,A,48,NSP,48,NSP,ACTA-2024-S2-2796-A-ORD,Normal,2024-11-08,48,,48,False,True
ec14649a-b1aa-5070-8cb4-c6a848b94d89,2796,S2,2024-11-08,Ordinario,A,41,28,69,Aprobado,ACTA-2024-S2-2796-A-ORD,Normal,2024-11-08,41,28,69,False,False
f199e5f4-121f-5cf5-ba7c-98bc08d9eb4c,2796,S2,2024-11-08,Ordinario,A,47,4,51,Reprobado,ACTA-2024-S2-2796-A-ORD,Normal,2024-11-08,47,4,51,False,False
f244a686-f32b-5770-9d6b-044f508009fa,2796,S2,2024-11-08,Ordinario,A,39,6,45,Reprobado,ACTA-2024-S2-2796-A-ORD,Normal,2024-11-08,39,6,45,False,False
fc68457e-7e7c-5698-a1c7-1ed0dccba4b3,2796,S2,2024-11-08,Ordinario,A,36,24,60,Reprobado,ACTA-2024-S2-2796-A-ORD,Normal,2024-11-08,36,24,60,False,False
0cde0ab4-cadb-52c2-b390-b7f6afe8746c,2796,S2,2024-11-25,Primera recuperacion,A,49,2,51,Reprobado,ACTA-2024-S2-2796-A-REC1,Normal,2024-11-25,49,2,51,False,False
366b165f-922c-5847-b813-fc6ef6c3a751,2796,S2,2024-11-25,Primera recuperacion,A,38,7,45,Reprobado,ACTA-2024-S2-2796-A-REC1,Normal,2024-11-25,38,7,45,False,False
3b839c8a-1e03-5728-b057-2689dbdd202e,2796,S2,2024-11-25,Primera recuperacion,A,44,1,45,Reprobado,ACTA-2024-S2-2796-A-REC1,Normal,2024-11-25,44,1,45,False,False
3bdd6bd7-2493-5fef-97d2-19101e40630a,2796,S2,2024-11-25,Primera recuperacion,A,48,12,60,Reprobado,ACTA-2024-S2-2796-A-REC1,Normal,2024-11-25,48,12,60,False,False
41c3459c-e2e4-550d-a299-2cc964c7cfea,2796,S2,2024-11-25,Primera recuperacion,A,48,0,48,Reprobado,ACTA-2024-S2-2796-A-REC1,Normal,2024-11-25,48,0,48,False,False
751429d0-55a4-50e5-96d4-4ff1fdfc02c0,2796,S2,2024-11-25,Primera recuperacion,A,36,5,41,Reprobado,ACTA-2024-S2-2796-A-REC1,Normal,2024-11-25,36,5,41,False,False
8feda068-15b3-578a-b249-a538441fafb6,2796,S2,2024-11-25,Primera recuperacion,A,45,1,46,Reprobado,ACTA-2024-S2-2796-A-REC1,Normal,2024-11-25,45,1,46,False,False
9205f4d0-ca02-57f6-b51e-b705ac0898d7,2796,S2,2024-11-25,Primera recuperacion,A,48,24,72,Aprobado,ACTA-2024-S2-2796-A-REC1,Normal,2024-11-25,48,24,72,False,False
9db9b320-6e2b-5cf7-9e83-bba0130684c9,2796,S2,2024-11-25,Primera recuperacion,A,38,11,49,Reprobado,ACTA-2024-S2-2796-A-REC1,Normal,2024-11-25,38,11,49,False,False
9ef93136-4252-556a-b27a-56284b0733c6,2796,S2,2024-11-25,Primera recuperacion,A,48,24,72,Aprobado,ACTA-2024-S2-2796-A-REC1,Normal,2024-11-25,48,24,72,False,False
a95180f9-77c6-5b98-a2fb-323e641ed050,2796,S2,2024-11-25,Primera recuperacion,A,36,29,65,Aprobado,ACTA-2024-S2-2796-A-REC1,Normal,2024-11-25,36,29,65,False,False
af7170d5-79af-53e8-ac44-8d6b7e8ad951,2796,S2,2024-11-25,Primera recuperacion,A,36,19,55,Reprobado,ACTA-2024-S2-2796-A-REC1,Normal,2024-11-25,36,19,55,False,False
ca6fc301-a539-586c-9789-e3d1605db2b0,2796,S2,2024-11-25,Primera recuperacion,A,54,28,82,Aprobado,ACTA-2024-S2-2796-A-REC1,Normal,2024-11-25,54,28,82,False,False
cf78170e-bdcf-5b76-9880-68254df8a507,2796,S2,2024-11-25,Primera recuperacion,A,42,24,66,Aprobado,ACTA-2024-S2-2796-A-REC1,Normal,2024-11-25,42,24,66,False,False
e433d0b0-de78-5b0f-9cd1-397f7d94f630,2796,S2,2024-11-25,Primera recuperacion,A,38,5,43,Reprobado,ACTA-2024-S2-2796-A-REC1,Normal,2024-11-25,38,5,43,False,False
f199e5f4-121f-5cf5-ba7c-98bc08d9eb4c,2796,S2,2024-11-25,Primera recuperacion,A,47,4,51,Reprobado,ACTA-2024-S2-2796-A-REC1,Normal,2024-11-25,47,4,51,False,False
0cde0ab4-cadb-52c2-b390-b7f6afe8746c,2796,S2,2025-01-16,Segunda recuperacion,A,49,12,61,Aprobado,ACTA-2024-S2-2796-A-REC2,Normal,2025-01-16,49,12,61,False,False
3bdd6bd7-2493-5fef-97d2-19101e40630a,2796,S2,2025-01-16,Segunda recuperacion,A,48,12,60,Reprobado,ACTA-2024-S2-2796-A-REC2,Normal,2025-01-16,48,12,60,False,False
751429d0-55a4-50e5-96d4-4ff1fdfc02c0,2796,S2,2025-01-16,Segunda recuperacion,A,36,5,41,Reprobado,ACTA-2024-S2-2796-A-REC2,Normal,2025-01-16,36,5,41,False,False
8feda068-15b3-578a-b249-a538441fafb6,2796,S2,2025-01-16,Segunda recuperacion,A,45,1,46,Reprobado,ACTA-2024-S2-2796-A-REC2,Normal,2025-01-16,45,1,46,False,False
e433d0b0-de78-5b0f-9cd1-397f7d94f630,2796,S2,2025-01-16,Segunda recuperacion,A,38,25,63,Aprobado,ACTA-2024-S2-2796-A-REC2,Normal,2025-01-16,38,25,63,False,False
0c06f8f4-288d-57e0-8936-3d81fc7db2e7,2798,S2,2024-11-08,Ordinario,A,68,11,79,Aprobado,ACTA-2024-S2-2798-A-ORD,Normal,2024-11-08,68,11,79,False,False
0fa55129-2054-5d0a-ac6a-c453dfc1133a,2798,S2,2024-11-08,Ordinario,A,52,8,60,Reprobado,ACTA-2024-S2-2798-A-ORD,Normal,2024-11-08,52,8,60,False,False
101fcc1c-02cb-502a-895a-dc14ec8bc4fc,2798,S2,2024-11-08,Ordinario,A,51,20,71,Aprobado,ACTA-2024-S2-2798-A-ORD,Normal,2024-11-08,51,20,71,False,False
15a0bb40-c6d6-5f6a-8142-f1c5ba0a121a,2798,S2,2024-11-08,Ordinario,A,45,0,45,Reprobado,ACTA-2024-S2-2798-A-ORD,Normal,2024-11-08,45,0,45,False,False
16882813-1901-5922-b351-e490c6282bc4,2798,S2,2024-11-08,Ordinario,A,38,3,41,Reprobado,ACTA-2024-S2-2798-A-ORD,Normal,2024-11-08,38,3,41,False,False
26a06e61-efe0-518d-aa15-c7ace718268a,2798,S2,2024-11-08,Ordinario,A,51,11,62,Aprobado,ACTA-2024-S2-2798-A-ORD,Normal,2024-11-08,51,11,62,False,False
287283ce-fcaf-5519-a49e-3dea1c655f86,2798,S2,2024-11-08,Ordinario,A,33,18,51,Reprobado,ACTA-2024-S2-2798-A-ORD,Normal,2024-11-08,33,18,51,False,False
35608fe5-e3c5-504b-8cc2-216c90a13a47,2798,S2,2024-11-08,Ordinario,A,46,2,48,Reprobado,ACTA-2024-S2-2798-A-ORD,Normal,2024-11-08,46,2,48,False,False
4a07ae27-bce6-5958-80da-0b26f4d4650a,2798,S2,2024-11-08,Ordinario,A,36,14,50,Reprobado,ACTA-2024-S2-2798-A-ORD,Normal,2024-11-08,36,14,50,False,False
6473da69-8d8c-53e3-9a2c-6841674fb2d0,2798,S2,2024-11-08,Ordinario,A,33,NSP,33,NSP,ACTA-2024-S2-2798-A-ORD,Normal,2024-11-08,33,,33,False,True
6d078a78-d8e3-5b7a-89a1-43baa31b9780,2798,S2,2024-11-08,Ordinario,A,50,10,60,Reprobado,ACTA-2024-S2-2798-A-ORD,Normal,2024-11-08,50,10,60,False,False
717b731e-7f1f-5d15-97ab-fe9730798a9c,2798,S2,2024-11-08,Ordinario,A,51,2,53,Reprobado,ACTA-2024-S2-2798-A-ORD,Normal,2024-11-08,51,2,53,False,False
731b92fd-50e5-5559-a9d3-96a0748f2373,2798,S2,2024-11-08,Ordinario,A,51,19,70,Aprobado,ACTA-2024-S2-2798-A-ORD,Normal,2024-11-08,51,19,70,False,False
75ad2a1d-e65d-5b36-9b02-6dc6f12138a4,2798,S2,2024-11-08,Ordinario,A,45,11,56,Reprobado,ACTA-2024-S2-2798-A-ORD,Normal,2024-11-08,45,11,56,False,False
7aac2ae8-68aa-51a1-b8a6-24cdb91b4935,2798,S2,2024-11-08,Ordinario,A,63,14,77,Aprobado,ACTA-2024-S2-2798-A-ORD,Normal,2024-11-08,63,14,77,False,False
819b9b1c-476d-5b64-949b-8bb80947bfde,2798,S2,2024-11-08,Ordinario,A,51,28,79,Aprobado,ACTA-2024-S2-2798-A-ORD,Normal,2024-11-08,51,28,79,False,False
829d6bb7-6b71-5f40-9045-d49c7a41f459,2798,S2,2024-11-08,Ordinario,A,42,2,44,Reprobado,ACTA-2024-S2-2798-A-ORD,Normal,2024-11-08,42,2,44,False,False
830d469b-5f0d-5c02-83e5-fb3ef8b12772,2798,S2,2024-11-08,Ordinario,A,43,NSP,43,NSP,ACTA-2024-S2-2798-A-ORD,Normal,2024-11-08,43,,43,False,True
857bee19-f5cc-5925-8f6d-5e6dc8b42cb7,2798,S2,2024-11-08,Ordinario,A,41,24,65,Aprobado,ACTA-2024-S2-2798-A-ORD,Normal,2024-11-08,41,24,65,False,False
ab49c2b1-e673-50f6-ae4a-e5b321756a15,2798,S2,2024-11-08,Ordinario,A,57,5,62,Aprobado,ACTA-2024-S2-2798-A-ORD,Normal,2024-11-08,57,5,62,False,False
b06bcec0-b3a3-50b9-a1ec-953a4674371d,2798,S2,2024-11-08,Ordinario,A,37,20,57,Reprobado,ACTA-2024-S2-2798-A-ORD,Normal,2024-11-08,37,20,57,False,False
b2adc362-05d9-54d6-bd03-02e44c27e8c5,2798,S2,2024-11-08,Ordinario,A,59,22,81,Aprobado,ACTA-2024-S2-2798-A-ORD,Normal,2024-11-08,59,22,81,False,False
b3997c2f-90c6-5168-9d2b-373122f6b85d,2798,S2,2024-11-08,Ordinario,A,54,6,60,Reprobado,ACTA-2024-S2-2798-A-ORD,Normal,2024-11-08,54,6,60,False,False
ba341cb6-848c-5d30-8bb3-6dc3b8ccd016,2798,S2,2024-11-08,Ordinario,A,48,29,77,Aprobado,ACTA-2024-S2-2798-A-ORD,Normal,2024-11-08,48,29,77,False,False
bc2edb29-4cd5-5fb5-88a5-7dedee94af0d,2798,S2,2024-11-08,Ordinario,A,33,15,48,Reprobado,ACTA-2024-S2-2798-A-ORD,Normal,2024-11-08,33,15,48,False,False
bd77a48a-9406-51ae-a620-b28897754dec,2798,S2,2024-11-08,Ordinario,A,44,12,56,Reprobado,ACTA-2024-S2-2798-A-ORD,Normal,2024-11-08,44,12,56,False,False
bed9e918-22d8-53c7-891c-03d1739f37c3,2798,S2,2024-11-08,Ordinario,A,39,23,62,Aprobado,ACTA-2024-S2-2798-A-ORD,Normal,2024-11-08,39,23,62,False,False
c41dd30f-7c59-5647-a164-2c5d11a89c90,2798,S2,2024-11-08,Ordinario,A,51,15,66,Aprobado,ACTA-2024-S2-2798-A-ORD,Normal,2024-11-08,51,15,66,False,False
c5252bea-0a8d-5efa-82fb-26d83372a130,2798,S2,2024-11-08,Ordinario,A,54,5,59,Reprobado,ACTA-2024-S2-2798-A-ORD,Normal,2024-11-08,54,5,59,False,False
ca045e8e-72e0-524e-b94e-790662c03e9c,2798,S2,2024-11-08,Ordinario,A,54,12,66,Aprobado,ACTA-2024-S2-2798-A-ORD,Normal,2024-11-08,54,12,66,False,False
cc8b8c37-cde4-5961-8d5a-293197f83e2e,2798,S2,2024-11-08,Ordinario,A,47,27,74,Aprobado,ACTA-2024-S2-2798-A-ORD,Normal,2024-11-08,47,27,74,False,False
d0d32b44-cc7d-5dc8-8f44-2e0cadff8dca,2798,S2,2024-11-08,Ordinario,A,66,29,95,Aprobado,ACTA-2024-S2-2798-A-ORD,Normal,2024-11-08,66,29,95,False,False
d931f9da-177d-519e-9604-82c77ffd7dfc,2798,S2,2024-11-08,Ordinario,A,55,22,77,Aprobado,ACTA-2024-S2-2798-A-ORD,Normal,2024-11-08,55,22,77,False,False
f4079fd7-040c-5036-b7a6-c0842fed660b,2798,S2,2024-11-08,Ordinario,A,59,19,78,Aprobado,ACTA-2024-S2-2798-A-ORD,Normal,2024-11-08,59,19,78,False,False
0fa55129-2054-5d0a-ac6a-c453dfc1133a,2798,S2,2024-11-22,Primera recuperacion,A,52,8,60,Reprobado,ACTA-2024-S2-2798-A-REC1,Normal,2024-11-22,52,8,60,False,False
15a0bb40-c6d6-5f6a-8142-f1c5ba0a121a,2798,S2,2024-11-22,Primera recuperacion,A,45,25,70,Aprobado,ACTA-2024-S2-2798-A-REC1,Normal,2024-11-22,45,25,70,False,False
16882813-1901-5922-b351-e490c6282bc4,2798,S2,2024-11-22,Primera recuperacion,A,38,3,41,Reprobado,ACTA-2024-S2-2798-A-REC1,Normal,2024-11-22,38,3,41,False,False
4a07ae27-bce6-5958-80da-0b26f4d4650a,2798,S2,2024-11-22,Primera recuperacion,A,36,14,50,Reprobado,ACTA-2024-S2-2798-A-REC1,Normal,2024-11-22,36,14,50,False,False
6d078a78-d8e3-5b7a-89a1-43baa31b9780,2798,S2,2024-11-22,Primera recuperacion,A,50,14,64,Aprobado,ACTA-2024-S2-2798-A-REC1,Normal,2024-11-22,50,14,64,False,False
717b731e-7f1f-5d15-97ab-fe9730798a9c,2798,S2,2024-11-22,Primera recuperacion,A,51,29,80,Aprobado,ACTA-2024-S2-2798-A-REC1,Normal,2024-11-22,51,29,80,False,False
75ad2a1d-e65d-5b36-9b02-6dc6f12138a4,2798,S2,2024-11-22,Primera recuperacion,A,45,11,56,Reprobado,ACTA-2024-S2-2798-A-REC1,Normal,2024-11-22,45,11,56,False,False
b06bcec0-b3a3-50b9-a1ec-953a4674371d,2798,S2,2024-11-22,Primera recuperacion,A,37,20,57,Reprobado,ACTA-2024-S2-2798-A-REC1,Normal,2024-11-22,37,20,57,False,False
b3997c2f-90c6-5168-9d2b-373122f6b85d,2798,S2,2024-11-22,Primera recuperacion,A,54,6,60,Reprobado,ACTA-2024-S2-2798-A-REC1,Normal,2024-11-22,54,6,60,False,False
bc2edb29-4cd5-5fb5-88a5-7dedee94af0d,2798,S2,2024-11-22,Primera recuperacion,A,33,15,48,Reprobado,ACTA-2024-S2-2798-A-REC1,Normal,2024-11-22,33,15,48,False,False
bd77a48a-9406-51ae-a620-b28897754dec,2798,S2,2024-11-22,Primera recuperacion,A,44,12,56,Reprobado,ACTA-2024-S2-2798-A-REC1,Normal,2024-11-22,44,12,56,False,False
c5252bea-0a8d-5efa-82fb-26d83372a130,2798,S2,2024-11-22,Primera recuperacion,A,54,5,59,Reprobado,ACTA-2024-S2-2798-A-REC1,Normal,2024-11-22,54,5,59,False,False
0fa55129-2054-5d0a-ac6a-c453dfc1133a,2798,S2,2025-01-13,Segunda recuperacion,A,52,8,60,Reprobado,ACTA-2024-S2-2798-A-REC2,Normal,2025-01-13,52,8,60,False,False
16882813-1901-5922-b351-e490c6282bc4,2798,S2,2025-01-13,Segunda recuperacion,A,38,3,41,Reprobado,ACTA-2024-S2-2798-A-REC2,Normal,2025-01-13,38,3,41,False,False
4a07ae27-bce6-5958-80da-0b26f4d4650a,2798,S2,2025-01-13,Segunda recuperacion,A,36,29,65,Aprobado,ACTA-2024-S2-2798-A-REC2,Normal,2025-01-13,36,29,65,False,False
b3997c2f-90c6-5168-9d2b-373122f6b85d,2798,S2,2025-01-13,Segunda recuperacion,A,54,6,60,Reprobado,ACTA-2024-S2-2798-A-REC2,Normal,2025-01-13,54,6,60,False,False
bc2edb29-4cd5-5fb5-88a5-7dedee94af0d,2798,S2,2025-01-13,Segunda recuperacion,A,33,15,48,Reprobado,ACTA-2024-S2-2798-A-REC2,Normal,2025-01-13,33,15,48,False,False
0450959e-48dc-5783-9140-cfcec928c5c5,2799,S2,2024-11-09,Ordinario,A,58,26,84,Aprobado,ACTA-2024-S2-2799-A-ORD,Normal,2024-11-09,58,26,84,False,False
0c06f8f4-288d-57e0-8936-3d81fc7db2e7,2799,S2,2024-11-09,Ordinario,A,50,25,75,Aprobado,ACTA-2024-S2-2799-A-ORD,Normal,2024-11-09,50,25,75,False,False
0fa55129-2054-5d0a-ac6a-c453dfc1133a,2799,S2,2024-11-09,Ordinario,A,54,1,55,Reprobado,ACTA-2024-S2-2799-A-ORD,Normal,2024-11-09,54,1,55,False,False
101fcc1c-02cb-502a-895a-dc14ec8bc4fc,2799,S2,2024-11-09,Ordinario,A,41,28,69,Aprobado,ACTA-2024-S2-2799-A-ORD,Normal,2024-11-09,41,28,69,False,False
15a0bb40-c6d6-5f6a-8142-f1c5ba0a121a,2799,S2,2024-11-09,Ordinario,A,39,29,68,Aprobado,ACTA-2024-S2-2799-A-ORD,Normal,2024-11-09,39,29,68,False,False
26a06e61-efe0-518d-aa15-c7ace718268a,2799,S2,2024-11-09,Ordinario,A,60,11,71,Aprobado,ACTA-2024-S2-2799-A-ORD,Normal,2024-11-09,60,11,71,False,False
287283ce-fcaf-5519-a49e-3dea1c655f86,2799,S2,2024-11-09,Ordinario,A,36,19,55,Reprobado,ACTA-2024-S2-2799-A-ORD,Normal,2024-11-09,36,19,55,False,False
35608fe5-e3c5-504b-8cc2-216c90a13a47,2799,S2,2024-11-09,Ordinario,A,42,5,47,Reprobado,ACTA-2024-S2-2799-A-ORD,Normal,2024-11-09,42,5,47,False,False
36f4d3ec-4023-5b34-8dc2-6e588a93f6a1,2799,S2,2024-11-09,Ordinario,A,47,NSP,47,NSP,ACTA-2024-S2-2799-A-ORD,Normal,2024-11-09,47,,47,False,True
3f2755ef-7031-5580-be34-89f9ba198194,2799,S2,2024-11-09,Ordinario,A,55,0,55,Reprobado,ACTA-2024-S2-2799-A-ORD,Normal,2024-11-09,55,0,55,False,False
4a07ae27-bce6-5958-80da-0b26f4d4650a,2799,S2,2024-11-09,Ordinario,A,65,19,84,Aprobado,ACTA-2024-S2-2799-A-ORD,Normal,2024-11-09,65,19,84,False,False
6473da69-8d8c-53e3-9a2c-6841674fb2d0,2799,S2,2024-11-09,Ordinario,A,37,24,61,Aprobado,ACTA-2024-S2-2799-A-ORD,Normal,2024-11-09,37,24,61,False,False
6d078a78-d8e3-5b7a-89a1-43baa31b9780,2799,S2,2024-11-09,Ordinario,A,67,16,83,Aprobado,ACTA-2024-S2-2799-A-ORD,Normal,2024-11-09,67,16,83,False,False
819b9b1c-476d-5b64-949b-8bb80947bfde,2799,S2,2024-11-09,Ordinario,A,62,27,89,Aprobado,ACTA-2024-S2-2799-A-ORD,Normal,2024-11-09,62,27,89,False,False
829d6bb7-6b71-5f40-9045-d49c7a41f459,2799,S2,2024-11-09,Ordinario,A,40,4,44,Reprobado,ACTA-2024-S2-2799-A-ORD,Normal,2024-11-09,40,4,44,False,False
830d469b-5f0d-5c02-83e5-fb3ef8b12772,2799,S2,2024-11-09,Ordinario,A,37,28,65,Aprobado,ACTA-2024-S2-2799-A-ORD,Normal,2024-11-09,37,28,65,False,False
83c5a92d-1d67-5123-9563-d6dad24bbc27,2799,S2,2024-11-09,Ordinario,A,52,8,60,Reprobado,ACTA-2024-S2-2799-A-ORD,Normal,2024-11-09,52,8,60,False,False
857bee19-f5cc-5925-8f6d-5e6dc8b42cb7,2799,S2,2024-11-09,Ordinario,A,37,30,67,Aprobado,ACTA-2024-S2-2799-A-ORD,Normal,2024-11-09,37,30,67,False,False
9205f4d0-ca02-57f6-b51e-b705ac0898d7,2799,S2,2024-11-09,Ordinario,A,45,15,60,Reprobado,ACTA-2024-S2-2799-A-ORD,Normal,2024-11-09,45,15,60,False,False
b1ada878-5ce8-5e51-bc44-6a5ae1f64971,2799,S2,2024-11-09,Ordinario,A,34,21,55,Reprobado,ACTA-2024-S2-2799-A-ORD,Normal,2024-11-09,34,21,55,False,False
b1cce0db-3292-5ff2-837e-2fda6bc2eb62,2799,S2,2024-11-09,Ordinario,A,47,7,54,Reprobado,ACTA-2024-S2-2799-A-ORD,Normal,2024-11-09,47,7,54,False,False
b2adc362-05d9-54d6-bd03-02e44c27e8c5,2799,S2,2024-11-09,Ordinario,A,36,26,62,Aprobado,ACTA-2024-S2-2799-A-ORD,Normal,2024-11-09,36,26,62,False,False
b3997c2f-90c6-5168-9d2b-373122f6b85d,2799,S2,2024-11-09,Ordinario,A,41,11,52,Reprobado,ACTA-2024-S2-2799-A-ORD,Normal,2024-11-09,41,11,52,False,False
bed9e918-22d8-53c7-891c-03d1739f37c3,2799,S2,2024-11-09,Ordinario,A,44,27,71,Aprobado,ACTA-2024-S2-2799-A-ORD,Normal,2024-11-09,44,27,71,False,False
c41dd30f-7c59-5647-a164-2c5d11a89c90,2799,S2,2024-11-09,Ordinario,A,48,30,78,Aprobado,ACTA-2024-S2-2799-A-ORD,Normal,2024-11-09,48,30,78,False,False
ca045e8e-72e0-524e-b94e-790662c03e9c,2799,S2,2024-11-09,Ordinario,A,65,7,72,Aprobado,ACTA-2024-S2-2799-A-ORD,Normal,2024-11-09,65,7,72,False,False
cc8b8c37-cde4-5961-8d5a-293197f83e2e,2799,S2,2024-11-09,Ordinario,A,53,9,62,Aprobado,ACTA-2024-S2-2799-A-ORD,Normal,2024-11-09,53,9,62,False,False
d0d32b44-cc7d-5dc8-8f44-2e0cadff8dca,2799,S2,2024-11-09,Ordinario,A,61,19,80,Aprobado,ACTA-2024-S2-2799-A-ORD,Normal,2024-11-09,61,19,80,False,False
d931f9da-177d-519e-9604-82c77ffd7dfc,2799,S2,2024-11-09,Ordinario,A,67,21,88,Aprobado,ACTA-2024-S2-2799-A-ORD,Normal,2024-11-09,67,21,88,False,False
f4079fd7-040c-5036-b7a6-c0842fed660b,2799,S2,2024-11-09,Ordinario,A,67,23,90,Aprobado,ACTA-2024-S2-2799-A-ORD,Normal,2024-11-09,67,23,90,False,False
35608fe5-e3c5-504b-8cc2-216c90a13a47,2799,S2,2024-11-22,Primera recuperacion,A,42,25,67,Aprobado,ACTA-2024-S2-2799-A-REC1,Normal,2024-11-22,42,25,67,False,False
3f2755ef-7031-5580-be34-89f9ba198194,2799,S2,2024-11-22,Primera recuperacion,A,55,0,55,Reprobado,ACTA-2024-S2-2799-A-REC1,Normal,2024-11-22,55,0,55,False,False
83c5a92d-1d67-5123-9563-d6dad24bbc27,2799,S2,2024-11-22,Primera recuperacion,A,52,30,82,Aprobado,ACTA-2024-S2-2799-A-REC1,Normal,2024-11-22,52,30,82,False,False
9205f4d0-ca02-57f6-b51e-b705ac0898d7,2799,S2,2024-11-22,Primera recuperacion,A,45,15,60,Reprobado,ACTA-2024-S2-2799-A-REC1,Normal,2024-11-22,45,15,60,False,False
b1ada878-5ce8-5e51-bc44-6a5ae1f64971,2799,S2,2024-11-22,Primera recuperacion,A,34,21,55,Reprobado,ACTA-2024-S2-2799-A-REC1,Normal,2024-11-22,34,21,55,False,False
b1cce0db-3292-5ff2-837e-2fda6bc2eb62,2799,S2,2024-11-22,Primera recuperacion,A,47,7,54,Reprobado,ACTA-2024-S2-2799-A-REC1,Normal,2024-11-22,47,7,54,False,False
b3997c2f-90c6-5168-9d2b-373122f6b85d,2799,S2,2024-11-22,Primera recuperacion,A,41,11,52,Reprobado,ACTA-2024-S2-2799-A-REC1,Normal,2024-11-22,41,11,52,False,False
b3997c2f-90c6-5168-9d2b-373122f6b85d,2799,S2,2025-01-18,Segunda recuperacion,A,41,21,62,Aprobado,ACTA-2024-S2-2799-A-REC2,Normal,2025-01-18,41,21,62,False,False
0fa55129-2054-5d0a-ac6a-c453dfc1133a,2800,S2,2024-11-09,Ordinario,A,45,NSP,45,NSP,ACTA-2024-S2-2800-A-ORD,Normal,2024-11-09,45,,45,False,True
287283ce-fcaf-5519-a49e-3dea1c655f86,2800,S2,2024-11-09,Ordinario,A,54,6,60,Reprobado,ACTA-2024-S2-2800-A-ORD,Normal,2024-11-09,54,6,60,False,False
3e286a49-0d95-56da-aeae-91cae0ed2763,2800,S2,2024-11-09,Ordinario,A,41,4,45,Reprobado,ACTA-2024-S2-2800-A-ORD,Normal,2024-11-09,41,4,45,False,False
3f2755ef-7031-5580-be34-89f9ba198194,2800,S2,2024-11-09,Ordinario,A,32,24,56,Reprobado,ACTA-2024-S2-2800-A-ORD,Normal,2024-11-09,32,24,56,False,False
56d6a85b-af6a-5056-b7e5-6fc2b0054af8,2800,S2,2024-11-09,Ordinario,A,64,25,89,Aprobado,ACTA-2024-S2-2800-A-ORD,Normal,2024-11-09,64,25,89,False,False
7d36a894-5a69-5be2-93a2-a8c1d01df056,2800,S2,2024-11-09,Ordinario,A,54,0,54,Reprobado,ACTA-2024-S2-2800-A-ORD,Normal,2024-11-09,54,0,54,False,False
b1cce0db-3292-5ff2-837e-2fda6bc2eb62,2800,S2,2024-11-09,Ordinario,A,40,6,46,Reprobado,ACTA-2024-S2-2800-A-ORD,Normal,2024-11-09,40,6,46,False,False
bc2edb29-4cd5-5fb5-88a5-7dedee94af0d,2800,S2,2024-11-09,Ordinario,A,32,19,51,Reprobado,ACTA-2024-S2-2800-A-ORD,Normal,2024-11-09,32,19,51,False,False
bed9e918-22d8-53c7-891c-03d1739f37c3,2800,S2,2024-11-09,Ordinario,A,57,23,80,Aprobado,ACTA-2024-S2-2800-A-ORD,Normal,2024-11-09,57,23,80,False,False
c41dd30f-7c59-5647-a164-2c5d11a89c90,2800,S2,2024-11-09,Ordinario,A,38,27,65,Aprobado,ACTA-2024-S2-2800-A-ORD,Normal,2024-11-09,38,27,65,False,False
ca045e8e-72e0-524e-b94e-790662c03e9c,2800,S2,2024-11-09,Ordinario,A,42,24,66,Aprobado,ACTA-2024-S2-2800-A-ORD,Normal,2024-11-09,42,24,66,False,False
cb2a28b9-397d-5feb-a252-7b8abaccc929,2800,S2,2024-11-09,Ordinario,A,33,12,45,Reprobado,ACTA-2024-S2-2800-A-ORD,Normal,2024-11-09,33,12,45,False,False
d0d32b44-cc7d-5dc8-8f44-2e0cadff8dca,2800,S2,2024-11-09,Ordinario,A,40,24,64,Aprobado,ACTA-2024-S2-2800-A-ORD,Normal,2024-11-09,40,24,64,False,False
d931f9da-177d-519e-9604-82c77ffd7dfc,2800,S2,2024-11-09,Ordinario,A,52,28,80,Aprobado,ACTA-2024-S2-2800-A-ORD,Normal,2024-11-09,52,28,80,False,False
0c06f8f4-288d-57e0-8936-3d81fc7db2e7,2800,S2,2024-11-10,Equivalencia,A,EQ,EQ,EQ,Aprobado,ACTA-2024-S2-2800-A-EQ,Normal,2024-11-10,,,,True,False
287283ce-fcaf-5519-a49e-3dea1c655f86,2800,S2,2024-11-25,Primera recuperacion,A,54,6,60,Reprobado,ACTA-2024-S2-2800-A-REC1,Normal,2024-11-25,54,6,60,False,False
3e286a49-0d95-56da-aeae-91cae0ed2763,2800,S2,2024-11-25,Primera recuperacion,A,41,4,45,Reprobado,ACTA-2024-S2-2800-A-REC1,Normal,2024-11-25,41,4,45,False,False
bc2edb29-4cd5-5fb5-88a5-7dedee94af0d,2800,S2,2024-11-25,Primera recuperacion,A,32,29,61,Aprobado,ACTA-2024-S2-2800-A-REC1,Normal,2024-11-25,32,29,61,False,False
cb2a28b9-397d-5feb-a252-7b8abaccc929,2800,S2,2024-11-25,Primera recuperacion,A,33,12,45,Reprobado,ACTA-2024-S2-2800-A-REC1,Normal,2024-11-25,33,12,45,False,False
3e286a49-0d95-56da-aeae-91cae0ed2763,2800,S2,2025-01-19,Segunda recuperacion,A,41,23,64,Aprobado,ACTA-2024-S2-2800-A-REC2,Normal,2025-01-19,41,23,64,False,False
4a6b3546-7880-595e-b541-6aab9d24320b,2803,S2,2024-11-06,Equivalencia,A,EQ,EQ,EQ,Aprobado,ACTA-2024-S2-2803-A-EQ,Normal,2024-11-06,,,,True,False
2905901c-e9bb-5210-b2b9-d5891b55407e,2803,S2,2024-11-06,Ordinario,A,32,19,51,Reprobado,ACTA-2024-S2-2803-A-ORD,Normal,2024-11-06,32,19,51,False,False
3985e831-1448-5276-828a-6bb569a3fc32,2803,S2,2024-11-06,Ordinario,A,38,27,65,Aprobado,ACTA-2024-S2-2803-A-ORD,Normal,2024-11-06,38,27,65,False,False
3dd479e7-5243-5a56-8926-f9ff104c6b07,2803,S2,2024-11-06,Ordinario,A,57,NSP,57,NSP,ACTA-2024-S2-2803-A-ORD,Normal,2024-11-06,57,,57,False,True
3e4778be-bac1-5c8c-8706-d8358755d3d7,2803,S2,2024-11-06,Ordinario,A,35,21,56,Reprobado,ACTA-2024-S2-2803-A-ORD,Normal,2024-11-06,35,21,56,False,False
41be5257-eb86-58d2-acc5-634e881af433,2803,S2,2024-11-06,Ordinario,A,52,7,59,Reprobado,ACTA-2024-S2-2803-A-ORD,Normal,2024-11-06,52,7,59,False,False
4f27b763-668f-5443-b687-4d9ca582763c,2803,S2,2024-11-06,Ordinario,A,65,9,74,Aprobado,ACTA-2024-S2-2803-A-ORD,Normal,2024-11-06,65,9,74,False,False
5307c02e-106e-56e4-a7c6-ccf412960b22,2803,S2,2024-11-06,Ordinario,A,39,18,57,Reprobado,ACTA-2024-S2-2803-A-ORD,Normal,2024-11-06,39,18,57,False,False
61b4785b-fce3-5388-98b4-78ae1eab1273,2803,S2,2024-11-06,Ordinario,A,68,2,70,Aprobado,ACTA-2024-S2-2803-A-ORD,Normal,2024-11-06,68,2,70,False,False
6e7eeb15-ed34-52a3-9b2e-94a14ced704f,2803,S2,2024-11-06,Ordinario,A,44,23,67,Aprobado,ACTA-2024-S2-2803-A-ORD,Normal,2024-11-06,44,23,67,False,False
76a27247-038b-519c-8c4d-bfd0b57beee0,2803,S2,2024-11-06,Ordinario,A,31,7,38,Reprobado,ACTA-2024-S2-2803-A-ORD,Normal,2024-11-06,31,7,38,False,False
7f65857e-5b14-557a-bd52-34d73e3b4017,2803,S2,2024-11-06,Ordinario,A,50,18,68,Aprobado,ACTA-2024-S2-2803-A-ORD,Normal,2024-11-06,50,18,68,False,False
85f6e33e-822a-59b2-a749-33e5034486fd,2803,S2,2024-11-06,Ordinario,A,61,2,63,Aprobado,ACTA-2024-S2-2803-A-ORD,Normal,2024-11-06,61,2,63,False,False
ae8a03d3-f49b-5a06-bc7a-d6bba5d3e0f7,2803,S2,2024-11-06,Ordinario,A,45,30,75,Aprobado,ACTA-2024-S2-2803-A-ORD,Normal,2024-11-06,45,30,75,False,False
b01c0133-92dd-5f13-8b4b-3e6a951b3bb4,2803,S2,2024-11-06,Ordinario,A,52,7,59,Reprobado,ACTA-2024-S2-2803-A-ORD,Normal,2024-11-06,52,7,59,False,False
e6a59826-1bef-51d2-8aca-813db3078360,2803,S2,2024-11-06,Ordinario,A,46,6,52,Reprobado,ACTA-2024-S2-2803-A-ORD,Normal,2024-11-06,46,6,52,False,False
2905901c-e9bb-5210-b2b9-d5891b55407e,2803,S2,2024-11-23,Primera recuperacion,A,32,19,51,Reprobado,ACTA-2024-S2-2803-A-REC1,Normal,2024-11-23,32,19,51,False,False
3e4778be-bac1-5c8c-8706-d8358755d3d7,2803,S2,2024-11-23,Primera recuperacion,A,35,21,56,Reprobado,ACTA-2024-S2-2803-A-REC1,Normal,2024-11-23,35,21,56,False,False
41be5257-eb86-58d2-acc5-634e881af433,2803,S2,2024-11-23,Primera recuperacion,A,52,7,59,Reprobado,ACTA-2024-S2-2803-A-REC1,Normal,2024-11-23,52,7,59,False,False
5307c02e-106e-56e4-a7c6-ccf412960b22,2803,S2,2024-11-23,Primera recuperacion,A,39,26,65,Aprobado,ACTA-2024-S2-2803-A-REC1,Normal,2024-11-23,39,26,65,False,False
76a27247-038b-519c-8c4d-bfd0b57beee0,2803,S2,2024-11-23,Primera recuperacion,A,31,7,38,Reprobado,ACTA-2024-S2-2803-A-REC1,Normal,2024-11-23,31,7,38,False,False
b01c0133-92dd-5f13-8b4b-3e6a951b3bb4,2803,S2,2024-11-23,Primera recuperacion,A,52,7,59,Reprobado,ACTA-2024-S2-2803-A-REC1,Normal,2024-11-23,52,7,59,False,False
e6a59826-1bef-51d2-8aca-813db3078360,2803,S2,2024-11-23,Primera recuperacion,A,46,6,52,Reprobado,ACTA-2024-S2-2803-A-REC1,Normal,2024-11-23,46,6,52,False,False
2905901c-e9bb-5210-b2b9-d5891b55407e,2803,S2,2025-01-19,Segunda recuperacion,A,32,30,62,Aprobado,ACTA-2024-S2-2803-A-REC2,Normal,2025-01-19,32,30,62,False,False
41be5257-eb86-58d2-acc5-634e881af433,2803,S2,2025-01-19,Segunda recuperacion,A,52,7,59,Reprobado,ACTA-2024-S2-2803-A-REC2,Normal,2025-01-19,52,7,59,False,False
b01c0133-92dd-5f13-8b4b-3e6a951b3bb4,2803,S2,2025-01-19,Segunda recuperacion,A,52,7,59,Reprobado,ACTA-2024-S2-2803-A-REC2,Normal,2025-01-19,52,7,59,False,False
03428918-b91e-5e08-aaa6-3e1037681d49,2808,S2,2024-11-08,Ordinario,A,60,10,70,Aprobado,ACTA-2024-S2-2808-A-ORD,Normal,2024-11-08,60,10,70,False,False
05b5961d-646c-504b-b525-05bffbd7eda8,2808,S2,2024-11-08,Ordinario,A,56,25,81,Aprobado,ACTA-2024-S2-2808-A-ORD,Normal,2024-11-08,56,25,81,False,False
20470cf5-2acb-53ea-8996-70426c23e593,2808,S2,2024-11-08,Ordinario,A,45,11,56,Reprobado,ACTA-2024-S2-2808-A-ORD,Normal,2024-11-08,45,11,56,False,False
327817b1-69ac-5335-a21d-9b8f2b559853,2808,S2,2024-11-08,Ordinario,A,67,2,69,Aprobado,ACTA-2024-S2-2808-A-ORD,Normal,2024-11-08,67,2,69,False,False
4f4fe168-4caf-5a0c-887e-3bef44e26ba4,2808,S2,2024-11-08,Ordinario,A,51,NSP,51,NSP,ACTA-2024-S2-2808-A-ORD,Normal,2024-11-08,51,,51,False,True
690768a4-bb18-595a-a71f-c99fe2a9eb6e,2808,S2,2024-11-08,Ordinario,A,48,16,64,Aprobado,ACTA-2024-S2-2808-A-ORD,Normal,2024-11-08,48,16,64,False,False
82c74821-0a18-59a5-b35b-8e5e0a96770d,2808,S2,2024-11-08,Ordinario,A,43,24,67,Aprobado,ACTA-2024-S2-2808-A-ORD,Normal,2024-11-08,43,24,67,False,False
a7bd029d-5a6a-5bb6-bc5c-4ddb5411b6fe,2808,S2,2024-11-08,Ordinario,A,52,9,61,Aprobado,ACTA-2024-S2-2808-A-ORD,Normal,2024-11-08,52,9,61,False,False
af235c0f-fa51-564a-a139-98be54af9391,2808,S2,2024-11-08,Ordinario,A,50,25,75,Aprobado,ACTA-2024-S2-2808-A-ORD,Normal,2024-11-08,50,25,75,False,False
c7b997d5-91cd-5f2d-a5b3-12b04e610321,2808,S2,2024-11-08,Ordinario,A,42,15,57,Reprobado,ACTA-2024-S2-2808-A-ORD,Normal,2024-11-08,42,15,57,False,False
d14b3e31-2a2e-5d74-a02b-19460fe28aa5,2808,S2,2024-11-08,Ordinario,A,43,22,65,Aprobado,ACTA-2024-S2-2808-A-ORD,Normal,2024-11-08,43,22,65,False,False
d270e775-97e6-55a2-8ab6-43f3863627b6,2808,S2,2024-11-08,Ordinario,A,45,14,59,Reprobado,ACTA-2024-S2-2808-A-ORD,Normal,2024-11-08,45,14,59,False,False
d5f413f0-ef8a-5db4-a19c-e3328916256f,2808,S2,2024-11-08,Ordinario,A,55,15,70,Aprobado,ACTA-2024-S2-2808-A-ORD,Normal,2024-11-08,55,15,70,False,False
daf73f99-71e0-58f9-a2a2-4565580f75b4,2808,S2,2024-11-08,Ordinario,A,36,14,50,Reprobado,ACTA-2024-S2-2808-A-ORD,Normal,2024-11-08,36,14,50,False,False
de300aca-315d-5ec3-8a15-b7198afc11e1,2808,S2,2024-11-08,Ordinario,A,48,15,63,Aprobado,ACTA-2024-S2-2808-A-ORD,Normal,2024-11-08,48,15,63,False,False
f0e271ee-a595-53f7-9c6d-6143d4843865,2808,S2,2024-11-08,Ordinario,A,51,6,57,Reprobado,ACTA-2024-S2-2808-A-ORD,Normal,2024-11-08,51,6,57,False,False
f3cfaa1d-b9fa-564b-a1b6-4ef5630c678e,2808,S2,2024-11-08,Ordinario,A,53,15,68,Aprobado,ACTA-2024-S2-2808-A-ORD,Normal,2024-11-08,53,15,68,False,False
20470cf5-2acb-53ea-8996-70426c23e593,2808,S2,2024-11-24,Primera recuperacion,A,45,16,61,Aprobado,ACTA-2024-S2-2808-A-REC1,Normal,2024-11-24,45,16,61,False,False
c7b997d5-91cd-5f2d-a5b3-12b04e610321,2808,S2,2024-11-24,Primera recuperacion,A,42,15,57,Reprobado,ACTA-2024-S2-2808-A-REC1,Normal,2024-11-24,42,15,57,False,False
d270e775-97e6-55a2-8ab6-43f3863627b6,2808,S2,2024-11-24,Primera recuperacion,A,45,14,59,Reprobado,ACTA-2024-S2-2808-A-REC1,Normal,2024-11-24,45,14,59,False,False
daf73f99-71e0-58f9-a2a2-4565580f75b4,2808,S2,2024-11-24,Primera recuperacion,A,36,14,50,Reprobado,ACTA-2024-S2-2808-A-REC1,Normal,2024-11-24,36,14,50,False,False
d270e775-97e6-55a2-8ab6-43f3863627b6,2808,S2,2025-01-14,Segunda recuperacion,A,45,24,69,Aprobado,ACTA-2024-S2-2808-A-REC2,Normal,2025-01-14,45,24,69,False,False
050d1ef7-fae1-5a16-8445-3f2c1bb0e697,2809,S2,2024-11-08,Ordinario,A,49,12,61,Aprobado,ACTA-2024-S2-2809-A-ORD,Normal,2024-11-08,49,12,61,False,False
0dbc3861-b848-5448-a148-42de02126320,2809,S2,2024-11-08,Ordinario,A,65,6,71,Aprobado,ACTA-2024-S2-2809-A-ORD,Normal,2024-11-08,65,6,71,False,False
10a2c72f-365b-57d6-bd26-e86b0e4d68c2,2809,S2,2024-11-08,Ordinario,A,34,6,40,Reprobado,ACTA-2024-S2-2809-A-ORD,Normal,2024-11-08,34,6,40,False,False
1455f2e4-769b-5a64-aff9-ce869cd2fa54,2809,S2,2024-11-08,Ordinario,A,54,NSP,54,NSP,ACTA-2024-S2-2809-A-ORD,Normal,2024-11-08,54,,54,False,True
180b9f04-e976-5cfd-b528-336f193ddab2,2809,S2,2024-11-08,Ordinario,A,35,21,56,Reprobado,ACTA-2024-S2-2809-A-ORD,Normal,2024-11-08,35,21,56,False,False
1d7fe8ac-2147-59a2-b6c8-e171b2681c3f,2809,S2,2024-11-08,Ordinario,A,67,11,78,Aprobado,ACTA-2024-S2-2809-A-ORD,Normal,2024-11-08,67,11,78,False,False
3099a7bf-6e40-58f6-ab25-f2d2d83ce748,2809,S2,2024-11-08,Ordinario,A,66,1,67,Aprobado,ACTA-2024-S2-2809-A-ORD,Normal,2024-11-08,66,1,67,False,False
327817b1-69ac-5335-a21d-9b8f2b559853,2809,S2,2024-11-08,Ordinario,A,41,25,66,Aprobado,ACTA-2024-S2-2809-A-ORD,Normal,2024-11-08,41,25,66,False,False
4897cfad-4a62-527b-8f86-3e7477571b98,2809,S2,2024-11-08,Ordinario,A,56,23,79,Aprobado,ACTA-2024-S2-2809-A-ORD,Normal,2024-11-08,56,23,79,False,False
4f7b4d36-ced0-507a-ab49-52e28e9b672f,2809,S2,2024-11-08,Ordinario,A,62,19,81,Aprobado,ACTA-2024-S2-2809-A-ORD,Normal,2024-11-08,62,19,81,False,False
57c0a3f8-794b-51aa-822a-0f9abf7e09c9,2809,S2,2024-11-08,Ordinario,A,45,15,60,Reprobado,ACTA-2024-S2-2809-A-ORD,Normal,2024-11-08,45,15,60,False,False
78b7c5d8-ef57-529f-a111-388b34c7c35a,2809,S2,2024-11-08,Ordinario,A,41,22,63,Aprobado,ACTA-2024-S2-2809-A-ORD,Normal,2024-11-08,41,22,63,False,False
80be8af0-a5ec-534c-8e5d-0a36ec0491a5,2809,S2,2024-11-08,Ordinario,A,48,17,65,Aprobado,ACTA-2024-S2-2809-A-ORD,Normal,2024-11-08,48,17,65,False,False
8e23df98-c54f-5638-86da-c9506151f210,2809,S2,2024-11-08,Ordinario,A,46,7,53,Reprobado,ACTA-2024-S2-2809-A-ORD,Normal,2024-11-08,46,7,53,False,False
908ad6b6-bcca-5db9-bd43-adb0a789cb28,2809,S2,2024-11-08,Ordinario,A,53,1,54,Reprobado,ACTA-2024-S2-2809-A-ORD,Normal,2024-11-08,53,1,54,False,False
919d68f1-d0c5-56f4-b3e2-27936f50a241,2809,S2,2024-11-08,Ordinario,A,54,1,55,Reprobado,ACTA-2024-S2-2809-A-ORD,Normal,2024-11-08,54,1,55,False,False
ae7e8863-692f-5fe0-bc4c-ffffc01f7957,2809,S2,2024-11-08,Ordinario,A,57,28,85,Aprobado,ACTA-2024-S2-2809-A-ORD,Normal,2024-11-08,57,28,85,False,False
aee6cbf2-05c4-5fd5-abf4-53aaee161048,2809,S2,2024-11-08,Ordinario,A,68,3,71,Aprobado,ACTA-2024-S2-2809-A-ORD,Normal,2024-11-08,68,3,71,False,False
c5b1ebc7-fe00-5c45-907f-133c48cc8f5e,2809,S2,2024-11-08,Ordinario,A,44,10,54,Reprobado,ACTA-2024-S2-2809-A-ORD,Normal,2024-11-08,44,10,54,False,False
d270e775-97e6-55a2-8ab6-43f3863627b6,2809,S2,2024-11-08,Ordinario,A,47,23,70,Aprobado,ACTA-2024-S2-2809-A-ORD,Normal,2024-11-08,47,23,70,False,False
d5f413f0-ef8a-5db4-a19c-e3328916256f,2809,S2,2024-11-08,Ordinario,A,67,20,87,Aprobado,ACTA-2024-S2-2809-A-ORD,Normal,2024-11-08,67,20,87,False,False
d6902138-e879-559c-a8d3-c35d938de895,2809,S2,2024-11-08,Ordinario,A,38,16,54,Reprobado,ACTA-2024-S2-2809-A-ORD,Normal,2024-11-08,38,16,54,False,False
de300aca-315d-5ec3-8a15-b7198afc11e1,2809,S2,2024-11-08,Ordinario,A,39,28,67,Aprobado,ACTA-2024-S2-2809-A-ORD,Normal,2024-11-08,39,28,67,False,False
e9ab81f9-015e-5d17-873c-1b0fea4f2b58,2809,S2,2024-11-08,Ordinario,A,53,20,73,Aprobado,ACTA-2024-S2-2809-A-ORD,Normal,2024-11-08,53,20,73,False,False
f93241a3-ab93-546f-9b12-7a8613e97a13,2809,S2,2024-11-08,Ordinario,A,42,19,61,Aprobado,ACTA-2024-S2-2809-A-ORD,Normal,2024-11-08,42,19,61,False,False
faf14236-d1d9-56b9-93b3-a0446dff8a53,2809,S2,2024-11-08,Ordinario,A,59,30,89,Aprobado,ACTA-2024-S2-2809-A-ORD,Normal,2024-11-08,59,30,89,False,False
10a2c72f-365b-57d6-bd26-e86b0e4d68c2,2809,S2,2024-11-25,Primera recuperacion,A,34,6,40,Reprobado,ACTA-2024-S2-2809-A-REC1,Normal,2024-11-25,34,6,40,False,False
8e23df98-c54f-5638-86da-c9506151f210,2809,S2,2024-11-25,Primera recuperacion,A,46,7,53,Reprobado,ACTA-2024-S2-2809-A-REC1,Normal,2024-11-25,46,7,53,False,False
908ad6b6-bcca-5db9-bd43-adb0a789cb28,2809,S2,2024-11-25,Primera recuperacion,A,53,21,74,Aprobado,ACTA-2024-S2-2809-A-REC1,Normal,2024-11-25,53,21,74,False,False
919d68f1-d0c5-56f4-b3e2-27936f50a241,2809,S2,2024-11-25,Primera recuperacion,A,54,1,55,Reprobado,ACTA-2024-S2-2809-A-REC1,Normal,2024-11-25,54,1,55,False,False
c5b1ebc7-fe00-5c45-907f-133c48cc8f5e,2809,S2,2024-11-25,Primera recuperacion,A,44,21,65,Aprobado,ACTA-2024-S2-2809-A-REC1,Normal,2024-11-25,44,21,65,False,False
d6902138-e879-559c-a8d3-c35d938de895,2809,S2,2024-11-25,Primera recuperacion,A,38,16,54,Reprobado,ACTA-2024-S2-2809-A-REC1,Normal,2024-11-25,38,16,54,False,False
10a2c72f-365b-57d6-bd26-e86b0e4d68c2,2809,S2,2025-01-16,Segunda recuperacion,A,34,27,61,Aprobado,ACTA-2024-S2-2809-A-REC2,Normal,2025-01-16,34,27,61,False,False
05b5961d-646c-504b-b525-05bffbd7eda8,2810,S2,2024-11-05,Ordinario,A,38,27,65,Aprobado,ACTA-2024-S2-2810-A-ORD,Normal,2024-11-05,38,27,65,False,False
08114b97-9250-52f8-9d5f-2f312c9ebf05,2810,S2,2024-11-05,Ordinario,A,47,5,52,Reprobado,ACTA-2024-S2-2810-A-ORD,Normal,2024-11-05,47,5,52,False,False
0dbc3861-b848-5448-a148-42de02126320,2810,S2,2024-11-05,Ordinario,A,61,6,67,Aprobado,ACTA-2024-S2-2810-A-ORD,Normal,2024-11-05,61,6,67,False,False
1d635c53-c4c0-5948-9c2a-f8f5ddf0ffca,2810,S2,2024-11-05,Ordinario,A,53,NSP,53,NSP,ACTA-2024-S2-2810-A-ORD,Normal,2024-11-05,53,,53,False,True
2d9d0318-35ae-5f0d-af30-95cd4a1b453a,2810,S2,2024-11-05,Ordinario,A,46,1,47,Reprobado,ACTA-2024-S2-2810-A-ORD,Normal,2024-11-05,46,1,47,False,False
30d86f50-ab28-5b09-a612-62765781d14c,2810,S2,2024-11-05,Ordinario,A,43,9,52,Reprobado,ACTA-2024-S2-2810-A-ORD,Normal,2024-11-05,43,9,52,False,False
4897cfad-4a62-527b-8f86-3e7477571b98,2810,S2,2024-11-05,Ordinario,A,53,26,79,Aprobado,ACTA-2024-S2-2810-A-ORD,Normal,2024-11-05,53,26,79,False,False
792400d2-ee7f-5700-8f46-f56d404e656f,2810,S2,2024-11-05,Ordinario,A,39,26,65,Aprobado,ACTA-2024-S2-2810-A-ORD,Normal,2024-11-05,39,26,65,False,False
80be8af0-a5ec-534c-8e5d-0a36ec0491a5,2810,S2,2024-11-05,Ordinario,A,39,27,66,Aprobado,ACTA-2024-S2-2810-A-ORD,Normal,2024-11-05,39,27,66,False,False
82c74821-0a18-59a5-b35b-8e5e0a96770d,2810,S2,2024-11-05,Ordinario,A,57,22,79,Aprobado,ACTA-2024-S2-2810-A-ORD,Normal,2024-11-05,57,22,79,False,False
8361b033-f5e1-594e-a892-84427b250f66,2810,S2,2024-11-05,Ordinario,A,43,8,51,Reprobado,ACTA-2024-S2-2810-A-ORD,Normal,2024-11-05,43,8,51,False,False
904fa107-1060-5bda-87eb-e3807921cca8,2810,S2,2024-11-05,Ordinario,A,53,7,60,Reprobado,ACTA-2024-S2-2810-A-ORD,Normal,2024-11-05,53,7,60,False,False
cd6b3dd3-0242-5185-adf4-9131b416bce6,2810,S2,2024-11-05,Ordinario,A,41,30,71,Aprobado,ACTA-2024-S2-2810-A-ORD,Normal,2024-11-05,41,30,71,False,False
a7bd029d-5a6a-5bb6-bc5c-4ddb5411b6fe,2810,S2,2024-11-11,Equivalencia,A,EQ,EQ,EQ,Aprobado,ACTA-2024-S2-2810-A-EQ,Normal,2024-11-11,,,,True,False
f3cfaa1d-b9fa-564b-a1b6-4ef5630c678e,2810,S2,2024-11-11,Equivalencia,A,EQ,EQ,EQ,Aprobado,ACTA-2024-S2-2810-A-EQ,Normal,2024-11-11,,,,True,False
08114b97-9250-52f8-9d5f-2f312c9ebf05,2810,S2,2024-11-23,Primera recuperacion,A,47,21,68,Aprobado,ACTA-2024-S2-2810-A-REC1,Normal,2024-11-23,47,21,68,False,False
2d9d0318-35ae-5f0d-af30-95cd4a1b453a,2810,S2,2024-11-23,Primera recuperacion,A,46,1,47,Reprobado,ACTA-2024-S2-2810-A-REC1,Normal,2024-11-23,46,1,47,False,False
30d86f50-ab28-5b09-a612-62765781d14c,2810,S2,2024-11-23,Primera recuperacion,A,43,9,52,Reprobado,ACTA-2024-S2-2810-A-REC1,Normal,2024-11-23,43,9,52,False,False
8361b033-f5e1-594e-a892-84427b250f66,2810,S2,2024-11-23,Primera recuperacion,A,43,22,65,Aprobado,ACTA-2024-S2-2810-A-REC1,Normal,2024-11-23,43,22,65,False,False
904fa107-1060-5bda-87eb-e3807921cca8,2810,S2,2024-11-23,Primera recuperacion,A,53,7,60,Reprobado,ACTA-2024-S2-2810-A-REC1,Normal,2024-11-23,53,7,60,False,False
2d9d0318-35ae-5f0d-af30-95cd4a1b453a,2810,S2,2025-01-16,Segunda recuperacion,A,46,1,47,Reprobado,ACTA-2024-S2-2810-A-REC2,Normal,2025-01-16,46,1,47,False,False
30d86f50-ab28-5b09-a612-62765781d14c,2810,S2,2025-01-16,Segunda recuperacion,A,43,22,65,Aprobado,ACTA-2024-S2-2810-A-REC2,Normal,2025-01-16,43,22,65,False,False
904fa107-1060-5bda-87eb-e3807921cca8,2810,S2,2025-01-16,Segunda recuperacion,A,53,7,60,Reprobado,ACTA-2024-S2-2810-A-REC2,Normal,2025-01-16,53,7,60,False,False
050d1ef7-fae1-5a16-8445-3f2c1bb0e697,2811,S2,2024-11-09,Ordinario,A,59,18,77,Aprobado,ACTA-2024-S2-2811-A-ORD,Normal,2024-11-09,59,18,77,False,False
07a27d8a-0694-555b-8163-a77ef3fbf6ad,2811,S2,2024-11-09,Ordinario,A,42,17,59,Reprobado,ACTA-2024-S2-2811-A-ORD,Normal,2024-11-09,42,17,59,False,False
3d82e428-2d9d-5e45-8b7c-cff3de424c95,2811,S2,2024-11-09,Ordinario,A,51,2,53,Reprobado,ACTA-2024-S2-2811-A-ORD,Normal,2024-11-09,51,2,53,False,False
435a047c-b216-568f-ba1d-8ad22af29c5d,2811,S2,2024-11-09,Ordinario,A,40,16,56,Reprobado,ACTA-2024-S2-2811-A-ORD,Normal,2024-11-09,40,16,56,False,False
44face32-0c1c-529f-8dba-2e87be09c35d,2811,S2,2024-11-09,Ordinario,A,40,20,60,Reprobado,ACTA-2024-S2-2811-A-ORD,Normal,2024-11-09,40,20,60,False,False
4897cfad-4a62-527b-8f86-3e7477571b98,2811,S2,2024-11-09,Ordinario,A,37,25,62,Aprobado,ACTA-2024-S2-2811-A-ORD,Normal,2024-11-09,37,25,62,False,False
4f7b4d36-ced0-507a-ab49-52e28e9b672f,2811,S2,2024-11-09,Ordinario,A,55,15,70,Aprobado,ACTA-2024-S2-2811-A-ORD,Normal,2024-11-09,55,15,70,False,False
56dfcc1d-eaf2-51c8-bf99-0ce0f65e98a6,2811,S2,2024-11-09,Ordinario,A,40,14,54,Reprobado,ACTA-2024-S2-2811-A-ORD,Normal,2024-11-09,40,14,54,False,False
57c0a3f8-794b-51aa-822a-0f9abf7e09c9,2811,S2,2024-11-09,Ordinario,A,49,NSP,49,NSP,ACTA-2024-S2-2811-A-ORD,Normal,2024-11-09,49,,49,False,True
690768a4-bb18-595a-a71f-c99fe2a9eb6e,2811,S2,2024-11-09,Ordinario,A,45,26,71,Aprobado,ACTA-2024-S2-2811-A-ORD,Normal,2024-11-09,45,26,71,False,False
78b7c5d8-ef57-529f-a111-388b34c7c35a,2811,S2,2024-11-09,Ordinario,A,56,30,86,Aprobado,ACTA-2024-S2-2811-A-ORD,Normal,2024-11-09,56,30,86,False,False
8361b033-f5e1-594e-a892-84427b250f66,2811,S2,2024-11-09,Ordinario,A,66,17,83,Aprobado,ACTA-2024-S2-2811-A-ORD,Normal,2024-11-09,66,17,83,False,False
908ad6b6-bcca-5db9-bd43-adb0a789cb28,2811,S2,2024-11-09,Ordinario,A,47,8,55,Reprobado,ACTA-2024-S2-2811-A-ORD,Normal,2024-11-09,47,8,55,False,False
9c5dc1eb-c35d-56ef-902b-552a1c4e3aef,2811,S2,2024-11-09,Ordinario,A,47,8,55,Reprobado,ACTA-2024-S2-2811-A-ORD,Normal,2024-11-09,47,8,55,False,False
a5b8b644-851f-5f51-9a26-7f64e89643f7,2811,S2,2024-11-09,Ordinario,A,36,27,63,Aprobado,ACTA-2024-S2-2811-A-ORD,Normal,2024-11-09,36,27,63,False,False
a7bd029d-5a6a-5bb6-bc5c-4ddb5411b6fe,2811,S2,2024-11-09,Ordinario,A,36,29,65,Aprobado,ACTA-2024-S2-2811-A-ORD,Normal,2024-11-09,36,29,65,False,False
af235c0f-fa51-564a-a139-98be54af9391,2811,S2,2024-11-09,Ordinario,A,41,21,62,Aprobado,ACTA-2024-S2-2811-A-ORD,Normal,2024-11-09,41,21,62,False,False
c5b1ebc7-fe00-5c45-907f-133c48cc8f5e,2811,S2,2024-11-09,Ordinario,A,34,26,60,Reprobado,ACTA-2024-S2-2811-A-ORD,Normal,2024-11-09,34,26,60,False,False
cd6b3dd3-0242-5185-adf4-9131b416bce6,2811,S2,2024-11-09,Ordinario,A,62,12,74,Aprobado,ACTA-2024-S2-2811-A-ORD,Normal,2024-11-09,62,12,74,False,False
d3d78ab0-e4e1-5add-9569-389af29f0c5f,2811,S2,2024-11-09,Ordinario,A,67,5,72,Aprobado,ACTA-2024-S2-2811-A-ORD,Normal,2024-11-09,67,5,72,False,False
d5f413f0-ef8a-5db4-a19c-e3328916256f,2811,S2,2024-11-09,Ordinario,A,54,20,74,Aprobado,ACTA-2024-S2-2811-A-ORD,Normal,2024-11-09,54,20,74,False,False
de300aca-315d-5ec3-8a15-b7198afc11e1,2811,S2,2024-11-09,Ordinario,A,59,4,63,Aprobado,ACTA-2024-S2-2811-A-ORD,Normal,2024-11-09,59,4,63,False,False
e9ab81f9-015e-5d17-873c-1b0fea4f2b58,2811,S2,2024-11-09,Ordinario,A,39,28,67,Aprobado,ACTA-2024-S2-2811-A-ORD,Normal,2024-11-09,39,28,67,False,False
f39f6a57-4dc7-5776-b537-39cd3bc30f49,2811,S2,2024-11-09,Ordinario,A,44,0,44,Reprobado,ACTA-2024-S2-2811-A-ORD,Normal,2024-11-09,44,0,44,False,False
3d82e428-2d9d-5e45-8b7c-cff3de424c95,2811,S2,2024-11-23,Primera recuperacion,A,51,2,53,Reprobado,ACTA-2024-S2-2811-A-REC1,Normal,2024-11-23,51,2,53,False,False
435a047c-b216-568f-ba1d-8ad22af29c5d,2811,S2,2024-11-23,Primera recuperacion,A,40,16,56,Reprobado,ACTA-2024-S2-2811-A-REC1,Normal,2024-11-23,40,16,56,False,False
44face32-0c1c-529f-8dba-2e87be09c35d,2811,S2,2024-11-23,Primera recuperacion,A,40,20,60,Reprobado,ACTA-2024-S2-2811-A-REC1,Normal,2024-11-23,40,20,60,False,False
56dfcc1d-eaf2-51c8-bf99-0ce0f65e98a6,2811,S2,2024-11-23,Primera recuperacion,A,40,14,54,Reprobado,ACTA-2024-S2-2811-A-REC1,Normal,2024-11-23,40,14,54,False,False
908ad6b6-bcca-5db9-bd43-adb0a789cb28,2811,S2,2024-11-23,Primera recuperacion,A,47,20,67,Aprobado,ACTA-2024-S2-2811-A-REC1,Normal,2024-11-23,47,20,67,False,False
c5b1ebc7-fe00-5c45-907f-133c48cc8f5e,2811,S2,2024-11-23,Primera recuperacion,A,34,30,64,Aprobado,ACTA-2024-S2-2811-A-REC1,Normal,2024-11-23,34,30,64,False,False
f39f6a57-4dc7-5776-b537-39cd3bc30f49,2811,S2,2024-11-23,Primera recuperacion,A,44,0,44,Reprobado,ACTA-2024-S2-2811-A-REC1,Normal,2024-11-23,44,0,44,False,False
435a047c-b216-568f-ba1d-8ad22af29c5d,2811,S2,2025-01-20,Segunda recuperacion,A,40,27,67,Aprobado,ACTA-2024-S2-2811-A-REC2,Normal,2025-01-20,40,27,67,False,False
f39f6a57-4dc7-5776-b537-39cd3bc30f49,2811,S2,2025-01-20,Segunda recuperacion,A,44,0,44,Reprobado,ACTA-2024-S2-2811-A-REC2,Normal,2025-01-20,44,0,44,False,False
08114b97-9250-52f8-9d5f-2f312c9ebf05,2812,S2,2024-11-09,Ordinario,A,45,10,55,Reprobado,ACTA-2024-S2-2812-A-ORD,Normal,2024-11-09,45,10,55,False,False
1d7fe8ac-2147-59a2-b6c8-e171b2681c3f,2812,S2,2024-11-09,Ordinario,A,38,28,66,Aprobado,ACTA-2024-S2-2812-A-ORD,Normal,2024-11-09,38,28,66,False,False
30d86f50-ab28-5b09-a612-62765781d14c,2812,S2,2024-11-09,Ordinario,A,47,6,53,Reprobado,ACTA-2024-S2-2812-A-ORD,Normal,2024-11-09,47,6,53,False,False
435a047c-b216-568f-ba1d-8ad22af29c5d,2812,S2,2024-11-09,Ordinario,A,58,24,82,Aprobado,ACTA-2024-S2-2812-A-ORD,Normal,2024-11-09,58,24,82,False,False
711a105b-6bab-535c-8559-d33f6b48b697,2812,S2,2024-11-09,Ordinario,A,36,NSP,36,NSP,ACTA-2024-S2-2812-A-ORD,Normal,2024-11-09,36,,36,False,True
82c74821-0a18-59a5-b35b-8e5e0a96770d,2812,S2,2024-11-09,Ordinario,A,55,16,71,Aprobado,ACTA-2024-S2-2812-A-ORD,Normal,2024-11-09,55,16,71,False,False
919d68f1-d0c5-56f4-b3e2-27936f50a241,2812,S2,2024-11-09,Ordinario,A,31,5,36,Reprobado,ACTA-2024-S2-2812-A-ORD,Normal,2024-11-09,31,5,36,False,False
9c5dc1eb-c35d-56ef-902b-552a1c4e3aef,2812,S2,2024-11-09,Ordinario,A,46,10,56,Reprobado,ACTA-2024-S2-2812-A-ORD,Normal,2024-11-09,46,10,56,False,False
ac6e2eee-e6dd-5733-9b4a-4e568a986417,2812,S2,2024-11-09,Ordinario,A,44,11,55,Reprobado,ACTA-2024-S2-2812-A-ORD,Normal,2024-11-09,44,11,55,False,False
aee6cbf2-05c4-5fd5-abf4-53aaee161048,2812,S2,2024-11-09,Ordinario,A,51,15,66,Aprobado,ACTA-2024-S2-2812-A-ORD,Normal,2024-11-09,51,15,66,False,False
b9facbf6-29ab-55ae-aa89-75b3f95ef27d,2812,S2,2024-11-09,Ordinario,A,64,1,65,Aprobado,ACTA-2024-S2-2812-A-ORD,Normal,2024-11-09,64,1,65,False,False
bfb0c4a8-e5d5-50a9-880b-4f06cf9de121,2812,S2,2024-11-09,Ordinario,A,59,11,70,Aprobado,ACTA-2024-S2-2812-A-ORD,Normal,2024-11-09,59,11,70,False,False
bfb8eb31-ec7f-58d3-9056-bff848c8e69d,2812,S2,2024-11-09,Ordinario,A,41,19,60,Reprobado,ACTA-2024-S2-2812-A-ORD,Normal,2024-11-09,41,19,60,False,False
d3d78ab0-e4e1-5add-9569-389af29f0c5f,2812,S2,2024-11-09,Ordinario,A,53,22,75,Aprobado,ACTA-2024-S2-2812-A-ORD,Normal,2024-11-09,53,22,75,False,False
e9ab81f9-015e-5d17-873c-1b0fea4f2b58,2812,S2,2024-11-09,Ordinario,A,67,16,83,Aprobado,ACTA-2024-S2-2812-A-ORD,Normal,2024-11-09,67,16,83,False,False
f0dd015e-2ffc-5cb0-8a06-36638e2cc9bf,2812,S2,2024-11-09,Ordinario,A,60,10,70,Aprobado,ACTA-2024-S2-2812-A-ORD,Normal,2024-11-09,60,10,70,False,False
f0e271ee-a595-53f7-9c6d-6143d4843865,2812,S2,2024-11-09,Ordinario,A,38,21,59,Reprobado,ACTA-2024-S2-2812-A-ORD,Normal,2024-11-09,38,21,59,False,False
f39f6a57-4dc7-5776-b537-39cd3bc30f49,2812,S2,2024-11-09,Ordinario,A,50,4,54,Reprobado,ACTA-2024-S2-2812-A-ORD,Normal,2024-11-09,50,4,54,False,False
08114b97-9250-52f8-9d5f-2f312c9ebf05,2812,S2,2024-11-24,Primera recuperacion,A,45,29,74,Aprobado,ACTA-2024-S2-2812-A-REC1,Normal,2024-11-24,45,29,74,False,False
30d86f50-ab28-5b09-a612-62765781d14c,2812,S2,2024-11-24,Primera recuperacion,A,47,21,68,Aprobado,ACTA-2024-S2-2812-A-REC1,Normal,2024-11-24,47,21,68,False,False
919d68f1-d0c5-56f4-b3e2-27936f50a241,2812,S2,2024-11-24,Primera recuperacion,A,31,5,36,Reprobado,ACTA-2024-S2-2812-A-REC1,Normal,2024-11-24,31,5,36,False,False
ac6e2eee-e6dd-5733-9b4a-4e568a986417,2812,S2,2024-11-24,Primera recuperacion,A,44,11,55,Reprobado,ACTA-2024-S2-2812-A-REC1,Normal,2024-11-24,44,11,55,False,False
919d68f1-d0c5-56f4-b3e2-27936f50a241,2812,S2,2025-01-20,Segunda recuperacion,A,31,30,61,Aprobado,ACTA-2024-S2-2812-A-REC2,Normal,2025-01-20,31,30,61,False,False
ac6e2eee-e6dd-5733-9b4a-4e568a986417,2812,S2,2025-01-20,Segunda recuperacion,A,44,11,55,Reprobado,ACTA-2024-S2-2812-A-REC2,Normal,2025-01-20,44,11,55,False,False
0a553b8b-585d-50fd-b997-aa6f114ffaf6,2819,S2,2024-11-12,Ordinario,A,61,28,89,Aprobado,ACTA-2024-S2-2819-A-ORD,Normal,2024-11-12,61,28,89,False,False
1181881d-1271-5070-9d47-c66a61743477,2819,S2,2024-11-12,Ordinario,A,48,11,59,Reprobado,ACTA-2024-S2-2819-A-ORD,Normal,2024-11-12,48,11,59,False,False
18b33a71-c5ee-5158-a2b5-aa5762772239,2819,S2,2024-11-12,Ordinario,A,56,16,72,Aprobado,ACTA-2024-S2-2819-A-ORD,Normal,2024-11-12,56,16,72,False,False
1c5edb7d-0ce1-5389-87a1-bde6785557fb,2819,S2,2024-11-12,Ordinario,A,34,13,47,Reprobado,ACTA-2024-S2-2819-A-ORD,Normal,2024-11-12,34,13,47,False,False
1cfe526c-6423-5755-b329-89a2d9085093,2819,S2,2024-11-12,Ordinario,A,53,NSP,53,NSP,ACTA-2024-S2-2819-A-ORD,Normal,2024-11-12,53,,53,False,True
2076888d-44fb-51ad-853e-2a03767511fb,2819,S2,2024-11-12,Ordinario,A,59,18,77,Aprobado,ACTA-2024-S2-2819-A-ORD,Normal,2024-11-12,59,18,77,False,False
23455a52-fc04-5d1e-8036-f6ee1f915a9f,2819,S2,2024-11-12,Ordinario,A,37,26,63,Aprobado,ACTA-2024-S2-2819-A-ORD,Normal,2024-11-12,37,26,63,False,False
26570c68-dd6f-5886-82c0-578576c73a75,2819,S2,2024-11-12,Ordinario,A,55,13,68,Aprobado,ACTA-2024-S2-2819-A-ORD,Normal,2024-11-12,55,13,68,False,False
2dd5e133-d42c-5f10-9c6d-0f4f03b76768,2819,S2,2024-11-12,Ordinario,A,56,23,79,Aprobado,ACTA-2024-S2-2819-A-ORD,Normal,2024-11-12,56,23,79,False,False
32f146b8-61b8-50f7-bc3c-769691d70f96,2819,S2,2024-11-12,Ordinario,A,34,26,60,Reprobado,ACTA-2024-S2-2819-A-ORD,Normal,2024-11-12,34,26,60,False,False
39a86973-efa3-509c-8363-d189b08d40fc,2819,S2,2024-11-12,Ordinario,A,48,NSP,48,NSP,ACTA-2024-S2-2819-A-ORD,Normal,2024-11-12,48,,48,False,True
3c2c4fbc-7f21-5721-bc92-0f59b1e1f8d6,2819,S2,2024-11-12,Ordinario,A,51,0,51,Reprobado,ACTA-2024-S2-2819-A-ORD,Normal,2024-11-12,51,0,51,False,False
3ee3a6fb-19aa-5fd3-b450-9391da6bb00d,2819,S2,2024-11-12,Ordinario,A,43,19,62,Aprobado,ACTA-2024-S2-2819-A-ORD,Normal,2024-11-12,43,19,62,False,False
4a306d08-6aaa-5f9c-ab4b-820d1f241b92,2819,S2,2024-11-12,Ordinario,A,36,26,62,Aprobado,ACTA-2024-S2-2819-A-ORD,Normal,2024-11-12,36,26,62,False,False
4e6aef50-363b-5386-b2b8-157a02fbe4a3,2819,S2,2024-11-12,Ordinario,A,60,10,70,Aprobado,ACTA-2024-S2-2819-A-ORD,Normal,2024-11-12,60,10,70,False,False
5b38ffe4-b5cc-5f2e-9d32-70682e50fc97,2819,S2,2024-11-12,Ordinario,A,34,1,35,Reprobado,ACTA-2024-S2-2819-A-ORD,Normal,2024-11-12,34,1,35,False,False
67097a2e-ec94-5b33-922f-1153b12e7e95,2819,S2,2024-11-12,Ordinario,A,64,1,65,Aprobado,ACTA-2024-S2-2819-A-ORD,Normal,2024-11-12,64,1,65,False,False
711782c3-1186-5101-9ae9-158e08315c56,2819,S2,2024-11-12,Ordinario,A,46,21,67,Aprobado,ACTA-2024-S2-2819-A-ORD,Normal,2024-11-12,46,21,67,False,False
74d80850-b8d9-55f0-ba5d-6ac148969f1e,2819,S2,2024-11-12,Ordinario,A,49,23,72,Aprobado,ACTA-2024-S2-2819-A-ORD,Normal,2024-11-12,49,23,72,False,False
7c71294e-9c0e-514d-956c-b61c03ce0722,2819,S2,2024-11-12,Ordinario,A,40,20,60,Reprobado,ACTA-2024-S2-2819-A-ORD,Normal,2024-11-12,40,20,60,False,False
9d8b757f-00fd-55fc-b60c-74804ea267b7,2819,S2,2024-11-12,Ordinario,A,49,6,55,Reprobado,ACTA-2024-S2-2819-A-ORD,Normal,2024-11-12,49,6,55,False,False
aff46efa-3185-503c-a500-ffd7602ad3dc,2819,S2,2024-11-12,Ordinario,A,41,8,49,Reprobado,ACTA-2024-S2-2819-A-ORD,Normal,2024-11-12,41,8,49,False,False
b1bffc04-aba8-54c6-9172-ea17f1483e9a,2819,S2,2024-11-12,Ordinario,A,33,11,44,Reprobado,ACTA-2024-S2-2819-A-ORD,Normal,2024-11-12,33,11,44,False,False
fdf7104f-5492-5068-96f8-6d408f32fb7c,2819,S2,2024-11-12,Ordinario,A,32,20,52,Reprobado,ACTA-2024-S2-2819-A-ORD,Normal,2024-11-12,32,20,52,False,False
1181881d-1271-5070-9d47-c66a61743477,2819,S2,2024-11-22,Primera recuperacion,A,48,11,59,Reprobado,ACTA-2024-S2-2819-A-REC1,Normal,2024-11-22,48,11,59,False,False
1c5edb7d-0ce1-5389-87a1-bde6785557fb,2819,S2,2024-11-22,Primera recuperacion,A,34,13,47,Reprobado,ACTA-2024-S2-2819-A-REC1,Normal,2024-11-22,34,13,47,False,False
32f146b8-61b8-50f7-bc3c-769691d70f96,2819,S2,2024-11-22,Primera recuperacion,A,34,26,60,Reprobado,ACTA-2024-S2-2819-A-REC1,Normal,2024-11-22,34,26,60,False,False
3c2c4fbc-7f21-5721-bc92-0f59b1e1f8d6,2819,S2,2024-11-22,Primera recuperacion,A,51,27,78,Aprobado,ACTA-2024-S2-2819-A-REC1,Normal,2024-11-22,51,27,78,False,False
5b38ffe4-b5cc-5f2e-9d32-70682e50fc97,2819,S2,2024-11-22,Primera recuperacion,A,34,27,61,Aprobado,ACTA-2024-S2-2819-A-REC1,Normal,2024-11-22,34,27,61,False,False
7c71294e-9c0e-514d-956c-b61c03ce0722,2819,S2,2024-11-22,Primera recuperacion,A,40,20,60,Reprobado,ACTA-2024-S2-2819-A-REC1,Normal,2024-11-22,40,20,60,False,False
9d8b757f-00fd-55fc-b60c-74804ea267b7,2819,S2,2024-11-22,Primera recuperacion,A,49,6,55,Reprobado,ACTA-2024-S2-2819-A-REC1,Normal,2024-11-22,49,6,55,False,False
b1bffc04-aba8-54c6-9172-ea17f1483e9a,2819,S2,2024-11-22,Primera recuperacion,A,33,11,44,Reprobado,ACTA-2024-S2-2819-A-REC1,Normal,2024-11-22,33,11,44,False,False
fdf7104f-5492-5068-96f8-6d408f32fb7c,2819,S2,2024-11-22,Primera recuperacion,A,32,20,52,Reprobado,ACTA-2024-S2-2819-A-REC1,Normal,2024-11-22,32,20,52,False,False
fdf7104f-5492-5068-96f8-6d408f32fb7c,2819,S2,2025-01-18,Segunda recuperacion,A,32,29,61,Aprobado,ACTA-2024-S2-2819-A-REC2,Normal,2025-01-18,32,29,61,False,False
0a553b8b-585d-50fd-b997-aa6f114ffaf6,2820,S2,2024-11-11,Ordinario,A,38,28,66,Aprobado,ACTA-2024-S2-2820-A-ORD,Normal,2024-11-11,38,28,66,False,False
179e6d0b-0f6d-5db7-ae97-4827e95151e3,2820,S2,2024-11-11,Ordinario,A,40,26,66,Aprobado,ACTA-2024-S2-2820-A-ORD,Normal,2024-11-11,40,26,66,False,False
26570c68-dd6f-5886-82c0-578576c73a75,2820,S2,2024-11-11,Ordinario,A,64,12,76,Aprobado,ACTA-2024-S2-2820-A-ORD,Normal,2024-11-11,64,12,76,False,False
2bfc082b-de5b-5caf-90c2-bd97bc77bd6a,2820,S2,2024-11-11,Ordinario,A,36,1,37,Reprobado,ACTA-2024-S2-2820-A-ORD,Normal,2024-11-11,36,1,37,False,False
2dd5e133-d42c-5f10-9c6d-0f4f03b76768,2820,S2,2024-11-11,Ordinario,A,58,4,62,Aprobado,ACTA-2024-S2-2820-A-ORD,Normal,2024-11-11,58,4,62,False,False
38b03b54-edfa-5b7a-bda4-c05f1d380357,2820,S2,2024-11-11,Ordinario,A,44,10,54,Reprobado,ACTA-2024-S2-2820-A-ORD,Normal,2024-11-11,44,10,54,False,False
3c2c4fbc-7f21-5721-bc92-0f59b1e1f8d6,2820,S2,2024-11-11,Ordinario,A,64,21,85,Aprobado,ACTA-2024-S2-2820-A-ORD,Normal,2024-11-11,64,21,85,False,False
3ee3a6fb-19aa-5fd3-b450-9391da6bb00d,2820,S2,2024-11-11,Ordinario,A,47,29,76,Aprobado,ACTA-2024-S2-2820-A-ORD,Normal,2024-11-11,47,29,76,False,False
4584c801-494c-5583-86d6-fd81cc3948f1,2820,S2,2024-11-11,Ordinario,A,50,NSP,50,NSP,ACTA-2024-S2-2820-A-ORD,Normal,2024-11-11,50,,50,False,True
4e6aef50-363b-5386-b2b8-157a02fbe4a3,2820,S2,2024-11-11,Ordinario,A,36,30,66,Aprobado,ACTA-2024-S2-2820-A-ORD,Normal,2024-11-11,36,30,66,False,False
669100b3-1f67-5fba-a327-0a05d6585aa0,2820,S2,2024-11-11,Ordinario,A,49,4,53,Reprobado,ACTA-2024-S2-2820-A-ORD,Normal,2024-11-11,49,4,53,False,False
9d8b757f-00fd-55fc-b60c-74804ea267b7,2820,S2,2024-11-11,Ordinario,A,32,12,44,Reprobado,ACTA-2024-S2-2820-A-ORD,Normal,2024-11-11,32,12,44,False,False
aff46efa-3185-503c-a500-ffd7602ad3dc,2820,S2,2024-11-11,Ordinario,A,37,9,46,Reprobado,ACTA-2024-S2-2820-A-ORD,Normal,2024-11-11,37,9,46,False,False
b5215489-f318-5dc2-9a6a-c14e1b2edaa8,2820,S2,2024-11-11,Ordinario,A,52,16,68,Aprobado,ACTA-2024-S2-2820-A-ORD,Normal,2024-11-11,52,16,68,False,False
e66bc480-92fe-5315-9420-3c1a234179ac,2820,S2,2024-11-11,Ordinario,A,39,19,58,Reprobado,ACTA-2024-S2-2820-A-ORD,Normal,2024-11-11,39,19,58,False,False
e87d86ce-c827-5243-b059-3bed73494e1f,2820,S2,2024-11-11,Ordinario,A,62,25,87,Aprobado,ACTA-2024-S2-2820-A-ORD,Normal,2024-11-11,62,25,87,False,False
ef31df78-e36a-5469-a5f0-f3f2e5f9455b,2820,S2,2024-11-11,Ordinario,A,31,14,45,Reprobado,ACTA-2024-S2-2820-A-ORD,Normal,2024-11-11,31,14,45,False,False
38b03b54-edfa-5b7a-bda4-c05f1d380357,2820,S2,2024-11-25,Primera recuperacion,A,44,10,54,Reprobado,ACTA-2024-S2-2820-A-REC1,Normal,2024-11-25,44,10,54,False,False
aff46efa-3185-503c-a500-ffd7602ad3dc,2820,S2,2024-11-25,Primera recuperacion,A,37,30,67,Aprobado,ACTA-2024-S2-2820-A-REC1,Normal,2024-11-25,37,30,67,False,False
e66bc480-92fe-5315-9420-3c1a234179ac,2820,S2,2024-11-25,Primera recuperacion,A,39,19,58,Reprobado,ACTA-2024-S2-2820-A-REC1,Normal,2024-11-25,39,19,58,False,False
38b03b54-edfa-5b7a-bda4-c05f1d380357,2820,S2,2025-01-14,Segunda recuperacion,A,44,10,54,Reprobado,ACTA-2024-S2-2820-A-REC2,Normal,2025-01-14,44,10,54,False,False
e66bc480-92fe-5315-9420-3c1a234179ac,2820,S2,2025-01-14,Segunda recuperacion,A,39,25,64,Aprobado,ACTA-2024-S2-2820-A-REC2,Normal,2025-01-14,39,25,64,False,False
0a553b8b-585d-50fd-b997-aa6f114ffaf6,2821,S2,2024-11-10,Ordinario,A,37,29,66,Aprobado,ACTA-2024-S2-2821-A-ORD,Normal,2024-11-10,37,29,66,False,False
1c5edb7d-0ce1-5389-87a1-bde6785557fb,2821,S2,2024-11-10,Ordinario,A,41,NSP,41,NSP,ACTA-2024-S2-2821-A-ORD,Normal,2024-11-10,41,,41,False,True
2f2a3f2a-28f6-50dd-95a2-5faed5f8552f,2821,S2,2024-11-10,Ordinario,A,55,4,59,Reprobado,ACTA-2024-S2-2821-A-ORD,Normal,2024-11-10,55,4,59,False,False
38b03b54-edfa-5b7a-bda4-c05f1d380357,2821,S2,2024-11-10,Ordinario,A,39,14,53,Reprobado,ACTA-2024-S2-2821-A-ORD,Normal,2024-11-10,39,14,53,False,False
39a86973-efa3-509c-8363-d189b08d40fc,2821,S2,2024-11-10,Ordinario,A,48,0,48,Reprobado,ACTA-2024-S2-2821-A-ORD,Normal,2024-11-10,48,0,48,False,False
4a306d08-6aaa-5f9c-ab4b-820d1f241b92,2821,S2,2024-11-10,Ordinario,A,39,23,62,Aprobado,ACTA-2024-S2-2821-A-ORD,Normal,2024-11-10,39,23,62,False,False
5b38ffe4-b5cc-5f2e-9d32-70682e50fc97,2821,S2,2024-11-10,Ordinario,A,41,26,67,Aprobado,ACTA-2024-S2-2821-A-ORD,Normal,2024-11-10,41,26,67,False,False
941b6cb8-df72-5875-8525-f33fdae7c13d,2821,S2,2024-11-10,Ordinario,A,56,18,74,Aprobado,ACTA-2024-S2-2821-A-ORD,Normal,2024-11-10,56,18,74,False,False
b5215489-f318-5dc2-9a6a-c14e1b2edaa8,2821,S2,2024-11-10,Ordinario,A,37,26,63,Aprobado,ACTA-2024-S2-2821-A-ORD,Normal,2024-11-10,37,26,63,False,False
d7395947-e212-57b3-b38d-2b95377e01fa,2821,S2,2024-11-10,Ordinario,A,54,3,57,Reprobado,ACTA-2024-S2-2821-A-ORD,Normal,2024-11-10,54,3,57,False,False
2f2a3f2a-28f6-50dd-95a2-5faed5f8552f,2821,S2,2024-11-21,Primera recuperacion,A,55,4,59,Reprobado,ACTA-2024-S2-2821-A-REC1,Normal,2024-11-21,55,4,59,False,False
38b03b54-edfa-5b7a-bda4-c05f1d380357,2821,S2,2024-11-21,Primera recuperacion,A,39,14,53,Reprobado,ACTA-2024-S2-2821-A-REC1,Normal,2024-11-21,39,14,53,False,False
39a86973-efa3-509c-8363-d189b08d40fc,2821,S2,2024-11-21,Primera recuperacion,A,48,24,72,Aprobado,ACTA-2024-S2-2821-A-REC1,Normal,2024-11-21,48,24,72,False,False
033a103c-fbdf-5dda-afd6-6b5429304878,2822,S2,2024-11-13,Ordinario,A,41,22,63,Aprobado,ACTA-2024-S2-2822-A-ORD,Normal,2024-11-13,41,22,63,False,False
1587f2c9-f709-503c-823b-a76643566a8a,2822,S2,2024-11-13,Ordinario,A,37,14,51,Reprobado,ACTA-2024-S2-2822-A-ORD,Normal,2024-11-13,37,14,51,False,False
179e6d0b-0f6d-5db7-ae97-4827e95151e3,2822,S2,2024-11-13,Ordinario,A,52,29,81,Aprobado,ACTA-2024-S2-2822-A-ORD,Normal,2024-11-13,52,29,81,False,False
1897479b-0001-5b54-8174-3d9f7027208e,2822,S2,2024-11-13,Ordinario,A,42,8,50,Reprobado,ACTA-2024-S2-2822-A-ORD,Normal,2024-11-13,42,8,50,False,False
2076888d-44fb-51ad-853e-2a03767511fb,2822,S2,2024-11-13,Ordinario,A,44,25,69,Aprobado,ACTA-2024-S2-2822-A-ORD,Normal,2024-11-13,44,25,69,False,False
32f146b8-61b8-50f7-bc3c-769691d70f96,2822,S2,2024-11-13,Ordinario,A,35,14,49,Reprobado,ACTA-2024-S2-2822-A-ORD,Normal,2024-11-13,35,14,49,False,False
4584c801-494c-5583-86d6-fd81cc3948f1,2822,S2,2024-11-13,Ordinario,A,57,NSP,57,NSP,ACTA-2024-S2-2822-A-ORD,Normal,2024-11-13,57,,57,False,True
4a306d08-6aaa-5f9c-ab4b-820d1f241b92,2822,S2,2024-11-13,Ordinario,A,38,28,66,Aprobado,ACTA-2024-S2-2822-A-ORD,Normal,2024-11-13,38,28,66,False,False
669100b3-1f67-5fba-a327-0a05d6585aa0,2822,S2,2024-11-13,Ordinario,A,47,3,50,Reprobado,ACTA-2024-S2-2822-A-ORD,Normal,2024-11-13,47,3,50,False,False
67097a2e-ec94-5b33-922f-1153b12e7e95,2822,S2,2024-11-13,Ordinario,A,68,29,97,Aprobado,ACTA-2024-S2-2822-A-ORD,Normal,2024-11-13,68,29,97,False,False
74d80850-b8d9-55f0-ba5d-6ac148969f1e,2822,S2,2024-11-13,Ordinario,A,58,20,78,Aprobado,ACTA-2024-S2-2822-A-ORD,Normal,2024-11-13,58,20,78,False,False
8298176e-e71a-5857-80de-ca69ed9e9bb4,2822,S2,2024-11-13,Ordinario,A,34,5,39,Reprobado,ACTA-2024-S2-2822-A-ORD,Normal,2024-11-13,34,5,39,False,False
b1bffc04-aba8-54c6-9172-ea17f1483e9a,2822,S2,2024-11-13,Ordinario,A,41,8,49,Reprobado,ACTA-2024-S2-2822-A-ORD,Normal,2024-11-13,41,8,49,False,False
b5215489-f318-5dc2-9a6a-c14e1b2edaa8,2822,S2,2024-11-13,Ordinario,A,37,29,66,Aprobado,ACTA-2024-S2-2822-A-ORD,Normal,2024-11-13,37,29,66,False,False
d7395947-e212-57b3-b38d-2b95377e01fa,2822,S2,2024-11-13,Ordinario,A,45,4,49,Reprobado,ACTA-2024-S2-2822-A-ORD,Normal,2024-11-13,45,4,49,False,False
e18004d8-6b4d-5f85-b563-a44d5c21c39d,2822,S2,2024-11-13,Ordinario,A,44,18,62,Aprobado,ACTA-2024-S2-2822-A-ORD,Normal,2024-11-13,44,18,62,False,False
e87d86ce-c827-5243-b059-3bed73494e1f,2822,S2,2024-11-13,Ordinario,A,55,8,63,Aprobado,ACTA-2024-S2-2822-A-ORD,Normal,2024-11-13,55,8,63,False,False
ef31df78-e36a-5469-a5f0-f3f2e5f9455b,2822,S2,2024-11-13,Ordinario,A,54,5,59,Reprobado,ACTA-2024-S2-2822-A-ORD,Normal,2024-11-13,54,5,59,False,False
1587f2c9-f709-503c-823b-a76643566a8a,2822,S2,2024-11-27,Primera recuperacion,A,37,30,67,Aprobado,ACTA-2024-S2-2822-A-REC1,Normal,2024-11-27,37,30,67,False,False
1897479b-0001-5b54-8174-3d9f7027208e,2822,S2,2024-11-27,Primera recuperacion,A,42,8,50,Reprobado,ACTA-2024-S2-2822-A-REC1,Normal,2024-11-27,42,8,50,False,False
32f146b8-61b8-50f7-bc3c-769691d70f96,2822,S2,2024-11-27,Primera recuperacion,A,35,29,64,Aprobado,ACTA-2024-S2-2822-A-REC1,Normal,2024-11-27,35,29,64,False,False
669100b3-1f67-5fba-a327-0a05d6585aa0,2822,S2,2024-11-27,Primera recuperacion,A,47,3,50,Reprobado,ACTA-2024-S2-2822-A-REC1,Normal,2024-11-27,47,3,50,False,False
b1bffc04-aba8-54c6-9172-ea17f1483e9a,2822,S2,2024-11-27,Primera recuperacion,A,41,8,49,Reprobado,ACTA-2024-S2-2822-A-REC1,Normal,2024-11-27,41,8,49,False,False
d7395947-e212-57b3-b38d-2b95377e01fa,2822,S2,2024-11-27,Primera recuperacion,A,45,4,49,Reprobado,ACTA-2024-S2-2822-A-REC1,Normal,2024-11-27,45,4,49,False,False
ef31df78-e36a-5469-a5f0-f3f2e5f9455b,2822,S2,2024-11-27,Primera recuperacion,A,54,5,59,Reprobado,ACTA-2024-S2-2822-A-REC1,Normal,2024-11-27,54,5,59,False,False
b1bffc04-aba8-54c6-9172-ea17f1483e9a,2822,S2,2025-01-16,Segunda recuperacion,A,41,22,63,Aprobado,ACTA-2024-S2-2822-A-REC2,Normal,2025-01-16,41,22,63,False,False
d7395947-e212-57b3-b38d-2b95377e01fa,2822,S2,2025-01-16,Segunda recuperacion,A,45,4,49,Reprobado,ACTA-2024-S2-2822-A-REC2,Normal,2025-01-16,45,4,49,False,False
033a103c-fbdf-5dda-afd6-6b5429304878,2823,S2,2024-11-09,Ordinario,A,47,27,74,Aprobado,ACTA-2024-S2-2823-A-ORD,Normal,2024-11-09,47,27,74,False,False
18b33a71-c5ee-5158-a2b5-aa5762772239,2823,S2,2024-11-09,Ordinario,A,66,0,66,Aprobado,ACTA-2024-S2-2823-A-ORD,Normal,2024-11-09,66,0,66,False,False
2076888d-44fb-51ad-853e-2a03767511fb,2823,S2,2024-11-09,Ordinario,A,51,25,76,Aprobado,ACTA-2024-S2-2823-A-ORD,Normal,2024-11-09,51,25,76,False,False
2bfc082b-de5b-5caf-90c2-bd97bc77bd6a,2823,S2,2024-11-09,Ordinario,A,55,0,55,Reprobado,ACTA-2024-S2-2823-A-ORD,Normal,2024-11-09,55,0,55,False,False
2dd5e133-d42c-5f10-9c6d-0f4f03b76768,2823,S2,2024-11-09,Ordinario,A,52,26,78,Aprobado,ACTA-2024-S2-2823-A-ORD,Normal,2024-11-09,52,26,78,False,False
2f2a3f2a-28f6-50dd-95a2-5faed5f8552f,2823,S2,2024-11-09,Ordinario,A,31,25,56,Reprobado,ACTA-2024-S2-2823-A-ORD,Normal,2024-11-09,31,25,56,False,False
39a86973-efa3-509c-8363-d189b08d40fc,2823,S2,2024-11-09,Ordinario,A,58,NSP,58,NSP,ACTA-2024-S2-2823-A-ORD,Normal,2024-11-09,58,,58,False,True
3c2c4fbc-7f21-5721-bc92-0f59b1e1f8d6,2823,S2,2024-11-09,Ordinario,A,40,14,54,Reprobado,ACTA-2024-S2-2823-A-ORD,Normal,2024-11-09,40,14,54,False,False
711782c3-1186-5101-9ae9-158e08315c56,2823,S2,2024-11-09,Ordinario,A,58,4,62,Aprobado,ACTA-2024-S2-2823-A-ORD,Normal,2024-11-09,58,4,62,False,False
74d80850-b8d9-55f0-ba5d-6ac148969f1e,2823,S2,2024-11-09,Ordinario,A,66,9,75,Aprobado,ACTA-2024-S2-2823-A-ORD,Normal,2024-11-09,66,9,75,False,False
8298176e-e71a-5857-80de-ca69ed9e9bb4,2823,S2,2024-11-09,Ordinario,A,47,5,52,Reprobado,ACTA-2024-S2-2823-A-ORD,Normal,2024-11-09,47,5,52,False,False
ab47b9b9-e7d4-5c8e-8d97-06cca3dfb8db,2823,S2,2024-11-09,Ordinario,A,44,24,68,Aprobado,ACTA-2024-S2-2823-A-ORD,Normal,2024-11-09,44,24,68,False,False
e87d86ce-c827-5243-b059-3bed73494e1f,2823,S2,2024-11-09,Ordinario,A,46,17,63,Aprobado,ACTA-2024-S2-2823-A-ORD,Normal,2024-11-09,46,17,63,False,False
fdf7104f-5492-5068-96f8-6d408f32fb7c,2823,S2,2024-11-09,Ordinario,A,52,0,52,Reprobado,ACTA-2024-S2-2823-A-ORD,Normal,2024-11-09,52,0,52,False,False
2bfc082b-de5b-5caf-90c2-bd97bc77bd6a,2823,S2,2024-11-23,Primera recuperacion,A,55,0,55,Reprobado,ACTA-2024-S2-2823-A-REC1,Normal,2024-11-23,55,0,55,False,False
3c2c4fbc-7f21-5721-bc92-0f59b1e1f8d6,2823,S2,2024-11-23,Primera recuperacion,A,40,23,63,Aprobado,ACTA-2024-S2-2823-A-REC1,Normal,2024-11-23,40,23,63,False,False
fdf7104f-5492-5068-96f8-6d408f32fb7c,2823,S2,2024-11-23,Primera recuperacion,A,52,0,52,Reprobado,ACTA-2024-S2-2823-A-REC1,Normal,2024-11-23,52,0,52,False,False
fdf7104f-5492-5068-96f8-6d408f32fb7c,2823,S2,2025-01-14,Segunda recuperacion,A,52,11,63,Aprobado,ACTA-2024-S2-2823-A-REC2,Normal,2025-01-14,52,11,63,False,False
31c0d36d-c8d2-5f54-8576-179c5db0d849,2829,S2,2024-11-09,Ordinario,A,38,30,68,Aprobado,ACTA-2024-S2-2829-A-ORD,Normal,2024-11-09,38,30,68,False,False
38cb34a5-05a5-5af4-8c59-1127a33a6e3e,2829,S2,2024-11-09,Ordinario,A,38,8,46,Reprobado,ACTA-2024-S2-2829-A-ORD,Normal,2024-11-09,38,8,46,False,False
56a5ce3c-8d0b-51a5-940f-f3e91b040fcc,2829,S2,2024-11-09,Ordinario,A,64,2,66,Aprobado,ACTA-2024-S2-2829-A-ORD,Normal,2024-11-09,64,2,66,False,False
6af2858e-1d0c-505f-8272-789dcd0a9bf5,2829,S2,2024-11-09,Ordinario,A,43,28,71,Aprobado,ACTA-2024-S2-2829-A-ORD,Normal,2024-11-09,43,28,71,False,False
819e3498-97dd-5043-9bf3-b2813d4d41f6,2829,S2,2024-11-09,Ordinario,A,53,2,55,Reprobado,ACTA-2024-S2-2829-A-ORD,Normal,2024-11-09,53,2,55,False,False
c83f656f-fd8a-563a-85fd-9a8f9539d381,2829,S2,2024-11-09,Ordinario,A,51,NSP,51,NSP,ACTA-2024-S2-2829-A-ORD,Normal,2024-11-09,51,,51,False,True
d0cf7e89-3fc9-5ac9-94b2-1ba5d480cdb1,2829,S2,2024-11-09,Ordinario,A,40,16,56,Reprobado,ACTA-2024-S2-2829-A-ORD,Normal,2024-11-09,40,16,56,False,False
d18b43dd-fa9f-5af3-b2cd-507f5315f597,2829,S2,2024-11-09,Ordinario,A,57,25,82,Aprobado,ACTA-2024-S2-2829-A-ORD,Normal,2024-11-09,57,25,82,False,False
e3f06cc9-e450-5211-aaa7-d1e490dfed18,2829,S2,2024-11-09,Ordinario,A,52,25,77,Aprobado,ACTA-2024-S2-2829-A-ORD,Normal,2024-11-09,52,25,77,False,False
f2b9a44a-2706-5151-be54-8e3148495c13,2829,S2,2024-11-09,Ordinario,A,49,20,69,Aprobado,ACTA-2024-S2-2829-A-ORD,Normal,2024-11-09,49,20,69,False,False
38cb34a5-05a5-5af4-8c59-1127a33a6e3e,2829,S2,2024-11-21,Primera recuperacion,A,38,8,46,Reprobado,ACTA-2024-S2-2829-A-REC1,Normal,2024-11-21,38,8,46,False,False
d0cf7e89-3fc9-5ac9-94b2-1ba5d480cdb1,2829,S2,2024-11-21,Primera recuperacion,A,40,22,62,Aprobado,ACTA-2024-S2-2829-A-REC1,Normal,2024-11-21,40,22,62,False,False
10f680ac-81d5-576f-82ba-d148f271a6ba,2834,S2,2024-11-08,Ordinario,A,47,27,74,Aprobado,ACTA-2024-S2-2834-A-ORD,Normal,2024-11-08,47,27,74,False,False
172d1071-6be5-5340-babc-57ca19b4e7df,2834,S2,2024-11-08,Ordinario,A,38,29,67,Aprobado,ACTA-2024-S2-2834-A-ORD,Normal,2024-11-08,38,29,67,False,False
32e88d76-e8a9-5944-91f2-67940f32b9db,2834,S2,2024-11-08,Ordinario,A,56,17,73,Aprobado,ACTA-2024-S2-2834-A-ORD,Normal,2024-11-08,56,17,73,False,False
7652cff7-b1c1-512d-b7b3-3fcebcd66836,2834,S2,2024-11-08,Ordinario,A,55,4,59,Reprobado,ACTA-2024-S2-2834-A-ORD,Normal,2024-11-08,55,4,59,False,False
846ef7fc-83cf-5608-bf9e-87b3ec34f757,2834,S2,2024-11-08,Ordinario,A,67,24,91,Aprobado,ACTA-2024-S2-2834-A-ORD,Normal,2024-11-08,67,24,91,False,False
859f36a1-cc40-5623-9e54-398e73656d6c,2834,S2,2024-11-08,Ordinario,A,53,0,53,Reprobado,ACTA-2024-S2-2834-A-ORD,Normal,2024-11-08,53,0,53,False,False
9bdf610d-5561-5b91-8b06-e55510ab5fca,2834,S2,2024-11-08,Ordinario,A,40,23,63,Aprobado,ACTA-2024-S2-2834-A-ORD,Normal,2024-11-08,40,23,63,False,False
b9fa01c5-1203-500e-bd18-c45eb1fbd830,2834,S2,2024-11-08,Ordinario,A,65,22,87,Aprobado,ACTA-2024-S2-2834-A-ORD,Normal,2024-11-08,65,22,87,False,False
c3c14107-7d2c-5c22-a460-54689410745a,2834,S2,2024-11-08,Ordinario,A,34,20,54,Reprobado,ACTA-2024-S2-2834-A-ORD,Normal,2024-11-08,34,20,54,False,False
dc5309eb-e2ec-550a-bb50-7b1eaa7753c1,2834,S2,2024-11-08,Ordinario,A,39,30,69,Aprobado,ACTA-2024-S2-2834-A-ORD,Normal,2024-11-08,39,30,69,False,False
e00823c4-4799-56a2-aef1-8dc8472386dc,2834,S2,2024-11-08,Ordinario,A,47,2,49,Reprobado,ACTA-2024-S2-2834-A-ORD,Normal,2024-11-08,47,2,49,False,False
e16aed93-afaf-5a41-92f3-2102a9e70a59,2834,S2,2024-11-08,Ordinario,A,55,1,56,Reprobado,ACTA-2024-S2-2834-A-ORD,Normal,2024-11-08,55,1,56,False,False
fd8244a9-dc81-5ae5-aab5-a1e457c7adf3,2834,S2,2024-11-08,Ordinario,A,68,28,96,Aprobado,ACTA-2024-S2-2834-A-ORD,Normal,2024-11-08,68,28,96,False,False
7652cff7-b1c1-512d-b7b3-3fcebcd66836,2834,S2,2024-11-27,Primera recuperacion,A,55,4,59,Reprobado,ACTA-2024-S2-2834-A-REC1,Normal,2024-11-27,55,4,59,False,False
859f36a1-cc40-5623-9e54-398e73656d6c,2834,S2,2024-11-27,Primera recuperacion,A,53,18,71,Aprobado,ACTA-2024-S2-2834-A-REC1,Normal,2024-11-27,53,18,71,False,False
7652cff7-b1c1-512d-b7b3-3fcebcd66836,2834,S2,2025-01-14,Segunda recuperacion,A,55,6,61,Aprobado,ACTA-2024-S2-2834-A-REC2,Normal,2025-01-14,55,6,61,False,False
10f680ac-81d5-576f-82ba-d148f271a6ba,2836,S2,2024-11-08,Ordinario,A,44,22,66,Aprobado,ACTA-2024-S2-2836-A-ORD,Normal,2024-11-08,44,22,66,False,False
329e7019-2aa5-5081-be77-b04897cd4e37,2836,S2,2024-11-08,Ordinario,A,57,7,64,Aprobado,ACTA-2024-S2-2836-A-ORD,Normal,2024-11-08,57,7,64,False,False
32e88d76-e8a9-5944-91f2-67940f32b9db,2836,S2,2024-11-08,Ordinario,A,56,29,85,Aprobado,ACTA-2024-S2-2836-A-ORD,Normal,2024-11-08,56,29,85,False,False
62d061cf-ef3a-5598-9c6d-8afab4360e19,2836,S2,2024-11-08,Ordinario,A,47,NSP,47,NSP,ACTA-2024-S2-2836-A-ORD,Normal,2024-11-08,47,,47,False,True
6963f4f3-6802-5cdd-bd03-ae2ce6377118,2836,S2,2024-11-08,Ordinario,A,52,19,71,Aprobado,ACTA-2024-S2-2836-A-ORD,Normal,2024-11-08,52,19,71,False,False
733eabf0-8a01-561c-88de-061f75b8feac,2836,S2,2024-11-08,Ordinario,A,51,30,81,Aprobado,ACTA-2024-S2-2836-A-ORD,Normal,2024-11-08,51,30,81,False,False
846ef7fc-83cf-5608-bf9e-87b3ec34f757,2836,S2,2024-11-08,Ordinario,A,68,9,77,Aprobado,ACTA-2024-S2-2836-A-ORD,Normal,2024-11-08,68,9,77,False,False
859f36a1-cc40-5623-9e54-398e73656d6c,2836,S2,2024-11-08,Ordinario,A,37,17,54,Reprobado,ACTA-2024-S2-2836-A-ORD,Normal,2024-11-08,37,17,54,False,False
9bdf610d-5561-5b91-8b06-e55510ab5fca,2836,S2,2024-11-08,Ordinario,A,35,0,35,Reprobado,ACTA-2024-S2-2836-A-ORD,Normal,2024-11-08,35,0,35,False,False
9f318098-1494-5125-906a-ee896264abd1,2836,S2,2024-11-08,Ordinario,A,39,30,69,Aprobado,ACTA-2024-S2-2836-A-ORD,Normal,2024-11-08,39,30,69,False,False
bdcc331a-c430-5427-9007-7575f89c6156,2836,S2,2024-11-08,Ordinario,A,35,2,37,Reprobado,ACTA-2024-S2-2836-A-ORD,Normal,2024-11-08,35,2,37,False,False
dc5309eb-e2ec-550a-bb50-7b1eaa7753c1,2836,S2,2024-11-08,Ordinario,A,37,29,66,Aprobado,ACTA-2024-S2-2836-A-ORD,Normal,2024-11-08,37,29,66,False,False
e00823c4-4799-56a2-aef1-8dc8472386dc,2836,S2,2024-11-08,Ordinario,A,35,8,43,Reprobado,ACTA-2024-S2-2836-A-ORD,Normal,2024-11-08,35,8,43,False,False
f0bdd8b3-8568-526f-b13a-c32334a74b0b,2836,S2,2024-11-08,Ordinario,A,39,2,41,Reprobado,ACTA-2024-S2-2836-A-ORD,Normal,2024-11-08,39,2,41,False,False
859f36a1-cc40-5623-9e54-398e73656d6c,2836,S2,2024-11-24,Primera recuperacion,A,37,28,65,Aprobado,ACTA-2024-S2-2836-A-REC1,Normal,2024-11-24,37,28,65,False,False
9bdf610d-5561-5b91-8b06-e55510ab5fca,2836,S2,2024-11-24,Primera recuperacion,A,35,27,62,Aprobado,ACTA-2024-S2-2836-A-REC1,Normal,2024-11-24,35,27,62,False,False
e00823c4-4799-56a2-aef1-8dc8472386dc,2836,S2,2024-11-24,Primera recuperacion,A,35,8,43,Reprobado,ACTA-2024-S2-2836-A-REC1,Normal,2024-11-24,35,8,43,False,False
10f680ac-81d5-576f-82ba-d148f271a6ba,2837,S2,2024-11-14,Ordinario,A,64,11,75,Aprobado,ACTA-2024-S2-2837-A-ORD,Normal,2024-11-14,64,11,75,False,False
2e00f910-0e59-5ab9-9e8b-a34bcab03f92,2837,S2,2024-11-14,Ordinario,A,67,1,68,Aprobado,ACTA-2024-S2-2837-A-ORD,Normal,2024-11-14,67,1,68,False,False
32e88d76-e8a9-5944-91f2-67940f32b9db,2837,S2,2024-11-14,Ordinario,A,46,30,76,Aprobado,ACTA-2024-S2-2837-A-ORD,Normal,2024-11-14,46,30,76,False,False
451ed091-5db3-5839-be32-db2b8b7ca0ff,2837,S2,2024-11-14,Ordinario,A,50,2,52,Reprobado,ACTA-2024-S2-2837-A-ORD,Normal,2024-11-14,50,2,52,False,False
62395f84-f265-5879-ab6f-35795935938f,2837,S2,2024-11-14,Ordinario,A,45,5,50,Reprobado,ACTA-2024-S2-2837-A-ORD,Normal,2024-11-14,45,5,50,False,False
7652cff7-b1c1-512d-b7b3-3fcebcd66836,2837,S2,2024-11-14,Ordinario,A,37,8,45,Reprobado,ACTA-2024-S2-2837-A-ORD,Normal,2024-11-14,37,8,45,False,False
859f36a1-cc40-5623-9e54-398e73656d6c,2837,S2,2024-11-14,Ordinario,A,60,22,82,Aprobado,ACTA-2024-S2-2837-A-ORD,Normal,2024-11-14,60,22,82,False,False
8d00d5d2-c516-504c-8edc-ed9329902b7b,2837,S2,2024-11-14,Ordinario,A,51,14,65,Aprobado,ACTA-2024-S2-2837-A-ORD,Normal,2024-11-14,51,14,65,False,False
94c6c4d2-5d64-5018-a24d-7e0532b95491,2837,S2,2024-11-14,Ordinario,A,60,19,79,Aprobado,ACTA-2024-S2-2837-A-ORD,Normal,2024-11-14,60,19,79,False,False
b9fa01c5-1203-500e-bd18-c45eb1fbd830,2837,S2,2024-11-14,Ordinario,A,51,24,75,Aprobado,ACTA-2024-S2-2837-A-ORD,Normal,2024-11-14,51,24,75,False,False
bdcc331a-c430-5427-9007-7575f89c6156,2837,S2,2024-11-14,Ordinario,A,45,13,58,Reprobado,ACTA-2024-S2-2837-A-ORD,Normal,2024-11-14,45,13,58,False,False
e00823c4-4799-56a2-aef1-8dc8472386dc,2837,S2,2024-11-14,Ordinario,A,39,NSP,39,NSP,ACTA-2024-S2-2837-A-ORD,Normal,2024-11-14,39,,39,False,True
451ed091-5db3-5839-be32-db2b8b7ca0ff,2837,S2,2024-11-21,Primera recuperacion,A,50,2,52,Reprobado,ACTA-2024-S2-2837-A-REC1,Normal,2024-11-21,50,2,52,False,False
7652cff7-b1c1-512d-b7b3-3fcebcd66836,2837,S2,2024-11-21,Primera recuperacion,A,37,26,63,Aprobado,ACTA-2024-S2-2837-A-REC1,Normal,2024-11-21,37,26,63,False,False
bdcc331a-c430-5427-9007-7575f89c6156,2837,S2,2024-11-21,Primera recuperacion,A,45,13,58,Reprobado,ACTA-2024-S2-2837-A-REC1,Normal,2024-11-21,45,13,58,False,False
bdcc331a-c430-5427-9007-7575f89c6156,2837,S2,2025-01-13,Segunda recuperacion,A,45,13,58,Reprobado,ACTA-2024-S2-2837-A-REC2,Normal,2025-01-13,45,13,58,False,False
18744750-066d-5952-a07f-87fe04f11287,290,S2,2024-11-12,Ordinario,A,36,28,64,Aprobado,ACTA-2024-S2-290-A-ORD,Normal,2024-11-12,36,28,64,False,False
38d3c179-d651-5b38-a95d-5f30eea49bc7,290,S2,2024-11-12,Ordinario,A,45,11,56,Reprobado,ACTA-2024-S2-290-A-ORD,Normal,2024-11-12,45,11,56,False,False
4628c082-b668-5afc-a506-1e3c43e99915,290,S2,2024-11-12,Ordinario,A,54,18,72,Aprobado,ACTA-2024-S2-290-A-ORD,Normal,2024-11-12,54,18,72,False,False
4fe66740-123b-5ade-8b14-4d392dc1094e,290,S2,2024-11-12,Ordinario,A,52,9,61,Aprobado,ACTA-2024-S2-290-A-ORD,Normal,2024-11-12,52,9,61,False,False
670ed2ec-5dc5-5a8a-9e6f-770f70091eb9,290,S2,2024-11-12,Ordinario,A,61,17,78,Aprobado,ACTA-2024-S2-290-A-ORD,Normal,2024-11-12,61,17,78,False,False
6c433ed9-ad1e-51e2-9d31-0f92474524f1,290,S2,2024-11-12,Ordinario,A,54,11,65,Aprobado,ACTA-2024-S2-290-A-ORD,Normal,2024-11-12,54,11,65,False,False
760374e5-fa63-5431-b172-de8a0abbce5f,290,S2,2024-11-12,Ordinario,A,46,12,58,Reprobado,ACTA-2024-S2-290-A-ORD,Normal,2024-11-12,46,12,58,False,False
830d469b-5f0d-5c02-83e5-fb3ef8b12772,290,S2,2024-11-12,Ordinario,A,66,15,81,Aprobado,ACTA-2024-S2-290-A-ORD,Normal,2024-11-12,66,15,81,False,False
8feda068-15b3-578a-b249-a538441fafb6,290,S2,2024-11-12,Ordinario,A,53,1,54,Reprobado,ACTA-2024-S2-290-A-ORD,Normal,2024-11-12,53,1,54,False,False
af7170d5-79af-53e8-ac44-8d6b7e8ad951,290,S2,2024-11-12,Ordinario,A,41,13,54,Reprobado,ACTA-2024-S2-290-A-ORD,Normal,2024-11-12,41,13,54,False,False
b2adc362-05d9-54d6-bd03-02e44c27e8c5,290,S2,2024-11-12,Ordinario,A,53,9,62,Aprobado,ACTA-2024-S2-290-A-ORD,Normal,2024-11-12,53,9,62,False,False
bc2edb29-4cd5-5fb5-88a5-7dedee94af0d,290,S2,2024-11-12,Ordinario,A,46,19,65,Aprobado,ACTA-2024-S2-290-A-ORD,Normal,2024-11-12,46,19,65,False,False
cb7e7a97-6e00-55b0-b580-317f19854827,290,S2,2024-11-12,Ordinario,A,59,20,79,Aprobado,ACTA-2024-S2-290-A-ORD,Normal,2024-11-12,59,20,79,False,False
cf78170e-bdcf-5b76-9880-68254df8a507,290,S2,2024-11-12,Ordinario,A,49,30,79,Aprobado,ACTA-2024-S2-290-A-ORD,Normal,2024-11-12,49,30,79,False,False
e21547f5-5ca5-5a65-9672-e1f99f10125a,290,S2,2024-11-12,Ordinario,A,52,NSP,52,NSP,ACTA-2024-S2-290-A-ORD,Normal,2024-11-12,52,,52,False,True
f244a686-f32b-5770-9d6b-044f508009fa,290,S2,2024-11-12,Ordinario,A,54,0,54,Reprobado,ACTA-2024-S2-290-A-ORD,Normal,2024-11-12,54,0,54,False,False
fc68457e-7e7c-5698-a1c7-1ed0dccba4b3,290,S2,2024-11-12,Ordinario,A,48,0,48,Reprobado,ACTA-2024-S2-290-A-ORD,Normal,2024-11-12,48,0,48,False,False
38d3c179-d651-5b38-a95d-5f30eea49bc7,290,S2,2024-11-25,Primera recuperacion,A,45,11,56,Reprobado,ACTA-2024-S2-290-A-REC1,Normal,2024-11-25,45,11,56,False,False
760374e5-fa63-5431-b172-de8a0abbce5f,290,S2,2024-11-25,Primera recuperacion,A,46,12,58,Reprobado,ACTA-2024-S2-290-A-REC1,Normal,2024-11-25,46,12,58,False,False
f244a686-f32b-5770-9d6b-044f508009fa,290,S2,2024-11-25,Primera recuperacion,A,54,17,71,Aprobado,ACTA-2024-S2-290-A-REC1,Normal,2024-11-25,54,17,71,False,False
fc68457e-7e7c-5698-a1c7-1ed0dccba4b3,290,S2,2024-11-25,Primera recuperacion,A,48,0,48,Reprobado,ACTA-2024-S2-290-A-REC1,Normal,2024-11-25,48,0,48,False,False
38d3c179-d651-5b38-a95d-5f30eea49bc7,290,S2,2025-01-16,Segunda recuperacion,A,45,19,64,Aprobado,ACTA-2024-S2-290-A-REC2,Normal,2025-01-16,45,19,64,False,False
0450959e-48dc-5783-9140-cfcec928c5c5,290,S2,2024-11-12,Ordinario,B,56,10,66,Aprobado,ACTA-2024-S2-290-B-ORD,Normal,2024-11-12,56,10,66,False,False
0fa55129-2054-5d0a-ac6a-c453dfc1133a,290,S2,2024-11-12,Ordinario,B,41,27,68,Aprobado,ACTA-2024-S2-290-B-ORD,Normal,2024-11-12,41,27,68,False,False
15a0bb40-c6d6-5f6a-8142-f1c5ba0a121a,290,S2,2024-11-12,Ordinario,B,59,15,74,Aprobado,ACTA-2024-S2-290-B-ORD,Normal,2024-11-12,59,15,74,False,False
23b6caf2-e88d-5562-aa80-01e9ef57ebe9,290,S2,2024-11-12,Ordinario,B,43,12,55,Reprobado,ACTA-2024-S2-290-B-ORD,Normal,2024-11-12,43,12,55,False,False
26a06e61-efe0-518d-aa15-c7ace718268a,290,S2,2024-11-12,Ordinario,B,45,28,73,Aprobado,ACTA-2024-S2-290-B-ORD,Normal,2024-11-12,45,28,73,False,False
35608fe5-e3c5-504b-8cc2-216c90a13a47,290,S2,2024-11-12,Ordinario,B,63,5,68,Aprobado,ACTA-2024-S2-290-B-ORD,Normal,2024-11-12,63,5,68,False,False
36f4d3ec-4023-5b34-8dc2-6e588a93f6a1,290,S2,2024-11-12,Ordinario,B,47,18,65,Aprobado,ACTA-2024-S2-290-B-ORD,Normal,2024-11-12,47,18,65,False,False
56d6a85b-af6a-5056-b7e5-6fc2b0054af8,290,S2,2024-11-12,Ordinario,B,61,28,89,Aprobado,ACTA-2024-S2-290-B-ORD,Normal,2024-11-12,61,28,89,False,False
731b92fd-50e5-5559-a9d3-96a0748f2373,290,S2,2024-11-12,Ordinario,B,68,3,71,Aprobado,ACTA-2024-S2-290-B-ORD,Normal,2024-11-12,68,3,71,False,False
733992a1-b132-51b5-b785-2069b83ece2b,290,S2,2024-11-12,Ordinario,B,46,8,54,Reprobado,ACTA-2024-S2-290-B-ORD,Normal,2024-11-12,46,8,54,False,False
75ad2a1d-e65d-5b36-9b02-6dc6f12138a4,290,S2,2024-11-12,Ordinario,B,49,NSP,49,NSP,ACTA-2024-S2-290-B-ORD,Normal,2024-11-12,49,,49,False,True
7aac2ae8-68aa-51a1-b8a6-24cdb91b4935,290,S2,2024-11-12,Ordinario,B,49,17,66,Aprobado,ACTA-2024-S2-290-B-ORD,Normal,2024-11-12,49,17,66,False,False
9205f4d0-ca02-57f6-b51e-b705ac0898d7,290,S2,2024-11-12,Ordinario,B,33,7,40,Reprobado,ACTA-2024-S2-290-B-ORD,Normal,2024-11-12,33,7,40,False,False
a87d6feb-c363-581e-8e53-245cd9839996,290,S2,2024-11-12,Ordinario,B,46,25,71,Aprobado,ACTA-2024-S2-290-B-ORD,Normal,2024-11-12,46,25,71,False,False
b1ada878-5ce8-5e51-bc44-6a5ae1f64971,290,S2,2024-11-12,Ordinario,B,44,7,51,Reprobado,ACTA-2024-S2-290-B-ORD,Normal,2024-11-12,44,7,51,False,False
b1cce0db-3292-5ff2-837e-2fda6bc2eb62,290,S2,2024-11-12,Ordinario,B,48,10,58,Reprobado,ACTA-2024-S2-290-B-ORD,Normal,2024-11-12,48,10,58,False,False
ba341cb6-848c-5d30-8bb3-6dc3b8ccd016,290,S2,2024-11-12,Ordinario,B,45,23,68,Aprobado,ACTA-2024-S2-290-B-ORD,Normal,2024-11-12,45,23,68,False,False
efa55bd1-a3d6-552e-b4fc-91b4426c5818,290,S2,2024-11-12,Ordinario,B,39,7,46,Reprobado,ACTA-2024-S2-290-B-ORD,Normal,2024-11-12,39,7,46,False,False
733992a1-b132-51b5-b785-2069b83ece2b,290,S2,2024-11-21,Primera recuperacion,B,46,8,54,Reprobado,ACTA-2024-S2-290-B-REC1,Normal,2024-11-21,46,8,54,False,False
9205f4d0-ca02-57f6-b51e-b705ac0898d7,290,S2,2024-11-21,Primera recuperacion,B,33,7,40,Reprobado,ACTA-2024-S2-290-B-REC1,Normal,2024-11-21,33,7,40,False,False
b1ada878-5ce8-5e51-bc44-6a5ae1f64971,290,S2,2024-11-21,Primera recuperacion,B,44,7,51,Reprobado,ACTA-2024-S2-290-B-REC1,Normal,2024-11-21,44,7,51,False,False
b1cce0db-3292-5ff2-837e-2fda6bc2eb62,290,S2,2024-11-21,Primera recuperacion,B,48,22,70,Aprobado,ACTA-2024-S2-290-B-REC1,Normal,2024-11-21,48,22,70,False,False
efa55bd1-a3d6-552e-b4fc-91b4426c5818,290,S2,2024-11-21,Primera recuperacion,B,39,7,46,Reprobado,ACTA-2024-S2-290-B-REC1,Normal,2024-11-21,39,7,46,False,False
733992a1-b132-51b5-b785-2069b83ece2b,290,S2,2025-01-17,Segunda recuperacion,B,46,8,54,Reprobado,ACTA-2024-S2-290-B-REC2,Normal,2025-01-17,46,8,54,False,False
9205f4d0-ca02-57f6-b51e-b705ac0898d7,290,S2,2025-01-17,Segunda recuperacion,B,33,28,61,Aprobado,ACTA-2024-S2-290-B-REC2,Normal,2025-01-17,33,28,61,False,False
b1ada878-5ce8-5e51-bc44-6a5ae1f64971,290,S2,2025-01-17,Segunda recuperacion,B,44,7,51,Reprobado,ACTA-2024-S2-290-B-REC2,Normal,2025-01-17,44,7,51,False,False
efa55bd1-a3d6-552e-b4fc-91b4426c5818,290,S2,2025-01-17,Segunda recuperacion,B,39,7,46,Reprobado,ACTA-2024-S2-290-B-REC2,Normal,2025-01-17,39,7,46,False,False
09770aad-1237-579b-83dd-104f3a439933,290,S2,2024-11-11,Ordinario,C,64,19,83,Aprobado,ACTA-2024-S2-290-C-ORD,Normal,2024-11-11,64,19,83,False,False
16882813-1901-5922-b351-e490c6282bc4,290,S2,2024-11-11,Ordinario,C,32,12,44,Reprobado,ACTA-2024-S2-290-C-ORD,Normal,2024-11-11,32,12,44,False,False
229d23a0-bac6-55e3-9d53-ef85f45542e0,290,S2,2024-11-11,Ordinario,C,42,0,42,Reprobado,ACTA-2024-S2-290-C-ORD,Normal,2024-11-11,42,0,42,False,False
2e33f779-921b-597f-99f2-6ff5b1d80351,290,S2,2024-11-11,Ordinario,C,65,14,79,Aprobado,ACTA-2024-S2-290-C-ORD,Normal,2024-11-11,65,14,79,False,False
329a5540-4d0e-50b1-8e8d-41575a82dc8b,290,S2,2024-11-11,Ordinario,C,47,25,72,Aprobado,ACTA-2024-S2-290-C-ORD,Normal,2024-11-11,47,25,72,False,False
3d7d6836-0718-514f-9b1c-cb60e1a84ee4,290,S2,2024-11-11,Ordinario,C,59,23,82,Aprobado,ACTA-2024-S2-290-C-ORD,Normal,2024-11-11,59,23,82,False,False
3f2755ef-7031-5580-be34-89f9ba198194,290,S2,2024-11-11,Ordinario,C,31,5,36,Reprobado,ACTA-2024-S2-290-C-ORD,Normal,2024-11-11,31,5,36,False,False
470d2f0d-6871-50f9-b19a-adce9759f72b,290,S2,2024-11-11,Ordinario,C,41,14,55,Reprobado,ACTA-2024-S2-290-C-ORD,Normal,2024-11-11,41,14,55,False,False
475a203e-ec49-5017-a37b-31943557dcc9,290,S2,2024-11-11,Ordinario,C,36,NSP,36,NSP,ACTA-2024-S2-290-C-ORD,Normal,2024-11-11,36,,36,False,True
4a07ae27-bce6-5958-80da-0b26f4d4650a,290,S2,2024-11-11,Ordinario,C,55,10,65,Aprobado,ACTA-2024-S2-290-C-ORD,Normal,2024-11-11,55,10,65,False,False
5604fdd0-7da5-5e29-9a3c-ff1a0345ec7d,290,S2,2024-11-11,Ordinario,C,42,11,53,Reprobado,ACTA-2024-S2-290-C-ORD,Normal,2024-11-11,42,11,53,False,False
61b4785b-fce3-5388-98b4-78ae1eab1273,290,S2,2024-11-11,Ordinario,C,47,24,71,Aprobado,ACTA-2024-S2-290-C-ORD,Normal,2024-11-11,47,24,71,False,False
650bbd69-f91f-582d-aed1-6aaf74b21405,290,S2,2024-11-11,Ordinario,C,68,4,72,Aprobado,ACTA-2024-S2-290-C-ORD,Normal,2024-11-11,68,4,72,False,False
6d078a78-d8e3-5b7a-89a1-43baa31b9780,290,S2,2024-11-11,Ordinario,C,68,14,82,Aprobado,ACTA-2024-S2-290-C-ORD,Normal,2024-11-11,68,14,82,False,False
6e7eeb15-ed34-52a3-9b2e-94a14ced704f,290,S2,2024-11-11,Ordinario,C,68,7,75,Aprobado,ACTA-2024-S2-290-C-ORD,Normal,2024-11-11,68,7,75,False,False
717b731e-7f1f-5d15-97ab-fe9730798a9c,290,S2,2024-11-11,Ordinario,C,58,30,88,Aprobado,ACTA-2024-S2-290-C-ORD,Normal,2024-11-11,58,30,88,False,False
78442ff4-9731-59db-a8f6-bcf204414ad0,290,S2,2024-11-11,Ordinario,C,37,28,65,Aprobado,ACTA-2024-S2-290-C-ORD,Normal,2024-11-11,37,28,65,False,False
7d36a894-5a69-5be2-93a2-a8c1d01df056,290,S2,2024-11-11,Ordinario,C,37,14,51,Reprobado,ACTA-2024-S2-290-C-ORD,Normal,2024-11-11,37,14,51,False,False
87311978-cada-5886-b1e3-28401b95cf8e,290,S2,2024-11-11,Ordinario,C,44,2,46,Reprobado,ACTA-2024-S2-290-C-ORD,Normal,2024-11-11,44,2,46,False,False
8d0b01b6-3de2-5be7-87a9-01eb3806e177,290,S2,2024-11-11,Ordinario,C,32,21,53,Reprobado,ACTA-2024-S2-290-C-ORD,Normal,2024-11-11,32,21,53,False,False
94094ee0-2717-54ef-be78-798722ef727a,290,S2,2024-11-11,Ordinario,C,50,13,63,Aprobado,ACTA-2024-S2-290-C-ORD,Normal,2024-11-11,50,13,63,False,False
a5be436a-cb69-5107-956d-501d659bb0d7,290,S2,2024-11-11,Ordinario,C,40,4,44,Reprobado,ACTA-2024-S2-290-C-ORD,Normal,2024-11-11,40,4,44,False,False
ab49c2b1-e673-50f6-ae4a-e5b321756a15,290,S2,2024-11-11,Ordinario,C,50,19,69,Aprobado,ACTA-2024-S2-290-C-ORD,Normal,2024-11-11,50,19,69,False,False
acdb052b-d554-5cc6-aa3a-c75827d8310b,290,S2,2024-11-11,Ordinario,C,67,16,83,Aprobado,ACTA-2024-S2-290-C-ORD,Normal,2024-11-11,67,16,83,False,False
b06bcec0-b3a3-50b9-a1ec-953a4674371d,290,S2,2024-11-11,Ordinario,C,51,11,62,Aprobado,ACTA-2024-S2-290-C-ORD,Normal,2024-11-11,51,11,62,False,False
b69b6146-9244-5946-800b-bab8d07fdf29,290,S2,2024-11-11,Ordinario,C,60,14,74,Aprobado,ACTA-2024-S2-290-C-ORD,Normal,2024-11-11,60,14,74,False,False
bc607b11-c7c3-5cd1-b0c4-f95fabb7d1bf,290,S2,2024-11-11,Ordinario,C,36,8,44,Reprobado,ACTA-2024-S2-290-C-ORD,Normal,2024-11-11,36,8,44,False,False
c41dd30f-7c59-5647-a164-2c5d11a89c90,290,S2,2024-11-11,Ordinario,C,52,27,79,Aprobado,ACTA-2024-S2-290-C-ORD,Normal,2024-11-11,52,27,79,False,False
c7cd1346-234a-5f30-b884-48b69a36b80d,290,S2,2024-11-11,Ordinario,C,48,5,53,Reprobado,ACTA-2024-S2-290-C-ORD,Normal,2024-11-11,48,5,53,False,False
d0d32b44-cc7d-5dc8-8f44-2e0cadff8dca,290,S2,2024-11-11,Ordinario,C,68,0,68,Aprobado,ACTA-2024-S2-290-C-ORD,Normal,2024-11-11,68,0,68,False,False
e6cecf06-57d6-5cdb-b2ba-c309cb7cab41,290,S2,2024-11-11,Ordinario,C,64,8,72,Aprobado,ACTA-2024-S2-290-C-ORD,Normal,2024-11-11,64,8,72,False,False
e95f73c9-1239-50f0-9bb5-6421a9c0181e,290,S2,2024-11-11,Ordinario,C,64,20,84,Aprobado,ACTA-2024-S2-290-C-ORD,Normal,2024-11-11,64,20,84,False,False
fac41a8d-eab7-5a4c-ba54-a8d0c1f74902,290,S2,2024-11-11,Ordinario,C,37,23,60,Reprobado,ACTA-2024-S2-290-C-ORD,Normal,2024-11-11,37,23,60,False,False
16882813-1901-5922-b351-e490c6282bc4,290,S2,2024-11-21,Primera recuperacion,C,32,30,62,Aprobado,ACTA-2024-S2-290-C-REC1,Normal,2024-11-21,32,30,62,False,False
3f2755ef-7031-5580-be34-89f9ba198194,290,S2,2024-11-21,Primera recuperacion,C,31,5,36,Reprobado,ACTA-2024-S2-290-C-REC1,Normal,2024-11-21,31,5,36,False,False
470d2f0d-6871-50f9-b19a-adce9759f72b,290,S2,2024-11-21,Primera recuperacion,C,41,14,55,Reprobado,ACTA-2024-S2-290-C-REC1,Normal,2024-11-21,41,14,55,False,False
5604fdd0-7da5-5e29-9a3c-ff1a0345ec7d,290,S2,2024-11-21,Primera recuperacion,C,42,30,72,Aprobado,ACTA-2024-S2-290-C-REC1,Normal,2024-11-21,42,30,72,False,False
7d36a894-5a69-5be2-93a2-a8c1d01df056,290,S2,2024-11-21,Primera recuperacion,C,37,14,51,Reprobado,ACTA-2024-S2-290-C-REC1,Normal,2024-11-21,37,14,51,False,False
87311978-cada-5886-b1e3-28401b95cf8e,290,S2,2024-11-21,Primera recuperacion,C,44,2,46,Reprobado,ACTA-2024-S2-290-C-REC1,Normal,2024-11-21,44,2,46,False,False
8d0b01b6-3de2-5be7-87a9-01eb3806e177,290,S2,2024-11-21,Primera recuperacion,C,32,29,61,Aprobado,ACTA-2024-S2-290-C-REC1,Normal,2024-11-21,32,29,61,False,False
bc607b11-c7c3-5cd1-b0c4-f95fabb7d1bf,290,S2,2024-11-21,Primera recuperacion,C,36,8,44,Reprobado,ACTA-2024-S2-290-C-REC1,Normal,2024-11-21,36,8,44,False,False
c7cd1346-234a-5f30-b884-48b69a36b80d,290,S2,2024-11-21,Primera recuperacion,C,48,5,53,Reprobado,ACTA-2024-S2-290-C-REC1,Normal,2024-11-21,48,5,53,False,False
fac41a8d-eab7-5a4c-ba54-a8d0c1f74902,290,S2,2024-11-21,Primera recuperacion,C,37,23,60,Reprobado,ACTA-2024-S2-290-C-REC1,Normal,2024-11-21,37,23,60,False,False
470d2f0d-6871-50f9-b19a-adce9759f72b,290,S2,2025-01-13,Segunda recuperacion,C,41,24,65,Aprobado,ACTA-2024-S2-290-C-REC2,Normal,2025-01-13,41,24,65,False,False
7d36a894-5a69-5be2-93a2-a8c1d01df056,290,S2,2025-01-13,Segunda recuperacion,C,37,14,51,Reprobado,ACTA-2024-S2-290-C-REC2,Normal,2025-01-13,37,14,51,False,False
366b165f-922c-5847-b813-fc6ef6c3a751,290,S2,2024-11-11,Ordinario,D,44,8,52,Reprobado,ACTA-2024-S2-290-D-ORD,Normal,2024-11-11,44,8,52,False,False
3e286a49-0d95-56da-aeae-91cae0ed2763,290,S2,2024-11-11,Ordinario,D,52,21,73,Aprobado,ACTA-2024-S2-290-D-ORD,Normal,2024-11-11,52,21,73,False,False
83c5a92d-1d67-5123-9563-d6dad24bbc27,290,S2,2024-11-11,Ordinario,D,43,24,67,Aprobado,ACTA-2024-S2-290-D-ORD,Normal,2024-11-11,43,24,67,False,False
85f6e33e-822a-59b2-a749-33e5034486fd,290,S2,2024-11-11,Ordinario,D,65,15,80,Aprobado,ACTA-2024-S2-290-D-ORD,Normal,2024-11-11,65,15,80,False,False
a0ce5501-c941-5d6f-bdff-a357ccb52bd7,290,S2,2024-11-11,Ordinario,D,41,25,66,Aprobado,ACTA-2024-S2-290-D-ORD,Normal,2024-11-11,41,25,66,False,False
bd77a48a-9406-51ae-a620-b28897754dec,290,S2,2024-11-11,Ordinario,D,43,0,43,Reprobado,ACTA-2024-S2-290-D-ORD,Normal,2024-11-11,43,0,43,False,False
cb2a28b9-397d-5feb-a252-7b8abaccc929,290,S2,2024-11-11,Ordinario,D,39,18,57,Reprobado,ACTA-2024-S2-290-D-ORD,Normal,2024-11-11,39,18,57,False,False
366b165f-922c-5847-b813-fc6ef6c3a751,290,S2,2024-11-20,Primera recuperacion,D,44,8,52,Reprobado,ACTA-2024-S2-290-D-REC1,Normal,2024-11-20,44,8,52,False,False
bd77a48a-9406-51ae-a620-b28897754dec,290,S2,2024-11-20,Primera recuperacion,D,43,24,67,Aprobado,ACTA-2024-S2-290-D-REC1,Normal,2024-11-20,43,24,67,False,False
0c06f8f4-288d-57e0-8936-3d81fc7db2e7,291,S2,2024-11-09,Ordinario,A,61,8,69,Aprobado,ACTA-2024-S2-291-A-ORD,Normal,2024-11-09,61,8,69,False,False
18a74ce6-ba44-5c94-a2c3-22a8ded6786a,291,S2,2024-11-09,Ordinario,A,34,17,51,Reprobado,ACTA-2024-S2-291-A-ORD,Normal,2024-11-09,34,17,51,False,False
229d23a0-bac6-55e3-9d53-ef85f45542e0,291,S2,2024-11-09,Ordinario,A,46,23,69,Aprobado,ACTA-2024-S2-291-A-ORD,Normal,2024-11-09,46,23,69,False,False
3f2755ef-7031-5580-be34-89f9ba198194,291,S2,2024-11-09,Ordinario,A,49,6,55,Reprobado,ACTA-2024-S2-291-A-ORD,Normal,2024-11-09,49,6,55,False,False
56d6a85b-af6a-5056-b7e5-6fc2b0054af8,291,S2,2024-11-09,Ordinario,A,37,29,66,Aprobado,ACTA-2024-S2-291-A-ORD,Normal,2024-11-09,37,29,66,False,False
6d078a78-d8e3-5b7a-89a1-43baa31b9780,291,S2,2024-11-09,Ordinario,A,64,6,70,Aprobado,ACTA-2024-S2-291-A-ORD,Normal,2024-11-09,64,6,70,False,False
7aac2ae8-68aa-51a1-b8a6-24cdb91b4935,291,S2,2024-11-09,Ordinario,A,65,7,72,Aprobado,ACTA-2024-S2-291-A-ORD,Normal,2024-11-09,65,7,72,False,False
7e033645-6b36-5b24-be88-ef2953f2c850,291,S2,2024-11-09,Ordinario,A,47,7,54,Reprobado,ACTA-2024-S2-291-A-ORD,Normal,2024-11-09,47,7,54,False,False
829d6bb7-6b71-5f40-9045-d49c7a41f459,291,S2,2024-11-09,Ordinario,A,42,23,65,Aprobado,ACTA-2024-S2-291-A-ORD,Normal,2024-11-09,42,23,65,False,False
9af53817-e9ec-5854-a2a5-e577ccaf67ed,291,S2,2024-11-09,Ordinario,A,40,22,62,Aprobado,ACTA-2024-S2-291-A-ORD,Normal,2024-11-09,40,22,62,False,False
ab49c2b1-e673-50f6-ae4a-e5b321756a15,291,S2,2024-11-09,Ordinario,A,40,25,65,Aprobado,ACTA-2024-S2-291-A-ORD,Normal,2024-11-09,40,25,65,False,False
b2adc362-05d9-54d6-bd03-02e44c27e8c5,291,S2,2024-11-09,Ordinario,A,65,0,65,Aprobado,ACTA-2024-S2-291-A-ORD,Normal,2024-11-09,65,0,65,False,False
bc607b11-c7c3-5cd1-b0c4-f95fabb7d1bf,291,S2,2024-11-09,Ordinario,A,44,0,44,Reprobado,ACTA-2024-S2-291-A-ORD,Normal,2024-11-09,44,0,44,False,False
c7cd1346-234a-5f30-b884-48b69a36b80d,291,S2,2024-11-09,Ordinario,A,51,9,60,Reprobado,ACTA-2024-S2-291-A-ORD,Normal,2024-11-09,51,9,60,False,False
d931f9da-177d-519e-9604-82c77ffd7dfc,291,S2,2024-11-09,Ordinario,A,48,15,63,Aprobado,ACTA-2024-S2-291-A-ORD,Normal,2024-11-09,48,15,63,False,False
efa55bd1-a3d6-552e-b4fc-91b4426c5818,291,S2,2024-11-09,Ordinario,A,50,NSP,50,NSP,ACTA-2024-S2-291-A-ORD,Normal,2024-11-09,50,,50,False,True
3f2755ef-7031-5580-be34-89f9ba198194,291,S2,2024-11-27,Primera recuperacion,A,49,6,55,Reprobado,ACTA-2024-S2-291-A-REC1,Normal,2024-11-27,49,6,55,False,False
7e033645-6b36-5b24-be88-ef2953f2c850,291,S2,2024-11-27,Primera recuperacion,A,47,26,73,Aprobado,ACTA-2024-S2-291-A-REC1,Normal,2024-11-27,47,26,73,False,False
bc607b11-c7c3-5cd1-b0c4-f95fabb7d1bf,291,S2,2024-11-27,Primera recuperacion,A,44,0,44,Reprobado,ACTA-2024-S2-291-A-REC1,Normal,2024-11-27,44,0,44,False,False
c7cd1346-234a-5f30-b884-48b69a36b80d,291,S2,2024-11-27,Primera recuperacion,A,51,9,60,Reprobado,ACTA-2024-S2-291-A-REC1,Normal,2024-11-27,51,9,60,False,False
3f2755ef-7031-5580-be34-89f9ba198194,291,S2,2025-01-15,Segunda recuperacion,A,49,23,72,Aprobado,ACTA-2024-S2-291-A-REC2,Normal,2025-01-15,49,23,72,False,False
c7cd1346-234a-5f30-b884-48b69a36b80d,291,S2,2025-01-15,Segunda recuperacion,A,51,9,60,Reprobado,ACTA-2024-S2-291-A-REC2,Normal,2025-01-15,51,9,60,False,False
2025c707-2bf8-5151-be4c-a2a603e99860,291,S2,2024-11-08,Ordinario,B,38,27,65,Aprobado,ACTA-2024-S2-291-B-ORD,Normal,2024-11-08,38,27,65,False,False
257724e2-11c9-5663-88d5-df9d1c7c66c6,291,S2,2024-11-08,Ordinario,B,41,24,65,Aprobado,ACTA-2024-S2-291-B-ORD,Normal,2024-11-08,41,24,65,False,False
35608fe5-e3c5-504b-8cc2-216c90a13a47,291,S2,2024-11-08,Ordinario,B,42,10,52,Reprobado,ACTA-2024-S2-291-B-ORD,Normal,2024-11-08,42,10,52,False,False
4a07ae27-bce6-5958-80da-0b26f4d4650a,291,S2,2024-11-08,Ordinario,B,37,12,49,Reprobado,ACTA-2024-S2-291-B-ORD,Normal,2024-11-08,37,12,49,False,False
731b92fd-50e5-5559-a9d3-96a0748f2373,291,S2,2024-11-08,Ordinario,B,58,9,67,Aprobado,ACTA-2024-S2-291-B-ORD,Normal,2024-11-08,58,9,67,False,False
75ad2a1d-e65d-5b36-9b02-6dc6f12138a4,291,S2,2024-11-08,Ordinario,B,44,1,45,Reprobado,ACTA-2024-S2-291-B-ORD,Normal,2024-11-08,44,1,45,False,False
c41dd30f-7c59-5647-a164-2c5d11a89c90,291,S2,2024-11-08,Ordinario,B,67,26,93,Aprobado,ACTA-2024-S2-291-B-ORD,Normal,2024-11-08,67,26,93,False,False
c922de12-eb27-59e0-bffe-295050a28a20,291,S2,2024-11-08,Ordinario,B,37,29,66,Aprobado,ACTA-2024-S2-291-B-ORD,Normal,2024-11-08,37,29,66,False,False
35608fe5-e3c5-504b-8cc2-216c90a13a47,291,S2,2024-11-25,Primera recuperacion,B,42,10,52,Reprobado,ACTA-2024-S2-291-B-REC1,Normal,2024-11-25,42,10,52,False,False
4a07ae27-bce6-5958-80da-0b26f4d4650a,291,S2,2024-11-25,Primera recuperacion,B,37,25,62,Aprobado,ACTA-2024-S2-291-B-REC1,Normal,2024-11-25,37,25,62,False,False
75ad2a1d-e65d-5b36-9b02-6dc6f12138a4,291,S2,2024-11-25,Primera recuperacion,B,44,1,45,Reprobado,ACTA-2024-S2-291-B-REC1,Normal,2024-11-25,44,1,45,False,False
101fcc1c-02cb-502a-895a-dc14ec8bc4fc,292,S2,2024-11-12,Ordinario,A,63,7,70,Aprobado,ACTA-2024-S2-292-A-ORD,Normal,2024-11-12,63,7,70,False,False
18a74ce6-ba44-5c94-a2c3-22a8ded6786a,292,S2,2024-11-12,Ordinario,A,50,5,55,Reprobado,ACTA-2024-S2-292-A-ORD,Normal,2024-11-12,50,5,55,False,False
366b165f-922c-5847-b813-fc6ef6c3a751,292,S2,2024-11-12,Ordinario,A,42,0,42,Reprobado,ACTA-2024-S2-292-A-ORD,Normal,2024-11-12,42,0,42,False,False
36f4d3ec-4023-5b34-8dc2-6e588a93f6a1,292,S2,2024-11-12,Ordinario,A,67,6,73,Aprobado,ACTA-2024-S2-292-A-ORD,Normal,2024-11-12,67,6,73,False,False
6d078a78-d8e3-5b7a-89a1-43baa31b9780,292,S2,2024-11-12,Ordinario,A,62,7,69,Aprobado,ACTA-2024-S2-292-A-ORD,Normal,2024-11-12,62,7,69,False,False
819b9b1c-476d-5b64-949b-8bb80947bfde,292,S2,2024-11-12,Ordinario,A,42,27,69,Aprobado,ACTA-2024-S2-292-A-ORD,Normal,2024-11-12,42,27,69,False,False
83c5a92d-1d67-5123-9563-d6dad24bbc27,292,S2,2024-11-12,Ordinario,A,44,27,71,Aprobado,ACTA-2024-S2-292-A-ORD,Normal,2024-11-12,44,27,71,False,False
857bee19-f5cc-5925-8f6d-5e6dc8b42cb7,292,S2,2024-11-12,Ordinario,A,63,28,91,Aprobado,ACTA-2024-S2-292-A-ORD,Normal,2024-11-12,63,28,91,False,False
ab49c2b1-e673-50f6-ae4a-e5b321756a15,292,S2,2024-11-12,Ordinario,A,68,14,82,Aprobado,ACTA-2024-S2-292-A-ORD,Normal,2024-11-12,68,14,82,False,False
bc2edb29-4cd5-5fb5-88a5-7dedee94af0d,292,S2,2024-11-12,Ordinario,A,63,17,80,Aprobado,ACTA-2024-S2-292-A-ORD,Normal,2024-11-12,63,17,80,False,False
c7cd1346-234a-5f30-b884-48b69a36b80d,292,S2,2024-11-12,Ordinario,A,38,21,59,Reprobado,ACTA-2024-S2-292-A-ORD,Normal,2024-11-12,38,21,59,False,False
cb2a28b9-397d-5feb-a252-7b8abaccc929,292,S2,2024-11-12,Ordinario,A,36,0,36,Reprobado,ACTA-2024-S2-292-A-ORD,Normal,2024-11-12,36,0,36,False,False
366b165f-922c-5847-b813-fc6ef6c3a751,292,S2,2024-11-23,Primera recuperacion,A,42,21,63,Aprobado,ACTA-2024-S2-292-A-REC1,Normal,2024-11-23,42,21,63,False,False
c7cd1346-234a-5f30-b884-48b69a36b80d,292,S2,2024-11-23,Primera recuperacion,A,38,21,59,Reprobado,ACTA-2024-S2-292-A-REC1,Normal,2024-11-23,38,21,59,False,False
cb2a28b9-397d-5feb-a252-7b8abaccc929,292,S2,2024-11-23,Primera recuperacion,A,36,0,36,Reprobado,ACTA-2024-S2-292-A-REC1,Normal,2024-11-23,36,0,36,False,False
c7cd1346-234a-5f30-b884-48b69a36b80d,292,S2,2025-01-16,Segunda recuperacion,A,38,21,59,Reprobado,ACTA-2024-S2-292-A-REC2,Normal,2025-01-16,38,21,59,False,False
15a0bb40-c6d6-5f6a-8142-f1c5ba0a121a,292,S2,2024-11-09,Ordinario,B,64,27,91,Aprobado,ACTA-2024-S2-292-B-ORD,Normal,2024-11-09,64,27,91,False,False
3e286a49-0d95-56da-aeae-91cae0ed2763,292,S2,2024-11-09,Ordinario,B,48,26,74,Aprobado,ACTA-2024-S2-292-B-ORD,Normal,2024-11-09,48,26,74,False,False
7d36a894-5a69-5be2-93a2-a8c1d01df056,292,S2,2024-11-09,Ordinario,B,43,10,53,Reprobado,ACTA-2024-S2-292-B-ORD,Normal,2024-11-09,43,10,53,False,False
b1ada878-5ce8-5e51-bc44-6a5ae1f64971,292,S2,2024-11-09,Ordinario,B,40,9,49,Reprobado,ACTA-2024-S2-292-B-ORD,Normal,2024-11-09,40,9,49,False,False
b3997c2f-90c6-5168-9d2b-373122f6b85d,292,S2,2024-11-09,Ordinario,B,63,7,70,Aprobado,ACTA-2024-S2-292-B-ORD,Normal,2024-11-09,63,7,70,False,False
bd77a48a-9406-51ae-a620-b28897754dec,292,S2,2024-11-09,Ordinario,B,55,2,57,Reprobado,ACTA-2024-S2-292-B-ORD,Normal,2024-11-09,55,2,57,False,False
ca045e8e-72e0-524e-b94e-790662c03e9c,292,S2,2024-11-09,Ordinario,B,65,12,77,Aprobado,ACTA-2024-S2-292-B-ORD,Normal,2024-11-09,65,12,77,False,False
d931f9da-177d-519e-9604-82c77ffd7dfc,292,S2,2024-11-09,Ordinario,B,36,29,65,Aprobado,ACTA-2024-S2-292-B-ORD,Normal,2024-11-09,36,29,65,False,False
e6cecf06-57d6-5cdb-b2ba-c309cb7cab41,292,S2,2024-11-09,Ordinario,B,68,16,84,Aprobado,ACTA-2024-S2-292-B-ORD,Normal,2024-11-09,68,16,84,False,False
bd77a48a-9406-51ae-a620-b28897754dec,292,S2,2024-11-20,Primera recuperacion,B,55,26,81,Aprobado,ACTA-2024-S2-292-B-REC1,Normal,2024-11-20,55,26,81,False,False
03428918-b91e-5e08-aaa6-3e1037681d49,670,S2,2024-11-10,Ordinario,A,38,25,63,Aprobado,ACTA-2024-S2-670-A-ORD,Normal,2024-11-10,38,25,63,False,False
20470cf5-2acb-53ea-8996-70426c23e593,670,S2,2024-11-10,Ordinario,A,54,7,61,Aprobado,ACTA-2024-S2-670-A-ORD,Normal,2024-11-10,54,7,61,False,False
327817b1-69ac-5335-a21d-9b8f2b559853,670,S2,2024-11-10,Ordinario,A,63,23,86,Aprobado,ACTA-2024-S2-670-A-ORD,Normal,2024-11-10,63,23,86,False,False
58b6a601-745d-570f-94ed-2ad0438822dc,670,S2,2024-11-10,Ordinario,A,51,3,54,Reprobado,ACTA-2024-S2-670-A-ORD,Normal,2024-11-10,51,3,54,False,False
80be8af0-a5ec-534c-8e5d-0a36ec0491a5,670,S2,2024-11-10,Ordinario,A,37,28,65,Aprobado,ACTA-2024-S2-670-A-ORD,Normal,2024-11-10,37,28,65,False,False
a5b8b644-851f-5f51-9a26-7f64e89643f7,670,S2,2024-11-10,Ordinario,A,42,22,64,Aprobado,ACTA-2024-S2-670-A-ORD,Normal,2024-11-10,42,22,64,False,False
b89cb3da-fce8-5a95-a009-7086c816ed58,670,S2,2024-11-10,Ordinario,A,45,3,48,Reprobado,ACTA-2024-S2-670-A-ORD,Normal,2024-11-10,45,3,48,False,False
bfb0c4a8-e5d5-50a9-880b-4f06cf9de121,670,S2,2024-11-10,Ordinario,A,45,6,51,Reprobado,ACTA-2024-S2-670-A-ORD,Normal,2024-11-10,45,6,51,False,False
faf14236-d1d9-56b9-93b3-a0446dff8a53,670,S2,2024-11-10,Ordinario,A,48,30,78,Aprobado,ACTA-2024-S2-670-A-ORD,Normal,2024-11-10,48,30,78,False,False
b89cb3da-fce8-5a95-a009-7086c816ed58,670,S2,2024-11-21,Primera recuperacion,A,45,3,48,Reprobado,ACTA-2024-S2-670-A-REC1,Normal,2024-11-21,45,3,48,False,False
bfb0c4a8-e5d5-50a9-880b-4f06cf9de121,670,S2,2024-11-21,Primera recuperacion,A,45,28,73,Aprobado,ACTA-2024-S2-670-A-REC1,Normal,2024-11-21,45,28,73,False,False
385d8efa-6168-5aa3-ada8-a2e6a2d12d83,673,S2,2024-11-06,Ordinario,A,32,8,40,Reprobado,ACTA-2024-S2-673-A-ORD,Normal,2024-11-06,32,8,40,False,False
3d7b4965-b27a-514f-80f3-5afca2189109,673,S2,2024-11-06,Ordinario,A,64,10,74,Aprobado,ACTA-2024-S2-673-A-ORD,Normal,2024-11-06,64,10,74,False,False
650bbd69-f91f-582d-aed1-6aaf74b21405,673,S2,2024-11-06,Ordinario,A,58,21,79,Aprobado,ACTA-2024-S2-673-A-ORD,Normal,2024-11-06,58,21,79,False,False
6bd36f7f-f413-50fc-9d21-a81519a0f9ae,673,S2,2024-11-06,Ordinario,A,37,26,63,Aprobado,ACTA-2024-S2-673-A-ORD,Normal,2024-11-06,37,26,63,False,False
837fc661-96eb-586d-b4c9-f77b85563c15,673,S2,2024-11-06,Ordinario,A,34,8,42,Reprobado,ACTA-2024-S2-673-A-ORD,Normal,2024-11-06,34,8,42,False,False
8adbc82c-808f-5b1d-b86c-04b04f2a4aad,673,S2,2024-11-06,Ordinario,A,58,14,72,Aprobado,ACTA-2024-S2-673-A-ORD,Normal,2024-11-06,58,14,72,False,False
b01c0133-92dd-5f13-8b4b-3e6a951b3bb4,673,S2,2024-11-06,Ordinario,A,53,7,60,Reprobado,ACTA-2024-S2-673-A-ORD,Normal,2024-11-06,53,7,60,False,False
bd33a1e4-88e2-5537-8532-82d6a9b59ed2,673,S2,2024-11-06,Ordinario,A,59,13,72,Aprobado,ACTA-2024-S2-673-A-ORD,Normal,2024-11-06,59,13,72,False,False
e01ffccc-2b4c-54a9-9a6e-07307564f527,673,S2,2024-11-06,Ordinario,A,41,23,64,Aprobado,ACTA-2024-S2-673-A-ORD,Normal,2024-11-06,41,23,64,False,False
385d8efa-6168-5aa3-ada8-a2e6a2d12d83,673,S2,2024-11-26,Primera recuperacion,A,32,29,61,Aprobado,ACTA-2024-S2-673-A-REC1,Normal,2024-11-26,32,29,61,False,False
837fc661-96eb-586d-b4c9-f77b85563c15,673,S2,2024-11-26,Primera recuperacion,A,34,8,42,Reprobado,ACTA-2024-S2-673-A-REC1,Normal,2024-11-26,34,8,42,False,False
258230b7-9a78-5154-bafa-abd2bb5f077f,674,S2,2024-11-14,Ordinario,A,62,7,69,Aprobado,ACTA-2024-S2-674-A-ORD,Normal,2024-11-14,62,7,69,False,False
2993393f-9a74-58c6-b1c7-dd72e54f82e4,674,S2,2024-11-14,Ordinario,A,48,20,68,Aprobado,ACTA-2024-S2-674-A-ORD,Normal,2024-11-14,48,20,68,False,False
3d7b4965-b27a-514f-80f3-5afca2189109,674,S2,2024-11-14,Ordinario,A,60,18,78,Aprobado,ACTA-2024-S2-674-A-ORD,Normal,2024-11-14,60,18,78,False,False
619e0687-c73c-51a5-96c5-00517e00097a,674,S2,2024-11-14,Ordinario,A,54,3,57,Reprobado,ACTA-2024-S2-674-A-ORD,Normal,2024-11-14,54,3,57,False,False
78442ff4-9731-59db-a8f6-bcf204414ad0,674,S2,2024-11-14,Ordinario,A,52,25,77,Aprobado,ACTA-2024-S2-674-A-ORD,Normal,2024-11-14,52,25,77,False,False
7f9606ee-06b3-5cde-b8e8-5ecc400c2647,674,S2,2024-11-14,Ordinario,A,43,9,52,Reprobado,ACTA-2024-S2-674-A-ORD,Normal,2024-11-14,43,9,52,False,False
8f991504-6b31-501a-864a-6713b5eebd07,674,S2,2024-11-14,Ordinario,A,50,0,50,Reprobado,ACTA-2024-S2-674-A-ORD,Normal,2024-11-14,50,0,50,False,False
a470abbf-738a-5dfb-8bb6-e50d4c2f9d24,674,S2,2024-11-14,Ordinario,A,38,13,51,Reprobado,ACTA-2024-S2-674-A-ORD,Normal,2024-11-14,38,13,51,False,False
d4527165-c6ec-5c29-a3ed-988cd19e5f3f,674,S2,2024-11-14,Ordinario,A,52,20,72,Aprobado,ACTA-2024-S2-674-A-ORD,Normal,2024-11-14,52,20,72,False,False
f113ca9c-f96d-574a-8d4e-37dbed8a6755,674,S2,2024-11-14,Ordinario,A,52,9,61,Aprobado,ACTA-2024-S2-674-A-ORD,Normal,2024-11-14,52,9,61,False,False
619e0687-c73c-51a5-96c5-00517e00097a,674,S2,2024-11-25,Primera recuperacion,A,54,3,57,Reprobado,ACTA-2024-S2-674-A-REC1,Normal,2024-11-25,54,3,57,False,False
7f9606ee-06b3-5cde-b8e8-5ecc400c2647,674,S2,2024-11-25,Primera recuperacion,A,43,21,64,Aprobado,ACTA-2024-S2-674-A-REC1,Normal,2024-11-25,43,21,64,False,False
a470abbf-738a-5dfb-8bb6-e50d4c2f9d24,674,S2,2024-11-25,Primera recuperacion,A,38,13,51,Reprobado,ACTA-2024-S2-674-A-REC1,Normal,2024-11-25,38,13,51,False,False
a470abbf-738a-5dfb-8bb6-e50d4c2f9d24,674,S2,2025-01-15,Segunda recuperacion,A,38,13,51,Reprobado,ACTA-2024-S2-674-A-REC2,Normal,2025-01-15,38,13,51,False,False
1455f2e4-769b-5a64-aff9-ce869cd2fa54,685,S2,2024-11-06,Ordinario,A,53,7,60,Reprobado,ACTA-2024-S2-685-A-ORD,Normal,2024-11-06,53,7,60,False,False
1a3f74b9-a360-5601-b622-f749de1c4cdf,685,S2,2024-11-06,Ordinario,A,64,21,85,Aprobado,ACTA-2024-S2-685-A-ORD,Normal,2024-11-06,64,21,85,False,False
1d7fe8ac-2147-59a2-b6c8-e171b2681c3f,685,S2,2024-11-06,Ordinario,A,44,25,69,Aprobado,ACTA-2024-S2-685-A-ORD,Normal,2024-11-06,44,25,69,False,False
908ad6b6-bcca-5db9-bd43-adb0a789cb28,685,S2,2024-11-06,Ordinario,A,53,30,83,Aprobado,ACTA-2024-S2-685-A-ORD,Normal,2024-11-06,53,30,83,False,False
b087e7e2-4850-54b0-8175-03303200035b,685,S2,2024-11-06,Ordinario,A,39,9,48,Reprobado,ACTA-2024-S2-685-A-ORD,Normal,2024-11-06,39,9,48,False,False
c5b1ebc7-fe00-5c45-907f-133c48cc8f5e,685,S2,2024-11-06,Ordinario,A,49,30,79,Aprobado,ACTA-2024-S2-685-A-ORD,Normal,2024-11-06,49,30,79,False,False
d2e328c9-2152-5877-9404-46f05cc67380,685,S2,2024-11-06,Ordinario,A,54,2,56,Reprobado,ACTA-2024-S2-685-A-ORD,Normal,2024-11-06,54,2,56,False,False
faf14236-d1d9-56b9-93b3-a0446dff8a53,685,S2,2024-11-06,Ordinario,A,47,14,61,Aprobado,ACTA-2024-S2-685-A-ORD,Normal,2024-11-06,47,14,61,False,False
b087e7e2-4850-54b0-8175-03303200035b,685,S2,2024-11-21,Primera recuperacion,A,39,23,62,Aprobado,ACTA-2024-S2-685-A-REC1,Normal,2024-11-21,39,23,62,False,False
d2e328c9-2152-5877-9404-46f05cc67380,685,S2,2024-11-21,Primera recuperacion,A,54,2,56,Reprobado,ACTA-2024-S2-685-A-REC1,Normal,2024-11-21,54,2,56,False,False
083bb1b4-e24d-5c3f-8e22-efe135144eab,690,S2,2024-11-10,Ordinario,A,55,0,55,Reprobado,ACTA-2024-S2-690-A-ORD,Normal,2024-11-10,55,0,55,False,False
1181881d-1271-5070-9d47-c66a61743477,690,S2,2024-11-10,Ordinario,A,37,18,55,Reprobado,ACTA-2024-S2-690-A-ORD,Normal,2024-11-10,37,18,55,False,False
1897479b-0001-5b54-8174-3d9f7027208e,690,S2,2024-11-10,Ordinario,A,44,30,74,Aprobado,ACTA-2024-S2-690-A-ORD,Normal,2024-11-10,44,30,74,False,False
1c5edb7d-0ce1-5389-87a1-bde6785557fb,690,S2,2024-11-10,Ordinario,A,53,29,82,Aprobado,ACTA-2024-S2-690-A-ORD,Normal,2024-11-10,53,29,82,False,False
23455a52-fc04-5d1e-8036-f6ee1f915a9f,690,S2,2024-11-10,Ordinario,A,40,27,67,Aprobado,ACTA-2024-S2-690-A-ORD,Normal,2024-11-10,40,27,67,False,False
38b03b54-edfa-5b7a-bda4-c05f1d380357,690,S2,2024-11-10,Ordinario,A,40,5,45,Reprobado,ACTA-2024-S2-690-A-ORD,Normal,2024-11-10,40,5,45,False,False
3c2c4fbc-7f21-5721-bc92-0f59b1e1f8d6,690,S2,2024-11-10,Ordinario,A,40,22,62,Aprobado,ACTA-2024-S2-690-A-ORD,Normal,2024-11-10,40,22,62,False,False
3ee3a6fb-19aa-5fd3-b450-9391da6bb00d,690,S2,2024-11-10,Ordinario,A,66,19,85,Aprobado,ACTA-2024-S2-690-A-ORD,Normal,2024-11-10,66,19,85,False,False
4584c801-494c-5583-86d6-fd81cc3948f1,690,S2,2024-11-10,Ordinario,A,48,22,70,Aprobado,ACTA-2024-S2-690-A-ORD,Normal,2024-11-10,48,22,70,False,False
4a306d08-6aaa-5f9c-ab4b-820d1f241b92,690,S2,2024-11-10,Ordinario,A,50,30,80,Aprobado,ACTA-2024-S2-690-A-ORD,Normal,2024-11-10,50,30,80,False,False
4e6aef50-363b-5386-b2b8-157a02fbe4a3,690,S2,2024-11-10,Ordinario,A,40,23,63,Aprobado,ACTA-2024-S2-690-A-ORD,Normal,2024-11-10,40,23,63,False,False
5b38ffe4-b5cc-5f2e-9d32-70682e50fc97,690,S2,2024-11-10,Ordinario,A,53,16,69,Aprobado,ACTA-2024-S2-690-A-ORD,Normal,2024-11-10,53,16,69,False,False
669100b3-1f67-5fba-a327-0a05d6585aa0,690,S2,2024-11-10,Ordinario,A,42,20,62,Aprobado,ACTA-2024-S2-690-A-ORD,Normal,2024-11-10,42,20,62,False,False
7c71294e-9c0e-514d-956c-b61c03ce0722,690,S2,2024-11-10,Ordinario,A,52,6,58,Reprobado,ACTA-2024-S2-690-A-ORD,Normal,2024-11-10,52,6,58,False,False
8298176e-e71a-5857-80de-ca69ed9e9bb4,690,S2,2024-11-10,Ordinario,A,53,NSP,53,NSP,ACTA-2024-S2-690-A-ORD,Normal,2024-11-10,53,,53,False,True
9d8b757f-00fd-55fc-b60c-74804ea267b7,690,S2,2024-11-10,Ordinario,A,53,14,67,Aprobado,ACTA-2024-S2-690-A-ORD,Normal,2024-11-10,53,14,67,False,False
d7395947-e212-57b3-b38d-2b95377e01fa,690,S2,2024-11-10,Ordinario,A,52,1,53,Reprobado,ACTA-2024-S2-690-A-ORD,Normal,2024-11-10,52,1,53,False,False
e3f06cc9-e450-5211-aaa7-d1e490dfed18,690,S2,2024-11-10,Ordinario,A,44,21,65,Aprobado,ACTA-2024-S2-690-A-ORD,Normal,2024-11-10,44,21,65,False,False
e66bc480-92fe-5315-9420-3c1a234179ac,690,S2,2024-11-10,Ordinario,A,59,18,77,Aprobado,ACTA-2024-S2-690-A-ORD,Normal,2024-11-10,59,18,77,False,False
e87d86ce-c827-5243-b059-3bed73494e1f,690,S2,2024-11-10,Ordinario,A,48,21,69,Aprobado,ACTA-2024-S2-690-A-ORD,Normal,2024-11-10,48,21,69,False,False
f9b10102-89c3-5064-a304-8531633168cb,690,S2,2024-11-10,Ordinario,A,40,17,57,Reprobado,ACTA-2024-S2-690-A-ORD,Normal,2024-11-10,40,17,57,False,False
083bb1b4-e24d-5c3f-8e22-efe135144eab,690,S2,2024-11-22,Primera recuperacion,A,55,0,55,Reprobado,ACTA-2024-S2-690-A-REC1,Normal,2024-11-22,55,0,55,False,False
38b03b54-edfa-5b7a-bda4-c05f1d380357,690,S2,2024-11-22,Primera recuperacion,A,40,26,66,Aprobado,ACTA-2024-S2-690-A-REC1,Normal,2024-11-22,40,26,66,False,False
7c71294e-9c0e-514d-956c-b61c03ce0722,690,S2,2024-11-22,Primera recuperacion,A,52,6,58,Reprobado,ACTA-2024-S2-690-A-REC1,Normal,2024-11-22,52,6,58,False,False
f9b10102-89c3-5064-a304-8531633168cb,690,S2,2024-11-22,Primera recuperacion,A,40,27,67,Aprobado,ACTA-2024-S2-690-A-REC1,Normal,2024-11-22,40,27,67,False,False
7c71294e-9c0e-514d-956c-b61c03ce0722,690,S2,2025-01-15,Segunda recuperacion,A,52,9,61,Aprobado,ACTA-2024-S2-690-A-REC2,Normal,2025-01-15,52,9,61,False,False
2f29da26-30bd-532b-9d7f-881c2de77b44,694,S2,2024-11-10,Ordinario,A,45,23,68,Aprobado,ACTA-2024-S2-694-A-ORD,Normal,2024-11-10,45,23,68,False,False
4a6b3546-7880-595e-b541-6aab9d24320b,694,S2,2024-11-10,Ordinario,A,59,27,86,Aprobado,ACTA-2024-S2-694-A-ORD,Normal,2024-11-10,59,27,86,False,False
4ad432f3-551d-5be7-8c6b-3119f5486a77,694,S2,2024-11-10,Ordinario,A,31,2,33,Reprobado,ACTA-2024-S2-694-A-ORD,Normal,2024-11-10,31,2,33,False,False
5f682d23-c8ca-56c5-87a4-a1e5f6295097,694,S2,2024-11-10,Ordinario,A,48,7,55,Reprobado,ACTA-2024-S2-694-A-ORD,Normal,2024-11-10,48,7,55,False,False
6bb97f95-e313-5cc7-bef3-47a9c8f29a52,694,S2,2024-11-10,Ordinario,A,37,17,54,Reprobado,ACTA-2024-S2-694-A-ORD,Normal,2024-11-10,37,17,54,False,False
c89bf0ca-8b71-5ca2-971d-575175c65ad9,694,S2,2024-11-10,Ordinario,A,52,28,80,Aprobado,ACTA-2024-S2-694-A-ORD,Normal,2024-11-10,52,28,80,False,False
daac4940-d50e-5f20-8627-7705544803ed,694,S2,2024-11-10,Ordinario,A,64,6,70,Aprobado,ACTA-2024-S2-694-A-ORD,Normal,2024-11-10,64,6,70,False,False
f495d99d-1544-59a5-b354-52fd3724f756,694,S2,2024-11-10,Ordinario,A,57,8,65,Aprobado,ACTA-2024-S2-694-A-ORD,Normal,2024-11-10,57,8,65,False,False
fcb564ba-dcd6-5948-b405-a71674ce7049,694,S2,2024-11-10,Ordinario,A,68,7,75,Aprobado,ACTA-2024-S2-694-A-ORD,Normal,2024-11-10,68,7,75,False,False
5f682d23-c8ca-56c5-87a4-a1e5f6295097,694,S2,2024-11-20,Primera recuperacion,A,48,17,65,Aprobado,ACTA-2024-S2-694-A-REC1,Normal,2024-11-20,48,17,65,False,False
690768a4-bb18-595a-a71f-c99fe2a9eb6e,779,S2,2024-11-09,Ordinario,A,37,0,37,Reprobado,ACTA-2024-S2-779-A-ORD,Normal,2024-11-09,37,0,37,False,False
d14b3e31-2a2e-5d74-a02b-19460fe28aa5,779,S2,2024-11-09,Ordinario,A,66,13,79,Aprobado,ACTA-2024-S2-779-A-ORD,Normal,2024-11-09,66,13,79,False,False
f0dd015e-2ffc-5cb0-8a06-36638e2cc9bf,779,S2,2024-11-09,Ordinario,A,53,18,71,Aprobado,ACTA-2024-S2-779-A-ORD,Normal,2024-11-09,53,18,71,False,False
690768a4-bb18-595a-a71f-c99fe2a9eb6e,779,S2,2024-11-24,Primera recuperacion,A,37,0,37,Reprobado,ACTA-2024-S2-779-A-REC1,Normal,2024-11-24,37,0,37,False,False
0875f04d-ba62-524b-9469-180d7b74c579,795,S2,2024-11-08,Ordinario,A,41,5,46,Reprobado,ACTA-2024-S2-795-A-ORD,Normal,2024-11-08,41,5,46,False,False
3d77a469-e655-55fe-805c-791030382035,795,S2,2024-11-08,Ordinario,A,36,26,62,Aprobado,ACTA-2024-S2-795-A-ORD,Normal,2024-11-08,36,26,62,False,False
4dc4aa77-9ac0-5bc3-a84e-2b88879b68a8,795,S2,2024-11-08,Ordinario,A,68,1,69,Aprobado,ACTA-2024-S2-795-A-ORD,Normal,2024-11-08,68,1,69,False,False
78985e7d-ee45-54ea-9fa9-bfacc2ee4797,795,S2,2024-11-08,Ordinario,A,41,22,63,Aprobado,ACTA-2024-S2-795-A-ORD,Normal,2024-11-08,41,22,63,False,False
98bd6a13-8add-5575-9388-3bae6a5ba51c,795,S2,2024-11-08,Ordinario,A,48,20,68,Aprobado,ACTA-2024-S2-795-A-ORD,Normal,2024-11-08,48,20,68,False,False
b6f67e91-3fbc-5e3c-9701-7f82ed8816ec,795,S2,2024-11-08,Ordinario,A,34,9,43,Reprobado,ACTA-2024-S2-795-A-ORD,Normal,2024-11-08,34,9,43,False,False
bb2df0dc-340e-59b9-8c78-651baefa28d4,795,S2,2024-11-08,Ordinario,A,62,17,79,Aprobado,ACTA-2024-S2-795-A-ORD,Normal,2024-11-08,62,17,79,False,False
c3fdd0ea-defe-56bf-8614-d4895c9df8cb,795,S2,2024-11-08,Ordinario,A,60,10,70,Aprobado,ACTA-2024-S2-795-A-ORD,Normal,2024-11-08,60,10,70,False,False
ca1fd280-c70c-5620-9699-ff3834093054,795,S2,2024-11-08,Ordinario,A,40,17,57,Reprobado,ACTA-2024-S2-795-A-ORD,Normal,2024-11-08,40,17,57,False,False
f165b21b-a360-52d6-a848-f2b84f7a3202,795,S2,2024-11-08,Ordinario,A,46,26,72,Aprobado,ACTA-2024-S2-795-A-ORD,Normal,2024-11-08,46,26,72,False,False
ca1fd280-c70c-5620-9699-ff3834093054,795,S2,2024-11-26,Primera recuperacion,A,40,21,61,Aprobado,ACTA-2024-S2-795-A-REC1,Normal,2024-11-26,40,21,61,False,False
8d00d5d2-c516-504c-8edc-ed9329902b7b,912,S2,2024-11-11,Ordinario,A,45,27,72,Aprobado,ACTA-2024-S2-912-A-ORD,Normal,2024-11-11,45,27,72,False,False
dc5309eb-e2ec-550a-bb50-7b1eaa7753c1,912,S2,2024-11-11,Ordinario,A,43,29,72,Aprobado,ACTA-2024-S2-912-A-ORD,Normal,2024-11-11,43,29,72,False,False
f0bdd8b3-8568-526f-b13a-c32334a74b0b,912,S2,2024-11-11,Ordinario,A,39,17,56,Reprobado,ACTA-2024-S2-912-A-ORD,Normal,2024-11-11,39,17,56,False,False
fd8244a9-dc81-5ae5-aab5-a1e457c7adf3,912,S2,2024-11-11,Ordinario,A,52,22,74,Aprobado,ACTA-2024-S2-912-A-ORD,Normal,2024-11-11,52,22,74,False,False
f0bdd8b3-8568-526f-b13a-c32334a74b0b,912,S2,2024-11-25,Primera recuperacion,A,39,17,56,Reprobado,ACTA-2024-S2-912-A-REC1,Normal,2024-11-25,39,17,56,False,False
f0bdd8b3-8568-526f-b13a-c32334a74b0b,912,S2,2025-01-13,Segunda recuperacion,A,39,17,56,Reprobado,ACTA-2024-S2-912-A-REC2,Normal,2025-01-13,39,17,56,False,False
508865ff-526c-5b08-8f0b-36822182e26c,919,S2,2024-11-06,Ordinario,A,52,18,70,Aprobado,ACTA-2024-S2-919-A-ORD,Normal,2024-11-06,52,18,70,False,False
80fd2144-9a50-53ec-86c3-7660cc3a92ca,919,S2,2024-11-06,Ordinario,A,50,16,66,Aprobado,ACTA-2024-S2-919-A-ORD,Normal,2024-11-06,50,16,66,False,False
9fb68156-bea9-5d9c-9ac8-4c74978e183e,919,S2,2024-11-06,Ordinario,A,49,2,51,Reprobado,ACTA-2024-S2-919-A-ORD,Normal,2024-11-06,49,2,51,False,False
c8b29424-3564-5114-8e8b-3ec7edb4631a,919,S2,2024-11-06,Ordinario,A,41,1,42,Reprobado,ACTA-2024-S2-919-A-ORD,Normal,2024-11-06,41,1,42,False,False
f9eea9a9-015d-521f-ace7-3f3f5190ac81,919,S2,2024-11-06,Ordinario,A,60,7,67,Aprobado,ACTA-2024-S2-919-A-ORD,Normal,2024-11-06,60,7,67,False,False
fc5db985-05cf-59ad-a8d8-e6a91932d72c,919,S2,2024-11-06,Ordinario,A,46,18,64,Aprobado,ACTA-2024-S2-919-A-ORD,Normal,2024-11-06,46,18,64,False,False
3d77a469-e655-55fe-805c-791030382035,943,S2,2024-11-10,Ordinario,A,68,23,91,Aprobado,ACTA-2024-S2-943-A-ORD,Normal,2024-11-10,68,23,91,False,False
be4cc3ed-a3b2-5e94-bdab-cb425a63135a,943,S2,2024-11-10,Ordinario,A,67,21,88,Aprobado,ACTA-2024-S2-943-A-ORD,Normal,2024-11-10,67,21,88,False,False
c9ab122a-e4e7-51dc-af6b-059ecfaf700a,943,S2,2024-11-10,Ordinario,A,45,4,49,Reprobado,ACTA-2024-S2-943-A-ORD,Normal,2024-11-10,45,4,49,False,False
ef638bbd-09bd-5411-8a78-9f02760fef4d,943,S2,2024-11-10,Ordinario,A,48,20,68,Aprobado,ACTA-2024-S2-943-A-ORD,Normal,2024-11-10,48,20,68,False,False
f37f66a2-3ef2-5947-8f55-1145199e62f0,943,S2,2024-11-10,Ordinario,A,34,18,52,Reprobado,ACTA-2024-S2-943-A-ORD,Normal,2024-11-10,34,18,52,False,False
f37f66a2-3ef2-5947-8f55-1145199e62f0,943,S2,2024-11-19,Primera recuperacion,A,34,18,52,Reprobado,ACTA-2024-S2-943-A-REC1,Normal,2024-11-19,34,18,52,False,False
0450959e-48dc-5783-9140-cfcec928c5c5,949,S2,2024-11-13,Ordinario,A,39,30,69,Aprobado,ACTA-2024-S2-949-A-ORD,Normal,2024-11-13,39,30,69,False,False
0c06f8f4-288d-57e0-8936-3d81fc7db2e7,949,S2,2024-11-13,Ordinario,A,38,23,61,Aprobado,ACTA-2024-S2-949-A-ORD,Normal,2024-11-13,38,23,61,False,False
0fa55129-2054-5d0a-ac6a-c453dfc1133a,949,S2,2024-11-13,Ordinario,A,52,13,65,Aprobado,ACTA-2024-S2-949-A-ORD,Normal,2024-11-13,52,13,65,False,False
18a74ce6-ba44-5c94-a2c3-22a8ded6786a,949,S2,2024-11-13,Ordinario,A,44,0,44,Reprobado,ACTA-2024-S2-949-A-ORD,Normal,2024-11-13,44,0,44,False,False
23b6caf2-e88d-5562-aa80-01e9ef57ebe9,949,S2,2024-11-13,Ordinario,A,49,NSP,49,NSP,ACTA-2024-S2-949-A-ORD,Normal,2024-11-13,49,,49,False,True
287283ce-fcaf-5519-a49e-3dea1c655f86,949,S2,2024-11-13,Ordinario,A,54,8,62,Aprobado,ACTA-2024-S2-949-A-ORD,Normal,2024-11-13,54,8,62,False,False
70b2bc66-3db1-536f-8061-39cc18e139ea,949,S2,2024-11-13,Ordinario,A,59,2,61,Aprobado,ACTA-2024-S2-949-A-ORD,Normal,2024-11-13,59,2,61,False,False
731b92fd-50e5-5559-a9d3-96a0748f2373,949,S2,2024-11-13,Ordinario,A,49,26,75,Aprobado,ACTA-2024-S2-949-A-ORD,Normal,2024-11-13,49,26,75,False,False
75ad2a1d-e65d-5b36-9b02-6dc6f12138a4,949,S2,2024-11-13,Ordinario,A,36,25,61,Aprobado,ACTA-2024-S2-949-A-ORD,Normal,2024-11-13,36,25,61,False,False
7e033645-6b36-5b24-be88-ef2953f2c850,949,S2,2024-11-13,Ordinario,A,49,8,57,Reprobado,ACTA-2024-S2-949-A-ORD,Normal,2024-11-13,49,8,57,False,False
829d6bb7-6b71-5f40-9045-d49c7a41f459,949,S2,2024-11-13,Ordinario,A,46,15,61,Aprobado,ACTA-2024-S2-949-A-ORD,Normal,2024-11-13,46,15,61,False,False
830d469b-5f0d-5c02-83e5-fb3ef8b12772,949,S2,2024-11-13,Ordinario,A,58,11,69,Aprobado,ACTA-2024-S2-949-A-ORD,Normal,2024-11-13,58,11,69,False,False
a5be436a-cb69-5107-956d-501d659bb0d7,949,S2,2024-11-13,Ordinario,A,50,3,53,Reprobado,ACTA-2024-S2-949-A-ORD,Normal,2024-11-13,50,3,53,False,False
b1ada878-5ce8-5e51-bc44-6a5ae1f64971,949,S2,2024-11-13,Ordinario,A,32,28,60,Reprobado,ACTA-2024-S2-949-A-ORD,Normal,2024-11-13,32,28,60,False,False
b1cce0db-3292-5ff2-837e-2fda6bc2eb62,949,S2,2024-11-13,Ordinario,A,42,24,66,Aprobado,ACTA-2024-S2-949-A-ORD,Normal,2024-11-13,42,24,66,False,False
c7cd1346-234a-5f30-b884-48b69a36b80d,949,S2,2024-11-13,Ordinario,A,32,11,43,Reprobado,ACTA-2024-S2-949-A-ORD,Normal,2024-11-13,32,11,43,False,False
cb2a28b9-397d-5feb-a252-7b8abaccc929,949,S2,2024-11-13,Ordinario,A,35,20,55,Reprobado,ACTA-2024-S2-949-A-ORD,Normal,2024-11-13,35,20,55,False,False
e6cecf06-57d6-5cdb-b2ba-c309cb7cab41,949,S2,2024-11-13,Ordinario,A,45,20,65,Aprobado,ACTA-2024-S2-949-A-ORD,Normal,2024-11-13,45,20,65,False,False
18a74ce6-ba44-5c94-a2c3-22a8ded6786a,949,S2,2024-11-24,Primera recuperacion,A,44,0,44,Reprobado,ACTA-2024-S2-949-A-REC1,Normal,2024-11-24,44,0,44,False,False
a5be436a-cb69-5107-956d-501d659bb0d7,949,S2,2024-11-24,Primera recuperacion,A,50,11,61,Aprobado,ACTA-2024-S2-949-A-REC1,Normal,2024-11-24,50,11,61,False,False
b1ada878-5ce8-5e51-bc44-6a5ae1f64971,949,S2,2024-11-24,Primera recuperacion,A,32,28,60,Reprobado,ACTA-2024-S2-949-A-REC1,Normal,2024-11-24,32,28,60,False,False
c7cd1346-234a-5f30-b884-48b69a36b80d,949,S2,2024-11-24,Primera recuperacion,A,32,11,43,Reprobado,ACTA-2024-S2-949-A-REC1,Normal,2024-11-24,32,11,43,False,False
cb2a28b9-397d-5feb-a252-7b8abaccc929,949,S2,2024-11-24,Primera recuperacion,A,35,20,55,Reprobado,ACTA-2024-S2-949-A-REC1,Normal,2024-11-24,35,20,55,False,False
18a74ce6-ba44-5c94-a2c3-22a8ded6786a,949,S2,2025-01-19,Segunda recuperacion,A,44,0,44,Reprobado,ACTA-2024-S2-949-A-REC2,Normal,2025-01-19,44,0,44,False,False
b1ada878-5ce8-5e51-bc44-6a5ae1f64971,949,S2,2025-01-19,Segunda recuperacion,A,32,29,61,Aprobado,ACTA-2024-S2-949-A-REC2,Normal,2025-01-19,32,29,61,False,False
c7cd1346-234a-5f30-b884-48b69a36b80d,949,S2,2025-01-19,Segunda recuperacion,A,32,11,43,Reprobado,ACTA-2024-S2-949-A-REC2,Normal,2025-01-19,32,11,43,False,False
cb2a28b9-397d-5feb-a252-7b8abaccc929,949,S2,2025-01-19,Segunda recuperacion,A,35,20,55,Reprobado,ACTA-2024-S2-949-A-REC2,Normal,2025-01-19,35,20,55,False,False
160c76d2-e6fd-5b5f-848d-57e6bb964df3,949,S2,2024-11-07,Ordinario,B,38,26,64,Aprobado,ACTA-2024-S2-949-B-ORD,Normal,2024-11-07,38,26,64,False,False
16882813-1901-5922-b351-e490c6282bc4,949,S2,2024-11-07,Ordinario,B,33,3,36,Reprobado,ACTA-2024-S2-949-B-ORD,Normal,2024-11-07,33,3,36,False,False
3990bdb0-1b8f-5889-897b-07750b6beeab,949,S2,2024-11-07,Ordinario,B,59,5,64,Aprobado,ACTA-2024-S2-949-B-ORD,Normal,2024-11-07,59,5,64,False,False
6805b9fb-41ed-5a31-ad5a-85709d91a8bb,949,S2,2024-11-07,Ordinario,B,55,2,57,Reprobado,ACTA-2024-S2-949-B-ORD,Normal,2024-11-07,55,2,57,False,False
71806101-b15f-5375-91f0-eafc01d04a08,949,S2,2024-11-07,Ordinario,B,46,30,76,Aprobado,ACTA-2024-S2-949-B-ORD,Normal,2024-11-07,46,30,76,False,False
85f6e33e-822a-59b2-a749-33e5034486fd,949,S2,2024-11-07,Ordinario,B,68,13,81,Aprobado,ACTA-2024-S2-949-B-ORD,Normal,2024-11-07,68,13,81,False,False
89e30471-3014-5c79-9455-e1c4f2ee60bd,949,S2,2024-11-07,Ordinario,B,59,7,66,Aprobado,ACTA-2024-S2-949-B-ORD,Normal,2024-11-07,59,7,66,False,False
8d0b01b6-3de2-5be7-87a9-01eb3806e177,949,S2,2024-11-07,Ordinario,B,53,6,59,Reprobado,ACTA-2024-S2-949-B-ORD,Normal,2024-11-07,53,6,59,False,False
16882813-1901-5922-b351-e490c6282bc4,949,S2,2024-11-22,Primera recuperacion,B,33,3,36,Reprobado,ACTA-2024-S2-949-B-REC1,Normal,2024-11-22,33,3,36,False,False
6805b9fb-41ed-5a31-ad5a-85709d91a8bb,949,S2,2024-11-22,Primera recuperacion,B,55,17,72,Aprobado,ACTA-2024-S2-949-B-REC1,Normal,2024-11-22,55,17,72,False,False
8d0b01b6-3de2-5be7-87a9-01eb3806e177,949,S2,2024-11-22,Primera recuperacion,B,53,6,59,Reprobado,ACTA-2024-S2-949-B-REC1,Normal,2024-11-22,53,6,59,False,False
16882813-1901-5922-b351-e490c6282bc4,949,S2,2025-01-14,Segunda recuperacion,B,33,3,36,Reprobado,ACTA-2024-S2-949-B-REC2,Normal,2025-01-14,33,3,36,False,False
0eb4976d-25ba-5524-a0db-2266a874f6ef,950,S2,2024-11-05,Ordinario,A,48,7,55,Reprobado,ACTA-2024-S2-950-A-ORD,Normal,2024-11-05,48,7,55,False,False
508865ff-526c-5b08-8f0b-36822182e26c,950,S2,2024-11-05,Ordinario,A,39,29,68,Aprobado,ACTA-2024-S2-950-A-ORD,Normal,2024-11-05,39,29,68,False,False
55336854-e2aa-563e-8035-7284b4ccc98d,950,S2,2024-11-05,Ordinario,A,61,28,89,Aprobado,ACTA-2024-S2-950-A-ORD,Normal,2024-11-05,61,28,89,False,False
b6f67e91-3fbc-5e3c-9701-7f82ed8816ec,950,S2,2024-11-05,Ordinario,A,39,11,50,Reprobado,ACTA-2024-S2-950-A-ORD,Normal,2024-11-05,39,11,50,False,False
ef638bbd-09bd-5411-8a78-9f02760fef4d,950,S2,2024-11-05,Ordinario,A,50,26,76,Aprobado,ACTA-2024-S2-950-A-ORD,Normal,2024-11-05,50,26,76,False,False
4a6b3546-7880-595e-b541-6aab9d24320b,094,V1,2024-07-01,Ordinario,A,61,8,69,Aprobado,ACTA-2024-V1-094-A-ORD,Normal,2024-07-01,61,8,69,False,False
9a98393a-472a-543c-b2c9-606126573d51,094,V1,2024-07-01,Ordinario,A,50,11,61,Aprobado,ACTA-2024-V1-094-A-ORD,Normal,2024-07-01,50,11,61,False,False
b69b6146-9244-5946-800b-bab8d07fdf29,094,V1,2024-07-01,Ordinario,A,42,16,58,Reprobado,ACTA-2024-V1-094-A-ORD,Normal,2024-07-01,42,16,58,False,False
d118687e-00c4-575c-a6cb-42161dba4e09,094,V1,2024-07-01,Ordinario,A,53,6,59,Reprobado,ACTA-2024-V1-094-A-ORD,Normal,2024-07-01,53,6,59,False,False
ea6d5422-828f-5de1-9fda-fcc0b60d4590,094,V1,2024-07-01,Ordinario,A,51,23,74,Aprobado,ACTA-2024-V1-094-A-ORD,Normal,2024-07-01,51,23,74,False,False
f4c71755-c25b-53e6-aae7-bf388a03494c,094,V1,2024-07-01,Ordinario,A,54,19,73,Aprobado,ACTA-2024-V1-094-A-ORD,Normal,2024-07-01,54,19,73,False,False
160c76d2-e6fd-5b5f-848d-57e6bb964df3,146,V1,2024-07-03,Ordinario,A,42,26,68,Aprobado,ACTA-2024-V1-146-A-ORD,Normal,2024-07-03,42,26,68,False,False
257724e2-11c9-5663-88d5-df9d1c7c66c6,146,V1,2024-07-03,Ordinario,A,52,11,63,Aprobado,ACTA-2024-V1-146-A-ORD,Normal,2024-07-03,52,11,63,False,False
38d3c179-d651-5b38-a95d-5f30eea49bc7,146,V1,2024-07-03,Ordinario,A,46,13,59,Reprobado,ACTA-2024-V1-146-A-ORD,Normal,2024-07-03,46,13,59,False,False
3bdd6bd7-2493-5fef-97d2-19101e40630a,146,V1,2024-07-03,Ordinario,A,31,NSP,31,NSP,ACTA-2024-V1-146-A-ORD,Normal,2024-07-03,31,,31,False,True
3d26acfe-2654-5f55-abd4-4977a7b03cf5,146,V1,2024-07-03,Ordinario,A,67,5,72,Aprobado,ACTA-2024-V1-146-A-ORD,Normal,2024-07-03,67,5,72,False,False
6c433ed9-ad1e-51e2-9d31-0f92474524f1,146,V1,2024-07-03,Ordinario,A,35,19,54,Reprobado,ACTA-2024-V1-146-A-ORD,Normal,2024-07-03,35,19,54,False,False
71806101-b15f-5375-91f0-eafc01d04a08,146,V1,2024-07-03,Ordinario,A,64,9,73,Aprobado,ACTA-2024-V1-146-A-ORD,Normal,2024-07-03,64,9,73,False,False
8dc5c8ce-0b27-50c3-bec7-fce9414db9bf,146,V1,2024-07-03,Ordinario,A,48,24,72,Aprobado,ACTA-2024-V1-146-A-ORD,Normal,2024-07-03,48,24,72,False,False
9ef93136-4252-556a-b27a-56284b0733c6,146,V1,2024-07-03,Ordinario,A,58,21,79,Aprobado,ACTA-2024-V1-146-A-ORD,Normal,2024-07-03,58,21,79,False,False
af7170d5-79af-53e8-ac44-8d6b7e8ad951,146,V1,2024-07-03,Ordinario,A,35,21,56,Reprobado,ACTA-2024-V1-146-A-ORD,Normal,2024-07-03,35,21,56,False,False
c27c04eb-b36c-5f95-a9ff-ba3b43c1f175,146,V1,2024-07-03,Ordinario,A,49,26,75,Aprobado,ACTA-2024-V1-146-A-ORD,Normal,2024-07-03,49,26,75,False,False
cb7e7a97-6e00-55b0-b580-317f19854827,146,V1,2024-07-03,Ordinario,A,32,22,54,Reprobado,ACTA-2024-V1-146-A-ORD,Normal,2024-07-03,32,22,54,False,False
ec22dbbf-bcda-5f1d-bfc8-a82e55ec7de9,146,V1,2024-07-03,Ordinario,A,55,23,78,Aprobado,ACTA-2024-V1-146-A-ORD,Normal,2024-07-03,55,23,78,False,False
f244a686-f32b-5770-9d6b-044f508009fa,146,V1,2024-07-03,Ordinario,A,37,18,55,Reprobado,ACTA-2024-V1-146-A-ORD,Normal,2024-07-03,37,18,55,False,False
16882813-1901-5922-b351-e490c6282bc4,147,V1,2024-07-02,Ordinario,A,67,1,68,Aprobado,ACTA-2024-V1-147-A-ORD,Normal,2024-07-02,67,1,68,False,False
23b6caf2-e88d-5562-aa80-01e9ef57ebe9,147,V1,2024-07-02,Ordinario,A,32,NSP,32,NSP,ACTA-2024-V1-147-A-ORD,Normal,2024-07-02,32,,32,False,True
366b165f-922c-5847-b813-fc6ef6c3a751,147,V1,2024-07-02,Ordinario,A,42,1,43,Reprobado,ACTA-2024-V1-147-A-ORD,Normal,2024-07-02,42,1,43,False,False
41c3459c-e2e4-550d-a299-2cc964c7cfea,147,V1,2024-07-02,Ordinario,A,33,1,34,Reprobado,ACTA-2024-V1-147-A-ORD,Normal,2024-07-02,33,1,34,False,False
731b92fd-50e5-5559-a9d3-96a0748f2373,147,V1,2024-07-02,Ordinario,A,61,3,64,Aprobado,ACTA-2024-V1-147-A-ORD,Normal,2024-07-02,61,3,64,False,False
75ad2a1d-e65d-5b36-9b02-6dc6f12138a4,147,V1,2024-07-02,Ordinario,A,41,29,70,Aprobado,ACTA-2024-V1-147-A-ORD,Normal,2024-07-02,41,29,70,False,False
7d36a894-5a69-5be2-93a2-a8c1d01df056,147,V1,2024-07-02,Ordinario,A,35,23,58,Reprobado,ACTA-2024-V1-147-A-ORD,Normal,2024-07-02,35,23,58,False,False
7e033645-6b36-5b24-be88-ef2953f2c850,147,V1,2024-07-02,Ordinario,A,41,6,47,Reprobado,ACTA-2024-V1-147-A-ORD,Normal,2024-07-02,41,6,47,False,False
829d6bb7-6b71-5f40-9045-d49c7a41f459,147,V1,2024-07-02,Ordinario,A,42,27,69,Aprobado,ACTA-2024-V1-147-A-ORD,Normal,2024-07-02,42,27,69,False,False
b1cce0db-3292-5ff2-837e-2fda6bc2eb62,147,V1,2024-07-02,Ordinario,A,47,22,69,Aprobado,ACTA-2024-V1-147-A-ORD,Normal,2024-07-02,47,22,69,False,False
b2adc362-05d9-54d6-bd03-02e44c27e8c5,147,V1,2024-07-02,Ordinario,A,61,19,80,Aprobado,ACTA-2024-V1-147-A-ORD,Normal,2024-07-02,61,19,80,False,False
b3997c2f-90c6-5168-9d2b-373122f6b85d,147,V1,2024-07-02,Ordinario,A,42,28,70,Aprobado,ACTA-2024-V1-147-A-ORD,Normal,2024-07-02,42,28,70,False,False
bd77a48a-9406-51ae-a620-b28897754dec,147,V1,2024-07-02,Ordinario,A,44,22,66,Aprobado,ACTA-2024-V1-147-A-ORD,Normal,2024-07-02,44,22,66,False,False
36f4d3ec-4023-5b34-8dc2-6e588a93f6a1,147,V1,2024-07-01,Ordinario,B,61,3,64,Aprobado,ACTA-2024-V1-147-B-ORD,Normal,2024-07-01,61,3,64,False,False
6d078a78-d8e3-5b7a-89a1-43baa31b9780,147,V1,2024-07-01,Ordinario,B,57,13,70,Aprobado,ACTA-2024-V1-147-B-ORD,Normal,2024-07-01,57,13,70,False,False
9205f4d0-ca02-57f6-b51e-b705ac0898d7,147,V1,2024-07-01,Ordinario,B,56,NSP,56,NSP,ACTA-2024-V1-147-B-ORD,Normal,2024-07-01,56,,56,False,True
9af53817-e9ec-5854-a2a5-e577ccaf67ed,147,V1,2024-07-01,Ordinario,B,41,25,66,Aprobado,ACTA-2024-V1-147-B-ORD,Normal,2024-07-01,41,25,66,False,False
a5be436a-cb69-5107-956d-501d659bb0d7,147,V1,2024-07-01,Ordinario,B,40,17,57,Reprobado,ACTA-2024-V1-147-B-ORD,Normal,2024-07-01,40,17,57,False,False
b1ada878-5ce8-5e51-bc44-6a5ae1f64971,147,V1,2024-07-01,Ordinario,B,54,3,57,Reprobado,ACTA-2024-V1-147-B-ORD,Normal,2024-07-01,54,3,57,False,False
bc2edb29-4cd5-5fb5-88a5-7dedee94af0d,147,V1,2024-07-01,Ordinario,B,64,13,77,Aprobado,ACTA-2024-V1-147-B-ORD,Normal,2024-07-01,64,13,77,False,False
bed9e918-22d8-53c7-891c-03d1739f37c3,147,V1,2024-07-01,Ordinario,B,39,22,61,Aprobado,ACTA-2024-V1-147-B-ORD,Normal,2024-07-01,39,22,61,False,False
cb2a28b9-397d-5feb-a252-7b8abaccc929,147,V1,2024-07-01,Ordinario,B,36,21,57,Reprobado,ACTA-2024-V1-147-B-ORD,Normal,2024-07-01,36,21,57,False,False
e6cecf06-57d6-5cdb-b2ba-c309cb7cab41,147,V1,2024-07-01,Ordinario,B,48,18,66,Aprobado,ACTA-2024-V1-147-B-ORD,Normal,2024-07-01,48,18,66,False,False
08d5616f-376d-5766-b14e-b1d1437e5d1a,169,V1,2024-07-01,Ordinario,A,33,12,45,Reprobado,ACTA-2024-V1-169-A-ORD,Normal,2024-07-01,33,12,45,False,False
0a9592c1-41df-56fb-ae5f-49a98f842829,169,V1,2024-07-01,Ordinario,A,65,27,92,Aprobado,ACTA-2024-V1-169-A-ORD,Normal,2024-07-01,65,27,92,False,False
1c6583c9-8dab-560b-95ba-62442b620433,169,V1,2024-07-01,Ordinario,A,54,2,56,Reprobado,ACTA-2024-V1-169-A-ORD,Normal,2024-07-01,54,2,56,False,False
252d04af-c959-574c-927b-59809a7cf378,169,V1,2024-07-01,Ordinario,A,38,22,60,Reprobado,ACTA-2024-V1-169-A-ORD,Normal,2024-07-01,38,22,60,False,False
3bddbee5-05a1-5c39-ac75-9157f041902e,169,V1,2024-07-01,Ordinario,A,42,21,63,Aprobado,ACTA-2024-V1-169-A-ORD,Normal,2024-07-01,42,21,63,False,False
4051bf55-d9ef-5c45-94d7-34fa1dad5078,169,V1,2024-07-01,Ordinario,A,46,5,51,Reprobado,ACTA-2024-V1-169-A-ORD,Normal,2024-07-01,46,5,51,False,False
421e5b33-6bf8-5c14-a03b-3a4e6da333e6,169,V1,2024-07-01,Ordinario,A,58,20,78,Aprobado,ACTA-2024-V1-169-A-ORD,Normal,2024-07-01,58,20,78,False,False
44265d66-98f6-5e01-98b4-22e7f68180a9,169,V1,2024-07-01,Ordinario,A,42,21,63,Aprobado,ACTA-2024-V1-169-A-ORD,Normal,2024-07-01,42,21,63,False,False
4d21cea1-ac04-5543-86ff-a481632efb1e,169,V1,2024-07-01,Ordinario,A,50,7,57,Reprobado,ACTA-2024-V1-169-A-ORD,Normal,2024-07-01,50,7,57,False,False
72e11633-3227-57e3-b469-86f635587704,169,V1,2024-07-01,Ordinario,A,40,21,61,Aprobado,ACTA-2024-V1-169-A-ORD,Normal,2024-07-01,40,21,61,False,False
892d453e-ad59-5c86-bc3e-bdd521dd397b,169,V1,2024-07-01,Ordinario,A,43,25,68,Aprobado,ACTA-2024-V1-169-A-ORD,Normal,2024-07-01,43,25,68,False,False
898ef159-1bc5-50f4-a839-8a6328ead4e2,169,V1,2024-07-01,Ordinario,A,65,15,80,Aprobado,ACTA-2024-V1-169-A-ORD,Normal,2024-07-01,65,15,80,False,False
92fcb7e2-aae7-5aa4-81b8-b92b825fe8a7,169,V1,2024-07-01,Ordinario,A,64,4,68,Aprobado,ACTA-2024-V1-169-A-ORD,Normal,2024-07-01,64,4,68,False,False
9e77d389-c711-5374-8ab7-a5ef908fb2a5,169,V1,2024-07-01,Ordinario,A,43,NSP,43,NSP,ACTA-2024-V1-169-A-ORD,Normal,2024-07-01,43,,43,False,True
a97bb513-eef4-547a-a146-e227965cdee2,169,V1,2024-07-01,Ordinario,A,68,13,81,Aprobado,ACTA-2024-V1-169-A-ORD,Normal,2024-07-01,68,13,81,False,False
aa0e548f-62ee-554b-83fc-7eb4613cf4ff,169,V1,2024-07-01,Ordinario,A,49,12,61,Aprobado,ACTA-2024-V1-169-A-ORD,Normal,2024-07-01,49,12,61,False,False
b48cf04d-3355-5979-a671-d15244b9f856,169,V1,2024-07-01,Ordinario,A,55,11,66,Aprobado,ACTA-2024-V1-169-A-ORD,Normal,2024-07-01,55,11,66,False,False
b91bfdc4-f835-5a86-8106-fce8775833f0,169,V1,2024-07-01,Ordinario,A,52,2,54,Reprobado,ACTA-2024-V1-169-A-ORD,Normal,2024-07-01,52,2,54,False,False
c4cf05e9-8e3a-56f4-b1f2-38881baed5d0,169,V1,2024-07-01,Ordinario,A,46,17,63,Aprobado,ACTA-2024-V1-169-A-ORD,Normal,2024-07-01,46,17,63,False,False
f6488969-c04b-5ddd-960d-f87b5e1b214f,169,V1,2024-07-01,Ordinario,A,43,29,72,Aprobado,ACTA-2024-V1-169-A-ORD,Normal,2024-07-01,43,29,72,False,False
fb399764-8cce-535f-a2de-db636fb7aac4,169,V1,2024-07-01,Ordinario,A,37,29,66,Aprobado,ACTA-2024-V1-169-A-ORD,Normal,2024-07-01,37,29,66,False,False
ff9481f2-af23-5a24-9813-859e9c577ab6,169,V1,2024-07-01,Ordinario,A,36,5,41,Reprobado,ACTA-2024-V1-169-A-ORD,Normal,2024-07-01,36,5,41,False,False
136359a4-f6ba-5d83-bc2f-db84eb392890,169,V1,2024-07-01,Ordinario,B,53,NSP,53,NSP,ACTA-2024-V1-169-B-ORD,Normal,2024-07-01,53,,53,False,True
13b9c86d-9619-5631-94db-1fa1670bd20b,169,V1,2024-07-01,Ordinario,B,59,22,81,Aprobado,ACTA-2024-V1-169-B-ORD,Normal,2024-07-01,59,22,81,False,False
1de648c3-6819-5075-9540-695d387b5ffb,169,V1,2024-07-01,Ordinario,B,50,10,60,Reprobado,ACTA-2024-V1-169-B-ORD,Normal,2024-07-01,50,10,60,False,False
263cfab1-83e1-5775-bb4e-9afb1bef241e,169,V1,2024-07-01,Ordinario,B,39,28,67,Aprobado,ACTA-2024-V1-169-B-ORD,Normal,2024-07-01,39,28,67,False,False
2a26e298-c5dc-52aa-94db-7ad1d63e65cb,169,V1,2024-07-01,Ordinario,B,31,9,40,Reprobado,ACTA-2024-V1-169-B-ORD,Normal,2024-07-01,31,9,40,False,False
3e703abf-7a8c-5481-8fa7-6bc889902317,169,V1,2024-07-01,Ordinario,B,36,30,66,Aprobado,ACTA-2024-V1-169-B-ORD,Normal,2024-07-01,36,30,66,False,False
423e74d0-11dd-5a3f-8ce1-5ef8d9ab9064,169,V1,2024-07-01,Ordinario,B,54,1,55,Reprobado,ACTA-2024-V1-169-B-ORD,Normal,2024-07-01,54,1,55,False,False
590a15b3-d7a2-52b9-ab96-bf974ee42530,169,V1,2024-07-01,Ordinario,B,36,28,64,Aprobado,ACTA-2024-V1-169-B-ORD,Normal,2024-07-01,36,28,64,False,False
63b57290-7942-50f2-9869-50904d311a85,169,V1,2024-07-01,Ordinario,B,68,22,90,Aprobado,ACTA-2024-V1-169-B-ORD,Normal,2024-07-01,68,22,90,False,False
682590a1-8178-5261-b1a8-d0e0130255a2,169,V1,2024-07-01,Ordinario,B,63,13,76,Aprobado,ACTA-2024-V1-169-B-ORD,Normal,2024-07-01,63,13,76,False,False
77ba4949-674f-5d40-b7e3-d0faee92880d,169,V1,2024-07-01,Ordinario,B,51,7,58,Reprobado,ACTA-2024-V1-169-B-ORD,Normal,2024-07-01,51,7,58,False,False
8cd78b9b-ec67-5cc2-a2e0-f9086c2a104e,169,V1,2024-07-01,Ordinario,B,49,5,54,Reprobado,ACTA-2024-V1-169-B-ORD,Normal,2024-07-01,49,5,54,False,False
aa8813f5-0192-5963-bd3d-2626ed41657a,169,V1,2024-07-01,Ordinario,B,53,9,62,Aprobado,ACTA-2024-V1-169-B-ORD,Normal,2024-07-01,53,9,62,False,False
b481fb0d-4c7d-5dbf-8e5a-85fcf4533ba4,169,V1,2024-07-01,Ordinario,B,58,17,75,Aprobado,ACTA-2024-V1-169-B-ORD,Normal,2024-07-01,58,17,75,False,False
f1bca5fd-d3c7-5b2e-a90e-fbbf75fbcb41,169,V1,2024-07-01,Ordinario,B,60,16,76,Aprobado,ACTA-2024-V1-169-B-ORD,Normal,2024-07-01,60,16,76,False,False
f23552cd-6876-5561-b470-73e7c5e2bebe,169,V1,2024-07-01,Ordinario,B,65,24,89,Aprobado,ACTA-2024-V1-169-B-ORD,Normal,2024-07-01,65,24,89,False,False
fc57b469-8570-5031-b6b6-027ecfb0f9a7,169,V1,2024-07-01,Ordinario,B,36,29,65,Aprobado,ACTA-2024-V1-169-B-ORD,Normal,2024-07-01,36,29,65,False,False
00a20d4b-9043-50fd-9656-3d18b3d769d1,169,V1,2024-07-03,Ordinario,C,42,27,69,Aprobado,ACTA-2024-V1-169-C-ORD,Normal,2024-07-03,42,27,69,False,False
0982685f-f12c-5cbc-87fb-2af443788fef,169,V1,2024-07-03,Ordinario,C,52,10,62,Aprobado,ACTA-2024-V1-169-C-ORD,Normal,2024-07-03,52,10,62,False,False
270a0504-64d3-5ff7-bda8-d02793ef8a81,169,V1,2024-07-03,Ordinario,C,49,12,61,Aprobado,ACTA-2024-V1-169-C-ORD,Normal,2024-07-03,49,12,61,False,False
3513277f-67b8-5015-9843-e138ce7821cd,169,V1,2024-07-03,Ordinario,C,51,5,56,Reprobado,ACTA-2024-V1-169-C-ORD,Normal,2024-07-03,51,5,56,False,False
37cf6f59-cc69-576b-ba66-c5cf8fe772c3,169,V1,2024-07-03,Ordinario,C,40,24,64,Aprobado,ACTA-2024-V1-169-C-ORD,Normal,2024-07-03,40,24,64,False,False
3ed23438-77d4-550f-ad5f-cc6bcf90ec02,169,V1,2024-07-03,Ordinario,C,38,11,49,Reprobado,ACTA-2024-V1-169-C-ORD,Normal,2024-07-03,38,11,49,False,False
4ace62b5-4832-525a-8d5d-71bdbe79aa5d,169,V1,2024-07-03,Ordinario,C,46,14,60,Reprobado,ACTA-2024-V1-169-C-ORD,Normal,2024-07-03,46,14,60,False,False
54efacbd-8d05-5312-8217-122e8f73fddc,169,V1,2024-07-03,Ordinario,C,37,25,62,Aprobado,ACTA-2024-V1-169-C-ORD,Normal,2024-07-03,37,25,62,False,False
5814899b-920c-5074-a7c7-7511abd951ba,169,V1,2024-07-03,Ordinario,C,37,26,63,Aprobado,ACTA-2024-V1-169-C-ORD,Normal,2024-07-03,37,26,63,False,False
5c937f46-19cc-56ec-bd5e-bec0181f8b45,169,V1,2024-07-03,Ordinario,C,38,27,65,Aprobado,ACTA-2024-V1-169-C-ORD,Normal,2024-07-03,38,27,65,False,False
81104a59-2b4e-542a-8a88-6b95928606f2,169,V1,2024-07-03,Ordinario,C,65,11,76,Aprobado,ACTA-2024-V1-169-C-ORD,Normal,2024-07-03,65,11,76,False,False
8330ae23-4728-57d3-9192-77a20abbdca7,169,V1,2024-07-03,Ordinario,C,54,4,58,Reprobado,ACTA-2024-V1-169-C-ORD,Normal,2024-07-03,54,4,58,False,False
86ca5350-2e17-5b7e-a919-5fd3d68be21f,169,V1,2024-07-03,Ordinario,C,46,10,56,Reprobado,ACTA-2024-V1-169-C-ORD,Normal,2024-07-03,46,10,56,False,False
978d05a1-a5a9-5ba4-9e3c-f3840d820cc0,169,V1,2024-07-03,Ordinario,C,59,23,82,Aprobado,ACTA-2024-V1-169-C-ORD,Normal,2024-07-03,59,23,82,False,False
a8b2948e-db2a-550f-8291-7bf443e650f9,169,V1,2024-07-03,Ordinario,C,46,1,47,Reprobado,ACTA-2024-V1-169-C-ORD,Normal,2024-07-03,46,1,47,False,False
b73c830f-c8ef-567b-bcb4-081b76752502,169,V1,2024-07-03,Ordinario,C,44,26,70,Aprobado,ACTA-2024-V1-169-C-ORD,Normal,2024-07-03,44,26,70,False,False
be1fcbec-38cc-5bd7-8f2d-eb697f760369,169,V1,2024-07-03,Ordinario,C,48,NSP,48,NSP,ACTA-2024-V1-169-C-ORD,Normal,2024-07-03,48,,48,False,True
c196e189-9bf9-5874-954e-a0324df04e81,169,V1,2024-07-03,Ordinario,C,41,26,67,Aprobado,ACTA-2024-V1-169-C-ORD,Normal,2024-07-03,41,26,67,False,False
c9be5db4-4388-5e6e-bdb4-3792752de6b4,169,V1,2024-07-03,Ordinario,C,46,12,58,Reprobado,ACTA-2024-V1-169-C-ORD,Normal,2024-07-03,46,12,58,False,False
d249646d-3649-5026-b0d5-4d07c1c3188b,169,V1,2024-07-03,Ordinario,C,36,27,63,Aprobado,ACTA-2024-V1-169-C-ORD,Normal,2024-07-03,36,27,63,False,False
dc7a4a7d-204c-510b-8a49-6ce8ff399651,169,V1,2024-07-03,Ordinario,C,53,10,63,Aprobado,ACTA-2024-V1-169-C-ORD,Normal,2024-07-03,53,10,63,False,False
e3bc81de-b8d3-5624-bc8b-61e4451515d1,169,V1,2024-07-03,Ordinario,C,55,4,59,Reprobado,ACTA-2024-V1-169-C-ORD,Normal,2024-07-03,55,4,59,False,False
e7da69d3-57e7-59a4-922d-a24220d927f7,169,V1,2024-07-03,Ordinario,C,68,8,76,Aprobado,ACTA-2024-V1-169-C-ORD,Normal,2024-07-03,68,8,76,False,False
f40eeb46-bad9-5029-91f9-439aa0d47666,169,V1,2024-07-03,Ordinario,C,54,18,72,Aprobado,ACTA-2024-V1-169-C-ORD,Normal,2024-07-03,54,18,72,False,False
0045968e-85a2-5b82-bc32-83b532db55cd,170,V1,2024-06-30,Ordinario,A,56,7,63,Aprobado,ACTA-2024-V1-170-A-ORD,Normal,2024-06-30,56,7,63,False,False
252d04af-c959-574c-927b-59809a7cf378,170,V1,2024-06-30,Ordinario,A,44,4,48,Reprobado,ACTA-2024-V1-170-A-ORD,Normal,2024-06-30,44,4,48,False,False
3513277f-67b8-5015-9843-e138ce7821cd,170,V1,2024-06-30,Ordinario,A,59,8,67,Aprobado,ACTA-2024-V1-170-A-ORD,Normal,2024-06-30,59,8,67,False,False
4ace62b5-4832-525a-8d5d-71bdbe79aa5d,170,V1,2024-06-30,Ordinario,A,68,13,81,Aprobado,ACTA-2024-V1-170-A-ORD,Normal,2024-06-30,68,13,81,False,False
54a8344b-f5b6-57d7-bf33-011f650d4236,170,V1,2024-06-30,Ordinario,A,36,29,65,Aprobado,ACTA-2024-V1-170-A-ORD,Normal,2024-06-30,36,29,65,False,False
6327d4a3-6104-565e-b692-b3e8408fe538,170,V1,2024-06-30,Ordinario,A,45,20,65,Aprobado,ACTA-2024-V1-170-A-ORD,Normal,2024-06-30,45,20,65,False,False
66d6c08a-7bbd-5231-8022-3bd6f157ebc0,170,V1,2024-06-30,Ordinario,A,41,11,52,Reprobado,ACTA-2024-V1-170-A-ORD,Normal,2024-06-30,41,11,52,False,False
7e3bdd97-4da0-5cd5-b823-7a9e26bc38c5,170,V1,2024-06-30,Ordinario,A,57,28,85,Aprobado,ACTA-2024-V1-170-A-ORD,Normal,2024-06-30,57,28,85,False,False
86ca5350-2e17-5b7e-a919-5fd3d68be21f,170,V1,2024-06-30,Ordinario,A,46,5,51,Reprobado,ACTA-2024-V1-170-A-ORD,Normal,2024-06-30,46,5,51,False,False
88a82b73-03f1-51b9-8e54-86fd323e5b2f,170,V1,2024-06-30,Ordinario,A,39,19,58,Reprobado,ACTA-2024-V1-170-A-ORD,Normal,2024-06-30,39,19,58,False,False
91743045-3b39-5cd8-b8b9-bf08f8d5885d,170,V1,2024-06-30,Ordinario,A,56,NSP,56,NSP,ACTA-2024-V1-170-A-ORD,Normal,2024-06-30,56,,56,False,True
a8b2948e-db2a-550f-8291-7bf443e650f9,170,V1,2024-06-30,Ordinario,A,57,17,74,Aprobado,ACTA-2024-V1-170-A-ORD,Normal,2024-06-30,57,17,74,False,False
bd1c4b12-6c8c-5a45-8625-5e8fbbaa33f2,170,V1,2024-06-30,Ordinario,A,31,8,39,Reprobado,ACTA-2024-V1-170-A-ORD,Normal,2024-06-30,31,8,39,False,False
cea4473d-52f7-5d4c-a6ca-fac54542b285,170,V1,2024-06-30,Ordinario,A,64,29,93,Aprobado,ACTA-2024-V1-170-A-ORD,Normal,2024-06-30,64,29,93,False,False
e3139aa2-e1cb-5e06-8ef2-3c1807aa2572,170,V1,2024-06-30,Ordinario,A,46,8,54,Reprobado,ACTA-2024-V1-170-A-ORD,Normal,2024-06-30,46,8,54,False,False
e3bc81de-b8d3-5624-bc8b-61e4451515d1,170,V1,2024-06-30,Ordinario,A,60,24,84,Aprobado,ACTA-2024-V1-170-A-ORD,Normal,2024-06-30,60,24,84,False,False
e42d7ce0-3048-53ab-8d1d-178e47c9bc3e,170,V1,2024-06-30,Ordinario,A,42,22,64,Aprobado,ACTA-2024-V1-170-A-ORD,Normal,2024-06-30,42,22,64,False,False
e6e9156d-7483-53bd-b81b-65242bc99cc1,170,V1,2024-06-30,Ordinario,A,58,21,79,Aprobado,ACTA-2024-V1-170-A-ORD,Normal,2024-06-30,58,21,79,False,False
2e00f910-0e59-5ab9-9e8b-a34bcab03f92,2835,V1,2024-07-01,Ordinario,A,60,4,64,Aprobado,ACTA-2024-V1-2835-A-ORD,Normal,2024-07-01,60,4,64,False,False
7652cff7-b1c1-512d-b7b3-3fcebcd66836,2835,V1,2024-07-01,Ordinario,A,42,18,60,Reprobado,ACTA-2024-V1-2835-A-ORD,Normal,2024-07-01,42,18,60,False,False
94c6c4d2-5d64-5018-a24d-7e0532b95491,2835,V1,2024-07-01,Ordinario,A,36,29,65,Aprobado,ACTA-2024-V1-2835-A-ORD,Normal,2024-07-01,36,29,65,False,False
9bdf610d-5561-5b91-8b06-e55510ab5fca,2835,V1,2024-07-01,Ordinario,A,50,NSP,50,NSP,ACTA-2024-V1-2835-A-ORD,Normal,2024-07-01,50,,50,False,True
9f318098-1494-5125-906a-ee896264abd1,2835,V1,2024-07-01,Ordinario,A,43,21,64,Aprobado,ACTA-2024-V1-2835-A-ORD,Normal,2024-07-01,43,21,64,False,False
bdcc331a-c430-5427-9007-7575f89c6156,2835,V1,2024-07-01,Ordinario,A,37,9,46,Reprobado,ACTA-2024-V1-2835-A-ORD,Normal,2024-07-01,37,9,46,False,False
172d1071-6be5-5340-babc-57ca19b4e7df,2837,V1,2024-06-30,Ordinario,A,68,2,70,Aprobado,ACTA-2024-V1-2837-A-ORD,Normal,2024-06-30,68,2,70,False,False
329e7019-2aa5-5081-be77-b04897cd4e37,2837,V1,2024-06-30,Ordinario,A,57,6,63,Aprobado,ACTA-2024-V1-2837-A-ORD,Normal,2024-06-30,57,6,63,False,False
733eabf0-8a01-561c-88de-061f75b8feac,2837,V1,2024-06-30,Ordinario,A,50,29,79,Aprobado,ACTA-2024-V1-2837-A-ORD,Normal,2024-06-30,50,29,79,False,False
7652cff7-b1c1-512d-b7b3-3fcebcd66836,2837,V1,2024-06-30,Ordinario,A,37,8,45,Reprobado,ACTA-2024-V1-2837-A-ORD,Normal,2024-06-30,37,8,45,False,False
859f36a1-cc40-5623-9e54-398e73656d6c,2837,V1,2024-06-30,Ordinario,A,53,NSP,53,NSP,ACTA-2024-V1-2837-A-ORD,Normal,2024-06-30,53,,53,False,True
9f318098-1494-5125-906a-ee896264abd1,2837,V1,2024-06-30,Ordinario,A,45,18,63,Aprobado,ACTA-2024-V1-2837-A-ORD,Normal,2024-06-30,45,18,63,False,False
dc5309eb-e2ec-550a-bb50-7b1eaa7753c1,2837,V1,2024-06-30,Ordinario,A,43,30,73,Aprobado,ACTA-2024-V1-2837-A-ORD,Normal,2024-06-30,43,30,73,False,False
e00823c4-4799-56a2-aef1-8dc8472386dc,2837,V1,2024-06-30,Ordinario,A,52,5,57,Reprobado,ACTA-2024-V1-2837-A-ORD,Normal,2024-06-30,52,5,57,False,False
0cde0ab4-cadb-52c2-b390-b7f6afe8746c,290,V1,2024-06-30,Ordinario,A,55,15,70,Aprobado,ACTA-2024-V1-290-A-ORD,Normal,2024-06-30,55,15,70,False,False
37298f71-ec61-5e5c-ad25-86570c15f7ec,290,V1,2024-06-30,Ordinario,A,48,27,75,Aprobado,ACTA-2024-V1-290-A-ORD,Normal,2024-06-30,48,27,75,False,False
38d3c179-d651-5b38-a95d-5f30eea49bc7,290,V1,2024-06-30,Ordinario,A,45,11,56,Reprobado,ACTA-2024-V1-290-A-ORD,Normal,2024-06-30,45,11,56,False,False
3b839c8a-1e03-5728-b057-2689dbdd202e,290,V1,2024-06-30,Ordinario,A,60,23,83,Aprobado,ACTA-2024-V1-290-A-ORD,Normal,2024-06-30,60,23,83,False,False
3bdd6bd7-2493-5fef-97d2-19101e40630a,290,V1,2024-06-30,Ordinario,A,41,23,64,Aprobado,ACTA-2024-V1-290-A-ORD,Normal,2024-06-30,41,23,64,False,False
6c433ed9-ad1e-51e2-9d31-0f92474524f1,290,V1,2024-06-30,Ordinario,A,49,NSP,49,NSP,ACTA-2024-V1-290-A-ORD,Normal,2024-06-30,49,,49,False,True
751429d0-55a4-50e5-96d4-4ff1fdfc02c0,290,V1,2024-06-30,Ordinario,A,59,30,89,Aprobado,ACTA-2024-V1-290-A-ORD,Normal,2024-06-30,59,30,89,False,False
760374e5-fa63-5431-b172-de8a0abbce5f,290,V1,2024-06-30,Ordinario,A,46,12,58,Reprobado,ACTA-2024-V1-290-A-ORD,Normal,2024-06-30,46,12,58,False,False
8feda068-15b3-578a-b249-a538441fafb6,290,V1,2024-06-30,Ordinario,A,53,1,54,Reprobado,ACTA-2024-V1-290-A-ORD,Normal,2024-06-30,53,1,54,False,False
9db9b320-6e2b-5cf7-9e83-bba0130684c9,290,V1,2024-06-30,Ordinario,A,62,16,78,Aprobado,ACTA-2024-V1-290-A-ORD,Normal,2024-06-30,62,16,78,False,False
a2b5f5b2-e9f5-5757-9f6e-7438a476abc5,290,V1,2024-06-30,Ordinario,A,47,20,67,Aprobado,ACTA-2024-V1-290-A-ORD,Normal,2024-06-30,47,20,67,False,False
af7170d5-79af-53e8-ac44-8d6b7e8ad951,290,V1,2024-06-30,Ordinario,A,41,13,54,Reprobado,ACTA-2024-V1-290-A-ORD,Normal,2024-06-30,41,13,54,False,False
b0348df3-fe64-57fb-9a16-ef1d46254d7e,290,V1,2024-06-30,Ordinario,A,66,29,95,Aprobado,ACTA-2024-V1-290-A-ORD,Normal,2024-06-30,66,29,95,False,False
c27c04eb-b36c-5f95-a9ff-ba3b43c1f175,290,V1,2024-06-30,Ordinario,A,46,29,75,Aprobado,ACTA-2024-V1-290-A-ORD,Normal,2024-06-30,46,29,75,False,False
e21547f5-5ca5-5a65-9672-e1f99f10125a,290,V1,2024-06-30,Ordinario,A,36,22,58,Reprobado,ACTA-2024-V1-290-A-ORD,Normal,2024-06-30,36,22,58,False,False
eae6527b-b1e4-5222-b4d0-ac6089abf79f,290,V1,2024-06-30,Ordinario,A,47,19,66,Aprobado,ACTA-2024-V1-290-A-ORD,Normal,2024-06-30,47,19,66,False,False
f199e5f4-121f-5cf5-ba7c-98bc08d9eb4c,290,V1,2024-06-30,Ordinario,A,55,19,74,Aprobado,ACTA-2024-V1-290-A-ORD,Normal,2024-06-30,55,19,74,False,False
f244a686-f32b-5770-9d6b-044f508009fa,290,V1,2024-06-30,Ordinario,A,54,0,54,Reprobado,ACTA-2024-V1-290-A-ORD,Normal,2024-06-30,54,0,54,False,False
fc68457e-7e7c-5698-a1c7-1ed0dccba4b3,290,V1,2024-06-30,Ordinario,A,48,0,48,Reprobado,ACTA-2024-V1-290-A-ORD,Normal,2024-06-30,48,0,48,False,False
0c06f8f4-288d-57e0-8936-3d81fc7db2e7,290,V1,2024-07-03,Ordinario,B,50,26,76,Aprobado,ACTA-2024-V1-290-B-ORD,Normal,2024-07-03,50,26,76,False,False
101fcc1c-02cb-502a-895a-dc14ec8bc4fc,290,V1,2024-07-03,Ordinario,B,36,30,66,Aprobado,ACTA-2024-V1-290-B-ORD,Normal,2024-07-03,36,30,66,False,False
26b70c46-d8aa-5b67-b21d-02f2c1b9ca56,290,V1,2024-07-03,Ordinario,B,49,23,72,Aprobado,ACTA-2024-V1-290-B-ORD,Normal,2024-07-03,49,23,72,False,False
4628c082-b668-5afc-a506-1e3c43e99915,290,V1,2024-07-03,Ordinario,B,47,0,47,Reprobado,ACTA-2024-V1-290-B-ORD,Normal,2024-07-03,47,0,47,False,False
5f2d4609-1bd0-5199-8792-ad4daad25e34,290,V1,2024-07-03,Ordinario,B,55,11,66,Aprobado,ACTA-2024-V1-290-B-ORD,Normal,2024-07-03,55,11,66,False,False
670ed2ec-5dc5-5a8a-9e6f-770f70091eb9,290,V1,2024-07-03,Ordinario,B,43,NSP,43,NSP,ACTA-2024-V1-290-B-ORD,Normal,2024-07-03,43,,43,False,True
857bee19-f5cc-5925-8f6d-5e6dc8b42cb7,290,V1,2024-07-03,Ordinario,B,62,23,85,Aprobado,ACTA-2024-V1-290-B-ORD,Normal,2024-07-03,62,23,85,False,False
9af53817-e9ec-5854-a2a5-e577ccaf67ed,290,V1,2024-07-03,Ordinario,B,52,29,81,Aprobado,ACTA-2024-V1-290-B-ORD,Normal,2024-07-03,52,29,81,False,False
a95180f9-77c6-5b98-a2fb-323e641ed050,290,V1,2024-07-03,Ordinario,B,46,3,49,Reprobado,ACTA-2024-V1-290-B-ORD,Normal,2024-07-03,46,3,49,False,False
bc2edb29-4cd5-5fb5-88a5-7dedee94af0d,290,V1,2024-07-03,Ordinario,B,37,11,48,Reprobado,ACTA-2024-V1-290-B-ORD,Normal,2024-07-03,37,11,48,False,False
bed9e918-22d8-53c7-891c-03d1739f37c3,290,V1,2024-07-03,Ordinario,B,61,27,88,Aprobado,ACTA-2024-V1-290-B-ORD,Normal,2024-07-03,61,27,88,False,False
cb7e7a97-6e00-55b0-b580-317f19854827,290,V1,2024-07-03,Ordinario,B,47,7,54,Reprobado,ACTA-2024-V1-290-B-ORD,Normal,2024-07-03,47,7,54,False,False
cf78170e-bdcf-5b76-9880-68254df8a507,290,V1,2024-07-03,Ordinario,B,35,16,51,Reprobado,ACTA-2024-V1-290-B-ORD,Normal,2024-07-03,35,16,51,False,False
ec14649a-b1aa-5070-8cb4-c6a848b94d89,290,V1,2024-07-03,Ordinario,B,51,16,67,Aprobado,ACTA-2024-V1-290-B-ORD,Normal,2024-07-03,51,16,67,False,False
f2dad9d6-eb91-5d98-9cb3-9e546e130399,290,V1,2024-07-03,Ordinario,B,41,24,65,Aprobado,ACTA-2024-V1-290-B-ORD,Normal,2024-07-03,41,24,65,False,False
f4079fd7-040c-5036-b7a6-c0842fed660b,290,V1,2024-07-03,Ordinario,B,45,30,75,Aprobado,ACTA-2024-V1-290-B-ORD,Normal,2024-07-03,45,30,75,False,False
0fa55129-2054-5d0a-ac6a-c453dfc1133a,291,V1,2024-07-02,Ordinario,A,65,1,66,Aprobado,ACTA-2024-V1-291-A-ORD,Normal,2024-07-02,65,1,66,False,False
229d23a0-bac6-55e3-9d53-ef85f45542e0,291,V1,2024-07-02,Ordinario,A,42,NSP,42,NSP,ACTA-2024-V1-291-A-ORD,Normal,2024-07-02,42,,42,False,True
26a06e61-efe0-518d-aa15-c7ace718268a,291,V1,2024-07-02,Ordinario,A,42,26,68,Aprobado,ACTA-2024-V1-291-A-ORD,Normal,2024-07-02,42,26,68,False,False
287283ce-fcaf-5519-a49e-3dea1c655f86,291,V1,2024-07-02,Ordinario,A,64,20,84,Aprobado,ACTA-2024-V1-291-A-ORD,Normal,2024-07-02,64,20,84,False,False
3f2755ef-7031-5580-be34-89f9ba198194,291,V1,2024-07-02,Ordinario,A,49,6,55,Reprobado,ACTA-2024-V1-291-A-ORD,Normal,2024-07-02,49,6,55,False,False
b06bcec0-b3a3-50b9-a1ec-953a4674371d,291,V1,2024-07-02,Ordinario,A,66,6,72,Aprobado,ACTA-2024-V1-291-A-ORD,Normal,2024-07-02,66,6,72,False,False
b1ada878-5ce8-5e51-bc44-6a5ae1f64971,291,V1,2024-07-02,Ordinario,A,45,30,75,Aprobado,ACTA-2024-V1-291-A-ORD,Normal,2024-07-02,45,30,75,False,False
c5252bea-0a8d-5efa-82fb-26d83372a130,291,V1,2024-07-02,Ordinario,A,53,9,62,Aprobado,ACTA-2024-V1-291-A-ORD,Normal,2024-07-02,53,9,62,False,False
c7cd1346-234a-5f30-b884-48b69a36b80d,291,V1,2024-07-02,Ordinario,A,51,9,60,Reprobado,ACTA-2024-V1-291-A-ORD,Normal,2024-07-02,51,9,60,False,False
ca045e8e-72e0-524e-b94e-790662c03e9c,291,V1,2024-07-02,Ordinario,A,36,26,62,Aprobado,ACTA-2024-V1-291-A-ORD,Normal,2024-07-02,36,26,62,False,False
cc8b8c37-cde4-5961-8d5a-293197f83e2e,291,V1,2024-07-02,Ordinario,A,58,3,61,Aprobado,ACTA-2024-V1-291-A-ORD,Normal,2024-07-02,58,3,61,False,False
efa55bd1-a3d6-552e-b4fc-91b4426c5818,291,V1,2024-07-02,Ordinario,A,43,15,58,Reprobado,ACTA-2024-V1-291-A-ORD,Normal,2024-07-02,43,15,58,False,False
18a74ce6-ba44-5c94-a2c3-22a8ded6786a,292,V1,2024-07-01,Ordinario,A,50,5,55,Reprobado,ACTA-2024-V1-292-A-ORD,Normal,2024-07-01,50,5,55,False,False
229d23a0-bac6-55e3-9d53-ef85f45542e0,292,V1,2024-07-01,Ordinario,A,44,19,63,Aprobado,ACTA-2024-V1-292-A-ORD,Normal,2024-07-01,44,19,63,False,False
26a06e61-efe0-518d-aa15-c7ace718268a,292,V1,2024-07-01,Ordinario,A,56,11,67,Aprobado,ACTA-2024-V1-292-A-ORD,Normal,2024-07-01,56,11,67,False,False
366b165f-922c-5847-b813-fc6ef6c3a751,292,V1,2024-07-01,Ordinario,A,37,NSP,37,NSP,ACTA-2024-V1-292-A-ORD,Normal,2024-07-01,37,,37,False,True
7aac2ae8-68aa-51a1-b8a6-24cdb91b4935,292,V1,2024-07-01,Ordinario,A,49,14,63,Aprobado,ACTA-2024-V1-292-A-ORD,Normal,2024-07-01,49,14,63,False,False
7e033645-6b36-5b24-be88-ef2953f2c850,292,V1,2024-07-01,Ordinario,A,54,23,77,Aprobado,ACTA-2024-V1-292-A-ORD,Normal,2024-07-01,54,23,77,False,False
830d469b-5f0d-5c02-83e5-fb3ef8b12772,292,V1,2024-07-01,Ordinario,A,41,28,69,Aprobado,ACTA-2024-V1-292-A-ORD,Normal,2024-07-01,41,28,69,False,False
c7cd1346-234a-5f30-b884-48b69a36b80d,292,V1,2024-07-01,Ordinario,A,38,21,59,Reprobado,ACTA-2024-V1-292-A-ORD,Normal,2024-07-01,38,21,59,False,False
cb2a28b9-397d-5feb-a252-7b8abaccc929,292,V1,2024-07-01,Ordinario,A,36,0,36,Reprobado,ACTA-2024-V1-292-A-ORD,Normal,2024-07-01,36,0,36,False,False
f4079fd7-040c-5036-b7a6-c0842fed660b,292,V1,2024-07-01,Ordinario,A,58,15,73,Aprobado,ACTA-2024-V1-292-A-ORD,Normal,2024-07-01,58,15,73,False,False
258230b7-9a78-5154-bafa-abd2bb5f077f,673,V1,2024-07-03,Ordinario,A,49,13,62,Aprobado,ACTA-2024-V1-673-A-ORD,Normal,2024-07-03,49,13,62,False,False
385d8efa-6168-5aa3-ada8-a2e6a2d12d83,673,V1,2024-07-03,Ordinario,A,32,8,40,Reprobado,ACTA-2024-V1-673-A-ORD,Normal,2024-07-03,32,8,40,False,False
4f27b763-668f-5443-b687-4d9ca582763c,673,V1,2024-07-03,Ordinario,A,65,6,71,Aprobado,ACTA-2024-V1-673-A-ORD,Normal,2024-07-03,65,6,71,False,False
85f6e33e-822a-59b2-a749-33e5034486fd,673,V1,2024-07-03,Ordinario,A,52,14,66,Aprobado,ACTA-2024-V1-673-A-ORD,Normal,2024-07-03,52,14,66,False,False
8adbc82c-808f-5b1d-b86c-04b04f2a4aad,673,V1,2024-07-03,Ordinario,A,41,12,53,Reprobado,ACTA-2024-V1-673-A-ORD,Normal,2024-07-03,41,12,53,False,False
a0ce5501-c941-5d6f-bdff-a357ccb52bd7,673,V1,2024-07-03,Ordinario,A,58,7,65,Aprobado,ACTA-2024-V1-673-A-ORD,Normal,2024-07-03,58,7,65,False,False
b01c0133-92dd-5f13-8b4b-3e6a951b3bb4,673,V1,2024-07-03,Ordinario,A,53,7,60,Reprobado,ACTA-2024-V1-673-A-ORD,Normal,2024-07-03,53,7,60,False,False
c89bf0ca-8b71-5ca2-971d-575175c65ad9,673,V1,2024-07-03,Ordinario,A,50,12,62,Aprobado,ACTA-2024-V1-673-A-ORD,Normal,2024-07-03,50,12,62,False,False
3d7b4965-b27a-514f-80f3-5afca2189109,674,V1,2024-07-02,Ordinario,A,41,6,47,Reprobado,ACTA-2024-V1-674-A-ORD,Normal,2024-07-02,41,6,47,False,False
619e0687-c73c-51a5-96c5-00517e00097a,674,V1,2024-07-02,Ordinario,A,54,3,57,Reprobado,ACTA-2024-V1-674-A-ORD,Normal,2024-07-02,54,3,57,False,False
85f6e33e-822a-59b2-a749-33e5034486fd,674,V1,2024-07-02,Ordinario,A,39,24,63,Aprobado,ACTA-2024-V1-674-A-ORD,Normal,2024-07-02,39,24,63,False,False
8f991504-6b31-501a-864a-6713b5eebd07,674,V1,2024-07-02,Ordinario,A,50,0,50,Reprobado,ACTA-2024-V1-674-A-ORD,Normal,2024-07-02,50,0,50,False,False
a0ce5501-c941-5d6f-bdff-a357ccb52bd7,674,V1,2024-07-02,Ordinario,A,66,3,69,Aprobado,ACTA-2024-V1-674-A-ORD,Normal,2024-07-02,66,3,69,False,False
c922de12-eb27-59e0-bffe-295050a28a20,674,V1,2024-07-02,Ordinario,A,38,27,65,Aprobado,ACTA-2024-V1-674-A-ORD,Normal,2024-07-02,38,27,65,False,False
daac4940-d50e-5f20-8627-7705544803ed,674,V1,2024-07-02,Ordinario,A,45,27,72,Aprobado,ACTA-2024-V1-674-A-ORD,Normal,2024-07-02,45,27,72,False,False
fcb564ba-dcd6-5948-b405-a71674ce7049,674,V1,2024-07-02,Ordinario,A,42,30,72,Aprobado,ACTA-2024-V1-674-A-ORD,Normal,2024-07-02,42,30,72,False,False
3099a7bf-6e40-58f6-ab25-f2d2d83ce748,685,V1,2024-06-30,Ordinario,A,62,19,81,Aprobado,ACTA-2024-V1-685-A-ORD,Normal,2024-06-30,62,19,81,False,False
690768a4-bb18-595a-a71f-c99fe2a9eb6e,685,V1,2024-06-30,Ordinario,A,51,27,78,Aprobado,ACTA-2024-V1-685-A-ORD,Normal,2024-06-30,51,27,78,False,False
908ad6b6-bcca-5db9-bd43-adb0a789cb28,685,V1,2024-06-30,Ordinario,A,54,6,60,Reprobado,ACTA-2024-V1-685-A-ORD,Normal,2024-06-30,54,6,60,False,False
a7bd029d-5a6a-5bb6-bc5c-4ddb5411b6fe,685,V1,2024-06-30,Ordinario,A,66,19,85,Aprobado,ACTA-2024-V1-685-A-ORD,Normal,2024-06-30,66,19,85,False,False
c5b1ebc7-fe00-5c45-907f-133c48cc8f5e,685,V1,2024-06-30,Ordinario,A,45,11,56,Reprobado,ACTA-2024-V1-685-A-ORD,Normal,2024-06-30,45,11,56,False,False
de300aca-315d-5ec3-8a15-b7198afc11e1,685,V1,2024-06-30,Ordinario,A,59,22,81,Aprobado,ACTA-2024-V1-685-A-ORD,Normal,2024-06-30,59,22,81,False,False
f3cfaa1d-b9fa-564b-a1b6-4ef5630c678e,685,V1,2024-06-30,Ordinario,A,67,22,89,Aprobado,ACTA-2024-V1-685-A-ORD,Normal,2024-06-30,67,22,89,False,False
faf14236-d1d9-56b9-93b3-a0446dff8a53,685,V1,2024-06-30,Ordinario,A,41,18,59,Reprobado,ACTA-2024-V1-685-A-ORD,Normal,2024-06-30,41,18,59,False,False
0a553b8b-585d-50fd-b997-aa6f114ffaf6,690,V1,2024-07-01,Ordinario,A,42,25,67,Aprobado,ACTA-2024-V1-690-A-ORD,Normal,2024-07-01,42,25,67,False,False
1181881d-1271-5070-9d47-c66a61743477,690,V1,2024-07-01,Ordinario,A,37,18,55,Reprobado,ACTA-2024-V1-690-A-ORD,Normal,2024-07-01,37,18,55,False,False
18b33a71-c5ee-5158-a2b5-aa5762772239,690,V1,2024-07-01,Ordinario,A,45,16,61,Aprobado,ACTA-2024-V1-690-A-ORD,Normal,2024-07-01,45,16,61,False,False
2bfc082b-de5b-5caf-90c2-bd97bc77bd6a,690,V1,2024-07-01,Ordinario,A,54,25,79,Aprobado,ACTA-2024-V1-690-A-ORD,Normal,2024-07-01,54,25,79,False,False
38b03b54-edfa-5b7a-bda4-c05f1d380357,690,V1,2024-07-01,Ordinario,A,40,5,45,Reprobado,ACTA-2024-V1-690-A-ORD,Normal,2024-07-01,40,5,45,False,False
67097a2e-ec94-5b33-922f-1153b12e7e95,690,V1,2024-07-01,Ordinario,A,48,14,62,Aprobado,ACTA-2024-V1-690-A-ORD,Normal,2024-07-01,48,14,62,False,False
9d8b757f-00fd-55fc-b60c-74804ea267b7,690,V1,2024-07-01,Ordinario,A,34,17,51,Reprobado,ACTA-2024-V1-690-A-ORD,Normal,2024-07-01,34,17,51,False,False
ab47b9b9-e7d4-5c8e-8d97-06cca3dfb8db,690,V1,2024-07-01,Ordinario,A,66,30,96,Aprobado,ACTA-2024-V1-690-A-ORD,Normal,2024-07-01,66,30,96,False,False
e18004d8-6b4d-5f85-b563-a44d5c21c39d,690,V1,2024-07-01,Ordinario,A,59,2,61,Aprobado,ACTA-2024-V1-690-A-ORD,Normal,2024-07-01,59,2,61,False,False
62d061cf-ef3a-5598-9c6d-8afab4360e19,909,V1,2024-06-29,Ordinario,A,50,2,52,Reprobado,ACTA-2024-V1-909-A-ORD,Normal,2024-06-29,50,2,52,False,False
9bdf610d-5561-5b91-8b06-e55510ab5fca,909,V1,2024-06-29,Ordinario,A,54,10,64,Aprobado,ACTA-2024-V1-909-A-ORD,Normal,2024-06-29,54,10,64,False,False
b9fa01c5-1203-500e-bd18-c45eb1fbd830,909,V1,2024-06-29,Ordinario,A,60,2,62,Aprobado,ACTA-2024-V1-909-A-ORD,Normal,2024-06-29,60,2,62,False,False
dc5309eb-e2ec-550a-bb50-7b1eaa7753c1,909,V1,2024-06-29,Ordinario,A,66,23,89,Aprobado,ACTA-2024-V1-909-A-ORD,Normal,2024-06-29,66,23,89,False,False
e16aed93-afaf-5a41-92f3-2102a9e70a59,909,V1,2024-06-29,Ordinario,A,49,1,50,Reprobado,ACTA-2024-V1-909-A-ORD,Normal,2024-06-29,49,1,50,False,False
2e00f910-0e59-5ab9-9e8b-a34bcab03f92,912,V1,2024-06-29,Ordinario,A,49,26,75,Aprobado,ACTA-2024-V1-912-A-ORD,Normal,2024-06-29,49,26,75,False,False
6963f4f3-6802-5cdd-bd03-ae2ce6377118,912,V1,2024-06-29,Ordinario,A,41,20,61,Aprobado,ACTA-2024-V1-912-A-ORD,Normal,2024-06-29,41,20,61,False,False
846ef7fc-83cf-5608-bf9e-87b3ec34f757,912,V1,2024-06-29,Ordinario,A,55,23,78,Aprobado,ACTA-2024-V1-912-A-ORD,Normal,2024-06-29,55,23,78,False,False
fd8244a9-dc81-5ae5-aab5-a1e457c7adf3,912,V1,2024-06-29,Ordinario,A,42,7,49,Reprobado,ACTA-2024-V1-912-A-ORD,Normal,2024-06-29,42,7,49,False,False
0fa55129-2054-5d0a-ac6a-c453dfc1133a,949,V1,2024-06-30,Ordinario,A,57,NSP,57,NSP,ACTA-2024-V1-949-A-ORD,Normal,2024-06-30,57,,57,False,True
23b6caf2-e88d-5562-aa80-01e9ef57ebe9,949,V1,2024-06-30,Ordinario,A,33,21,54,Reprobado,ACTA-2024-V1-949-A-ORD,Normal,2024-06-30,33,21,54,False,False
287283ce-fcaf-5519-a49e-3dea1c655f86,949,V1,2024-06-30,Ordinario,A,50,3,53,Reprobado,ACTA-2024-V1-949-A-ORD,Normal,2024-06-30,50,3,53,False,False
35608fe5-e3c5-504b-8cc2-216c90a13a47,949,V1,2024-06-30,Ordinario,A,60,14,74,Aprobado,ACTA-2024-V1-949-A-ORD,Normal,2024-06-30,60,14,74,False,False
6473da69-8d8c-53e3-9a2c-6841674fb2d0,949,V1,2024-06-30,Ordinario,A,48,18,66,Aprobado,ACTA-2024-V1-949-A-ORD,Normal,2024-06-30,48,18,66,False,False
75ad2a1d-e65d-5b36-9b02-6dc6f12138a4,949,V1,2024-06-30,Ordinario,A,48,5,53,Reprobado,ACTA-2024-V1-949-A-ORD,Normal,2024-06-30,48,5,53,False,False
83c5a92d-1d67-5123-9563-d6dad24bbc27,949,V1,2024-06-30,Ordinario,A,46,22,68,Aprobado,ACTA-2024-V1-949-A-ORD,Normal,2024-06-30,46,22,68,False,False
a5be436a-cb69-5107-956d-501d659bb0d7,949,V1,2024-06-30,Ordinario,A,50,3,53,Reprobado,ACTA-2024-V1-949-A-ORD,Normal,2024-06-30,50,3,53,False,False
ab49c2b1-e673-50f6-ae4a-e5b321756a15,949,V1,2024-06-30,Ordinario,A,59,6,65,Aprobado,ACTA-2024-V1-949-A-ORD,Normal,2024-06-30,59,6,65,False,False
ba341cb6-848c-5d30-8bb3-6dc3b8ccd016,949,V1,2024-06-30,Ordinario,A,68,13,81,Aprobado,ACTA-2024-V1-949-A-ORD,Normal,2024-06-30,68,13,81,False,False
ca045e8e-72e0-524e-b94e-790662c03e9c,949,V1,2024-06-30,Ordinario,A,51,21,72,Aprobado,ACTA-2024-V1-949-A-ORD,Normal,2024-06-30,51,21,72,False,False
d931f9da-177d-519e-9604-82c77ffd7dfc,949,V1,2024-06-30,Ordinario,A,42,24,66,Aprobado,ACTA-2024-V1-949-A-ORD,Normal,2024-06-30,42,24,66,False,False
09f38ce8-1f46-54d4-9aaf-a5c3bd38490d,094,V2,2025-01-01,Ordinario,A,50,9,59,Reprobado,ACTA-2024-V2-094-A-ORD,Normal,2025-01-01,50,9,59,False,False
89e30471-3014-5c79-9455-e1c4f2ee60bd,094,V2,2025-01-01,Ordinario,A,64,6,70,Aprobado,ACTA-2024-V2-094-A-ORD,Normal,2025-01-01,64,6,70,False,False
bd33a1e4-88e2-5537-8532-82d6a9b59ed2,094,V2,2025-01-01,Ordinario,A,42,30,72,Aprobado,ACTA-2024-V2-094-A-ORD,Normal,2025-01-01,42,30,72,False,False
c922de12-eb27-59e0-bffe-295050a28a20,094,V2,2025-01-01,Ordinario,A,36,25,61,Aprobado,ACTA-2024-V2-094-A-ORD,Normal,2025-01-01,36,25,61,False,False
daac4940-d50e-5f20-8627-7705544803ed,094,V2,2025-01-01,Ordinario,A,44,25,69,Aprobado,ACTA-2024-V2-094-A-ORD,Normal,2025-01-01,44,25,69,False,False
e6a59826-1bef-51d2-8aca-813db3078360,094,V2,2025-01-01,Ordinario,A,38,18,56,Reprobado,ACTA-2024-V2-094-A-ORD,Normal,2025-01-01,38,18,56,False,False
38d3c179-d651-5b38-a95d-5f30eea49bc7,146,V2,2025-01-02,Ordinario,A,46,13,59,Reprobado,ACTA-2024-V2-146-A-ORD,Normal,2025-01-02,46,13,59,False,False
3b839c8a-1e03-5728-b057-2689dbdd202e,146,V2,2025-01-02,Ordinario,A,59,8,67,Aprobado,ACTA-2024-V2-146-A-ORD,Normal,2025-01-02,59,8,67,False,False
6c433ed9-ad1e-51e2-9d31-0f92474524f1,146,V2,2025-01-02,Ordinario,A,59,24,83,Aprobado,ACTA-2024-V2-146-A-ORD,Normal,2025-01-02,59,24,83,False,False
751429d0-55a4-50e5-96d4-4ff1fdfc02c0,146,V2,2025-01-02,Ordinario,A,58,15,73,Aprobado,ACTA-2024-V2-146-A-ORD,Normal,2025-01-02,58,15,73,False,False
760374e5-fa63-5431-b172-de8a0abbce5f,146,V2,2025-01-02,Ordinario,A,52,3,55,Reprobado,ACTA-2024-V2-146-A-ORD,Normal,2025-01-02,52,3,55,False,False
8feda068-15b3-578a-b249-a538441fafb6,146,V2,2025-01-02,Ordinario,A,32,15,47,Reprobado,ACTA-2024-V2-146-A-ORD,Normal,2025-01-02,32,15,47,False,False
94c2d2be-6e25-5d7c-a62b-a4c80507cb2b,146,V2,2025-01-02,Ordinario,A,43,22,65,Aprobado,ACTA-2024-V2-146-A-ORD,Normal,2025-01-02,43,22,65,False,False
99e6be68-8a89-5792-85ba-477b1d7e300b,146,V2,2025-01-02,Ordinario,A,64,28,92,Aprobado,ACTA-2024-V2-146-A-ORD,Normal,2025-01-02,64,28,92,False,False
a2b5f5b2-e9f5-5757-9f6e-7438a476abc5,146,V2,2025-01-02,Ordinario,A,40,30,70,Aprobado,ACTA-2024-V2-146-A-ORD,Normal,2025-01-02,40,30,70,False,False
af7170d5-79af-53e8-ac44-8d6b7e8ad951,146,V2,2025-01-02,Ordinario,A,35,21,56,Reprobado,ACTA-2024-V2-146-A-ORD,Normal,2025-01-02,35,21,56,False,False
cb7e7a97-6e00-55b0-b580-317f19854827,146,V2,2025-01-02,Ordinario,A,66,1,67,Aprobado,ACTA-2024-V2-146-A-ORD,Normal,2025-01-02,66,1,67,False,False
e21547f5-5ca5-5a65-9672-e1f99f10125a,146,V2,2025-01-02,Ordinario,A,47,1,48,Reprobado,ACTA-2024-V2-146-A-ORD,Normal,2025-01-02,47,1,48,False,False
eae6527b-b1e4-5222-b4d0-ac6089abf79f,146,V2,2025-01-02,Ordinario,A,63,9,72,Aprobado,ACTA-2024-V2-146-A-ORD,Normal,2025-01-02,63,9,72,False,False
f199e5f4-121f-5cf5-ba7c-98bc08d9eb4c,146,V2,2025-01-02,Ordinario,A,44,27,71,Aprobado,ACTA-2024-V2-146-A-ORD,Normal,2025-01-02,44,27,71,False,False
f244a686-f32b-5770-9d6b-044f508009fa,146,V2,2025-01-02,Ordinario,A,48,NSP,48,NSP,ACTA-2024-V2-146-A-ORD,Normal,2025-01-02,48,,48,False,True
fc68457e-7e7c-5698-a1c7-1ed0dccba4b3,146,V2,2025-01-02,Ordinario,A,37,8,45,Reprobado,ACTA-2024-V2-146-A-ORD,Normal,2025-01-02,37,8,45,False,False
0abddb67-c783-530f-814b-5f0edd0526d8,147,V2,2025-01-02,Ordinario,A,59,2,61,Aprobado,ACTA-2024-V2-147-A-ORD,Normal,2025-01-02,59,2,61,False,False
18a74ce6-ba44-5c94-a2c3-22a8ded6786a,147,V2,2025-01-02,Ordinario,A,44,11,55,Reprobado,ACTA-2024-V2-147-A-ORD,Normal,2025-01-02,44,11,55,False,False
1f6f1f28-074c-59c7-92b8-d6e9c19bdd7a,147,V2,2025-01-02,Ordinario,A,59,26,85,Aprobado,ACTA-2024-V2-147-A-ORD,Normal,2025-01-02,59,26,85,False,False
2d415273-7249-54f9-8906-6cb487e828ec,147,V2,2025-01-02,Ordinario,A,55,27,82,Aprobado,ACTA-2024-V2-147-A-ORD,Normal,2025-01-02,55,27,82,False,False
366b165f-922c-5847-b813-fc6ef6c3a751,147,V2,2025-01-02,Ordinario,A,66,30,96,Aprobado,ACTA-2024-V2-147-A-ORD,Normal,2025-01-02,66,30,96,False,False
3f2755ef-7031-5580-be34-89f9ba198194,147,V2,2025-01-02,Ordinario,A,68,16,84,Aprobado,ACTA-2024-V2-147-A-ORD,Normal,2025-01-02,68,16,84,False,False
5f2d4609-1bd0-5199-8792-ad4daad25e34,147,V2,2025-01-02,Ordinario,A,55,18,73,Aprobado,ACTA-2024-V2-147-A-ORD,Normal,2025-01-02,55,18,73,False,False
650bbd69-f91f-582d-aed1-6aaf74b21405,147,V2,2025-01-02,Ordinario,A,42,19,61,Aprobado,ACTA-2024-V2-147-A-ORD,Normal,2025-01-02,42,19,61,False,False
7d36a894-5a69-5be2-93a2-a8c1d01df056,147,V2,2025-01-02,Ordinario,A,35,23,58,Reprobado,ACTA-2024-V2-147-A-ORD,Normal,2025-01-02,35,23,58,False,False
bc607b11-c7c3-5cd1-b0c4-f95fabb7d1bf,147,V2,2025-01-02,Ordinario,A,41,2,43,Reprobado,ACTA-2024-V2-147-A-ORD,Normal,2025-01-02,41,2,43,False,False
c7cd1346-234a-5f30-b884-48b69a36b80d,147,V2,2025-01-02,Ordinario,A,38,15,53,Reprobado,ACTA-2024-V2-147-A-ORD,Normal,2025-01-02,38,15,53,False,False
cb2a28b9-397d-5feb-a252-7b8abaccc929,147,V2,2025-01-02,Ordinario,A,36,21,57,Reprobado,ACTA-2024-V2-147-A-ORD,Normal,2025-01-02,36,21,57,False,False
d9eeab00-bbf2-51d4-911b-4b868ffbb81a,147,V2,2025-01-02,Ordinario,A,51,20,71,Aprobado,ACTA-2024-V2-147-A-ORD,Normal,2025-01-02,51,20,71,False,False
efa55bd1-a3d6-552e-b4fc-91b4426c5818,147,V2,2025-01-02,Ordinario,A,48,NSP,48,NSP,ACTA-2024-V2-147-A-ORD,Normal,2025-01-02,48,,48,False,True
08d5616f-376d-5766-b14e-b1d1437e5d1a,169,V2,2025-01-04,Ordinario,A,33,12,45,Reprobado,ACTA-2024-V2-169-A-ORD,Normal,2025-01-04,33,12,45,False,False
09770aad-1237-579b-83dd-104f3a439933,169,V2,2025-01-04,Ordinario,A,52,17,69,Aprobado,ACTA-2024-V2-169-A-ORD,Normal,2025-01-04,52,17,69,False,False
0d28940c-8260-53a7-8e3e-298acd7b5bfa,169,V2,2025-01-04,Ordinario,A,49,10,59,Reprobado,ACTA-2024-V2-169-A-ORD,Normal,2025-01-04,49,10,59,False,False
1c6583c9-8dab-560b-95ba-62442b620433,169,V2,2025-01-04,Ordinario,A,39,29,68,Aprobado,ACTA-2024-V2-169-A-ORD,Normal,2025-01-04,39,29,68,False,False
2e33f779-921b-597f-99f2-6ff5b1d80351,169,V2,2025-01-04,Ordinario,A,41,22,63,Aprobado,ACTA-2024-V2-169-A-ORD,Normal,2025-01-04,41,22,63,False,False
3d7d6836-0718-514f-9b1c-cb60e1a84ee4,169,V2,2025-01-04,Ordinario,A,63,11,74,Aprobado,ACTA-2024-V2-169-A-ORD,Normal,2025-01-04,63,11,74,False,False
475a203e-ec49-5017-a37b-31943557dcc9,169,V2,2025-01-04,Ordinario,A,50,26,76,Aprobado,ACTA-2024-V2-169-A-ORD,Normal,2025-01-04,50,26,76,False,False
4d21cea1-ac04-5543-86ff-a481632efb1e,169,V2,2025-01-04,Ordinario,A,51,19,70,Aprobado,ACTA-2024-V2-169-A-ORD,Normal,2025-01-04,51,19,70,False,False
4fe66740-123b-5ade-8b14-4d392dc1094e,169,V2,2025-01-04,Ordinario,A,44,29,73,Aprobado,ACTA-2024-V2-169-A-ORD,Normal,2025-01-04,44,29,73,False,False
515cd66c-ea70-5052-a873-774d8dac953d,169,V2,2025-01-04,Ordinario,A,36,27,63,Aprobado,ACTA-2024-V2-169-A-ORD,Normal,2025-01-04,36,27,63,False,False
64ceec45-794c-5ee0-8ef2-30c3d622ab0f,169,V2,2025-01-04,Ordinario,A,42,14,56,Reprobado,ACTA-2024-V2-169-A-ORD,Normal,2025-01-04,42,14,56,False,False
66d6c08a-7bbd-5231-8022-3bd6f157ebc0,169,V2,2025-01-04,Ordinario,A,53,8,61,Aprobado,ACTA-2024-V2-169-A-ORD,Normal,2025-01-04,53,8,61,False,False
670ed2ec-5dc5-5a8a-9e6f-770f70091eb9,169,V2,2025-01-04,Ordinario,A,36,26,62,Aprobado,ACTA-2024-V2-169-A-ORD,Normal,2025-01-04,36,26,62,False,False
88a82b73-03f1-51b9-8e54-86fd323e5b2f,169,V2,2025-01-04,Ordinario,A,39,18,57,Reprobado,ACTA-2024-V2-169-A-ORD,Normal,2025-01-04,39,18,57,False,False
8c52812b-9b12-5e6a-8874-64d21817846a,169,V2,2025-01-04,Ordinario,A,41,1,42,Reprobado,ACTA-2024-V2-169-A-ORD,Normal,2025-01-04,41,1,42,False,False
94094ee0-2717-54ef-be78-798722ef727a,169,V2,2025-01-04,Ordinario,A,68,14,82,Aprobado,ACTA-2024-V2-169-A-ORD,Normal,2025-01-04,68,14,82,False,False
acdb052b-d554-5cc6-aa3a-c75827d8310b,169,V2,2025-01-04,Ordinario,A,49,21,70,Aprobado,ACTA-2024-V2-169-A-ORD,Normal,2025-01-04,49,21,70,False,False
b39a108c-b4ee-5874-8b0c-d7dcd496f75d,169,V2,2025-01-04,Ordinario,A,47,2,49,Reprobado,ACTA-2024-V2-169-A-ORD,Normal,2025-01-04,47,2,49,False,False
b91bfdc4-f835-5a86-8106-fce8775833f0,169,V2,2025-01-04,Ordinario,A,52,2,54,Reprobado,ACTA-2024-V2-169-A-ORD,Normal,2025-01-04,52,2,54,False,False
bd1c4b12-6c8c-5a45-8625-5e8fbbaa33f2,169,V2,2025-01-04,Ordinario,A,36,16,52,Reprobado,ACTA-2024-V2-169-A-ORD,Normal,2025-01-04,36,16,52,False,False
bd6823c1-6617-541e-b44d-2de09a66e52e,169,V2,2025-01-04,Ordinario,A,57,NSP,57,NSP,ACTA-2024-V2-169-A-ORD,Normal,2025-01-04,57,,57,False,True
c9be5db4-4388-5e6e-bdb4-3792752de6b4,169,V2,2025-01-04,Ordinario,A,56,20,76,Aprobado,ACTA-2024-V2-169-A-ORD,Normal,2025-01-04,56,20,76,False,False
cd28b7e2-8009-5ab7-bfab-ba2f84ee3e52,169,V2,2025-01-04,Ordinario,A,50,13,63,Aprobado,ACTA-2024-V2-169-A-ORD,Normal,2025-01-04,50,13,63,False,False
d4f8b688-70f3-5128-9500-2a45103ce45b,169,V2,2025-01-04,Ordinario,A,43,23,66,Aprobado,ACTA-2024-V2-169-A-ORD,Normal,2025-01-04,43,23,66,False,False
d853ff4f-67d3-5a25-adc6-ad5afcf105fa,169,V2,2025-01-04,Ordinario,A,53,17,70,Aprobado,ACTA-2024-V2-169-A-ORD,Normal,2025-01-04,53,17,70,False,False
e3139aa2-e1cb-5e06-8ef2-3c1807aa2572,169,V2,2025-01-04,Ordinario,A,46,NSP,46,NSP,ACTA-2024-V2-169-A-ORD,Normal,2025-01-04,46,,46,False,True
e3bc81de-b8d3-5624-bc8b-61e4451515d1,169,V2,2025-01-04,Ordinario,A,45,18,63,Aprobado,ACTA-2024-V2-169-A-ORD,Normal,2025-01-04,45,18,63,False,False
fc8f1dd9-0500-5ce4-9533-7c16115f0457,169,V2,2025-01-04,Ordinario,A,55,18,73,Aprobado,ACTA-2024-V2-169-A-ORD,Normal,2025-01-04,55,18,73,False,False
ff9481f2-af23-5a24-9813-859e9c577ab6,169,V2,2025-01-04,Ordinario,A,36,5,41,Reprobado,ACTA-2024-V2-169-A-ORD,Normal,2025-01-04,36,5,41,False,False
0a9592c1-41df-56fb-ae5f-49a98f842829,170,V2,2024-12-31,Ordinario,A,40,29,69,Aprobado,ACTA-2024-V2-170-A-ORD,Normal,2024-12-31,40,29,69,False,False
136359a4-f6ba-5d83-bc2f-db84eb392890,170,V2,2024-12-31,Ordinario,A,65,11,76,Aprobado,ACTA-2024-V2-170-A-ORD,Normal,2024-12-31,65,11,76,False,False
1c875d84-9b73-5522-98e9-e0320dcb5a3e,170,V2,2024-12-31,Ordinario,A,54,9,63,Aprobado,ACTA-2024-V2-170-A-ORD,Normal,2024-12-31,54,9,63,False,False
3678d8f5-f11c-5323-ad36-aab7f6b19119,170,V2,2024-12-31,Ordinario,A,55,NSP,55,NSP,ACTA-2024-V2-170-A-ORD,Normal,2024-12-31,55,,55,False,True
3bddbee5-05a1-5c39-ac75-9157f041902e,170,V2,2024-12-31,Ordinario,A,62,1,63,Aprobado,ACTA-2024-V2-170-A-ORD,Normal,2024-12-31,62,1,63,False,False
3de5d6a3-404d-592b-bd1d-e16220feabe5,170,V2,2024-12-31,Ordinario,A,52,28,80,Aprobado,ACTA-2024-V2-170-A-ORD,Normal,2024-12-31,52,28,80,False,False
3ed23438-77d4-550f-ad5f-cc6bcf90ec02,170,V2,2024-12-31,Ordinario,A,61,3,64,Aprobado,ACTA-2024-V2-170-A-ORD,Normal,2024-12-31,61,3,64,False,False
4190cb8b-4ab0-546e-bcd5-ebd18861cbf2,170,V2,2024-12-31,Ordinario,A,68,3,71,Aprobado,ACTA-2024-V2-170-A-ORD,Normal,2024-12-31,68,3,71,False,False
590a15b3-d7a2-52b9-ab96-bf974ee42530,170,V2,2024-12-31,Ordinario,A,50,23,73,Aprobado,ACTA-2024-V2-170-A-ORD,Normal,2024-12-31,50,23,73,False,False
66d6c08a-7bbd-5231-8022-3bd6f157ebc0,170,V2,2024-12-31,Ordinario,A,41,11,52,Reprobado,ACTA-2024-V2-170-A-ORD,Normal,2024-12-31,41,11,52,False,False
73b10026-ae9f-549d-9df0-f12a55fe95f5,170,V2,2024-12-31,Ordinario,A,58,29,87,Aprobado,ACTA-2024-V2-170-A-ORD,Normal,2024-12-31,58,29,87,False,False
86ca5350-2e17-5b7e-a919-5fd3d68be21f,170,V2,2024-12-31,Ordinario,A,46,5,51,Reprobado,ACTA-2024-V2-170-A-ORD,Normal,2024-12-31,46,5,51,False,False
88a82b73-03f1-51b9-8e54-86fd323e5b2f,170,V2,2024-12-31,Ordinario,A,39,19,58,Reprobado,ACTA-2024-V2-170-A-ORD,Normal,2024-12-31,39,19,58,False,False
8c6b782d-1004-5643-8e93-3a5fca01dcd3,170,V2,2024-12-31,Ordinario,A,54,14,68,Aprobado,ACTA-2024-V2-170-A-ORD,Normal,2024-12-31,54,14,68,False,False
b2cb3fc9-c25c-563b-8ade-24efbcb82119,170,V2,2024-12-31,Ordinario,A,32,9,41,Reprobado,ACTA-2024-V2-170-A-ORD,Normal,2024-12-31,32,9,41,False,False
bc81ba4d-c2d3-5069-aa38-750cf904b140,170,V2,2024-12-31,Ordinario,A,54,14,68,Aprobado,ACTA-2024-V2-170-A-ORD,Normal,2024-12-31,54,14,68,False,False
bd1c4b12-6c8c-5a45-8625-5e8fbbaa33f2,170,V2,2024-12-31,Ordinario,A,31,8,39,Reprobado,ACTA-2024-V2-170-A-ORD,Normal,2024-12-31,31,8,39,False,False
d4f8b688-70f3-5128-9500-2a45103ce45b,170,V2,2024-12-31,Ordinario,A,46,1,47,Reprobado,ACTA-2024-V2-170-A-ORD,Normal,2024-12-31,46,1,47,False,False
e3139aa2-e1cb-5e06-8ef2-3c1807aa2572,170,V2,2024-12-31,Ordinario,A,46,8,54,Reprobado,ACTA-2024-V2-170-A-ORD,Normal,2024-12-31,46,8,54,False,False
f02dd2cb-e888-5bf5-ba3e-f4b7b438b68a,170,V2,2024-12-31,Ordinario,A,56,26,82,Aprobado,ACTA-2024-V2-170-A-ORD,Normal,2024-12-31,56,26,82,False,False
069b0f85-66ac-5610-9b5a-0560dd8cad5c,2816,V2,2024-12-31,Ordinario,A,42,3,45,Reprobado,ACTA-2024-V2-2816-A-ORD,Normal,2024-12-31,42,3,45,False,False
0875f04d-ba62-524b-9469-180d7b74c579,2816,V2,2024-12-31,Ordinario,A,31,21,52,Reprobado,ACTA-2024-V2-2816-A-ORD,Normal,2024-12-31,31,21,52,False,False
3b010113-22bd-5f9d-ae22-55e22893eed8,2816,V2,2024-12-31,Ordinario,A,39,29,68,Aprobado,ACTA-2024-V2-2816-A-ORD,Normal,2024-12-31,39,29,68,False,False
3d77a469-e655-55fe-805c-791030382035,2816,V2,2024-12-31,Ordinario,A,56,13,69,Aprobado,ACTA-2024-V2-2816-A-ORD,Normal,2024-12-31,56,13,69,False,False
5341d121-3e52-582b-9ade-7f81a055be74,2816,V2,2024-12-31,Ordinario,A,45,25,70,Aprobado,ACTA-2024-V2-2816-A-ORD,Normal,2024-12-31,45,25,70,False,False
71629b28-676c-5f88-96b2-fa1142a2a041,2816,V2,2024-12-31,Ordinario,A,33,NSP,33,NSP,ACTA-2024-V2-2816-A-ORD,Normal,2024-12-31,33,,33,False,True
7bd40d41-d52d-5c5d-bd6a-72ac2a374717,2816,V2,2024-12-31,Ordinario,A,57,27,84,Aprobado,ACTA-2024-V2-2816-A-ORD,Normal,2024-12-31,57,27,84,False,False
81499fda-b7ee-5fa7-9cda-b64ee9dfbab2,2816,V2,2024-12-31,Ordinario,A,63,27,90,Aprobado,ACTA-2024-V2-2816-A-ORD,Normal,2024-12-31,63,27,90,False,False
c8b29424-3564-5114-8e8b-3ec7edb4631a,2816,V2,2024-12-31,Ordinario,A,40,11,51,Reprobado,ACTA-2024-V2-2816-A-ORD,Normal,2024-12-31,40,11,51,False,False
dba52ccd-1502-5df9-b31a-3e80d6f796d2,2816,V2,2024-12-31,Ordinario,A,50,10,60,Reprobado,ACTA-2024-V2-2816-A-ORD,Normal,2024-12-31,50,10,60,False,False
f3df7bb3-edfa-50c0-9e56-9da800375bc4,2816,V2,2024-12-31,Ordinario,A,44,27,71,Aprobado,ACTA-2024-V2-2816-A-ORD,Normal,2024-12-31,44,27,71,False,False
ff71036f-4246-50f0-bdcc-ca1603a77671,2816,V2,2024-12-31,Ordinario,A,38,17,55,Reprobado,ACTA-2024-V2-2816-A-ORD,Normal,2024-12-31,38,17,55,False,False
1897479b-0001-5b54-8174-3d9f7027208e,2822,V2,2025-01-03,Ordinario,A,59,21,80,Aprobado,ACTA-2024-V2-2822-A-ORD,Normal,2025-01-03,59,21,80,False,False
26570c68-dd6f-5886-82c0-578576c73a75,2822,V2,2025-01-03,Ordinario,A,36,30,66,Aprobado,ACTA-2024-V2-2822-A-ORD,Normal,2025-01-03,36,30,66,False,False
3ee3a6fb-19aa-5fd3-b450-9391da6bb00d,2822,V2,2025-01-03,Ordinario,A,47,29,76,Aprobado,ACTA-2024-V2-2822-A-ORD,Normal,2025-01-03,47,29,76,False,False
4584c801-494c-5583-86d6-fd81cc3948f1,2822,V2,2025-01-03,Ordinario,A,46,17,63,Aprobado,ACTA-2024-V2-2822-A-ORD,Normal,2025-01-03,46,17,63,False,False
669100b3-1f67-5fba-a327-0a05d6585aa0,2822,V2,2025-01-03,Ordinario,A,42,NSP,42,NSP,ACTA-2024-V2-2822-A-ORD,Normal,2025-01-03,42,,42,False,True
711782c3-1186-5101-9ae9-158e08315c56,2822,V2,2025-01-03,Ordinario,A,44,19,63,Aprobado,ACTA-2024-V2-2822-A-ORD,Normal,2025-01-03,44,19,63,False,False
7c71294e-9c0e-514d-956c-b61c03ce0722,2822,V2,2025-01-03,Ordinario,A,31,17,48,Reprobado,ACTA-2024-V2-2822-A-ORD,Normal,2025-01-03,31,17,48,False,False
8298176e-e71a-5857-80de-ca69ed9e9bb4,2822,V2,2025-01-03,Ordinario,A,34,5,39,Reprobado,ACTA-2024-V2-2822-A-ORD,Normal,2025-01-03,34,5,39,False,False
d7395947-e212-57b3-b38d-2b95377e01fa,2822,V2,2025-01-03,Ordinario,A,45,4,49,Reprobado,ACTA-2024-V2-2822-A-ORD,Normal,2025-01-03,45,4,49,False,False
229d23a0-bac6-55e3-9d53-ef85f45542e0,290,V2,2024-12-31,Ordinario,A,59,2,61,Aprobado,ACTA-2024-V2-290-A-ORD,Normal,2024-12-31,59,2,61,False,False
23b6caf2-e88d-5562-aa80-01e9ef57ebe9,290,V2,2024-12-31,Ordinario,A,50,23,73,Aprobado,ACTA-2024-V2-290-A-ORD,Normal,2024-12-31,50,23,73,False,False
366b165f-922c-5847-b813-fc6ef6c3a751,290,V2,2024-12-31,Ordinario,A,37,26,63,Aprobado,ACTA-2024-V2-290-A-ORD,Normal,2024-12-31,37,26,63,False,False
3f2755ef-7031-5580-be34-89f9ba198194,290,V2,2024-12-31,Ordinario,A,48,14,62,Aprobado,ACTA-2024-V2-290-A-ORD,Normal,2024-12-31,48,14,62,False,False
475a203e-ec49-5017-a37b-31943557dcc9,290,V2,2024-12-31,Ordinario,A,68,24,92,Aprobado,ACTA-2024-V2-290-A-ORD,Normal,2024-12-31,68,24,92,False,False
6473da69-8d8c-53e3-9a2c-6841674fb2d0,290,V2,2024-12-31,Ordinario,A,41,20,61,Aprobado,ACTA-2024-V2-290-A-ORD,Normal,2024-12-31,41,20,61,False,False
75ad2a1d-e65d-5b36-9b02-6dc6f12138a4,290,V2,2024-12-31,Ordinario,A,56,28,84,Aprobado,ACTA-2024-V2-290-A-ORD,Normal,2024-12-31,56,28,84,False,False
760374e5-fa63-5431-b172-de8a0abbce5f,290,V2,2024-12-31,Ordinario,A,46,12,58,Reprobado,ACTA-2024-V2-290-A-ORD,Normal,2024-12-31,46,12,58,False,False
7d36a894-5a69-5be2-93a2-a8c1d01df056,290,V2,2024-12-31,Ordinario,A,37,14,51,Reprobado,ACTA-2024-V2-290-A-ORD,Normal,2024-12-31,37,14,51,False,False
7e033645-6b36-5b24-be88-ef2953f2c850,290,V2,2024-12-31,Ordinario,A,56,15,71,Aprobado,ACTA-2024-V2-290-A-ORD,Normal,2024-12-31,56,15,71,False,False
87311978-cada-5886-b1e3-28401b95cf8e,290,V2,2024-12-31,Ordinario,A,37,26,63,Aprobado,ACTA-2024-V2-290-A-ORD,Normal,2024-12-31,37,26,63,False,False
8feda068-15b3-578a-b249-a538441fafb6,290,V2,2024-12-31,Ordinario,A,53,1,54,Reprobado,ACTA-2024-V2-290-A-ORD,Normal,2024-12-31,53,1,54,False,False
a5be436a-cb69-5107-956d-501d659bb0d7,290,V2,2024-12-31,Ordinario,A,66,8,74,Aprobado,ACTA-2024-V2-290-A-ORD,Normal,2024-12-31,66,8,74,False,False
a95180f9-77c6-5b98-a2fb-323e641ed050,290,V2,2024-12-31,Ordinario,A,39,24,63,Aprobado,ACTA-2024-V2-290-A-ORD,Normal,2024-12-31,39,24,63,False,False
af7170d5-79af-53e8-ac44-8d6b7e8ad951,290,V2,2024-12-31,Ordinario,A,41,13,54,Reprobado,ACTA-2024-V2-290-A-ORD,Normal,2024-12-31,41,13,54,False,False
b1ada878-5ce8-5e51-bc44-6a5ae1f64971,290,V2,2024-12-31,Ordinario,A,54,23,77,Aprobado,ACTA-2024-V2-290-A-ORD,Normal,2024-12-31,54,23,77,False,False
bc607b11-c7c3-5cd1-b0c4-f95fabb7d1bf,290,V2,2024-12-31,Ordinario,A,36,8,44,Reprobado,ACTA-2024-V2-290-A-ORD,Normal,2024-12-31,36,8,44,False,False
c7cd1346-234a-5f30-b884-48b69a36b80d,290,V2,2024-12-31,Ordinario,A,48,5,53,Reprobado,ACTA-2024-V2-290-A-ORD,Normal,2024-12-31,48,5,53,False,False
cb2a28b9-397d-5feb-a252-7b8abaccc929,290,V2,2024-12-31,Ordinario,A,38,NSP,38,NSP,ACTA-2024-V2-290-A-ORD,Normal,2024-12-31,38,,38,False,True
e21547f5-5ca5-5a65-9672-e1f99f10125a,290,V2,2024-12-31,Ordinario,A,36,22,58,Reprobado,ACTA-2024-V2-290-A-ORD,Normal,2024-12-31,36,22,58,False,False
fac41a8d-eab7-5a4c-ba54-a8d0c1f74902,290,V2,2024-12-31,Ordinario,A,38,23,61,Aprobado,ACTA-2024-V2-290-A-ORD,Normal,2024-12-31,38,23,61,False,False
fc68457e-7e7c-5698-a1c7-1ed0dccba4b3,290,V2,2024-12-31,Ordinario,A,48,0,48,Reprobado,ACTA-2024-V2-290-A-ORD,Normal,2024-12-31,48,0,48,False,False
16882813-1901-5922-b351-e490c6282bc4,291,V2,2024-12-31,Ordinario,A,44,17,61,Aprobado,ACTA-2024-V2-291-A-ORD,Normal,2024-12-31,44,17,61,False,False
18a74ce6-ba44-5c94-a2c3-22a8ded6786a,291,V2,2024-12-31,Ordinario,A,34,17,51,Reprobado,ACTA-2024-V2-291-A-ORD,Normal,2024-12-31,34,17,51,False,False
23b6caf2-e88d-5562-aa80-01e9ef57ebe9,291,V2,2024-12-31,Ordinario,A,53,2,55,Reprobado,ACTA-2024-V2-291-A-ORD,Normal,2024-12-31,53,2,55,False,False
35608fe5-e3c5-504b-8cc2-216c90a13a47,291,V2,2024-12-31,Ordinario,A,56,29,85,Aprobado,ACTA-2024-V2-291-A-ORD,Normal,2024-12-31,56,29,85,False,False
41c3459c-e2e4-550d-a299-2cc964c7cfea,291,V2,2024-12-31,Ordinario,A,50,4,54,Reprobado,ACTA-2024-V2-291-A-ORD,Normal,2024-12-31,50,4,54,False,False
70b2bc66-3db1-536f-8061-39cc18e139ea,291,V2,2024-12-31,Ordinario,A,60,25,85,Aprobado,ACTA-2024-V2-291-A-ORD,Normal,2024-12-31,60,25,85,False,False
717b731e-7f1f-5d15-97ab-fe9730798a9c,291,V2,2024-12-31,Ordinario,A,68,17,85,Aprobado,ACTA-2024-V2-291-A-ORD,Normal,2024-12-31,68,17,85,False,False
75ad2a1d-e65d-5b36-9b02-6dc6f12138a4,291,V2,2024-12-31,Ordinario,A,33,NSP,33,NSP,ACTA-2024-V2-291-A-ORD,Normal,2024-12-31,33,,33,False,True
a0ce5501-c941-5d6f-bdff-a357ccb52bd7,291,V2,2024-12-31,Ordinario,A,42,29,71,Aprobado,ACTA-2024-V2-291-A-ORD,Normal,2024-12-31,42,29,71,False,False
bd77a48a-9406-51ae-a620-b28897754dec,291,V2,2024-12-31,Ordinario,A,40,22,62,Aprobado,ACTA-2024-V2-291-A-ORD,Normal,2024-12-31,40,22,62,False,False
e6cecf06-57d6-5cdb-b2ba-c309cb7cab41,291,V2,2024-12-31,Ordinario,A,61,28,89,Aprobado,ACTA-2024-V2-291-A-ORD,Normal,2024-12-31,61,28,89,False,False
f4079fd7-040c-5036-b7a6-c0842fed660b,291,V2,2024-12-31,Ordinario,A,68,0,68,Aprobado,ACTA-2024-V2-291-A-ORD,Normal,2024-12-31,68,0,68,False,False
0c06f8f4-288d-57e0-8936-3d81fc7db2e7,292,V2,2024-12-31,Ordinario,A,65,21,86,Aprobado,ACTA-2024-V2-292-A-ORD,Normal,2024-12-31,65,21,86,False,False
0fa55129-2054-5d0a-ac6a-c453dfc1133a,292,V2,2024-12-31,Ordinario,A,43,20,63,Aprobado,ACTA-2024-V2-292-A-ORD,Normal,2024-12-31,43,20,63,False,False
731b92fd-50e5-5559-a9d3-96a0748f2373,292,V2,2024-12-31,Ordinario,A,61,21,82,Aprobado,ACTA-2024-V2-292-A-ORD,Normal,2024-12-31,61,21,82,False,False
a5be436a-cb69-5107-956d-501d659bb0d7,292,V2,2024-12-31,Ordinario,A,42,10,52,Reprobado,ACTA-2024-V2-292-A-ORD,Normal,2024-12-31,42,10,52,False,False
b06bcec0-b3a3-50b9-a1ec-953a4674371d,292,V2,2024-12-31,Ordinario,A,62,5,67,Aprobado,ACTA-2024-V2-292-A-ORD,Normal,2024-12-31,62,5,67,False,False
b1ada878-5ce8-5e51-bc44-6a5ae1f64971,292,V2,2024-12-31,Ordinario,A,40,9,49,Reprobado,ACTA-2024-V2-292-A-ORD,Normal,2024-12-31,40,9,49,False,False
b1cce0db-3292-5ff2-837e-2fda6bc2eb62,292,V2,2024-12-31,Ordinario,A,52,2,54,Reprobado,ACTA-2024-V2-292-A-ORD,Normal,2024-12-31,52,2,54,False,False
ba341cb6-848c-5d30-8bb3-6dc3b8ccd016,292,V2,2024-12-31,Ordinario,A,54,29,83,Aprobado,ACTA-2024-V2-292-A-ORD,Normal,2024-12-31,54,29,83,False,False
cc8b8c37-cde4-5961-8d5a-293197f83e2e,292,V2,2024-12-31,Ordinario,A,57,22,79,Aprobado,ACTA-2024-V2-292-A-ORD,Normal,2024-12-31,57,22,79,False,False
2f29da26-30bd-532b-9d7f-881c2de77b44,673,V2,2025-01-01,Ordinario,A,40,27,67,Aprobado,ACTA-2024-V2-673-A-ORD,Normal,2025-01-01,40,27,67,False,False
46f5141f-c212-54cb-a059-aceb91052900,673,V2,2025-01-01,Ordinario,A,66,20,86,Aprobado,ACTA-2024-V2-673-A-ORD,Normal,2025-01-01,66,20,86,False,False
4a6b3546-7880-595e-b541-6aab9d24320b,673,V2,2025-01-01,Ordinario,A,45,28,73,Aprobado,ACTA-2024-V2-673-A-ORD,Normal,2025-01-01,45,28,73,False,False
837fc661-96eb-586d-b4c9-f77b85563c15,673,V2,2025-01-01,Ordinario,A,34,8,42,Reprobado,ACTA-2024-V2-673-A-ORD,Normal,2025-01-01,34,8,42,False,False
96c6949d-d550-5217-9989-03c50351059d,673,V2,2025-01-01,Ordinario,A,44,26,70,Aprobado,ACTA-2024-V2-673-A-ORD,Normal,2025-01-01,44,26,70,False,False
a9222af8-9a83-5e7a-985e-0ccc23119415,673,V2,2025-01-01,Ordinario,A,60,22,82,Aprobado,ACTA-2024-V2-673-A-ORD,Normal,2025-01-01,60,22,82,False,False
b01c0133-92dd-5f13-8b4b-3e6a951b3bb4,673,V2,2025-01-01,Ordinario,A,53,7,60,Reprobado,ACTA-2024-V2-673-A-ORD,Normal,2025-01-01,53,7,60,False,False
dbf903d2-202e-5c76-bec4-0a27f91b30dd,673,V2,2025-01-01,Ordinario,A,43,3,46,Reprobado,ACTA-2024-V2-673-A-ORD,Normal,2025-01-01,43,3,46,False,False
083bb1b4-e24d-5c3f-8e22-efe135144eab,690,V2,2024-12-31,Ordinario,A,55,0,55,Reprobado,ACTA-2024-V2-690-A-ORD,Normal,2024-12-31,55,0,55,False,False
1181881d-1271-5070-9d47-c66a61743477,690,V2,2024-12-31,Ordinario,A,54,10,64,Aprobado,ACTA-2024-V2-690-A-ORD,Normal,2024-12-31,54,10,64,False,False
508865ff-526c-5b08-8f0b-36822182e26c,690,V2,2024-12-31,Ordinario,A,36,30,66,Aprobado,ACTA-2024-V2-690-A-ORD,Normal,2024-12-31,36,30,66,False,False
8298176e-e71a-5857-80de-ca69ed9e9bb4,690,V2,2024-12-31,Ordinario,A,54,23,77,Aprobado,ACTA-2024-V2-690-A-ORD,Normal,2024-12-31,54,23,77,False,False
d7395947-e212-57b3-b38d-2b95377e01fa,690,V2,2024-12-31,Ordinario,A,52,1,53,Reprobado,ACTA-2024-V2-690-A-ORD,Normal,2024-12-31,52,1,53,False,False
ef31df78-e36a-5469-a5f0-f3f2e5f9455b,690,V2,2024-12-31,Ordinario,A,42,16,58,Reprobado,ACTA-2024-V2-690-A-ORD,Normal,2024-12-31,42,16,58,False,False
ef638bbd-09bd-5411-8a78-9f02760fef4d,690,V2,2024-12-31,Ordinario,A,40,26,66,Aprobado,ACTA-2024-V2-690-A-ORD,Normal,2024-12-31,40,26,66,False,False
fdf7104f-5492-5068-96f8-6d408f32fb7c,690,V2,2024-12-31,Ordinario,A,61,13,74,Aprobado,ACTA-2024-V2-690-A-ORD,Normal,2024-12-31,61,13,74,False,False
3d7b4965-b27a-514f-80f3-5afca2189109,694,V2,2025-01-01,Ordinario,A,36,27,63,Aprobado,ACTA-2024-V2-694-A-ORD,Normal,2025-01-01,36,27,63,False,False
4ad432f3-551d-5be7-8c6b-3119f5486a77,694,V2,2025-01-01,Ordinario,A,31,2,33,Reprobado,ACTA-2024-V2-694-A-ORD,Normal,2025-01-01,31,2,33,False,False
64cc33e8-ae26-5cbe-b897-cf46dddd0613,694,V2,2025-01-01,Ordinario,A,55,6,61,Aprobado,ACTA-2024-V2-694-A-ORD,Normal,2025-01-01,55,6,61,False,False
6805b9fb-41ed-5a31-ad5a-85709d91a8bb,694,V2,2025-01-01,Ordinario,A,31,14,45,Reprobado,ACTA-2024-V2-694-A-ORD,Normal,2025-01-01,31,14,45,False,False
6bb97f95-e313-5cc7-bef3-47a9c8f29a52,694,V2,2025-01-01,Ordinario,A,37,17,54,Reprobado,ACTA-2024-V2-694-A-ORD,Normal,2025-01-01,37,17,54,False,False
78442ff4-9731-59db-a8f6-bcf204414ad0,694,V2,2025-01-01,Ordinario,A,46,28,74,Aprobado,ACTA-2024-V2-694-A-ORD,Normal,2025-01-01,46,28,74,False,False
85f6e33e-822a-59b2-a749-33e5034486fd,694,V2,2025-01-01,Ordinario,A,64,21,85,Aprobado,ACTA-2024-V2-694-A-ORD,Normal,2025-01-01,64,21,85,False,False
57c7e01c-08e7-5bed-990d-932f09e40515,909,V2,2024-12-31,Ordinario,A,39,21,60,Reprobado,ACTA-2024-V2-909-A-ORD,Normal,2024-12-31,39,21,60,False,False
62d061cf-ef3a-5598-9c6d-8afab4360e19,909,V2,2024-12-31,Ordinario,A,59,27,86,Aprobado,ACTA-2024-V2-909-A-ORD,Normal,2024-12-31,59,27,86,False,False
6f84a2ed-b7c3-57f6-8bd3-55f5239994a4,909,V2,2024-12-31,Ordinario,A,47,24,71,Aprobado,ACTA-2024-V2-909-A-ORD,Normal,2024-12-31,47,24,71,False,False
733eabf0-8a01-561c-88de-061f75b8feac,909,V2,2024-12-31,Ordinario,A,55,13,68,Aprobado,ACTA-2024-V2-909-A-ORD,Normal,2024-12-31,55,13,68,False,False
e16aed93-afaf-5a41-92f3-2102a9e70a59,909,V2,2024-12-31,Ordinario,A,49,1,50,Reprobado,ACTA-2024-V2-909-A-ORD,Normal,2024-12-31,49,1,50,False,False
f0bdd8b3-8568-526f-b13a-c32334a74b0b,909,V2,2024-12-31,Ordinario,A,39,28,67,Aprobado,ACTA-2024-V2-909-A-ORD,Normal,2024-12-31,39,28,67,False,False
32e88d76-e8a9-5944-91f2-67940f32b9db,912,V2,2025-01-01,Ordinario,A,41,25,66,Aprobado,ACTA-2024-V2-912-A-ORD,Normal,2025-01-01,41,25,66,False,False
9bdf610d-5561-5b91-8b06-e55510ab5fca,912,V2,2025-01-01,Ordinario,A,37,30,67,Aprobado,ACTA-2024-V2-912-A-ORD,Normal,2025-01-01,37,30,67,False,False
b9fa01c5-1203-500e-bd18-c45eb1fbd830,912,V2,2025-01-01,Ordinario,A,57,23,80,Aprobado,ACTA-2024-V2-912-A-ORD,Normal,2025-01-01,57,23,80,False,False
f0bdd8b3-8568-526f-b13a-c32334a74b0b,912,V2,2025-01-01,Ordinario,A,39,17,56,Reprobado,ACTA-2024-V2-912-A-ORD,Normal,2025-01-01,39,17,56,False,False
05d4241f-34c4-5309-b3bf-b59f562b2b28,943,V2,2025-01-02,Ordinario,A,54,7,61,Aprobado,ACTA-2024-V2-943-A-ORD,Normal,2025-01-02,54,7,61,False,False
b61e89b6-2037-59df-8c60-9b45ea924c36,943,V2,2025-01-02,Ordinario,A,53,1,54,Reprobado,ACTA-2024-V2-943-A-ORD,Normal,2025-01-02,53,1,54,False,False
c9ab122a-e4e7-51dc-af6b-059ecfaf700a,943,V2,2025-01-02,Ordinario,A,41,25,66,Aprobado,ACTA-2024-V2-943-A-ORD,Normal,2025-01-02,41,25,66,False,False
f37f66a2-3ef2-5947-8f55-1145199e62f0,943,V2,2025-01-02,Ordinario,A,54,21,75,Aprobado,ACTA-2024-V2-943-A-ORD,Normal,2025-01-02,54,21,75,False,False
