estudiante_id_ofuscado,codigo_curso,periodo_academico,seccion,fecha_asignacion,estado_asignacion,fecha_desasignacion,fecha_asignacion_dt,fecha_desasignacion_dt,es_desasignado
d1be5647-fdd8-53fe-8b3c-64441ddd5977,028,S1,A,2024-01-21,con nota,,2024-01-21,,False
f1655cb7-00bc-5455-9379-254358e903cf,028,S1,A,2024-01-23,con nota,,2024-01-23,,False
17c7a9a2-f074-5a25-9c33-123c3f252a00,028,S1,B,2024-01-30,con nota,,2024-01-30,,False
4ca64fe3-739c-5549-9021-88056df3ce2c,028,S1,B,2024-01-15,con nota,,2024-01-15,,False
b92068f4-3013-587a-8e70-ce58bab62301,028,S1,B,2024-01-21,con nota,,2024-01-21,,False
79f7bd09-d805-5ce8-ab92-7f3812865478,028,S1,C,2024-01-28,con nota,,2024-01-28,,False
92fcb7e2-aae7-5aa4-81b8-b92b825fe8a7,028,S1,C,2024-01-22,con nota,,2024-01-22,,False
b48cf04d-3355-5979-a671-d15244b9f856,028,S1,C,2024-01-25,con nota,,2024-01-25,,False
cf443787-1a74-5a5e-bff3-2ef5575818ac,028,S1,C,2024-01-26,con nota,,2024-01-26,,False
e47c32f0-0c28-5157-bc7c-72d90ae601f8,028,S1,C,2024-01-26,con nota,,2024-01-26,,False
286fa7de-31f8-56c1-8023-d8120c448dc4,028,S1,D,2024-01-28,con nota,,2024-01-28,,False
d31f1530-eb29-5bdd-b1a8-a3ae4c08702f,028,S1,D,2024-01-27,con nota,,2024-01-27,,False
00951361-bee7-5343-85b9-b2de39c38298,028,S1,E,2024-01-26,con nota,,2024-01-26,,False
421e5b33-6bf8-5c14-a03b-3a4e6da333e6,028,S1,E,2024-01-17,con nota,,2024-01-17,,False
76c382db-d59f-56da-9b78-fa2341e8a839,028,S1,E,2024-01-28,con nota,,2024-01-28,,False
79e7db35-50f0-5599-a41c-31b243f13720,028,S1,E,2024-01-23,con nota,,2024-01-23,,False
898ef159-1bc5-50f4-a839-8a6328ead4e2,028,S1,E,2024-01-16,con nota,,2024-01-16,,False
aa0e548f-62ee-554b-83fc-7eb4613cf4ff,028,S1,E,2024-01-15,con nota,,2024-01-15,,False
be370c13-7be9-54a5-89bb-4bdce7fb2e43,028,S1,E,2024-01-26,con nota,,2024-01-26,,False
dda7d84e-c79a-5f19-b8d1-4090f3239620,028,S1,E,2024-01-24,con nota,,2024-01-24,,False
fb399764-8cce-535f-a2de-db636fb7aac4,028,S1,E,2024-01-19,con nota,,2024-01-19,,False
9b21c50e-3681-517b-af9a-5d043499cb27,028,S1,F,2024-01-23,con nota,,2024-01-23,,False
d3fc7fce-8bb1-5b8f-a4d5-58e2ef066b24,028,S1,F,2024-01-25,con nota,,2024-01-25,,False
e1e5ddb0-f781-58a0-8ee3-0398d09b2498,028,S1,F,2024-01-28,con nota,,2024-01-28,,False
f23552cd-6876-5561-b470-73e7c5e2bebe,028,S1,F,2024-01-29,con nota,,2024-01-29,,False
136359a4-f6ba-5d83-bc2f-db84eb392890,072,S1,A,2024-01-25,con nota,,2024-01-25,,False
1f2b77ef-07aa-502d-929d-d94213b94b63,072,S1,A,2024-01-19,con nota,,2024-01-19,,False
3d0a4f10-ddc8-5c1d-9130-52080699b517,072,S1,A,2024-01-18,con nota,,2024-01-18,,False
3e703abf-7a8c-5481-8fa7-6bc889902317,072,S1,A,2024-01-28,con nota,,2024-01-28,,False
8cd78b9b-ec67-5cc2-a2e0-f9086c2a104e,072,S1,A,2024-01-25,con nota,,2024-01-25,,False
978d05a1-a5a9-5ba4-9e3c-f3840d820cc0,072,S1,A,2024-01-17,con nota,,2024-01-17,,False
9ffa6583-b745-5ab4-b96f-0cb448667369,072,S1,A,2024-01-24,con nota,,2024-01-24,,False
b481fb0d-4c7d-5dbf-8e5a-85fcf4533ba4,072,S1,A,2024-01-19,con nota,,2024-01-19,,False
b73c830f-c8ef-567b-bcb4-081b76752502,072,S1,A,2024-01-15,con nota,,2024-01-15,,False
c51f9510-af9e-5a2e-8d05-9db91cfc5948,072,S1,A,2024-01-25,con nota,,2024-01-25,,False
d2f58abe-3bd7-5f07-9c7e-3a449807463d,072,S1,A,2024-01-26,con nota,,2024-01-26,,False
da0c1c2d-eae2-57b8-b466-96a10f60d443,072,S1,A,2024-01-17,con nota,,2024-01-17,,False
dc7a4a7d-204c-510b-8a49-6ce8ff399651,072,S1,A,2024-01-15,con nota,,2024-01-15,,False
df0bf56a-77fe-508c-a55e-34d29c2f924e,072,S1,A,2024-01-28,desasignado,2024-03-20,2024-01-28,2024-03-20,True
f52fddd3-e36f-5a82-a378-727e37fe4596,072,S1,A,2024-01-24,con nota,,2024-01-24,,False
fc57b469-8570-5031-b6b6-027ecfb0f9a7,072,S1,A,2024-01-29,con nota,,2024-01-29,,False
0045968e-85a2-5b82-bc32-83b532db55cd,072,S1,C,2024-01-19,con nota,,2024-01-19,,False
00a20d4b-9043-50fd-9656-3d18b3d769d1,072,S1,C,2024-01-15,con nota,,2024-01-15,,False
01bab3f1-2982-57c8-8f29-8cf445b6214e,072,S1,C,2024-01-22,con nota,,2024-01-22,,False
0982685f-f12c-5cbc-87fb-2af443788fef,072,S1,C,2024-01-21,con nota,,2024-01-21,,False
11b3b6a5-c3f8-5413-a4d3-bf4c2dee1df7,072,S1,C,2024-01-28,con nota,,2024-01-28,,False
13b9c86d-9619-5631-94db-1fa1670bd20b,072,S1,C,2024-01-30,con nota,,2024-01-30,,False
270a0504-64d3-5ff7-bda8-d02793ef8a81,072,S1,C,2024-01-22,con nota,,2024-01-22,,False
27211edc-1649-54b6-b315-76064d324463,072,S1,C,2024-01-23,con nota,,2024-01-23,,False
2a26e298-c5dc-52aa-94db-7ad1d63e65cb,072,S1,C,2024-01-16,con nota,,2024-01-16,,False
41833e6f-ff9c-5e3d-8bc1-bf5c5abc3959,072,S1,C,2024-01-21,con nota,,2024-01-21,,False
44265d66-98f6-5e01-98b4-22e7f68180a9,072,S1,C,2024-01-19,con nota,,2024-01-19,,False
47413417-88fb-5b3e-957d-208714a3e40a,072,S1,C,2024-01-23,con nota,,2024-01-23,,False
496acb28-ec74-5afd-ad47-b5e79d157dbe,072,S1,C,2024-01-30,con nota,,2024-01-30,,False
4a2ce805-bcd0-5f19-ab09-687335d8db6b,072,S1,C,2024-01-24,con nota,,2024-01-24,,False
54efacbd-8d05-5312-8217-122e8f73fddc,072,S1,C,2024-01-27,con nota,,2024-01-27,,False
590a15b3-d7a2-52b9-ab96-bf974ee42530,072,S1,C,2024-01-17,con nota,,2024-01-17,,False
5c937f46-19cc-56ec-bd5e-bec0181f8b45,072,S1,C,2024-01-17,desasignado,2024-04-13,2024-01-17,2024-04-13,True
5f88dc9a-1680-52ba-95d3-277b3d08cd6a,072,S1,C,2024-01-19,con nota,,2024-01-19,,False
61c7e1ff-5e5c-5001-8567-a3771ff133dd,072,S1,C,2024-01-20,con nota,,2024-01-20,,False
6a5add93-63e2-56da-ad52-61e4a59b33d7,072,S1,C,2024-01-17,con nota,,2024-01-17,,False
73b10026-ae9f-549d-9df0-f12a55fe95f5,072,S1,C,2024-01-28,con nota,,2024-01-28,,False
82c26a79-1d7f-541f-a528-1fa65eacb07f,072,S1,C,2024-01-20,con nota,,2024-01-20,,False
892d453e-ad59-5c86-bc3e-bdd521dd397b,072,S1,C,2024-01-16,con nota,,2024-01-16,,False
8c6b782d-1004-5643-8e93-3a5fca01dcd3,072,S1,C,2024-01-18,con nota,,2024-01-18,,False
ad10f604-2695-5bb8-9b2b-5740bf0e649d,072,S1,C,2024-01-22,con nota,,2024-01-22,,False
bc81ba4d-c2d3-5069-aa38-750cf904b140,072,S1,C,2024-01-26,con nota,,2024-01-26,,False
bd6823c1-6617-541e-b44d-2de09a66e52e,072,S1,C,2024-01-27,con nota,,2024-01-27,,False
bfe5ef19-d0c8-5540-803a-a9fd11a6409a,072,S1,C,2024-01-27,con nota,,2024-01-27,,False
c22564cf-cae3-58e7-b34e-1ee6d3c9993a,072,S1,C,2024-01-19,con nota,,2024-01-19,,False
c9be5db4-4388-5e6e-bdb4-3792752de6b4,072,S1,C,2024-01-25,con nota,,2024-01-25,,False
d11c046e-c9c2-5193-9cc1-77492c5d1264,072,S1,C,2024-01-29,con nota,,2024-01-29,,False
d79beb1a-7cf0-5775-9371-58bfa0b31898,072,S1,C,2024-01-20,con nota,,2024-01-20,,False
e42d7ce0-3048-53ab-8d1d-178e47c9bc3e,072,S1,C,2024-01-16,con nota,,2024-01-16,,False
e900eff1-a3f4-5be4-86dd-49f64721fc82,072,S1,C,2024-01-22,con nota,,2024-01-22,,False
ed913d33-9a4a-5cda-a123-31a39a3a328e,072,S1,C,2024-01-30,con nota,,2024-01-30,,False
f1bca5fd-d3c7-5b2e-a90e-fbbf75fbcb41,072,S1,C,2024-01-18,con nota,,2024-01-18,,False
f75c73c4-4353-55c2-b404-dd551be115aa,072,S1,C,2024-01-28,con nota,,2024-01-28,,False
fc8f1dd9-0500-5ce4-9533-7c16115f0457,072,S1,C,2024-01-19,con nota,,2024-01-19,,False
2905901c-e9bb-5210-b2b9-d5891b55407e,077,S1,A,2024-01-21,desasignado,2024-03-19,2024-01-21,2024-03-19,True
46f5141f-c212-54cb-a059-aceb91052900,077,S1,A,2024-01-29,con nota,,2024-01-29,,False
4a6b3546-7880-595e-b541-6aab9d24320b,077,S1,A,2024-01-18,con nota,,2024-01-18,,False
4f27b763-668f-5443-b687-4d9ca582763c,077,S1,A,2024-01-26,desasignado,2024-03-28,2024-01-26,2024-03-28,True
536a507b-cae9-556a-aca9-6fa541df708f,077,S1,A,2024-01-26,con nota,,2024-01-26,,False
6bd36f7f-f413-50fc-9d21-a81519a0f9ae,077,S1,A,2024-01-18,desasignado,2024-03-25,2024-01-18,2024-03-25,True
7f65857e-5b14-557a-bd52-34d73e3b4017,077,S1,A,2024-01-25,con nota,,2024-01-25,,False
7f9606ee-06b3-5cde-b8e8-5ecc400c2647,077,S1,A,2024-01-16,con nota,,2024-01-16,,False
89e30471-3014-5c79-9455-e1c4f2ee60bd,077,S1,A,2024-01-15,con nota,,2024-01-15,,False
8adbc82c-808f-5b1d-b86c-04b04f2a4aad,077,S1,A,2024-01-27,con nota,,2024-01-27,,False
a0ce5501-c941-5d6f-bdff-a357ccb52bd7,077,S1,A,2024-01-30,con nota,,2024-01-30,,False
b69b6146-9244-5946-800b-bab8d07fdf29,077,S1,A,2024-01-16,con nota,,2024-01-16,,False
bd33a1e4-88e2-5537-8532-82d6a9b59ed2,077,S1,A,2024-01-24,con nota,,2024-01-24,,False
c89bf0ca-8b71-5ca2-971d-575175c65ad9,077,S1,A,2024-01-28,con nota,,2024-01-28,,False
d4527165-c6ec-5c29-a3ed-988cd19e5f3f,077,S1,A,2024-01-21,con nota,,2024-01-21,,False
ea6d5422-828f-5de1-9fda-fcc0b60d4590,077,S1,A,2024-01-22,con nota,,2024-01-22,,False
f113ca9c-f96d-574a-8d4e-37dbed8a6755,077,S1,A,2024-01-16,con nota,,2024-01-16,,False
f4c71755-c25b-53e6-aae7-bf388a03494c,077,S1,A,2024-01-27,con nota,,2024-01-27,,False
0450959e-48dc-5783-9140-cfcec928c5c5,085,S1,A,2024-01-19,con nota,,2024-01-19,,False
0fa55129-2054-5d0a-ac6a-c453dfc1133a,085,S1,A,2024-01-20,con nota,,2024-01-20,,False
101fcc1c-02cb-502a-895a-dc14ec8bc4fc,085,S1,A,2024-01-22,con nota,,2024-01-22,,False
15a0bb40-c6d6-5f6a-8142-f1c5ba0a121a,085,S1,A,2024-01-18,con nota,,2024-01-18,,False
16882813-1901-5922-b351-e490c6282bc4,085,S1,A,2024-01-28,con nota,,2024-01-28,,False
18a74ce6-ba44-5c94-a2c3-22a8ded6786a,085,S1,A,2024-01-28,con nota,,2024-01-28,,False
229d23a0-bac6-55e3-9d53-ef85f45542e0,085,S1,A,2024-01-18,con nota,,2024-01-18,,False
23b6caf2-e88d-5562-aa80-01e9ef57ebe9,085,S1,A,2024-01-28,con nota,,2024-01-28,,False
366b165f-922c-5847-b813-fc6ef6c3a751,085,S1,A,2024-01-24,con nota,,2024-01-24,,False
36f4d3ec-4023-5b34-8dc2-6e588a93f6a1,085,S1,A,2024-01-24,con nota,,2024-01-24,,False
3e286a49-0d95-56da-aeae-91cae0ed2763,085,S1,A,2024-01-25,con nota,,2024-01-25,,False
3f2755ef-7031-5580-be34-89f9ba198194,085,S1,A,2024-01-21,desasignado,2024-03-17,2024-01-21,2024-03-17,True
41c3459c-e2e4-550d-a299-2cc964c7cfea,085,S1,A,2024-01-29,con nota,,2024-01-29,,False
4a07ae27-bce6-5958-80da-0b26f4d4650a,085,S1,A,2024-01-18,con nota,,2024-01-18,,False
56d6a85b-af6a-5056-b7e5-6fc2b0054af8,085,S1,A,2024-01-21,con nota,,2024-01-21,,False
6473da69-8d8c-53e3-9a2c-6841674fb2d0,085,S1,A,2024-01-28,con nota,,2024-01-28,,False
6d078a78-d8e3-5b7a-89a1-43baa31b9780,085,S1,A,2024-01-17,con nota,,2024-01-17,,False
717b731e-7f1f-5d15-97ab-fe9730798a9c,085,S1,A,2024-01-15,con nota,,2024-01-15,,False
75ad2a1d-e65d-5b36-9b02-6dc6f12138a4,085,S1,A,2024-01-28,con nota,,2024-01-28,,False
7aac2ae8-68aa-51a1-b8a6-24cdb91b4935,085,S1,A,2024-01-19,con nota,,2024-01-19,,False
7d36a894-5a69-5be2-93a2-a8c1d01df056,085,S1,A,2024-01-23,con nota,,2024-01-23,,False
7e033645-6b36-5b24-be88-ef2953f2c850,085,S1,A,2024-01-29,con nota,,2024-01-29,,False
819b9b1c-476d-5b64-949b-8bb80947bfde,085,S1,A,2024-01-22,con nota,,2024-01-22,,False
83c5a92d-1d67-5123-9563-d6dad24bbc27,085,S1,A,2024-01-19,con nota,,2024-01-19,,False
857bee19-f5cc-5925-8f6d-5e6dc8b42cb7,085,S1,A,2024-01-16,con nota,,2024-01-16,,False
8d0b01b6-3de2-5be7-87a9-01eb3806e177,085,S1,A,2024-01-17,con nota,,2024-01-17,,False
9af53817-e9ec-5854-a2a5-e577ccaf67ed,085,S1,A,2024-01-18,desasignado,2024-04-15,2024-01-18,2024-04-15,True
a5be436a-cb69-5107-956d-501d659bb0d7,085,S1,A,2024-01-22,con nota,,2024-01-22,,False
ab49c2b1-e673-50f6-ae4a-e5b321756a15,085,S1,A,2024-01-22,con nota,,2024-01-22,,False
b2adc362-05d9-54d6-bd03-02e44c27e8c5,085,S1,A,2024-01-16,con nota,,2024-01-16,,False
b3997c2f-90c6-5168-9d2b-373122f6b85d,085,S1,A,2024-01-16,con nota,,2024-01-16,,False
ba341cb6-848c-5d30-8bb3-6dc3b8ccd016,085,S1,A,2024-01-24,con nota,,2024-01-24,,False
bc607b11-c7c3-5cd1-b0c4-f95fabb7d1bf,085,S1,A,2024-01-28,con nota,,2024-01-28,,False
bed9e918-22d8-53c7-891c-03d1739f37c3,085,S1,A,2024-01-16,con nota,,2024-01-16,,False
c5252bea-0a8d-5efa-82fb-26d83372a130,085,S1,A,2024-01-27,con nota,,2024-01-27,,False
ca045e8e-72e0-524e-b94e-790662c03e9c,085,S1,A,2024-01-30,con nota,,2024-01-30,,False
cc8b8c37-cde4-5961-8d5a-293197f83e2e,085,S1,A,2024-01-27,con nota,,2024-01-27,,False
d0d32b44-cc7d-5dc8-8f44-2e0cadff8dca,085,S1,A,2024-01-27,con nota,,2024-01-27,,False
e6cecf06-57d6-5cdb-b2ba-c309cb7cab41,085,S1,A,2024-01-19,con nota,,2024-01-19,,False
f4079fd7-040c-5036-b7a6-c0842fed660b,085,S1,A,2024-01-16,con nota,,2024-01-16,,False
0c06f8f4-288d-57e0-8936-3d81fc7db2e7,085,S1,B,2024-01-24,con nota,,2024-01-24,,False
26a06e61-efe0-518d-aa15-c7ace718268a,085,S1,B,2024-01-15,con nota,,2024-01-15,,False
287283ce-fcaf-5519-a49e-3dea1c655f86,085,S1,B,2024-01-17,con nota,,2024-01-17,,False
35608fe5-e3c5-504b-8cc2-216c90a13a47,085,S1,B,2024-01-24,con nota,,2024-01-24,,False
731b92fd-50e5-5559-a9d3-96a0748f2373,085,S1,B,2024-01-23,con nota,,2024-01-23,,False
829d6bb7-6b71-5f40-9045-d49c7a41f459,085,S1,B,2024-01-20,desasignado,2024-03-21,2024-01-20,2024-03-21,True
9205f4d0-ca02-57f6-b51e-b705ac0898d7,085,S1,B,2024-01-21,con nota,,2024-01-21,,False
b1ada878-5ce8-5e51-bc44-6a5ae1f64971,085,S1,B,2024-01-19,con nota,,2024-01-19,,False
b1cce0db-3292-5ff2-837e-2fda6bc2eb62,085,S1,B,2024-01-16,con nota,,2024-01-16,,False
bc2edb29-4cd5-5fb5-88a5-7dedee94af0d,085,S1,B,2024-01-20,con nota,,2024-01-20,,False
c41dd30f-7c59-5647-a164-2c5d11a89c90,085,S1,B,2024-01-19,con nota,,2024-01-19,,False
c7cd1346-234a-5f30-b884-48b69a36b80d,085,S1,B,2024-01-18,con nota,,2024-01-18,,False
d931f9da-177d-519e-9604-82c77ffd7dfc,085,S1,B,2024-01-28,con nota,,2024-01-28,,False
efa55bd1-a3d6-552e-b4fc-91b4426c5818,085,S1,B,2024-01-17,con nota,,2024-01-17,,False
258230b7-9a78-5154-bafa-abd2bb5f077f,094,S1,A,2024-01-17,desasignado,2024-03-18,2024-01-17,2024-03-18,True
85f6e33e-822a-59b2-a749-33e5034486fd,094,S1,A,2024-01-29,con nota,,2024-01-29,,False
9a98393a-472a-543c-b2c9-606126573d51,094,S1,A,2024-01-28,con nota,,2024-01-28,,False
a0ce5501-c941-5d6f-bdff-a357ccb52bd7,094,S1,A,2024-01-29,con nota,,2024-01-29,,False
c89bf0ca-8b71-5ca2-971d-575175c65ad9,094,S1,A,2024-01-21,con nota,,2024-01-21,,False
d118687e-00c4-575c-a6cb-42161dba4e09,094,S1,A,2024-01-23,con nota,,2024-01-23,,False
00951361-bee7-5343-85b9-b2de39c38298,119,S1,A,2024-01-25,con nota,,2024-01-25,,False
08d5616f-376d-5766-b14e-b1d1437e5d1a,119,S1,A,2024-01-24,con nota,,2024-01-24,,False
4ca64fe3-739c-5549-9021-88056df3ce2c,119,S1,A,2024-01-19,con nota,,2024-01-19,,False
5a4dd046-dd91-5381-90c2-a900c4c37cbb,119,S1,A,2024-01-30,con nota,,2024-01-30,,False
79f7bd09-d805-5ce8-ab92-7f3812865478,119,S1,A,2024-01-25,con nota,,2024-01-25,,False
92fcb7e2-aae7-5aa4-81b8-b92b825fe8a7,119,S1,A,2024-01-28,con nota,,2024-01-28,,False
9b21c50e-3681-517b-af9a-5d043499cb27,119,S1,A,2024-01-30,con nota,,2024-01-30,,False
9d33fef8-5e8a-5846-9347-224ddf41678a,119,S1,A,2024-01-26,con nota,,2024-01-26,,False
aa0e548f-62ee-554b-83fc-7eb4613cf4ff,119,S1,A,2024-01-15,con nota,,2024-01-15,,False
d1be5647-fdd8-53fe-8b3c-64441ddd5977,119,S1,A,2024-01-15,con nota,,2024-01-15,,False
d31f1530-eb29-5bdd-b1a8-a3ae4c08702f,119,S1,A,2024-01-17,con nota,,2024-01-17,,False
dda7d84e-c79a-5f19-b8d1-4090f3239620,119,S1,A,2024-01-29,con nota,,2024-01-29,,False
f1655cb7-00bc-5455-9379-254358e903cf,119,S1,A,2024-01-19,con nota,,2024-01-19,,False
1c6583c9-8dab-560b-95ba-62442b620433,119,S1,B,2024-01-19,con nota,,2024-01-19,,False
286fa7de-31f8-56c1-8023-d8120c448dc4,119,S1,B,2024-01-16,con nota,,2024-01-16,,False
421e5b33-6bf8-5c14-a03b-3a4e6da333e6,119,S1,B,2024-01-22,con nota,,2024-01-22,,False
76c382db-d59f-56da-9b78-fa2341e8a839,119,S1,C,2024-01-29,con nota,,2024-01-29,,False
79e7db35-50f0-5599-a41c-31b243f13720,119,S1,C,2024-01-24,con nota,,2024-01-24,,False
7b4bccb3-17ad-55f8-999a-2445c85928a1,119,S1,C,2024-01-27,con nota,,2024-01-27,,False
898ef159-1bc5-50f4-a839-8a6328ead4e2,119,S1,C,2024-01-29,con nota,,2024-01-29,,False
be370c13-7be9-54a5-89bb-4bdce7fb2e43,119,S1,C,2024-01-28,con nota,,2024-01-28,,False
d3fc7fce-8bb1-5b8f-a4d5-58e2ef066b24,119,S1,C,2024-01-26,con nota,,2024-01-26,,False
e47c32f0-0c28-5157-bc7c-72d90ae601f8,119,S1,C,2024-01-22,con nota,,2024-01-22,,False
f23552cd-6876-5561-b470-73e7c5e2bebe,119,S1,C,2024-01-20,con nota,,2024-01-20,,False
f6488969-c04b-5ddd-960d-f87b5e1b214f,119,S1,C,2024-01-29,con nota,,2024-01-29,,False
799bdc38-e9f5-5892-b852-bcb64e6e021b,119,S1,E,2024-01-23,con nota,,2024-01-23,,False
9e77d389-c711-5374-8ab7-a5ef908fb2a5,119,S1,E,2024-01-20,con nota,,2024-01-20,,False
a2047dfe-7072-5573-86cf-cf4ca53db0fa,119,S1,E,2024-01-25,con nota,,2024-01-25,,False
b48cf04d-3355-5979-a671-d15244b9f856,119,S1,E,2024-01-17,con nota,,2024-01-17,,False
cf443787-1a74-5a5e-bff3-2ef5575818ac,119,S1,E,2024-01-30,con nota,,2024-01-30,,False
ff9481f2-af23-5a24-9813-859e9c577ab6,119,S1,E,2024-01-27,con nota,,2024-01-27,,False
17c7a9a2-f074-5a25-9c33-123c3f252a00,119,S1,F,2024-01-25,con nota,,2024-01-25,,False
b92068f4-3013-587a-8e70-ce58bab62301,119,S1,F,2024-01-27,con nota,,2024-01-27,,False
e1e5ddb0-f781-58a0-8ee3-0398d09b2498,119,S1,F,2024-01-24,con nota,,2024-01-24,,False
f75c73c4-4353-55c2-b404-dd551be115aa,119,S1,F,2024-01-19,con nota,,2024-01-19,,False
fb399764-8cce-535f-a2de-db636fb7aac4,119,S1,F,2024-01-18,con nota,,2024-01-18,,False
0c7a60bb-8fd5-5785-ae40-5a238188aebd,146,S1,A,2024-01-30,con nota,,2024-01-30,,False
0ee9e680-12e5-50e4-b182-3e780e680246,146,S1,A,2024-01-27,con nota,,2024-01-27,,False
184c1de9-fa20-510e-b160-68ad1dc84065,146,S1,A,2024-01-27,con nota,,2024-01-27,,False
1f2beec5-6645-5d05-82ee-24ac5912f380,146,S1,A,2024-01-26,con nota,,2024-01-26,,False
2025c707-2bf8-5151-be4c-a2a603e99860,146,S1,A,2024-01-22,con nota,,2024-01-22,,False
257724e2-11c9-5663-88d5-df9d1c7c66c6,146,S1,A,2024-01-19,desasignado,2024-04-01,2024-01-19,2024-04-01,True
25841c45-8811-545f-b5e2-6b2d705ec4c7,146,S1,A,2024-01-28,con nota,,2024-01-28,,False
26b70c46-d8aa-5b67-b21d-02f2c1b9ca56,146,S1,A,2024-01-20,con nota,,2024-01-20,,False
2a6bef91-9d34-57ef-9ecf-910d7d7bfd14,146,S1,A,2024-01-29,con nota,,2024-01-29,,False
34986bea-a380-5964-a9fe-b7d8075f0cd5,146,S1,A,2024-01-19,desasignado,2024-04-02,2024-01-19,2024-04-02,True
38d3c179-d651-5b38-a95d-5f30eea49bc7,146,S1,A,2024-01-25,con nota,,2024-01-25,,False
390a81e9-c184-59de-8b1f-aa4c16c462b8,146,S1,A,2024-01-27,con nota,,2024-01-27,,False
490c9487-1342-5062-a509-90370d598267,146,S1,A,2024-01-24,con nota,,2024-01-24,,False
5f2d4609-1bd0-5199-8792-ad4daad25e34,146,S1,A,2024-01-30,con nota,,2024-01-30,,False
6c433ed9-ad1e-51e2-9d31-0f92474524f1,146,S1,A,2024-01-21,con nota,,2024-01-21,,False
70b2bc66-3db1-536f-8061-39cc18e139ea,146,S1,A,2024-01-23,con nota,,2024-01-23,,False
766a215c-fae4-5d87-86b1-a6544ab14748,146,S1,A,2024-01-28,con nota,,2024-01-28,,False
8bc03924-39b4-5c0a-985f-6cb1afe0a9e9,146,S1,A,2024-01-22,con nota,,2024-01-22,,False
8dc5c8ce-0b27-50c3-bec7-fce9414db9bf,146,S1,A,2024-01-25,con nota,,2024-01-25,,False
97171161-ceef-5159-92b0-c9415c6d7403,146,S1,A,2024-01-20,con nota,,2024-01-20,,False
9ef93136-4252-556a-b27a-56284b0733c6,146,S1,A,2024-01-22,con nota,,2024-01-22,,False
a029f47b-dd20-5fb5-9265-eb5443fecfd1,146,S1,A,2024-01-22,con nota,,2024-01-22,,False
af7170d5-79af-53e8-ac44-8d6b7e8ad951,146,S1,A,2024-01-28,con nota,,2024-01-28,,False
c27c04eb-b36c-5f95-a9ff-ba3b43c1f175,146,S1,A,2024-01-30,con nota,,2024-01-30,,False
ca6fc301-a539-586c-9789-e3d1605db2b0,146,S1,A,2024-01-22,con nota,,2024-01-22,,False
cf78170e-bdcf-5b76-9880-68254df8a507,146,S1,A,2024-01-23,desasignado,2024-04-15,2024-01-23,2024-04-15,True
ec14649a-b1aa-5070-8cb4-c6a848b94d89,146,S1,A,2024-01-17,con nota,,2024-01-17,,False
f4bcda92-d4d7-507e-b697-5600cac6f573,146,S1,A,2024-01-16,con nota,,2024-01-16,,False
1f6f1f28-074c-59c7-92b8-d6e9c19bdd7a,146,S1,B,2024-01-21,con nota,,2024-01-21,,False
2e531479-2e51-5b22-9a96-785cdab828d1,146,S1,B,2024-01-17,con nota,,2024-01-17,,False
3b839c8a-1e03-5728-b057-2689dbdd202e,146,S1,B,2024-01-20,con nota,,2024-01-20,,False
3bdd6bd7-2493-5fef-97d2-19101e40630a,146,S1,B,2024-01-23,con nota,,2024-01-23,,False
3f6b4811-4804-539a-990b-aa859b6d7359,146,S1,B,2024-01-15,desasignado,2024-04-16,2024-01-15,2024-04-16,True
4628c082-b668-5afc-a506-1e3c43e99915,146,S1,B,2024-01-28,con nota,,2024-01-28,,False
483edcff-dbbf-5447-b9d9-095557232b02,146,S1,B,2024-01-23,con nota,,2024-01-23,,False
6b0fa083-89e1-5c4a-9ebd-503d3bf9b28b,146,S1,B,2024-01-15,con nota,,2024-01-15,,False
808862a1-f703-5d96-9eb0-dee85a54f151,146,S1,B,2024-01-15,con nota,,2024-01-15,,False
a252557b-6fa4-5ac7-b1b4-dfa120d1e728,146,S1,B,2024-01-24,con nota,,2024-01-24,,False
cb7e7a97-6e00-55b0-b580-317f19854827,146,S1,B,2024-01-24,con nota,,2024-01-24,,False
d3acc96f-c21a-5c20-96fb-a688c8734bfe,146,S1,B,2024-01-26,con nota,,2024-01-26,,False
d5aaa6eb-6692-5c69-b2a8-cf5b1835b425,146,S1,B,2024-01-23,con nota,,2024-01-23,,False
f244a686-f32b-5770-9d6b-044f508009fa,146,S1,B,2024-01-24,con nota,,2024-01-24,,False
0450959e-48dc-5783-9140-cfcec928c5c5,147,S1,A,2024-01-23,con nota,,2024-01-23,,False
0c06f8f4-288d-57e0-8936-3d81fc7db2e7,147,S1,A,2024-01-21,con nota,,2024-01-21,,False
101fcc1c-02cb-502a-895a-dc14ec8bc4fc,147,S1,A,2024-01-26,con nota,,2024-01-26,,False
15a0bb40-c6d6-5f6a-8142-f1c5ba0a121a,147,S1,A,2024-01-28,con nota,,2024-01-28,,False
16882813-1901-5922-b351-e490c6282bc4,147,S1,A,2024-01-29,con nota,,2024-01-29,,False
26a06e61-efe0-518d-aa15-c7ace718268a,147,S1,A,2024-01-26,con nota,,2024-01-26,,False
35608fe5-e3c5-504b-8cc2-216c90a13a47,147,S1,A,2024-01-27,con nota,,2024-01-27,,False
4a07ae27-bce6-5958-80da-0b26f4d4650a,147,S1,A,2024-01-26,desasignado,2024-04-08,2024-01-26,2024-04-08,True
56d6a85b-af6a-5056-b7e5-6fc2b0054af8,147,S1,A,2024-01-25,con nota,,2024-01-25,,False
717b731e-7f1f-5d15-97ab-fe9730798a9c,147,S1,A,2024-01-16,con nota,,2024-01-16,,False
731b92fd-50e5-5559-a9d3-96a0748f2373,147,S1,A,2024-01-30,desasignado,2024-04-09,2024-01-30,2024-04-09,True
75ad2a1d-e65d-5b36-9b02-6dc6f12138a4,147,S1,A,2024-01-18,con nota,,2024-01-18,,False
7d36a894-5a69-5be2-93a2-a8c1d01df056,147,S1,A,2024-01-26,con nota,,2024-01-26,,False
7e033645-6b36-5b24-be88-ef2953f2c850,147,S1,A,2024-01-29,con nota,,2024-01-29,,False
819b9b1c-476d-5b64-949b-8bb80947bfde,147,S1,A,2024-01-15,con nota,,2024-01-15,,False
829d6bb7-6b71-5f40-9045-d49c7a41f459,147,S1,A,2024-01-18,con nota,,2024-01-18,,False
830d469b-5f0d-5c02-83e5-fb3ef8b12772,147,S1,A,2024-01-26,con nota,,2024-01-26,,False
857bee19-f5cc-5925-8f6d-5e6dc8b42cb7,147,S1,A,2024-01-26,con nota,,2024-01-26,,False
ab49c2b1-e673-50f6-ae4a-e5b321756a15,147,S1,A,2024-01-19,con nota,,2024-01-19,,False
b06bcec0-b3a3-50b9-a1ec-953a4674371d,147,S1,A,2024-01-24,con nota,,2024-01-24,,False
b2adc362-05d9-54d6-bd03-02e44c27e8c5,147,S1,A,2024-01-23,desasignado,2024-04-09,2024-01-23,2024-04-09,True
b3997c2f-90c6-5168-9d2b-373122f6b85d,147,S1,A,2024-01-19,con nota,,2024-01-19,,False
bc607b11-c7c3-5cd1-b0c4-f95fabb7d1bf,147,S1,A,2024-01-25,desasignado,2024-03-17,2024-01-25,2024-03-17,True
bd77a48a-9406-51ae-a620-b28897754dec,147,S1,A,2024-01-29,con nota,,2024-01-29,,False
c41dd30f-7c59-5647-a164-2c5d11a89c90,147,S1,A,2024-01-17,con nota,,2024-01-17,,False
cc8b8c37-cde4-5961-8d5a-293197f83e2e,147,S1,A,2024-01-26,con nota,,2024-01-26,,False
d931f9da-177d-519e-9604-82c77ffd7dfc,147,S1,A,2024-01-24,con nota,,2024-01-24,,False
f4079fd7-040c-5036-b7a6-c0842fed660b,147,S1,A,2024-01-18,con nota,,2024-01-18,,False
0fa55129-2054-5d0a-ac6a-c453dfc1133a,147,S1,B,2024-01-25,con nota,,2024-01-25,,False
18a74ce6-ba44-5c94-a2c3-22a8ded6786a,147,S1,B,2024-01-18,con nota,,2024-01-18,,False
23b6caf2-e88d-5562-aa80-01e9ef57ebe9,147,S1,B,2024-01-21,con nota,,2024-01-21,,False
287283ce-fcaf-5519-a49e-3dea1c655f86,147,S1,B,2024-01-19,con nota,,2024-01-19,,False
366b165f-922c-5847-b813-fc6ef6c3a751,147,S1,B,2024-01-30,con nota,,2024-01-30,,False
41c3459c-e2e4-550d-a299-2cc964c7cfea,147,S1,B,2024-01-19,con nota,,2024-01-19,,False
6473da69-8d8c-53e3-9a2c-6841674fb2d0,147,S1,B,2024-01-27,con nota,,2024-01-27,,False
7aac2ae8-68aa-51a1-b8a6-24cdb91b4935,147,S1,B,2024-01-17,con nota,,2024-01-17,,False
83c5a92d-1d67-5123-9563-d6dad24bbc27,147,S1,B,2024-01-15,con nota,,2024-01-15,,False
ba341cb6-848c-5d30-8bb3-6dc3b8ccd016,147,S1,B,2024-01-24,con nota,,2024-01-24,,False
ca045e8e-72e0-524e-b94e-790662c03e9c,147,S1,B,2024-01-16,con nota,,2024-01-16,,False
d0d32b44-cc7d-5dc8-8f44-2e0cadff8dca,147,S1,B,2024-01-15,con nota,,2024-01-15,,False
17c7a9a2-f074-5a25-9c33-123c3f252a00,169,S1,A,2024-01-22,con nota,,2024-01-22,,False
1c6583c9-8dab-560b-95ba-62442b620433,169,S1,A,2024-01-24,con nota,,2024-01-24,,False
76c382db-d59f-56da-9b78-fa2341e8a839,169,S1,A,2024-01-15,con nota,,2024-01-15,,False
799bdc38-e9f5-5892-b852-bcb64e6e021b,169,S1,A,2024-01-28,con nota,,2024-01-28,,False
79e7db35-50f0-5599-a41c-31b243f13720,169,S1,A,2024-01-17,con nota,,2024-01-17,,False
92fcb7e2-aae7-5aa4-81b8-b92b825fe8a7,169,S1,A,2024-01-15,con nota,,2024-01-15,,False
9b21c50e-3681-517b-af9a-5d043499cb27,169,S1,A,2024-01-30,con nota,,2024-01-30,,False
9d33fef8-5e8a-5846-9347-224ddf41678a,169,S1,A,2024-01-26,con nota,,2024-01-26,,False
aa0e548f-62ee-554b-83fc-7eb4613cf4ff,169,S1,A,2024-01-24,con nota,,2024-01-24,,False
b92068f4-3013-587a-8e70-ce58bab62301,169,S1,A,2024-01-28,con nota,,2024-01-28,,False
d1be5647-fdd8-53fe-8b3c-64441ddd5977,169,S1,A,2024-01-28,con nota,,2024-01-28,,False
d3fc7fce-8bb1-5b8f-a4d5-58e2ef066b24,169,S1,A,2024-01-21,con nota,,2024-01-21,,False
f23552cd-6876-5561-b470-73e7c5e2bebe,169,S1,A,2024-01-20,desasignado,2024-04-24,2024-01-20,2024-04-24,True
00951361-bee7-5343-85b9-b2de39c38298,169,S1,B,2024-01-21,con nota,,2024-01-21,,False
7b4bccb3-17ad-55f8-999a-2445c85928a1,169,S1,B,2024-01-26,con nota,,2024-01-26,,False
898ef159-1bc5-50f4-a839-8a6328ead4e2,169,S1,B,2024-01-28,con nota,,2024-01-28,,False
b48cf04d-3355-5979-a671-d15244b9f856,169,S1,B,2024-01-19,con nota,,2024-01-19,,False
cf443787-1a74-5a5e-bff3-2ef5575818ac,169,S1,B,2024-01-30,con nota,,2024-01-30,,False
d31f1530-eb29-5bdd-b1a8-a3ae4c08702f,169,S1,B,2024-01-17,con nota,,2024-01-17,,False
dda7d84e-c79a-5f19-b8d1-4090f3239620,169,S1,B,2024-01-27,con nota,,2024-01-27,,False
f1655cb7-00bc-5455-9379-254358e903cf,169,S1,B,2024-01-16,con nota,,2024-01-16,,False
0045968e-85a2-5b82-bc32-83b532db55cd,169,S1,C,2024-01-28,con nota,,2024-01-28,,False
08d5616f-376d-5766-b14e-b1d1437e5d1a,169,S1,C,2024-01-21,con nota,,2024-01-21,,False
0a9592c1-41df-56fb-ae5f-49a98f842829,169,S1,C,2024-01-21,con nota,,2024-01-21,,False
11b3b6a5-c3f8-5413-a4d3-bf4c2dee1df7,169,S1,C,2024-01-20,con nota,,2024-01-20,,False
286fa7de-31f8-56c1-8023-d8120c448dc4,169,S1,C,2024-01-27,con nota,,2024-01-27,,False
33d3602a-b2e5-5e74-b015-aef7204523f1,169,S1,C,2024-01-19,con nota,,2024-01-19,,False
421e5b33-6bf8-5c14-a03b-3a4e6da333e6,169,S1,C,2024-01-28,con nota,,2024-01-28,,False
47413417-88fb-5b3e-957d-208714a3e40a,169,S1,C,2024-01-15,con nota,,2024-01-15,,False
496acb28-ec74-5afd-ad47-b5e79d157dbe,169,S1,C,2024-01-23,con nota,,2024-01-23,,False
4a2ce805-bcd0-5f19-ab09-687335d8db6b,169,S1,C,2024-01-25,con nota,,2024-01-25,,False
4ca64fe3-739c-5549-9021-88056df3ce2c,169,S1,C,2024-01-16,con nota,,2024-01-16,,False
5a4dd046-dd91-5381-90c2-a900c4c37cbb,169,S1,C,2024-01-30,con nota,,2024-01-30,,False
5d95c06a-fef3-5ae3-916c-3141bbd59760,169,S1,C,2024-01-22,con nota,,2024-01-22,,False
63b57290-7942-50f2-9869-50904d311a85,169,S1,C,2024-01-26,desasignado,2024-04-03,2024-01-26,2024-04-03,True
67414565-08f4-5f9f-b76b-b069d2a06f0f,169,S1,C,2024-01-18,con nota,,2024-01-18,,False
682590a1-8178-5261-b1a8-d0e0130255a2,169,S1,C,2024-01-17,desasignado,2024-03-30,2024-01-17,2024-03-30,True
6ec54b76-7dc1-5765-b816-5a329a6432e2,169,S1,C,2024-01-22,con nota,,2024-01-22,,False
72e11633-3227-57e3-b469-86f635587704,169,S1,C,2024-01-29,con nota,,2024-01-29,,False
7736aed7-1f28-53e1-8433-c7a89c6e4992,169,S1,C,2024-01-20,con nota,,2024-01-20,,False
79f7bd09-d805-5ce8-ab92-7f3812865478,169,S1,C,2024-01-30,con nota,,2024-01-30,,False
84dddfd9-5b3a-5af3-9cc7-78c192097158,169,S1,C,2024-01-17,con nota,,2024-01-17,,False
977f0c1c-e388-5fbf-be24-31a4cebf45d1,169,S1,C,2024-01-20,desasignado,2024-03-25,2024-01-20,2024-03-25,True
9e77d389-c711-5374-8ab7-a5ef908fb2a5,169,S1,C,2024-01-28,con nota,,2024-01-28,,False
a2047dfe-7072-5573-86cf-cf4ca53db0fa,169,S1,C,2024-01-16,con nota,,2024-01-16,,False
be370c13-7be9-54a5-89bb-4bdce7fb2e43,169,S1,C,2024-01-26,con nota,,2024-01-26,,False
bfe5ef19-d0c8-5540-803a-a9fd11a6409a,169,S1,C,2024-01-19,con nota,,2024-01-19,,False
c4cf05e9-8e3a-56f4-b1f2-38881baed5d0,169,S1,C,2024-01-22,con nota,,2024-01-22,,False
df0bf56a-77fe-508c-a55e-34d29c2f924e,169,S1,C,2024-01-18,con nota,,2024-01-18,,False
e1e5ddb0-f781-58a0-8ee3-0398d09b2498,169,S1,C,2024-01-27,con nota,,2024-01-27,,False
e42d7ce0-3048-53ab-8d1d-178e47c9bc3e,169,S1,C,2024-01-23,con nota,,2024-01-23,,False
e47c32f0-0c28-5157-bc7c-72d90ae601f8,169,S1,C,2024-01-23,con nota,,2024-01-23,,False
e6e9156d-7483-53bd-b81b-65242bc99cc1,169,S1,C,2024-01-24,con nota,,2024-01-24,,False
ed913d33-9a4a-5cda-a123-31a39a3a328e,169,S1,C,2024-01-16,con nota,,2024-01-16,,False
f2460c68-01ff-5d83-9a1a-787679bb79e7,169,S1,C,2024-01-21,con nota,,2024-01-21,,False
f52fddd3-e36f-5a82-a378-727e37fe4596,169,S1,C,2024-01-19,con nota,,2024-01-19,,False
f6488969-c04b-5ddd-960d-f87b5e1b214f,169,S1,C,2024-01-27,con nota,,2024-01-27,,False
fb399764-8cce-535f-a2de-db636fb7aac4,169,S1,C,2024-01-22,con nota,,2024-01-22,,False
ff12ec30-7918-541b-8167-6fda67f57e81,169,S1,C,2024-01-15,con nota,,2024-01-15,,False
ff9481f2-af23-5a24-9813-859e9c577ab6,169,S1,C,2024-01-30,con nota,,2024-01-30,,False
1bf1c525-f0f5-52b9-81f2-e993b470b9cc,169,S1,D,2024-01-23,con nota,,2024-01-23,,False
3bddbee5-05a1-5c39-ac75-9157f041902e,169,S1,D,2024-01-19,con nota,,2024-01-19,,False
e7a0dea3-1160-5442-9abe-2892ffc9696e,169,S1,D,2024-01-17,con nota,,2024-01-17,,False
01bab3f1-2982-57c8-8f29-8cf445b6214e,169,S1,E,2024-01-20,con nota,,2024-01-20,,False
0b91ef54-482c-5813-ab7c-4eec7f55e3d4,169,S1,E,2024-01-30,con nota,,2024-01-30,,False
16e05d20-d12c-5dad-944c-ac46cae0b322,169,S1,E,2024-01-16,con nota,,2024-01-16,,False
1c875d84-9b73-5522-98e9-e0320dcb5a3e,169,S1,E,2024-01-22,con nota,,2024-01-22,,False
27211edc-1649-54b6-b315-76064d324463,169,S1,E,2024-01-16,con nota,,2024-01-16,,False
3de5d6a3-404d-592b-bd1d-e16220feabe5,169,S1,E,2024-01-23,con nota,,2024-01-23,,False
4051bf55-d9ef-5c45-94d7-34fa1dad5078,169,S1,E,2024-01-21,con nota,,2024-01-21,,False
41833e6f-ff9c-5e3d-8bc1-bf5c5abc3959,169,S1,E,2024-01-20,con nota,,2024-01-20,,False
44265d66-98f6-5e01-98b4-22e7f68180a9,169,S1,E,2024-01-19,con nota,,2024-01-19,,False
4d21cea1-ac04-5543-86ff-a481632efb1e,169,S1,E,2024-01-25,con nota,,2024-01-25,,False
50cd2e0b-10ff-5209-836b-c75477a9725b,169,S1,E,2024-01-23,con nota,,2024-01-23,,False
54a8344b-f5b6-57d7-bf33-011f650d4236,169,S1,E,2024-01-29,con nota,,2024-01-29,,False
690c8f5e-bfea-5f1d-bd3a-737d48c6bcbd,169,S1,E,2024-01-28,con nota,,2024-01-28,,False
6b1b007f-3d94-50d2-95ae-a23cf0fd1801,169,S1,E,2024-01-30,con nota,,2024-01-30,,False
892d453e-ad59-5c86-bc3e-bdd521dd397b,169,S1,E,2024-01-20,con nota,,2024-01-20,,False
b91bfdc4-f835-5a86-8106-fce8775833f0,169,S1,E,2024-01-28,con nota,,2024-01-28,,False
bad1322f-2133-549a-a69d-feb9f4347a58,169,S1,E,2024-01-24,con nota,,2024-01-24,,False
c236c9a7-ebb8-5bdd-9717-5b80d6074b31,169,S1,E,2024-01-20,con nota,,2024-01-20,,False
d11c046e-c9c2-5193-9cc1-77492c5d1264,169,S1,E,2024-01-21,con nota,,2024-01-21,,False
d79beb1a-7cf0-5775-9371-58bfa0b31898,169,S1,E,2024-01-29,con nota,,2024-01-29,,False
e900eff1-a3f4-5be4-86dd-49f64721fc82,169,S1,E,2024-01-28,con nota,,2024-01-28,,False
f75c73c4-4353-55c2-b404-dd551be115aa,169,S1,E,2024-01-16,con nota,,2024-01-16,,False
252d04af-c959-574c-927b-59809a7cf378,169,S1,F,2024-01-27,con nota,,2024-01-27,,False
30cfbf3f-525e-5689-b923-5f20e1134539,169,S1,F,2024-01-26,desasignado,2024-04-18,2024-01-26,2024-04-18,True
56ed1545-fc8b-541e-9773-3c5f0bc2bf3b,169,S1,F,2024-01-23,con nota,,2024-01-23,,False
584ca980-7215-5ebe-bd2d-639aa11fa8a6,169,S1,F,2024-01-17,con nota,,2024-01-17,,False
59fa1784-d7c1-543c-9d6d-14e13774fe1a,169,S1,F,2024-01-28,con nota,,2024-01-28,,False
a531dcbb-f49d-5195-8ee1-330009237354,169,S1,F,2024-01-15,con nota,,2024-01-15,,False
a97bb513-eef4-547a-a146-e227965cdee2,169,S1,F,2024-01-30,con nota,,2024-01-30,,False
ad10f604-2695-5bb8-9b2b-5740bf0e649d,169,S1,F,2024-01-29,con nota,,2024-01-29,,False
c51f9510-af9e-5a2e-8d05-9db91cfc5948,169,S1,F,2024-01-24,con nota,,2024-01-24,,False
d2f58abe-3bd7-5f07-9c7e-3a449807463d,169,S1,F,2024-01-26,con nota,,2024-01-26,,False
263cfab1-83e1-5775-bb4e-9afb1bef241e,170,S1,A,2024-01-17,con nota,,2024-01-17,,False
270a0504-64d3-5ff7-bda8-d02793ef8a81,170,S1,A,2024-01-23,con nota,,2024-01-23,,False
37cf6f59-cc69-576b-ba66-c5cf8fe772c3,170,S1,A,2024-01-23,con nota,,2024-01-23,,False
4ace62b5-4832-525a-8d5d-71bdbe79aa5d,170,S1,A,2024-01-19,con nota,,2024-01-19,,False
5814899b-920c-5074-a7c7-7511abd951ba,170,S1,A,2024-01-25,con nota,,2024-01-25,,False
5c937f46-19cc-56ec-bd5e-bec0181f8b45,170,S1,A,2024-01-16,con nota,,2024-01-16,,False
6327d4a3-6104-565e-b692-b3e8408fe538,170,S1,A,2024-01-29,con nota,,2024-01-29,,False
63b57290-7942-50f2-9869-50904d311a85,170,S1,A,2024-01-30,desasignado,2024-04-19,2024-01-30,2024-04-19,True
666af2be-87f6-5662-975b-441feb776cf0,170,S1,A,2024-01-28,con nota,,2024-01-28,,False
67414565-08f4-5f9f-b76b-b069d2a06f0f,170,S1,A,2024-01-25,con nota,,2024-01-25,,False
7736aed7-1f28-53e1-8433-c7a89c6e4992,170,S1,A,2024-01-30,con nota,,2024-01-30,,False
7e3bdd97-4da0-5cd5-b823-7a9e26bc38c5,170,S1,A,2024-01-21,con nota,,2024-01-21,,False
88ac2e8a-94a5-5041-b4e6-f6e5d388a4da,170,S1,A,2024-01-19,con nota,,2024-01-19,,False
a8b2948e-db2a-550f-8291-7bf443e650f9,170,S1,A,2024-01-30,con nota,,2024-01-30,,False
aa8813f5-0192-5963-bd3d-2626ed41657a,170,S1,A,2024-01-30,con nota,,2024-01-30,,False
b4d9082e-1db4-5faf-906f-1ae369f92be4,170,S1,A,2024-01-30,con nota,,2024-01-30,,False
cea4473d-52f7-5d4c-a6ca-fac54542b285,170,S1,A,2024-01-18,con nota,,2024-01-18,,False
d249646d-3649-5026-b0d5-4d07c1c3188b,170,S1,A,2024-01-20,con nota,,2024-01-20,,False
f38571e3-0dd7-56c0-9003-d327dcd76739,170,S1,A,2024-01-16,con nota,,2024-01-16,,False
fc57b469-8570-5031-b6b6-027ecfb0f9a7,170,S1,A,2024-01-27,con nota,,2024-01-27,,False
ff12ec30-7918-541b-8167-6fda67f57e81,170,S1,A,2024-01-23,con nota,,2024-01-23,,False
01bab3f1-2982-57c8-8f29-8cf445b6214e,170,S1,B,2024-01-26,con nota,,2024-01-26,,False
0b91ef54-482c-5813-ab7c-4eec7f55e3d4,170,S1,B,2024-01-23,con nota,,2024-01-23,,False
16e05d20-d12c-5dad-944c-ac46cae0b322,170,S1,B,2024-01-29,con nota,,2024-01-29,,False
1f2b77ef-07aa-502d-929d-d94213b94b63,170,S1,B,2024-01-15,con nota,,2024-01-15,,False
3513277f-67b8-5015-9843-e138ce7821cd,170,S1,B,2024-01-16,con nota,,2024-01-16,,False
3e703abf-7a8c-5481-8fa7-6bc889902317,170,S1,B,2024-01-22,con nota,,2024-01-22,,False
50cd2e0b-10ff-5209-836b-c75477a9725b,170,S1,B,2024-01-15,con nota,,2024-01-15,,False
584ca980-7215-5ebe-bd2d-639aa11fa8a6,170,S1,B,2024-01-17,con nota,,2024-01-17,,False
690c8f5e-bfea-5f1d-bd3a-737d48c6bcbd,170,S1,B,2024-01-23,con nota,,2024-01-23,,False
6b1b007f-3d94-50d2-95ae-a23cf0fd1801,170,S1,B,2024-01-18,desasignado,2024-04-13,2024-01-18,2024-04-13,True
77ba4949-674f-5d40-b7e3-d0faee92880d,170,S1,B,2024-01-30,desasignado,2024-04-19,2024-01-30,2024-04-19,True
d2f58abe-3bd7-5f07-9c7e-3a449807463d,170,S1,B,2024-01-25,con nota,,2024-01-25,,False
e3139aa2-e1cb-5e06-8ef2-3c1807aa2572,170,S1,B,2024-01-19,con nota,,2024-01-19,,False
e3bc81de-b8d3-5624-bc8b-61e4451515d1,170,S1,B,2024-01-21,con nota,,2024-01-21,,False
f2460c68-01ff-5d83-9a1a-787679bb79e7,170,S1,B,2024-01-16,con nota,,2024-01-16,,False
00a20d4b-9043-50fd-9656-3d18b3d769d1,170,S1,C,2024-01-20,con nota,,2024-01-20,,False
1de648c3-6819-5075-9540-695d387b5ffb,170,S1,C,2024-01-26,con nota,,2024-01-26,,False
252d04af-c959-574c-927b-59809a7cf378,170,S1,C,2024-01-26,con nota,,2024-01-26,,False
2e92edf7-1f03-5522-b45a-ff426594d799,170,S1,C,2024-01-15,desasignado,2024-04-07,2024-01-15,2024-04-07,True
33d3602a-b2e5-5e74-b015-aef7204523f1,170,S1,C,2024-01-27,con nota,,2024-01-27,,False
423e74d0-11dd-5a3f-8ce1-5ef8d9ab9064,170,S1,C,2024-01-25,con nota,,2024-01-25,,False
66d6c08a-7bbd-5231-8022-3bd6f157ebc0,170,S1,C,2024-01-26,con nota,,2024-01-26,,False
671fcbd0-25c4-532a-afda-0a6d10e90dd4,170,S1,C,2024-01-21,con nota,,2024-01-21,,False
72e11633-3227-57e3-b469-86f635587704,170,S1,C,2024-01-25,con nota,,2024-01-25,,False
73b10026-ae9f-549d-9df0-f12a55fe95f5,170,S1,C,2024-01-30,desasignado,2024-04-01,2024-01-30,2024-04-01,True
82c26a79-1d7f-541f-a528-1fa65eacb07f,170,S1,C,2024-01-29,con nota,,2024-01-29,,False
8330ae23-4728-57d3-9192-77a20abbdca7,170,S1,C,2024-01-20,con nota,,2024-01-20,,False
84dddfd9-5b3a-5af3-9cc7-78c192097158,170,S1,C,2024-01-22,con nota,,2024-01-22,,False
86ca5350-2e17-5b7e-a919-5fd3d68be21f,170,S1,C,2024-01-25,con nota,,2024-01-25,,False
88a82b73-03f1-51b9-8e54-86fd323e5b2f,170,S1,C,2024-01-27,con nota,,2024-01-27,,False
8cd78b9b-ec67-5cc2-a2e0-f9086c2a104e,170,S1,C,2024-01-21,con nota,,2024-01-21,,False
91743045-3b39-5cd8-b8b9-bf08f8d5885d,170,S1,C,2024-01-22,con nota,,2024-01-22,,False
977f0c1c-e388-5fbf-be24-31a4cebf45d1,170,S1,C,2024-01-23,con nota,,2024-01-23,,False
b73c830f-c8ef-567b-bcb4-081b76752502,170,S1,C,2024-01-17,con nota,,2024-01-17,,False
bd1c4b12-6c8c-5a45-8625-5e8fbbaa33f2,170,S1,C,2024-01-16,con nota,,2024-01-16,,False
c4cf05e9-8e3a-56f4-b1f2-38881baed5d0,170,S1,C,2024-01-24,con nota,,2024-01-24,,False
c9be5db4-4388-5e6e-bdb4-3792752de6b4,170,S1,C,2024-01-20,con nota,,2024-01-20,,False
df0bf56a-77fe-508c-a55e-34d29c2f924e,170,S1,C,2024-01-28,con nota,,2024-01-28,,False
e7da69d3-57e7-59a4-922d-a24220d927f7,170,S1,C,2024-01-28,con nota,,2024-01-28,,False
f1bca5fd-d3c7-5b2e-a90e-fbbf75fbcb41,170,S1,C,2024-01-23,con nota,,2024-01-23,,False
4ca64fe3-739c-5549-9021-88056df3ce2c,177,S1,A,2024-01-26,con nota,,2024-01-26,,False
799bdc38-e9f5-5892-b852-bcb64e6e021b,177,S1,A,2024-01-26,con nota,,2024-01-26,,False
79e7db35-50f0-5599-a41c-31b243f13720,177,S1,A,2024-01-24,con nota,,2024-01-24,,False
1c6583c9-8dab-560b-95ba-62442b620433,177,S1,B,2024-01-29,con nota,,2024-01-29,,False
7b4bccb3-17ad-55f8-999a-2445c85928a1,177,S1,B,2024-01-26,con nota,,2024-01-26,,False
a2047dfe-7072-5573-86cf-cf4ca53db0fa,177,S1,B,2024-01-28,con nota,,2024-01-28,,False
e1e5ddb0-f781-58a0-8ee3-0398d09b2498,177,S1,B,2024-01-29,con nota,,2024-01-29,,False
d3fc7fce-8bb1-5b8f-a4d5-58e2ef066b24,177,S1,C,2024-01-20,con nota,,2024-01-20,,False
e47c32f0-0c28-5157-bc7c-72d90ae601f8,177,S1,F,2024-01-28,con nota,,2024-01-28,,False
f1655cb7-00bc-5455-9379-254358e903cf,177,S1,F,2024-01-16,con nota,,2024-01-16,,False
f23552cd-6876-5561-b470-73e7c5e2bebe,177,S1,F,2024-01-26,con nota,,2024-01-26,,False
17c7a9a2-f074-5a25-9c33-123c3f252a00,216,S1,A,2024-01-24,con nota,,2024-01-24,,False
286fa7de-31f8-56c1-8023-d8120c448dc4,216,S1,A,2024-01-16,con nota,,2024-01-16,,False
5a4dd046-dd91-5381-90c2-a900c4c37cbb,216,S1,A,2024-01-22,con nota,,2024-01-22,,False
76c382db-d59f-56da-9b78-fa2341e8a839,216,S1,A,2024-01-18,con nota,,2024-01-18,,False
9d33fef8-5e8a-5846-9347-224ddf41678a,216,S1,A,2024-01-19,con nota,,2024-01-19,,False
00951361-bee7-5343-85b9-b2de39c38298,216,S1,B,2024-01-18,con nota,,2024-01-18,,False
d31f1530-eb29-5bdd-b1a8-a3ae4c08702f,216,S1,B,2024-01-19,con nota,,2024-01-19,,False
e1e5ddb0-f781-58a0-8ee3-0398d09b2498,216,S1,B,2024-01-21,con nota,,2024-01-21,,False
08d5616f-376d-5766-b14e-b1d1437e5d1a,216,S1,C,2024-01-18,con nota,,2024-01-18,,False
421e5b33-6bf8-5c14-a03b-3a4e6da333e6,216,S1,C,2024-01-23,con nota,,2024-01-23,,False
7b4bccb3-17ad-55f8-999a-2445c85928a1,216,S1,C,2024-01-28,con nota,,2024-01-28,,False
d1be5647-fdd8-53fe-8b3c-64441ddd5977,216,S1,C,2024-01-19,con nota,,2024-01-19,,False
e47c32f0-0c28-5157-bc7c-72d90ae601f8,216,S1,C,2024-01-23,con nota,,2024-01-23,,False
f1655cb7-00bc-5455-9379-254358e903cf,216,S1,C,2024-01-21,con nota,,2024-01-21,,False
f6488969-c04b-5ddd-960d-f87b5e1b214f,216,S1,C,2024-01-21,con nota,,2024-01-21,,False
ff9481f2-af23-5a24-9813-859e9c577ab6,216,S1,C,2024-01-20,con nota,,2024-01-20,,False
4ca64fe3-739c-5549-9021-88056df3ce2c,216,S1,D,2024-01-17,con nota,,2024-01-17,,False
79e7db35-50f0-5599-a41c-31b243f13720,216,S1,D,2024-01-26,con nota,,2024-01-26,,False
898ef159-1bc5-50f4-a839-8a6328ead4e2,216,S1,D,2024-01-26,con nota,,2024-01-26,,False
d3fc7fce-8bb1-5b8f-a4d5-58e2ef066b24,216,S1,D,2024-01-22,con nota,,2024-01-22,,False
be370c13-7be9-54a5-89bb-4bdce7fb2e43,216,S1,E,2024-01-19,con nota,,2024-01-19,,False
f23552cd-6876-5561-b470-73e7c5e2bebe,216,S1,E,2024-01-20,con nota,,2024-01-20,,False
54efacbd-8d05-5312-8217-122e8f73fddc,216,S1,F,2024-01-30,con nota,,2024-01-30,,False
b92068f4-3013-587a-8e70-ce58bab62301,216,S1,F,2024-01-25,con nota,,2024-01-25,,False
dda7d84e-c79a-5f19-b8d1-4090f3239620,216,S1,F,2024-01-27,con nota,,2024-01-27,,False
92fcb7e2-aae7-5aa4-81b8-b92b825fe8a7,2666,S1,A,2024-01-15,con nota,,2024-01-15,,False
9d33fef8-5e8a-5846-9347-224ddf41678a,2666,S1,A,2024-01-17,con nota,,2024-01-17,,False
a2047dfe-7072-5573-86cf-cf4ca53db0fa,2666,S1,A,2024-01-15,con nota,,2024-01-15,,False
cf443787-1a74-5a5e-bff3-2ef5575818ac,2666,S1,A,2024-01-18,con nota,,2024-01-18,,False
08d5616f-376d-5766-b14e-b1d1437e5d1a,2666,S1,B,2024-01-20,con nota,,2024-01-20,,False
17c7a9a2-f074-5a25-9c33-123c3f252a00,2666,S1,B,2024-01-27,con nota,,2024-01-27,,False
76c382db-d59f-56da-9b78-fa2341e8a839,2666,S1,B,2024-01-21,con nota,,2024-01-21,,False
f6488969-c04b-5ddd-960d-f87b5e1b214f,2666,S1,B,2024-01-15,con nota,,2024-01-15,,False
5a4dd046-dd91-5381-90c2-a900c4c37cbb,2666,S1,C,2024-01-20,con nota,,2024-01-20,,False
799bdc38-e9f5-5892-b852-bcb64e6e021b,2666,S1,C,2024-01-27,con nota,,2024-01-27,,False
7b4bccb3-17ad-55f8-999a-2445c85928a1,2666,S1,C,2024-01-29,con nota,,2024-01-29,,False
9e77d389-c711-5374-8ab7-a5ef908fb2a5,2666,S1,C,2024-01-21,con nota,,2024-01-21,,False
d31f1530-eb29-5bdd-b1a8-a3ae4c08702f,2666,S1,C,2024-01-29,con nota,,2024-01-29,,False
e47c32f0-0c28-5157-bc7c-72d90ae601f8,2666,S1,C,2024-01-17,con nota,,2024-01-17,,False
421e5b33-6bf8-5c14-a03b-3a4e6da333e6,2666,S1,E,2024-01-20,con nota,,2024-01-20,,False
79e7db35-50f0-5599-a41c-31b243f13720,2666,S1,E,2024-01-29,con nota,,2024-01-29,,False
9b21c50e-3681-517b-af9a-5d043499cb27,2666,S1,E,2024-01-16,con nota,,2024-01-16,,False
aa0e548f-62ee-554b-83fc-7eb4613cf4ff,2666,S1,E,2024-01-29,con nota,,2024-01-29,,False
d1be5647-fdd8-53fe-8b3c-64441ddd5977,2666,S1,E,2024-01-21,con nota,,2024-01-21,,False
37cf6f59-cc69-576b-ba66-c5cf8fe772c3,2666,S1,F,2024-01-27,con nota,,2024-01-27,,False
0b91ef54-482c-5813-ab7c-4eec7f55e3d4,2667,S1,A,2024-01-15,con nota,,2024-01-15,,False
0ef15c27-d711-5c04-a891-a2c6c92975e9,2667,S1,A,2024-01-30,con nota,,2024-01-30,,False
11b3b6a5-c3f8-5413-a4d3-bf4c2dee1df7,2667,S1,A,2024-01-25,con nota,,2024-01-25,,False
13b9c86d-9619-5631-94db-1fa1670bd20b,2667,S1,A,2024-01-15,con nota,,2024-01-15,,False
1de648c3-6819-5075-9540-695d387b5ffb,2667,S1,A,2024-01-27,con nota,,2024-01-27,,False
1f2b77ef-07aa-502d-929d-d94213b94b63,2667,S1,A,2024-01-25,con nota,,2024-01-25,,False
263cfab1-83e1-5775-bb4e-9afb1bef241e,2667,S1,A,2024-01-30,con nota,,2024-01-30,,False
2a26e298-c5dc-52aa-94db-7ad1d63e65cb,2667,S1,A,2024-01-21,con nota,,2024-01-21,,False
3678d8f5-f11c-5323-ad36-aab7f6b19119,2667,S1,A,2024-01-18,con nota,,2024-01-18,,False
378bc465-cae2-5579-8861-ca717c0ef31c,2667,S1,A,2024-01-16,desasignado,2024-03-19,2024-01-16,2024-03-19,True
3bddbee5-05a1-5c39-ac75-9157f041902e,2667,S1,A,2024-01-23,con nota,,2024-01-23,,False
3de5d6a3-404d-592b-bd1d-e16220feabe5,2667,S1,A,2024-01-18,con nota,,2024-01-18,,False
3e703abf-7a8c-5481-8fa7-6bc889902317,2667,S1,A,2024-01-19,con nota,,2024-01-19,,False
3ed23438-77d4-550f-ad5f-cc6bcf90ec02,2667,S1,A,2024-01-30,con nota,,2024-01-30,,False
47413417-88fb-5b3e-957d-208714a3e40a,2667,S1,A,2024-01-27,con nota,,2024-01-27,,False
50cd2e0b-10ff-5209-836b-c75477a9725b,2667,S1,A,2024-01-18,con nota,,2024-01-18,,False
54a8344b-f5b6-57d7-bf33-011f650d4236,2667,S1,A,2024-01-18,con nota,,2024-01-18,,False
5814899b-920c-5074-a7c7-7511abd951ba,2667,S1,A,2024-01-26,desasignado,2024-04-10,2024-01-26,2024-04-10,True
5f88dc9a-1680-52ba-95d3-277b3d08cd6a,2667,S1,A,2024-01-15,con nota,,2024-01-15,,False
61c7e1ff-5e5c-5001-8567-a3771ff133dd,2667,S1,A,2024-01-16,con nota,,2024-01-16,,False
6327d4a3-6104-565e-b692-b3e8408fe538,2667,S1,A,2024-01-19,con nota,,2024-01-19,,False
682590a1-8178-5261-b1a8-d0e0130255a2,2667,S1,A,2024-01-22,con nota,,2024-01-22,,False
6b1b007f-3d94-50d2-95ae-a23cf0fd1801,2667,S1,A,2024-01-15,con nota,,2024-01-15,,False
6ec54b76-7dc1-5765-b816-5a329a6432e2,2667,S1,A,2024-01-16,con nota,,2024-01-16,,False
77ba4949-674f-5d40-b7e3-d0faee92880d,2667,S1,A,2024-01-29,con nota,,2024-01-29,,False
8330ae23-4728-57d3-9192-77a20abbdca7,2667,S1,A,2024-01-15,con nota,,2024-01-15,,False
84dddfd9-5b3a-5af3-9cc7-78c192097158,2667,S1,A,2024-01-27,con nota,,2024-01-27,,False
88ac2e8a-94a5-5041-b4e6-f6e5d388a4da,2667,S1,A,2024-01-27,con nota,,2024-01-27,,False
8c6b782d-1004-5643-8e93-3a5fca01dcd3,2667,S1,A,2024-01-30,con nota,,2024-01-30,,False
978d05a1-a5a9-5ba4-9e3c-f3840d820cc0,2667,S1,A,2024-01-20,con nota,,2024-01-20,,False
a8b2948e-db2a-550f-8291-7bf443e650f9,2667,S1,A,2024-01-27,con nota,,2024-01-27,,False
a97bb513-eef4-547a-a146-e227965cdee2,2667,S1,A,2024-01-24,con nota,,2024-01-24,,False
b2cb3fc9-c25c-563b-8ade-24efbcb82119,2667,S1,A,2024-01-30,desasignado,2024-04-07,2024-01-30,2024-04-07,True
b39a108c-b4ee-5874-8b0c-d7dcd496f75d,2667,S1,A,2024-01-27,con nota,,2024-01-27,,False
b481fb0d-4c7d-5dbf-8e5a-85fcf4533ba4,2667,S1,A,2024-01-20,con nota,,2024-01-20,,False
b91bfdc4-f835-5a86-8106-fce8775833f0,2667,S1,A,2024-01-27,con nota,,2024-01-27,,False
bb6f73d6-26af-56f4-8416-97e3fd8fba7a,2667,S1,A,2024-01-17,con nota,,2024-01-17,,False
bd6823c1-6617-541e-b44d-2de09a66e52e,2667,S1,A,2024-01-17,con nota,,2024-01-17,,False
be1fcbec-38cc-5bd7-8f2d-eb697f760369,2667,S1,A,2024-01-20,con nota,,2024-01-20,,False
c196e189-9bf9-5874-954e-a0324df04e81,2667,S1,A,2024-01-26,con nota,,2024-01-26,,False
d11c046e-c9c2-5193-9cc1-77492c5d1264,2667,S1,A,2024-01-22,con nota,,2024-01-22,,False
e3bc81de-b8d3-5624-bc8b-61e4451515d1,2667,S1,A,2024-01-18,con nota,,2024-01-18,,False
e900eff1-a3f4-5be4-86dd-49f64721fc82,2667,S1,A,2024-01-18,con nota,,2024-01-18,,False
f02dd2cb-e888-5bf5-ba3e-f4b7b438b68a,2667,S1,A,2024-01-21,con nota,,2024-01-21,,False
f38571e3-0dd7-56c0-9003-d327dcd76739,2667,S1,A,2024-01-30,con nota,,2024-01-30,,False
0c7a60bb-8fd5-5785-ae40-5a238188aebd,2795,S1,A,2024-01-30,con nota,,2024-01-30,,False
0cde0ab4-cadb-52c2-b390-b7f6afe8746c,2795,S1,A,2024-01-15,con nota,,2024-01-15,,False
0ee9e680-12e5-50e4-b182-3e780e680246,2795,S1,A,2024-01-23,con nota,,2024-01-23,,False
160c76d2-e6fd-5b5f-848d-57e6bb964df3,2795,S1,A,2024-01-29,con nota,,2024-01-29,,False
23d99703-dc71-5cfb-be2e-7b094396d2e1,2795,S1,A,2024-01-25,con nota,,2024-01-25,,False
25077c77-5aee-5d93-8a36-c5b57da00dc0,2795,S1,A,2024-01-29,con nota,,2024-01-29,,False
25e84c4c-0e95-5f03-a935-f30e7f0de6b0,2795,S1,A,2024-01-16,con nota,,2024-01-16,,False
26b70c46-d8aa-5b67-b21d-02f2c1b9ca56,2795,S1,A,2024-01-17,con nota,,2024-01-17,,False
2a6bef91-9d34-57ef-9ecf-910d7d7bfd14,2795,S1,A,2024-01-21,desasignado,2024-04-19,2024-01-21,2024-04-19,True
34986bea-a380-5964-a9fe-b7d8075f0cd5,2795,S1,A,2024-01-21,con nota,,2024-01-21,,False
34cda5e3-c5d3-54b8-aeb1-bfb0d468bf7f,2795,S1,A,2024-01-24,con nota,,2024-01-24,,False
37298f71-ec61-5e5c-ad25-86570c15f7ec,2795,S1,A,2024-01-15,con nota,,2024-01-15,,False
38d3c179-d651-5b38-a95d-5f30eea49bc7,2795,S1,A,2024-01-26,con nota,,2024-01-26,,False
390a81e9-c184-59de-8b1f-aa4c16c462b8,2795,S1,A,2024-01-25,con nota,,2024-01-25,,False
3bdd6bd7-2493-5fef-97d2-19101e40630a,2795,S1,A,2024-01-15,con nota,,2024-01-15,,False
3d26acfe-2654-5f55-abd4-4977a7b03cf5,2795,S1,A,2024-01-18,con nota,,2024-01-18,,False
4628c082-b668-5afc-a506-1e3c43e99915,2795,S1,A,2024-01-17,con nota,,2024-01-17,,False
490c004f-42a1-534f-b227-8fe75437eaed,2795,S1,A,2024-01-17,con nota,,2024-01-17,,False
49b58f54-b0f3-5a4f-b91f-0f3ad303fe50,2795,S1,A,2024-01-18,con nota,,2024-01-18,,False
4fd48cf3-f8af-550e-a2d0-220e5a797783,2795,S1,A,2024-01-27,con nota,,2024-01-27,,False
5f2d4609-1bd0-5199-8792-ad4daad25e34,2795,S1,A,2024-01-20,con nota,,2024-01-20,,False
6b0fa083-89e1-5c4a-9ebd-503d3bf9b28b,2795,S1,A,2024-01-16,con nota,,2024-01-16,,False
71806101-b15f-5375-91f0-eafc01d04a08,2795,S1,A,2024-01-28,con nota,,2024-01-28,,False
760374e5-fa63-5431-b172-de8a0abbce5f,2795,S1,A,2024-01-29,con nota,,2024-01-29,,False
766a215c-fae4-5d87-86b1-a6544ab14748,2795,S1,A,2024-01-25,con nota,,2024-01-25,,False
8feda068-15b3-578a-b249-a538441fafb6,2795,S1,A,2024-01-27,con nota,,2024-01-27,,False
97171161-ceef-5159-92b0-c9415c6d7403,2795,S1,A,2024-01-27,con nota,,2024-01-27,,False
99e6be68-8a89-5792-85ba-477b1d7e300b,2795,S1,A,2024-01-26,con nota,,2024-01-26,,False
9db9b320-6e2b-5cf7-9e83-bba0130684c9,2795,S1,A,2024-01-24,con nota,,2024-01-24,,False
9ef93136-4252-556a-b27a-56284b0733c6,2795,S1,A,2024-01-20,con nota,,2024-01-20,,False
a0255bd2-c49d-5e1e-9f89-cd10cc01f918,2795,S1,A,2024-01-30,con nota,,2024-01-30,,False
a029f47b-dd20-5fb5-9265-eb5443fecfd1,2795,S1,A,2024-01-16,con nota,,2024-01-16,,False
a252557b-6fa4-5ac7-b1b4-dfa120d1e728,2795,S1,A,2024-01-27,con nota,,2024-01-27,,False
a2b5f5b2-e9f5-5757-9f6e-7438a476abc5,2795,S1,A,2024-01-15,con nota,,2024-01-15,,False
a95180f9-77c6-5b98-a2fb-323e641ed050,2795,S1,A,2024-01-24,con nota,,2024-01-24,,False
b0348df3-fe64-57fb-9a16-ef1d46254d7e,2795,S1,A,2024-01-21,con nota,,2024-01-21,,False
bfcdedcc-bb15-55d3-af36-398b47e8169b,2795,S1,A,2024-01-15,con nota,,2024-01-15,,False
ca6fc301-a539-586c-9789-e3d1605db2b0,2795,S1,A,2024-01-22,con nota,,2024-01-22,,False
cb7e7a97-6e00-55b0-b580-317f19854827,2795,S1,A,2024-01-22,con nota,,2024-01-22,,False
cf78170e-bdcf-5b76-9880-68254df8a507,2795,S1,A,2024-01-25,con nota,,2024-01-25,,False
d4aa7cc1-7a50-5352-8316-3d2d7fa077d2,2795,S1,A,2024-01-28,con nota,,2024-01-28,,False
d5aaa6eb-6692-5c69-b2a8-cf5b1835b425,2795,S1,A,2024-01-16,con nota,,2024-01-16,,False
e21547f5-5ca5-5a65-9672-e1f99f10125a,2795,S1,A,2024-01-20,con nota,,2024-01-20,,False
eae6527b-b1e4-5222-b4d0-ac6089abf79f,2795,S1,A,2024-01-24,con nota,,2024-01-24,,False
ec14649a-b1aa-5070-8cb4-c6a848b94d89,2795,S1,A,2024-01-15,con nota,,2024-01-15,,False
ec22dbbf-bcda-5f1d-bfc8-a82e55ec7de9,2795,S1,A,2024-01-27,con nota,,2024-01-27,,False
f199e5f4-121f-5cf5-ba7c-98bc08d9eb4c,2795,S1,A,2024-01-15,con nota,,2024-01-15,,False
f4bcda92-d4d7-507e-b697-5600cac6f573,2795,S1,A,2024-01-22,con nota,,2024-01-22,,False
fb167343-6dc1-5b01-b2b2-486e33496558,2795,S1,A,2024-01-30,con nota,,2024-01-30,,False
fc68457e-7e7c-5698-a1c7-1ed0dccba4b3,2795,S1,A,2024-01-28,con nota,,2024-01-28,,False
0c06f8f4-288d-57e0-8936-3d81fc7db2e7,2796,S1,A,2024-01-19,con nota,,2024-01-19,,False
0c7a60bb-8fd5-5785-ae40-5a238188aebd,2796,S1,A,2024-01-26,con nota,,2024-01-26,,False
0cde0ab4-cadb-52c2-b390-b7f6afe8746c,2796,S1,A,2024-01-28,con nota,,2024-01-28,,False
0ee9e680-12e5-50e4-b182-3e780e680246,2796,S1,A,2024-01-23,con nota,,2024-01-23,,False
160c76d2-e6fd-5b5f-848d-57e6bb964df3,2796,S1,A,2024-01-18,con nota,,2024-01-18,,False
16882813-1901-5922-b351-e490c6282bc4,2796,S1,A,2024-01-21,con nota,,2024-01-21,,False
184c1de9-fa20-510e-b160-68ad1dc84065,2796,S1,A,2024-01-29,desasignado,2024-04-07,2024-01-29,2024-04-07,True
18744750-066d-5952-a07f-87fe04f11287,2796,S1,A,2024-01-29,con nota,,2024-01-29,,False
1f2beec5-6645-5d05-82ee-24ac5912f380,2796,S1,A,2024-01-20,con nota,,2024-01-20,,False
1f6f1f28-074c-59c7-92b8-d6e9c19bdd7a,2796,S1,A,2024-01-16,con nota,,2024-01-16,,False
2025c707-2bf8-5151-be4c-a2a603e99860,2796,S1,A,2024-01-26,con nota,,2024-01-26,,False
23d99703-dc71-5cfb-be2e-7b094396d2e1,2796,S1,A,2024-01-15,con nota,,2024-01-15,,False
25077c77-5aee-5d93-8a36-c5b57da00dc0,2796,S1,A,2024-01-22,con nota,,2024-01-22,,False
257724e2-11c9-5663-88d5-df9d1c7c66c6,2796,S1,A,2024-01-16,con nota,,2024-01-16,,False
25841c45-8811-545f-b5e2-6b2d705ec4c7,2796,S1,A,2024-01-20,con nota,,2024-01-20,,False
25e84c4c-0e95-5f03-a935-f30e7f0de6b0,2796,S1,A,2024-01-15,con nota,,2024-01-15,,False
26a06e61-efe0-518d-aa15-c7ace718268a,2796,S1,A,2024-01-30,con nota,,2024-01-30,,False
26b70c46-d8aa-5b67-b21d-02f2c1b9ca56,2796,S1,A,2024-01-28,con nota,,2024-01-28,,False
26d5d2fd-ceb5-56b7-bf84-f028a12bf50c,2796,S1,A,2024-01-15,con nota,,2024-01-15,,False
2a6bef91-9d34-57ef-9ecf-910d7d7bfd14,2796,S1,A,2024-01-17,con nota,,2024-01-17,,False
2e531479-2e51-5b22-9a96-785cdab828d1,2796,S1,A,2024-01-19,con nota,,2024-01-19,,False
34986bea-a380-5964-a9fe-b7d8075f0cd5,2796,S1,A,2024-01-23,con nota,,2024-01-23,,False
34cda5e3-c5d3-54b8-aeb1-bfb0d468bf7f,2796,S1,A,2024-01-21,con nota,,2024-01-21,,False
37298f71-ec61-5e5c-ad25-86570c15f7ec,2796,S1,A,2024-01-25,con nota,,2024-01-25,,False
38d3c179-d651-5b38-a95d-5f30eea49bc7,2796,S1,A,2024-01-19,con nota,,2024-01-19,,False
390a81e9-c184-59de-8b1f-aa4c16c462b8,2796,S1,A,2024-01-23,con nota,,2024-01-23,,False
3b72ef3a-35be-57ea-9618-876a2c6483e8,2796,S1,A,2024-01-21,desasignado,2024-03-25,2024-01-21,2024-03-25,True
3b839c8a-1e03-5728-b057-2689dbdd202e,2796,S1,A,2024-01-20,desasignado,2024-04-01,2024-01-20,2024-04-01,True
3bdd6bd7-2493-5fef-97d2-19101e40630a,2796,S1,A,2024-01-30,con nota,,2024-01-30,,False
3d26acfe-2654-5f55-abd4-4977a7b03cf5,2796,S1,A,2024-01-17,con nota,,2024-01-17,,False
3f6b4811-4804-539a-990b-aa859b6d7359,2796,S1,A,2024-01-24,con nota,,2024-01-24,,False
41c3459c-e2e4-550d-a299-2cc964c7cfea,2796,S1,A,2024-01-21,con nota,,2024-01-21,,False
4628c082-b668-5afc-a506-1e3c43e99915,2796,S1,A,2024-01-30,con nota,,2024-01-30,,False
483edcff-dbbf-5447-b9d9-095557232b02,2796,S1,A,2024-01-26,con nota,,2024-01-26,,False
490c004f-42a1-534f-b227-8fe75437eaed,2796,S1,A,2024-01-28,con nota,,2024-01-28,,False
490c9487-1342-5062-a509-90370d598267,2796,S1,A,2024-01-23,desasignado,2024-03-22,2024-01-23,2024-03-22,True
49b58f54-b0f3-5a4f-b91f-0f3ad303fe50,2796,S1,A,2024-01-19,con nota,,2024-01-19,,False
4a07ae27-bce6-5958-80da-0b26f4d4650a,2796,S1,A,2024-01-17,con nota,,2024-01-17,,False
4fd48cf3-f8af-550e-a2d0-220e5a797783,2796,S1,A,2024-01-29,con nota,,2024-01-29,,False
5f2d4609-1bd0-5199-8792-ad4daad25e34,2796,S1,A,2024-01-23,con nota,,2024-01-23,,False
6b0fa083-89e1-5c4a-9ebd-503d3bf9b28b,2796,S1,A,2024-01-22,con nota,,2024-01-22,,False
6c433ed9-ad1e-51e2-9d31-0f92474524f1,2796,S1,A,2024-01-26,con nota,,2024-01-26,,False
70b2bc66-3db1-536f-8061-39cc18e139ea,2796,S1,A,2024-01-15,con nota,,2024-01-15,,False
71806101-b15f-5375-91f0-eafc01d04a08,2796,S1,A,2024-01-17,con nota,,2024-01-17,,False
731b92fd-50e5-5559-a9d3-96a0748f2373,2796,S1,A,2024-01-29,con nota,,2024-01-29,,False
751429d0-55a4-50e5-96d4-4ff1fdfc02c0,2796,S1,A,2024-01-19,con nota,,2024-01-19,,False
760374e5-fa63-5431-b172-de8a0abbce5f,2796,S1,A,2024-01-30,con nota,,2024-01-30,,False
766a215c-fae4-5d87-86b1-a6544ab14748,2796,S1,A,2024-01-30,con nota,,2024-01-30,,False
7aac2ae8-68aa-51a1-b8a6-24cdb91b4935,2796,S1,A,2024-01-30,con nota,,2024-01-30,,False
808862a1-f703-5d96-9eb0-dee85a54f151,2796,S1,A,2024-01-25,con nota,,2024-01-25,,False
830d469b-5f0d-5c02-83e5-fb3ef8b12772,2796,S1,A,2024-01-23,con nota,,2024-01-23,,False
8bc03924-39b4-5c0a-985f-6cb1afe0a9e9,2796,S1,A,2024-01-18,con nota,,2024-01-18,,False
8d0b01b6-3de2-5be7-87a9-01eb3806e177,2796,S1,A,2024-01-30,con nota,,2024-01-30,,False
8dc5c8ce-0b27-50c3-bec7-fce9414db9bf,2796,S1,A,2024-01-20,con nota,,2024-01-20,,False
8feda068-15b3-578a-b249-a538441fafb6,2796,S1,A,2024-01-18,con nota,,2024-01-18,,False
94c2d2be-6e25-5d7c-a62b-a4c80507cb2b,2796,S1,A,2024-01-25,con nota,,2024-01-25,,False
97171161-ceef-5159-92b0-c9415c6d7403,2796,S1,A,2024-01-20,con nota,,2024-01-20,,False
99e6be68-8a89-5792-85ba-477b1d7e300b,2796,S1,A,2024-01-16,con nota,,2024-01-16,,False
9db9b320-6e2b-5cf7-9e83-bba0130684c9,2796,S1,A,2024-01-28,con nota,,2024-01-28,,False
9ef93136-4252-556a-b27a-56284b0733c6,2796,S1,A,2024-01-22,con nota,,2024-01-22,,False
a0255bd2-c49d-5e1e-9f89-cd10cc01f918,2796,S1,A,2024-01-27,con nota,,2024-01-27,,False
a029f47b-dd20-5fb5-9265-eb5443fecfd1,2796,S1,A,2024-01-22,con nota,,2024-01-22,,False
a20155e8-2dc9-5995-816b-3cb66b43ad43,2796,S1,A,2024-01-20,con nota,,2024-01-20,,False
a252557b-6fa4-5ac7-b1b4-dfa120d1e728,2796,S1,A,2024-01-17,con nota,,2024-01-17,,False
a2b5f5b2-e9f5-5757-9f6e-7438a476abc5,2796,S1,A,2024-01-24,con nota,,2024-01-24,,False
a397aa26-43c1-5dd5-8ded-d294dadfb78d,2796,S1,A,2024-01-15,con nota,,2024-01-15,,False
a5be436a-cb69-5107-956d-501d659bb0d7,2796,S1,A,2024-01-22,con nota,,2024-01-22,,False
a95180f9-77c6-5b98-a2fb-323e641ed050,2796,S1,A,2024-01-19,desasignado,2024-03-21,2024-01-19,2024-03-21,True
ab49c2b1-e673-50f6-ae4a-e5b321756a15,2796,S1,A,2024-01-24,con nota,,2024-01-24,,False
adaf3c7a-3e47-5989-abc3-94ddc1fa8301,2796,S1,A,2024-01-16,con nota,,2024-01-16,,False
af7170d5-79af-53e8-ac44-8d6b7e8ad951,2796,S1,A,2024-01-16,con nota,,2024-01-16,,False
b0348df3-fe64-57fb-9a16-ef1d46254d7e,2796,S1,A,2024-01-24,con nota,,2024-01-24,,False
b06bcec0-b3a3-50b9-a1ec-953a4674371d,2796,S1,A,2024-01-18,con nota,,2024-01-18,,False
b2adc362-05d9-54d6-bd03-02e44c27e8c5,2796,S1,A,2024-01-16,con nota,,2024-01-16,,False
bc2edb29-4cd5-5fb5-88a5-7dedee94af0d,2796,S1,A,2024-01-16,con nota,,2024-01-16,,False
bed9e918-22d8-53c7-891c-03d1739f37c3,2796,S1,A,2024-01-30,con nota,,2024-01-30,,False
bfcdedcc-bb15-55d3-af36-398b47e8169b,2796,S1,A,2024-01-21,con nota,,2024-01-21,,False
c27c04eb-b36c-5f95-a9ff-ba3b43c1f175,2796,S1,A,2024-01-22,con nota,,2024-01-22,,False
c41dd30f-7c59-5647-a164-2c5d11a89c90,2796,S1,A,2024-01-21,desasignado,2024-04-06,2024-01-21,2024-04-06,True
c5252bea-0a8d-5efa-82fb-26d83372a130,2796,S1,A,2024-01-27,con nota,,2024-01-27,,False
ca045e8e-72e0-524e-b94e-790662c03e9c,2796,S1,A,2024-01-17,con nota,,2024-01-17,,False
ca6fc301-a539-586c-9789-e3d1605db2b0,2796,S1,A,2024-01-24,con nota,,2024-01-24,,False
cb7e7a97-6e00-55b0-b580-317f19854827,2796,S1,A,2024-01-23,con nota,,2024-01-23,,False
cf78170e-bdcf-5b76-9880-68254df8a507,2796,S1,A,2024-01-16,con nota,,2024-01-16,,False
d3acc96f-c21a-5c20-96fb-a688c8734bfe,2796,S1,A,2024-01-18,con nota,,2024-01-18,,False
d4aa7cc1-7a50-5352-8316-3d2d7fa077d2,2796,S1,A,2024-01-20,con nota,,2024-01-20,,False
d5aaa6eb-6692-5c69-b2a8-cf5b1835b425,2796,S1,A,2024-01-29,con nota,,2024-01-29,,False
d931f9da-177d-519e-9604-82c77ffd7dfc,2796,S1,A,2024-01-29,con nota,,2024-01-29,,False
e21547f5-5ca5-5a65-9672-e1f99f10125a,2796,S1,A,2024-01-30,con nota,,2024-01-30,,False
e433d0b0-de78-5b0f-9cd1-397f7d94f630,2796,S1,A,2024-01-28,con nota,,2024-01-28,,False
e6cecf06-57d6-5cdb-b2ba-c309cb7cab41,2796,S1,A,2024-01-30,con nota,,2024-01-30,,False
eae6527b-b1e4-5222-b4d0-ac6089abf79f,2796,S1,A,2024-01-20,desasignado,2024-04-12,2024-01-20,2024-04-12,True
ec14649a-b1aa-5070-8cb4-c6a848b94d89,2796,S1,A,2024-01-20,desasignado,2024-04-17,2024-01-20,2024-04-17,True
ec22dbbf-bcda-5f1d-bfc8-a82e55ec7de9,2796,S1,A,2024-01-17,con nota,,2024-01-17,,False
f199e5f4-121f-5cf5-ba7c-98bc08d9eb4c,2796,S1,A,2024-01-23,desasignado,2024-04-01,2024-01-23,2024-04-01,True
f244a686-f32b-5770-9d6b-044f508009fa,2796,S1,A,2024-01-19,con nota,,2024-01-19,,False
f4bcda92-d4d7-507e-b697-5600cac6f573,2796,S1,A,2024-01-16,con nota,,2024-01-16,,False
fb167343-6dc1-5b01-b2b2-486e33496558,2796,S1,A,2024-01-30,con nota,,2024-01-30,,False
fc68457e-7e7c-5698-a1c7-1ed0dccba4b3,2796,S1,A,2024-01-17,con nota,,2024-01-17,,False
0c7a60bb-8fd5-5785-ae40-5a238188aebd,2797,S1,A,2024-01-28,con nota,,2024-01-28,,False
18744750-066d-5952-a07f-87fe04f11287,2797,S1,A,2024-01-25,con nota,,2024-01-25,,False
1f2beec5-6645-5d05-82ee-24ac5912f380,2797,S1,A,2024-01-21,desasignado,2024-04-20,2024-01-21,2024-04-20,True
2025c707-2bf8-5151-be4c-a2a603e99860,2797,S1,A,2024-01-27,con nota,,2024-01-27,,False
257724e2-11c9-5663-88d5-df9d1c7c66c6,2797,S1,A,2024-01-18,con nota,,2024-01-18,,False
25841c45-8811-545f-b5e2-6b2d705ec4c7,2797,S1,A,2024-01-23,con nota,,2024-01-23,,False
25e84c4c-0e95-5f03-a935-f30e7f0de6b0,2797,S1,A,2024-01-18,con nota,,2024-01-18,,False
26b70c46-d8aa-5b67-b21d-02f2c1b9ca56,2797,S1,A,2024-01-20,con nota,,2024-01-20,,False
26d5d2fd-ceb5-56b7-bf84-f028a12bf50c,2797,S1,A,2024-01-30,con nota,,2024-01-30,,False
2e531479-2e51-5b22-9a96-785cdab828d1,2797,S1,A,2024-01-25,con nota,,2024-01-25,,False
34cda5e3-c5d3-54b8-aeb1-bfb0d468bf7f,2797,S1,A,2024-01-29,con nota,,2024-01-29,,False
3b72ef3a-35be-57ea-9618-876a2c6483e8,2797,S1,A,2024-01-26,con nota,,2024-01-26,,False
3d26acfe-2654-5f55-abd4-4977a7b03cf5,2797,S1,A,2024-01-17,con nota,,2024-01-17,,False
4628c082-b668-5afc-a506-1e3c43e99915,2797,S1,A,2024-01-29,con nota,,2024-01-29,,False
483edcff-dbbf-5447-b9d9-095557232b02,2797,S1,A,2024-01-17,con nota,,2024-01-17,,False
490c004f-42a1-534f-b227-8fe75437eaed,2797,S1,A,2024-01-18,con nota,,2024-01-18,,False
490c9487-1342-5062-a509-90370d598267,2797,S1,A,2024-01-29,con nota,,2024-01-29,,False
49b58f54-b0f3-5a4f-b91f-0f3ad303fe50,2797,S1,A,2024-01-24,con nota,,2024-01-24,,False
4fd48cf3-f8af-550e-a2d0-220e5a797783,2797,S1,A,2024-01-30,con nota,,2024-01-30,,False
5f2d4609-1bd0-5199-8792-ad4daad25e34,2797,S1,A,2024-01-17,con nota,,2024-01-17,,False
6c433ed9-ad1e-51e2-9d31-0f92474524f1,2797,S1,A,2024-01-21,con nota,,2024-01-21,,False
70b2bc66-3db1-536f-8061-39cc18e139ea,2797,S1,A,2024-01-18,con nota,,2024-01-18,,False
751429d0-55a4-50e5-96d4-4ff1fdfc02c0,2797,S1,A,2024-01-27,con nota,,2024-01-27,,False
766a215c-fae4-5d87-86b1-a6544ab14748,2797,S1,A,2024-01-29,con nota,,2024-01-29,,False
808862a1-f703-5d96-9eb0-dee85a54f151,2797,S1,A,2024-01-29,con nota,,2024-01-29,,False
8dc5c8ce-0b27-50c3-bec7-fce9414db9bf,2797,S1,A,2024-01-18,con nota,,2024-01-18,,False
94c2d2be-6e25-5d7c-a62b-a4c80507cb2b,2797,S1,A,2024-01-26,con nota,,2024-01-26,,False
97171161-ceef-5159-92b0-c9415c6d7403,2797,S1,A,2024-01-26,con nota,,2024-01-26,,False
99e6be68-8a89-5792-85ba-477b1d7e300b,2797,S1,A,2024-01-15,desasignado,2024-04-03,2024-01-15,2024-04-03,True
9db9b320-6e2b-5cf7-9e83-bba0130684c9,2797,S1,A,2024-01-21,con nota,,2024-01-21,,False
a029f47b-dd20-5fb5-9265-eb5443fecfd1,2797,S1,A,2024-01-17,con nota,,2024-01-17,,False
a20155e8-2dc9-5995-816b-3cb66b43ad43,2797,S1,A,2024-01-18,con nota,,2024-01-18,,False
a397aa26-43c1-5dd5-8ded-d294dadfb78d,2797,S1,A,2024-01-24,con nota,,2024-01-24,,False
a95180f9-77c6-5b98-a2fb-323e641ed050,2797,S1,A,2024-01-15,con nota,,2024-01-15,,False
adaf3c7a-3e47-5989-abc3-94ddc1fa8301,2797,S1,A,2024-01-16,con nota,,2024-01-16,,False
af7170d5-79af-53e8-ac44-8d6b7e8ad951,2797,S1,A,2024-01-27,con nota,,2024-01-27,,False
bfcdedcc-bb15-55d3-af36-398b47e8169b,2797,S1,A,2024-01-18,con nota,,2024-01-18,,False
c27c04eb-b36c-5f95-a9ff-ba3b43c1f175,2797,S1,A,2024-01-28,con nota,,2024-01-28,,False
ca6fc301-a539-586c-9789-e3d1605db2b0,2797,S1,A,2024-01-27,con nota,,2024-01-27,,False
cb7e7a97-6e00-55b0-b580-317f19854827,2797,S1,A,2024-01-20,con nota,,2024-01-20,,False
cf78170e-bdcf-5b76-9880-68254df8a507,2797,S1,A,2024-01-20,con nota,,2024-01-20,,False
d4aa7cc1-7a50-5352-8316-3d2d7fa077d2,2797,S1,A,2024-01-16,con nota,,2024-01-16,,False
e433d0b0-de78-5b0f-9cd1-397f7d94f630,2797,S1,A,2024-01-21,con nota,,2024-01-21,,False
ec14649a-b1aa-5070-8cb4-c6a848b94d89,2797,S1,A,2024-01-28,con nota,,2024-01-28,,False
ec22dbbf-bcda-5f1d-bfc8-a82e55ec7de9,2797,S1,A,2024-01-18,con nota,,2024-01-18,,False
f199e5f4-121f-5cf5-ba7c-98bc08d9eb4c,2797,S1,A,2024-01-16,con nota,,2024-01-16,,False
f4bcda92-d4d7-507e-b697-5600cac6f573,2797,S1,A,2024-01-26,con nota,,2024-01-26,,False
fb167343-6dc1-5b01-b2b2-486e33496558,2797,S1,A,2024-01-22,con nota,,2024-01-22,,False
0fa55129-2054-5d0a-ac6a-c453dfc1133a,2800,S1,A,2024-01-29,con nota,,2024-01-29,,False
101fcc1c-02cb-502a-895a-dc14ec8bc4fc,2800,S1,A,2024-01-19,con nota,,2024-01-19,,False
23b6caf2-e88d-5562-aa80-01e9ef57ebe9,2800,S1,A,2024-01-28,desasignado,2024-03-28,2024-01-28,2024-03-28,True
26a06e61-efe0-518d-aa15-c7ace718268a,2800,S1,A,2024-01-15,con nota,,2024-01-15,,False
35608fe5-e3c5-504b-8cc2-216c90a13a47,2800,S1,A,2024-01-15,con nota,,2024-01-15,,False
3e286a49-0d95-56da-aeae-91cae0ed2763,2800,S1,A,2024-01-15,con nota,,2024-01-15,,False
3f2755ef-7031-5580-be34-89f9ba198194,2800,S1,A,2024-01-28,con nota,,2024-01-28,,False
6473da69-8d8c-53e3-9a2c-6841674fb2d0,2800,S1,A,2024-01-27,con nota,,2024-01-27,,False
6d078a78-d8e3-5b7a-89a1-43baa31b9780,2800,S1,A,2024-01-28,con nota,,2024-01-28,,False
717b731e-7f1f-5d15-97ab-fe9730798a9c,2800,S1,A,2024-01-16,con nota,,2024-01-16,,False
731b92fd-50e5-5559-a9d3-96a0748f2373,2800,S1,A,2024-01-28,con nota,,2024-01-28,,False
75ad2a1d-e65d-5b36-9b02-6dc6f12138a4,2800,S1,A,2024-01-19,con nota,,2024-01-19,,False
7d36a894-5a69-5be2-93a2-a8c1d01df056,2800,S1,A,2024-01-28,con nota,,2024-01-28,,False
9af53817-e9ec-5854-a2a5-e577ccaf67ed,2800,S1,A,2024-01-20,con nota,,2024-01-20,,False
ab49c2b1-e673-50f6-ae4a-e5b321756a15,2800,S1,A,2024-01-17,con nota,,2024-01-17,,False
b3997c2f-90c6-5168-9d2b-373122f6b85d,2800,S1,A,2024-01-30,con nota,,2024-01-30,,False
ba341cb6-848c-5d30-8bb3-6dc3b8ccd016,2800,S1,A,2024-01-30,con nota,,2024-01-30,,False
bd77a48a-9406-51ae-a620-b28897754dec,2800,S1,A,2024-01-18,con nota,,2024-01-18,,False
cb2a28b9-397d-5feb-a252-7b8abaccc929,2800,S1,A,2024-01-18,con nota,,2024-01-18,,False
cc8b8c37-cde4-5961-8d5a-293197f83e2e,2800,S1,A,2024-01-20,con nota,,2024-01-20,,False
f4079fd7-040c-5036-b7a6-c0842fed660b,2800,S1,A,2024-01-23,con nota,,2024-01-23,,False
258230b7-9a78-5154-bafa-abd2bb5f077f,2802,S1,A,2024-01-22,con nota,,2024-01-22,,False
2f29da26-30bd-532b-9d7f-881c2de77b44,2802,S1,A,2024-01-27,con nota,,2024-01-27,,False
3985e831-1448-5276-828a-6bb569a3fc32,2802,S1,A,2024-01-22,con nota,,2024-01-22,,False
3990bdb0-1b8f-5889-897b-07750b6beeab,2802,S1,A,2024-01-27,con nota,,2024-01-27,,False
3c6f1a4a-d7f3-52a4-8351-301617f5a809,2802,S1,A,2024-01-23,con nota,,2024-01-23,,False
4a6b3546-7880-595e-b541-6aab9d24320b,2802,S1,A,2024-01-17,con nota,,2024-01-17,,False
4ad432f3-551d-5be7-8c6b-3119f5486a77,2802,S1,A,2024-01-21,con nota,,2024-01-21,,False
4f27b763-668f-5443-b687-4d9ca582763c,2802,S1,A,2024-01-21,con nota,,2024-01-21,,False
61b4785b-fce3-5388-98b4-78ae1eab1273,2802,S1,A,2024-01-25,con nota,,2024-01-25,,False
650bbd69-f91f-582d-aed1-6aaf74b21405,2802,S1,A,2024-01-28,con nota,,2024-01-28,,False
6522d817-9f15-5a33-a9dc-47059c82e492,2802,S1,A,2024-01-30,con nota,,2024-01-30,,False
6bcbc5b9-aa3f-56af-ab53-7120f013e99e,2802,S1,A,2024-01-29,desasignado,2024-03-20,2024-01-29,2024-03-20,True
6bd36f7f-f413-50fc-9d21-a81519a0f9ae,2802,S1,A,2024-01-28,con nota,,2024-01-28,,False
6e7eeb15-ed34-52a3-9b2e-94a14ced704f,2802,S1,A,2024-01-27,con nota,,2024-01-27,,False
76a27247-038b-519c-8c4d-bfd0b57beee0,2802,S1,A,2024-01-16,con nota,,2024-01-16,,False
78442ff4-9731-59db-a8f6-bcf204414ad0,2802,S1,A,2024-01-30,con nota,,2024-01-30,,False
7f9606ee-06b3-5cde-b8e8-5ecc400c2647,2802,S1,A,2024-01-19,con nota,,2024-01-19,,False
9a98393a-472a-543c-b2c9-606126573d51,2802,S1,A,2024-01-24,con nota,,2024-01-24,,False
a0ce5501-c941-5d6f-bdff-a357ccb52bd7,2802,S1,A,2024-01-21,con nota,,2024-01-21,,False
a470abbf-738a-5dfb-8bb6-e50d4c2f9d24,2802,S1,A,2024-01-23,con nota,,2024-01-23,,False
a9222af8-9a83-5e7a-985e-0ccc23119415,2802,S1,A,2024-01-19,con nota,,2024-01-19,,False
bd33a1e4-88e2-5537-8532-82d6a9b59ed2,2802,S1,A,2024-01-18,con nota,,2024-01-18,,False
c30fa33e-a61c-5bad-a910-c62f6e25578d,2802,S1,A,2024-01-30,con nota,,2024-01-30,,False
d9eeab00-bbf2-51d4-911b-4b868ffbb81a,2802,S1,A,2024-01-29,con nota,,2024-01-29,,False
daac4940-d50e-5f20-8627-7705544803ed,2802,S1,A,2024-01-19,con nota,,2024-01-19,,False
f921ded9-7fd5-54fb-aad5-6aef5fe039e2,2802,S1,A,2024-01-16,con nota,,2024-01-16,,False
06845194-5599-5680-bfb6-ebd5b2311c5a,2803,S1,A,2024-01-26,con nota,,2024-01-26,,False
14909b74-1ad8-5aa8-9c18-990ee5e451b5,2803,S1,A,2024-01-24,desasignado,2024-04-05,2024-01-24,2024-04-05,True
2993393f-9a74-58c6-b1c7-dd72e54f82e4,2803,S1,A,2024-01-28,con nota,,2024-01-28,,False
2f29da26-30bd-532b-9d7f-881c2de77b44,2803,S1,A,2024-01-22,con nota,,2024-01-22,,False
3990bdb0-1b8f-5889-897b-07750b6beeab,2803,S1,A,2024-01-15,con nota,,2024-01-15,,False
3c6f1a4a-d7f3-52a4-8351-301617f5a809,2803,S1,A,2024-01-16,con nota,,2024-01-16,,False
3e4778be-bac1-5c8c-8706-d8358755d3d7,2803,S1,A,2024-01-16,con nota,,2024-01-16,,False
96c6949d-d550-5217-9989-03c50351059d,2803,S1,A,2024-01-22,desasignado,2024-03-16,2024-01-22,2024-03-16,True
bd33a1e4-88e2-5537-8532-82d6a9b59ed2,2803,S1,A,2024-01-17,con nota,,2024-01-17,,False
c89bf0ca-8b71-5ca2-971d-575175c65ad9,2803,S1,A,2024-01-20,con nota,,2024-01-20,,False
e01ffccc-2b4c-54a9-9a6e-07307564f527,2803,S1,A,2024-01-15,con nota,,2024-01-15,,False
e6a59826-1bef-51d2-8aca-813db3078360,2803,S1,A,2024-01-17,con nota,,2024-01-17,,False
ea6d5422-828f-5de1-9fda-fcc0b60d4590,2803,S1,A,2024-01-28,con nota,,2024-01-28,,False
f113ca9c-f96d-574a-8d4e-37dbed8a6755,2803,S1,A,2024-01-25,con nota,,2024-01-25,,False
f495d99d-1544-59a5-b354-52fd3724f756,2803,S1,A,2024-01-21,con nota,,2024-01-21,,False
06845194-5599-5680-bfb6-ebd5b2311c5a,2804,S1,A,2024-01-27,con nota,,2024-01-27,,False
0abddb67-c783-530f-814b-5f0edd0526d8,2804,S1,A,2024-01-19,con nota,,2024-01-19,,False
2993393f-9a74-58c6-b1c7-dd72e54f82e4,2804,S1,A,2024-01-28,con nota,,2024-01-28,,False
3d7b4965-b27a-514f-80f3-5afca2189109,2804,S1,A,2024-01-26,con nota,,2024-01-26,,False
536a507b-cae9-556a-aca9-6fa541df708f,2804,S1,A,2024-01-19,con nota,,2024-01-19,,False
5f682d23-c8ca-56c5-87a4-a1e5f6295097,2804,S1,A,2024-01-21,con nota,,2024-01-21,,False
6805b9fb-41ed-5a31-ad5a-85709d91a8bb,2804,S1,A,2024-01-26,con nota,,2024-01-26,,False
6ca44d65-1cc8-59d0-8612-060e77224b40,2804,S1,A,2024-01-22,con nota,,2024-01-22,,False
89e30471-3014-5c79-9455-e1c4f2ee60bd,2804,S1,A,2024-01-15,con nota,,2024-01-15,,False
8adbc82c-808f-5b1d-b86c-04b04f2a4aad,2804,S1,A,2024-01-18,con nota,,2024-01-18,,False
ae8a03d3-f49b-5a06-bc7a-d6bba5d3e0f7,2804,S1,A,2024-01-21,con nota,,2024-01-21,,False
b69b6146-9244-5946-800b-bab8d07fdf29,2804,S1,A,2024-01-21,con nota,,2024-01-21,,False
d4527165-c6ec-5c29-a3ed-988cd19e5f3f,2804,S1,A,2024-01-18,con nota,,2024-01-18,,False
da36824c-8b4b-5355-b4d7-f8c483b0a556,2804,S1,A,2024-01-30,con nota,,2024-01-30,,False
daac4940-d50e-5f20-8627-7705544803ed,2804,S1,A,2024-01-21,con nota,,2024-01-21,,False
dbf903d2-202e-5c76-bec4-0a27f91b30dd,2804,S1,A,2024-01-29,con nota,,2024-01-29,,False
ea6d5422-828f-5de1-9fda-fcc0b60d4590,2804,S1,A,2024-01-20,con nota,,2024-01-20,,False
fcb564ba-dcd6-5948-b405-a71674ce7049,2804,S1,A,2024-01-18,con nota,,2024-01-18,,False
09f38ce8-1f46-54d4-9aaf-a5c3bd38490d,2805,S1,A,2024-01-27,con nota,,2024-01-27,,False
2905901c-e9bb-5210-b2b9-d5891b55407e,2805,S1,A,2024-01-24,con nota,,2024-01-24,,False
3d7b4965-b27a-514f-80f3-5afca2189109,2805,S1,A,2024-01-20,con nota,,2024-01-20,,False
5307c02e-106e-56e4-a7c6-ccf412960b22,2805,S1,A,2024-01-30,con nota,,2024-01-30,,False
5f682d23-c8ca-56c5-87a4-a1e5f6295097,2805,S1,A,2024-01-21,con nota,,2024-01-21,,False
64cc33e8-ae26-5cbe-b897-cf46dddd0613,2805,S1,A,2024-01-16,con nota,,2024-01-16,,False
6805b9fb-41ed-5a31-ad5a-85709d91a8bb,2805,S1,A,2024-01-16,con nota,,2024-01-16,,False
76a27247-038b-519c-8c4d-bfd0b57beee0,2805,S1,A,2024-01-22,con nota,,2024-01-22,,False
78442ff4-9731-59db-a8f6-bcf204414ad0,2805,S1,A,2024-01-16,con nota,,2024-01-16,,False
7996cf1a-d87a-5fdc-a9eb-dfc452b7df6a,2805,S1,A,2024-01-28,con nota,,2024-01-28,,False
85f6e33e-822a-59b2-a749-33e5034486fd,2805,S1,A,2024-01-22,con nota,,2024-01-22,,False
a0ce5501-c941-5d6f-bdff-a357ccb52bd7,2805,S1,A,2024-01-24,con nota,,2024-01-24,,False
c922de12-eb27-59e0-bffe-295050a28a20,2805,S1,A,2024-01-25,desasignado,2024-03-19,2024-01-25,2024-03-19,True
d118687e-00c4-575c-a6cb-42161dba4e09,2805,S1,A,2024-01-30,con nota,,2024-01-30,,False
d9eeab00-bbf2-51d4-911b-4b868ffbb81a,2805,S1,A,2024-01-28,con nota,,2024-01-28,,False
daac4940-d50e-5f20-8627-7705544803ed,2805,S1,A,2024-01-20,con nota,,2024-01-20,,False
dad0c14e-3930-51b5-9cb7-b11183202107,2805,S1,A,2024-01-29,con nota,,2024-01-29,,False
e52db2fa-d8d9-5bda-a7fc-5c159063b4ee,2805,S1,A,2024-01-23,con nota,,2024-01-23,,False
f4c71755-c25b-53e6-aae7-bf388a03494c,2805,S1,A,2024-01-16,con nota,,2024-01-16,,False
13aacc8a-4f10-5af2-8322-c4f461609117,2807,S1,A,2024-01-23,con nota,,2024-01-23,,False
18259429-587c-58cc-96cd-23a89c45f1cb,2807,S1,A,2024-01-25,con nota,,2024-01-25,,False
2993393f-9a74-58c6-b1c7-dd72e54f82e4,2807,S1,A,2024-01-21,desasignado,2024-04-20,2024-01-21,2024-04-20,True
2f29da26-30bd-532b-9d7f-881c2de77b44,2807,S1,A,2024-01-28,con nota,,2024-01-28,,False
3d7b4965-b27a-514f-80f3-5afca2189109,2807,S1,A,2024-01-22,desasignado,2024-04-19,2024-01-22,2024-04-19,True
3dd479e7-5243-5a56-8926-f9ff104c6b07,2807,S1,A,2024-01-18,con nota,,2024-01-18,,False
41be5257-eb86-58d2-acc5-634e881af433,2807,S1,A,2024-01-15,con nota,,2024-01-15,,False
4a6b3546-7880-595e-b541-6aab9d24320b,2807,S1,A,2024-01-17,con nota,,2024-01-17,,False
4f27b763-668f-5443-b687-4d9ca582763c,2807,S1,A,2024-01-28,con nota,,2024-01-28,,False
650bbd69-f91f-582d-aed1-6aaf74b21405,2807,S1,A,2024-01-24,con nota,,2024-01-24,,False
6bd36f7f-f413-50fc-9d21-a81519a0f9ae,2807,S1,A,2024-01-16,con nota,,2024-01-16,,False
6e7eeb15-ed34-52a3-9b2e-94a14ced704f,2807,S1,A,2024-01-30,con nota,,2024-01-30,,False
7996cf1a-d87a-5fdc-a9eb-dfc452b7df6a,2807,S1,A,2024-01-28,con nota,,2024-01-28,,False
837fc661-96eb-586d-b4c9-f77b85563c15,2807,S1,A,2024-01-18,con nota,,2024-01-18,,False
85f6e33e-822a-59b2-a749-33e5034486fd,2807,S1,A,2024-01-26,con nota,,2024-01-26,,False
8adbc82c-808f-5b1d-b86c-04b04f2a4aad,2807,S1,A,2024-01-25,con nota,,2024-01-25,,False
96c6949d-d550-5217-9989-03c50351059d,2807,S1,A,2024-01-15,desasignado,2024-04-02,2024-01-15,2024-04-02,True
9a98393a-472a-543c-b2c9-606126573d51,2807,S1,A,2024-01-30,con nota,,2024-01-30,,False
da36824c-8b4b-5355-b4d7-f8c483b0a556,2807,S1,A,2024-01-18,con nota,,2024-01-18,,False
e01ffccc-2b4c-54a9-9a6e-07307564f527,2807,S1,A,2024-01-27,con nota,,2024-01-27,,False
eb14890f-4dde-58de-a427-a40744003b02,2807,S1,A,2024-01-23,con nota,,2024-01-23,,False
f921ded9-7fd5-54fb-aad5-6aef5fe039e2,2807,S1,A,2024-01-19,con nota,,2024-01-19,,False
05d4241f-34c4-5309-b3bf-b59f562b2b28,2813,S1,A,2024-01-26,con nota,,2024-01-26,,False
22037c10-f3e3-577f-b9fd-ca611f78fc13,2813,S1,A,2024-01-24,con nota,,2024-01-24,,False
3b010113-22bd-5f9d-ae22-55e22893eed8,2813,S1,A,2024-01-28,con nota,,2024-01-28,,False
3d77a469-e655-55fe-805c-791030382035,2813,S1,A,2024-01-26,con nota,,2024-01-26,,False
414c2cd0-1848-5853-8c5d-c17cb93672ce,2813,S1,A,2024-01-28,con nota,,2024-01-28,,False
4dc4aa77-9ac0-5bc3-a84e-2b88879b68a8,2813,S1,A,2024-01-19,con nota,,2024-01-19,,False
508865ff-526c-5b08-8f0b-36822182e26c,2813,S1,A,2024-01-16,con nota,,2024-01-16,,False
5cfb66d3-10c8-5710-97b6-8bd25d49adff,2813,S1,A,2024-01-19,con nota,,2024-01-19,,False
78985e7d-ee45-54ea-9fa9-bfacc2ee4797,2813,S1,A,2024-01-26,con nota,,2024-01-26,,False
79fbc371-b3f2-583e-af6a-cb69b75903b0,2813,S1,A,2024-01-19,con nota,,2024-01-19,,False
80fd2144-9a50-53ec-86c3-7660cc3a92ca,2813,S1,A,2024-01-23,con nota,,2024-01-23,,False
81499fda-b7ee-5fa7-9cda-b64ee9dfbab2,2813,S1,A,2024-01-16,con nota,,2024-01-16,,False
9b342f29-299c-53e8-abab-d0ddb5c51d18,2813,S1,A,2024-01-30,con nota,,2024-01-30,,False
9fb68156-bea9-5d9c-9ac8-4c74978e183e,2813,S1,A,2024-01-29,con nota,,2024-01-29,,False
b61e89b6-2037-59df-8c60-9b45ea924c36,2813,S1,A,2024-01-23,con nota,,2024-01-23,,False
bb2df0dc-340e-59b9-8c78-651baefa28d4,2813,S1,A,2024-01-18,con nota,,2024-01-18,,False
be4cc3ed-a3b2-5e94-bdab-cb425a63135a,2813,S1,A,2024-01-27,desasignado,2024-04-07,2024-01-27,2024-04-07,True
c3fcfe06-c7d0-5bcb-9082-cad8ca841cd2,2813,S1,A,2024-01-17,con nota,,2024-01-17,,False
c3fdd0ea-defe-56bf-8614-d4895c9df8cb,2813,S1,A,2024-01-23,con nota,,2024-01-23,,False
ca344a73-ffb8-5b0a-a30a-0b081b5c1bcc,2813,S1,A,2024-01-25,con nota,,2024-01-25,,False
cafd50f0-00ad-5b43-9ecf-2e3a99da0a42,2813,S1,A,2024-01-20,con nota,,2024-01-20,,False
ccca9a76-953a-5d63-92e5-d3c2a20b74fe,2813,S1,A,2024-01-19,con nota,,2024-01-19,,False
e6616dee-223f-521e-9148-18ea6494d738,2813,S1,A,2024-01-27,con nota,,2024-01-27,,False
f165b21b-a360-52d6-a848-f2b84f7a3202,2813,S1,A,2024-01-19,desasignado,2024-04-23,2024-01-19,2024-04-23,True
f2b69ec5-a14d-5236-a5b1-4a3da87d9200,2813,S1,A,2024-01-30,con nota,,2024-01-30,,False
f3c31e55-a2c7-5170-9b87-fe33fd8c91a6,2813,S1,A,2024-01-18,con nota,,2024-01-18,,False
f3df7bb3-edfa-50c0-9e56-9da800375bc4,2813,S1,A,2024-01-23,con nota,,2024-01-23,,False
f9eea9a9-015d-521f-ace7-3f3f5190ac81,2813,S1,A,2024-01-20,con nota,,2024-01-20,,False
3709aa39-ebba-578a-bfc0-0b92e87fdeaa,2814,S1,A,2024-01-22,con nota,,2024-01-22,,False
3d77a469-e655-55fe-805c-791030382035,2814,S1,A,2024-01-27,con nota,,2024-01-27,,False
414c2cd0-1848-5853-8c5d-c17cb93672ce,2814,S1,A,2024-01-20,con nota,,2024-01-20,,False
4f27d42a-857e-5649-b886-e03a4f702663,2814,S1,A,2024-01-15,con nota,,2024-01-15,,False
508865ff-526c-5b08-8f0b-36822182e26c,2814,S1,A,2024-01-16,con nota,,2024-01-16,,False
5341d121-3e52-582b-9ade-7f81a055be74,2814,S1,A,2024-01-27,con nota,,2024-01-27,,False
55336854-e2aa-563e-8035-7284b4ccc98d,2814,S1,A,2024-01-20,con nota,,2024-01-20,,False
835b66d3-72cd-5867-b7d3-2de662ae3c02,2814,S1,A,2024-01-18,desasignado,2024-04-18,2024-01-18,2024-04-18,True
8bc617b7-d1c6-5083-a14d-f3fb4bc50494,2814,S1,A,2024-01-26,con nota,,2024-01-26,,False
98bd6a13-8add-5575-9388-3bae6a5ba51c,2814,S1,A,2024-01-25,con nota,,2024-01-25,,False
9b342f29-299c-53e8-abab-d0ddb5c51d18,2814,S1,A,2024-01-21,con nota,,2024-01-21,,False
aad6201b-f416-55be-a19b-4d06d2c15135,2814,S1,A,2024-01-29,con nota,,2024-01-29,,False
be4cc3ed-a3b2-5e94-bdab-cb425a63135a,2814,S1,A,2024-01-24,con nota,,2024-01-24,,False
c3fdd0ea-defe-56bf-8614-d4895c9df8cb,2814,S1,A,2024-01-25,con nota,,2024-01-25,,False
c9ab122a-e4e7-51dc-af6b-059ecfaf700a,2814,S1,A,2024-01-24,con nota,,2024-01-24,,False
ca1fd280-c70c-5620-9699-ff3834093054,2814,S1,A,2024-01-18,con nota,,2024-01-18,,False
cafd50f0-00ad-5b43-9ecf-2e3a99da0a42,2814,S1,A,2024-01-19,con nota,,2024-01-19,,False
ccca9a76-953a-5d63-92e5-d3c2a20b74fe,2814,S1,A,2024-01-27,con nota,,2024-01-27,,False
dba52ccd-1502-5df9-b31a-3e80d6f796d2,2814,S1,A,2024-01-27,con nota,,2024-01-27,,False
e6616dee-223f-521e-9148-18ea6494d738,2814,S1,A,2024-01-28,con nota,,2024-01-28,,False
ef638bbd-09bd-5411-8a78-9f02760fef4d,2814,S1,A,2024-01-18,con nota,,2024-01-18,,False
f2b69ec5-a14d-5236-a5b1-4a3da87d9200,2814,S1,A,2024-01-16,con nota,,2024-01-16,,False
f37f66a2-3ef2-5947-8f55-1145199e62f0,2814,S1,A,2024-01-25,con nota,,2024-01-25,,False
f3df7bb3-edfa-50c0-9e56-9da800375bc4,2814,S1,A,2024-01-19,con nota,,2024-01-19,,False
f8dfcdf5-919b-55bc-8085-c7d8d9f98dca,2814,S1,A,2024-01-29,con nota,,2024-01-29,,False
f9eea9a9-015d-521f-ace7-3f3f5190ac81,2814,S1,A,2024-01-30,con nota,,2024-01-30,,False
fc5db985-05cf-59ad-a8d8-e6a91932d72c,2814,S1,A,2024-01-15,con nota,,2024-01-15,,False
069b0f85-66ac-5610-9b5a-0560dd8cad5c,2815,S1,A,2024-01-27,con nota,,2024-01-27,,False
0eb4976d-25ba-5524-a0db-2266a874f6ef,2815,S1,A,2024-01-23,con nota,,2024-01-23,,False
3d77a469-e655-55fe-805c-791030382035,2815,S1,A,2024-01-17,con nota,,2024-01-17,,False
480dcf0f-fef3-5445-b5eb-829165c7cc0b,2815,S1,A,2024-01-19,con nota,,2024-01-19,,False
71a9076e-98e5-5381-a6bb-d621499edc32,2815,S1,A,2024-01-29,con nota,,2024-01-29,,False
835b66d3-72cd-5867-b7d3-2de662ae3c02,2815,S1,A,2024-01-29,con nota,,2024-01-29,,False
98bd6a13-8add-5575-9388-3bae6a5ba51c,2815,S1,A,2024-01-26,con nota,,2024-01-26,,False
c3fcfe06-c7d0-5bcb-9082-cad8ca841cd2,2815,S1,A,2024-01-20,con nota,,2024-01-20,,False
ca344a73-ffb8-5b0a-a30a-0b081b5c1bcc,2815,S1,A,2024-01-24,con nota,,2024-01-24,,False
cafd50f0-00ad-5b43-9ecf-2e3a99da0a42,2815,S1,A,2024-01-15,con nota,,2024-01-15,,False
f8dfcdf5-919b-55bc-8085-c7d8d9f98dca,2815,S1,A,2024-01-20,con nota,,2024-01-20,,False
fc5db985-05cf-59ad-a8d8-e6a91932d72c,2815,S1,A,2024-01-19,con nota,,2024-01-19,,False
ff71036f-4246-50f0-bdcc-ca1603a77671,2815,S1,A,2024-01-20,con nota,,2024-01-20,,False
0259d9e4-ede8-5030-8d0c-86ad714a8687,2816,S1,A,2024-01-26,desasignado,2024-03-18,2024-01-26,2024-03-18,True
069b0f85-66ac-5610-9b5a-0560dd8cad5c,2816,S1,A,2024-01-29,con nota,,2024-01-29,,False
0875f04d-ba62-524b-9469-180d7b74c579,2816,S1,A,2024-01-15,con nota,,2024-01-15,,False
3b010113-22bd-5f9d-ae22-55e22893eed8,2816,S1,A,2024-01-20,con nota,,2024-01-20,,False
4dc4aa77-9ac0-5bc3-a84e-2b88879b68a8,2816,S1,A,2024-01-19,con nota,,2024-01-19,,False
4f27d42a-857e-5649-b886-e03a4f702663,2816,S1,A,2024-01-26,con nota,,2024-01-26,,False
508865ff-526c-5b08-8f0b-36822182e26c,2816,S1,A,2024-01-15,con nota,,2024-01-15,,False
55336854-e2aa-563e-8035-7284b4ccc98d,2816,S1,A,2024-01-19,con nota,,2024-01-19,,False
5cfb66d3-10c8-5710-97b6-8bd25d49adff,2816,S1,A,2024-01-20,con nota,,2024-01-20,,False
71629b28-676c-5f88-96b2-fa1142a2a041,2816,S1,A,2024-01-20,con nota,,2024-01-20,,False
71a9076e-98e5-5381-a6bb-d621499edc32,2816,S1,A,2024-01-30,con nota,,2024-01-30,,False
78985e7d-ee45-54ea-9fa9-bfacc2ee4797,2816,S1,A,2024-01-22,con nota,,2024-01-22,,False
7bd40d41-d52d-5c5d-bd6a-72ac2a374717,2816,S1,A,2024-01-19,con nota,,2024-01-19,,False
81499fda-b7ee-5fa7-9cda-b64ee9dfbab2,2816,S1,A,2024-01-29,con nota,,2024-01-29,,False
8bc617b7-d1c6-5083-a14d-f3fb4bc50494,2816,S1,A,2024-01-18,desasignado,2024-04-08,2024-01-18,2024-04-08,True
98bd6a13-8add-5575-9388-3bae6a5ba51c,2816,S1,A,2024-01-23,con nota,,2024-01-23,,False
bb2df0dc-340e-59b9-8c78-651baefa28d4,2816,S1,A,2024-01-17,con nota,,2024-01-17,,False
c3fdd0ea-defe-56bf-8614-d4895c9df8cb,2816,S1,A,2024-01-17,con nota,,2024-01-17,,False
c8b29424-3564-5114-8e8b-3ec7edb4631a,2816,S1,A,2024-01-19,con nota,,2024-01-19,,False
ca1fd280-c70c-5620-9699-ff3834093054,2816,S1,A,2024-01-25,desasignado,2024-04-22,2024-01-25,2024-04-22,True
dba52ccd-1502-5df9-b31a-3e80d6f796d2,2816,S1,A,2024-01-22,con nota,,2024-01-22,,False
ef638bbd-09bd-5411-8a78-9f02760fef4d,2816,S1,A,2024-01-18,con nota,,2024-01-18,,False
f165b21b-a360-52d6-a848-f2b84f7a3202,2816,S1,A,2024-01-17,con nota,,2024-01-17,,False
f37f66a2-3ef2-5947-8f55-1145199e62f0,2816,S1,A,2024-01-24,con nota,,2024-01-24,,False
f9eea9a9-015d-521f-ace7-3f3f5190ac81,2816,S1,A,2024-01-26,con nota,,2024-01-26,,False
fc5db985-05cf-59ad-a8d8-e6a91932d72c,2816,S1,A,2024-01-16,con nota,,2024-01-16,,False
ff71036f-4246-50f0-bdcc-ca1603a77671,2816,S1,A,2024-01-24,con nota,,2024-01-24,,False
0259d9e4-ede8-5030-8d0c-86ad714a8687,2817,S1,A,2024-01-22,con nota,,2024-01-22,,False
05d4241f-34c4-5309-b3bf-b59f562b2b28,2817,S1,A,2024-01-29,con nota,,2024-01-29,,False
0875f04d-ba62-524b-9469-180d7b74c579,2817,S1,A,2024-01-20,con nota,,2024-01-20,,False
22037c10-f3e3-577f-b9fd-ca611f78fc13,2817,S1,A,2024-01-25,con nota,,2024-01-25,,False
3709aa39-ebba-578a-bfc0-0b92e87fdeaa,2817,S1,A,2024-01-28,con nota,,2024-01-28,,False
3d77a469-e655-55fe-805c-791030382035,2817,S1,A,2024-01-30,con nota,,2024-01-30,,False
414c2cd0-1848-5853-8c5d-c17cb93672ce,2817,S1,A,2024-01-16,con nota,,2024-01-16,,False
480dcf0f-fef3-5445-b5eb-829165c7cc0b,2817,S1,A,2024-01-19,con nota,,2024-01-19,,False
4dc4aa77-9ac0-5bc3-a84e-2b88879b68a8,2817,S1,A,2024-01-21,con nota,,2024-01-21,,False
4f27d42a-857e-5649-b886-e03a4f702663,2817,S1,A,2024-01-23,con nota,,2024-01-23,,False
5cfb66d3-10c8-5710-97b6-8bd25d49adff,2817,S1,A,2024-01-23,con nota,,2024-01-23,,False
71629b28-676c-5f88-96b2-fa1142a2a041,2817,S1,A,2024-01-27,con nota,,2024-01-27,,False
71a9076e-98e5-5381-a6bb-d621499edc32,2817,S1,A,2024-01-18,con nota,,2024-01-18,,False
7bd40d41-d52d-5c5d-bd6a-72ac2a374717,2817,S1,A,2024-01-18,con nota,,2024-01-18,,False
80fd2144-9a50-53ec-86c3-7660cc3a92ca,2817,S1,A,2024-01-19,con nota,,2024-01-19,,False
81499fda-b7ee-5fa7-9cda-b64ee9dfbab2,2817,S1,A,2024-01-16,con nota,,2024-01-16,,False
835b66d3-72cd-5867-b7d3-2de662ae3c02,2817,S1,A,2024-01-29,con nota,,2024-01-29,,False
b61e89b6-2037-59df-8c60-9b45ea924c36,2817,S1,A,2024-01-20,con nota,,2024-01-20,,False
bb2df0dc-340e-59b9-8c78-651baefa28d4,2817,S1,A,2024-01-27,con nota,,2024-01-27,,False
be4cc3ed-a3b2-5e94-bdab-cb425a63135a,2817,S1,A,2024-01-27,con nota,,2024-01-27,,False
c3fdd0ea-defe-56bf-8614-d4895c9df8cb,2817,S1,A,2024-01-19,con nota,,2024-01-19,,False
c9ab122a-e4e7-51dc-af6b-059ecfaf700a,2817,S1,A,2024-01-27,con nota,,2024-01-27,,False
ca344a73-ffb8-5b0a-a30a-0b081b5c1bcc,2817,S1,A,2024-01-22,con nota,,2024-01-22,,False
e81dc01b-99fa-5afe-96c2-e6f0e7a8f50d,2817,S1,A,2024-01-17,desasignado,2024-04-12,2024-01-17,2024-04-12,True
f165b21b-a360-52d6-a848-f2b84f7a3202,2817,S1,A,2024-01-19,desasignado,2024-04-08,2024-01-19,2024-04-08,True
f37f66a2-3ef2-5947-8f55-1145199e62f0,2817,S1,A,2024-01-26,con nota,,2024-01-26,,False
f3c31e55-a2c7-5170-9b87-fe33fd8c91a6,2817,S1,A,2024-01-24,con nota,,2024-01-24,,False
f8dfcdf5-919b-55bc-8085-c7d8d9f98dca,2817,S1,A,2024-01-26,con nota,,2024-01-26,,False
f9eea9a9-015d-521f-ace7-3f3f5190ac81,2817,S1,A,2024-01-18,con nota,,2024-01-18,,False
fc5db985-05cf-59ad-a8d8-e6a91932d72c,2817,S1,A,2024-01-17,con nota,,2024-01-17,,False
05d4241f-34c4-5309-b3bf-b59f562b2b28,2818,S1,A,2024-01-21,con nota,,2024-01-21,,False
22037c10-f3e3-577f-b9fd-ca611f78fc13,2818,S1,A,2024-01-26,con nota,,2024-01-26,,False
3709aa39-ebba-578a-bfc0-0b92e87fdeaa,2818,S1,A,2024-01-16,con nota,,2024-01-16,,False
480dcf0f-fef3-5445-b5eb-829165c7cc0b,2818,S1,A,2024-01-19,con nota,,2024-01-19,,False
4dc4aa77-9ac0-5bc3-a84e-2b88879b68a8,2818,S1,A,2024-01-21,con nota,,2024-01-21,,False
4f27d42a-857e-5649-b886-e03a4f702663,2818,S1,A,2024-01-27,con nota,,2024-01-27,,False
508865ff-526c-5b08-8f0b-36822182e26c,2818,S1,A,2024-01-22,con nota,,2024-01-22,,False
5341d121-3e52-582b-9ade-7f81a055be74,2818,S1,A,2024-01-30,con nota,,2024-01-30,,False
5cfb66d3-10c8-5710-97b6-8bd25d49adff,2818,S1,A,2024-01-23,con nota,,2024-01-23,,False
78985e7d-ee45-54ea-9fa9-bfacc2ee4797,2818,S1,A,2024-01-20,con nota,,2024-01-20,,False
79fbc371-b3f2-583e-af6a-cb69b75903b0,2818,S1,A,2024-01-21,con nota,,2024-01-21,,False
81499fda-b7ee-5fa7-9cda-b64ee9dfbab2,2818,S1,A,2024-01-22,con nota,,2024-01-22,,False
835b66d3-72cd-5867-b7d3-2de662ae3c02,2818,S1,A,2024-01-21,con nota,,2024-01-21,,False
8bc617b7-d1c6-5083-a14d-f3fb4bc50494,2818,S1,A,2024-01-26,con nota,,2024-01-26,,False
98bd6a13-8add-5575-9388-3bae6a5ba51c,2818,S1,A,2024-01-24,con nota,,2024-01-24,,False
9fb68156-bea9-5d9c-9ac8-4c74978e183e,2818,S1,A,2024-01-16,desasignado,2024-03-24,2024-01-16,2024-03-24,True
b6f67e91-3fbc-5e3c-9701-7f82ed8816ec,2818,S1,A,2024-01-17,con nota,,2024-01-17,,False
bb2df0dc-340e-59b9-8c78-651baefa28d4,2818,S1,A,2024-01-25,con nota,,2024-01-25,,False
be4cc3ed-a3b2-5e94-bdab-cb425a63135a,2818,S1,A,2024-01-22,con nota,,2024-01-22,,False
c3fcfe06-c7d0-5bcb-9082-cad8ca841cd2,2818,S1,A,2024-01-21,con nota,,2024-01-21,,False
cafd50f0-00ad-5b43-9ecf-2e3a99da0a42,2818,S1,A,2024-01-28,con nota,,2024-01-28,,False
e6616dee-223f-521e-9148-18ea6494d738,2818,S1,A,2024-01-18,con nota,,2024-01-18,,False
e81dc01b-99fa-5afe-96c2-e6f0e7a8f50d,2818,S1,A,2024-01-21,con nota,,2024-01-21,,False
ef638bbd-09bd-5411-8a78-9f02760fef4d,2818,S1,A,2024-01-17,con nota,,2024-01-17,,False
f37f66a2-3ef2-5947-8f55-1145199e62f0,2818,S1,A,2024-01-30,con nota,,2024-01-30,,False
f3c31e55-a2c7-5170-9b87-fe33fd8c91a6,2818,S1,A,2024-01-28,con nota,,2024-01-28,,False
fc5db985-05cf-59ad-a8d8-e6a91932d72c,2818,S1,A,2024-01-26,con nota,,2024-01-26,,False
ff71036f-4246-50f0-bdcc-ca1603a77671,2818,S1,A,2024-01-25,con nota,,2024-01-25,,False
07470beb-65dd-5cb9-93ad-8e0c1eeac0af,2825,S1,A,2024-01-27,con nota,,2024-01-27,,False
1b7adb46-da25-57cc-ad1c-f57382ea2726,2825,S1,A,2024-01-24,con nota,,2024-01-24,,False
31c0d36d-c8d2-5f54-8576-179c5db0d849,2825,S1,A,2024-01-29,con nota,,2024-01-29,,False
3b36b2ad-44dd-5a2d-9040-f4de57c705b1,2825,S1,A,2024-01-16,con nota,,2024-01-16,,False
56a5ce3c-8d0b-51a5-940f-f3e91b040fcc,2825,S1,A,2024-01-24,desasignado,2024-03-30,2024-01-24,2024-03-30,True
68d355f1-6155-5bf7-a1f7-df1e2af2313a,2825,S1,A,2024-01-17,con nota,,2024-01-17,,False
6af2858e-1d0c-505f-8272-789dcd0a9bf5,2825,S1,A,2024-01-21,con nota,,2024-01-21,,False
823b4866-812a-5280-9922-7a6ce48df3ae,2825,S1,A,2024-01-24,con nota,,2024-01-24,,False
8942056f-ad5d-5e4f-abe0-9664b990f490,2825,S1,A,2024-01-19,con nota,,2024-01-19,,False
c83f656f-fd8a-563a-85fd-9a8f9539d381,2825,S1,A,2024-01-18,con nota,,2024-01-18,,False
c9d2363e-8ced-5661-aa58-506752643073,2825,S1,A,2024-01-20,con nota,,2024-01-20,,False
d18b43dd-fa9f-5af3-b2cd-507f5315f597,2825,S1,A,2024-01-25,con nota,,2024-01-25,,False
e3f06cc9-e450-5211-aaa7-d1e490dfed18,2825,S1,A,2024-01-28,con nota,,2024-01-28,,False
f2b9a44a-2706-5151-be54-8e3148495c13,2825,S1,A,2024-01-17,con nota,,2024-01-17,,False
f39a2924-9c6d-574b-85f9-9602ce0e6bd3,2825,S1,A,2024-01-26,con nota,,2024-01-26,,False
02d73083-ab69-51c4-805a-720d97598b43,2826,S1,A,2024-01-15,con nota,,2024-01-15,,False
3729cff5-4cf8-547f-93c3-463ddacaa886,2826,S1,A,2024-01-23,con nota,,2024-01-23,,False
38cb34a5-05a5-5af4-8c59-1127a33a6e3e,2826,S1,A,2024-01-27,con nota,,2024-01-27,,False
56a5ce3c-8d0b-51a5-940f-f3e91b040fcc,2826,S1,A,2024-01-16,con nota,,2024-01-16,,False
68d355f1-6155-5bf7-a1f7-df1e2af2313a,2826,S1,A,2024-01-22,con nota,,2024-01-22,,False
6af2858e-1d0c-505f-8272-789dcd0a9bf5,2826,S1,A,2024-01-30,con nota,,2024-01-30,,False
819e3498-97dd-5043-9bf3-b2813d4d41f6,2826,S1,A,2024-01-24,con nota,,2024-01-24,,False
94797180-4529-5bbd-b17a-b1f61fd97dab,2826,S1,A,2024-01-29,con nota,,2024-01-29,,False
c536f584-6511-5834-9001-81b90ae09a0a,2826,S1,A,2024-01-20,con nota,,2024-01-20,,False
c83f656f-fd8a-563a-85fd-9a8f9539d381,2826,S1,A,2024-01-28,con nota,,2024-01-28,,False
d0ad0b2d-4aa7-5f82-b60f-d5d1853af793,2826,S1,A,2024-01-17,con nota,,2024-01-17,,False
d0cf7e89-3fc9-5ac9-94b2-1ba5d480cdb1,2826,S1,A,2024-01-18,con nota,,2024-01-18,,False
e3e96b5f-57f6-51ec-9525-aea706ce36ab,2826,S1,A,2024-01-22,con nota,,2024-01-22,,False
1b7adb46-da25-57cc-ad1c-f57382ea2726,2827,S1,A,2024-01-24,con nota,,2024-01-24,,False
31c0d36d-c8d2-5f54-8576-179c5db0d849,2827,S1,A,2024-01-23,con nota,,2024-01-23,,False
48fc640e-bda5-5ade-8116-7cded5b90465,2827,S1,A,2024-01-16,con nota,,2024-01-16,,False
68d355f1-6155-5bf7-a1f7-df1e2af2313a,2827,S1,A,2024-01-28,con nota,,2024-01-28,,False
94797180-4529-5bbd-b17a-b1f61fd97dab,2827,S1,A,2024-01-18,con nota,,2024-01-18,,False
a069913d-2dd9-5940-ae5c-c8d6c78649f4,2827,S1,A,2024-01-28,con nota,,2024-01-28,,False
c83f656f-fd8a-563a-85fd-9a8f9539d381,2827,S1,A,2024-01-29,con nota,,2024-01-29,,False
c9d2363e-8ced-5661-aa58-506752643073,2827,S1,A,2024-01-16,desasignado,2024-04-10,2024-01-16,2024-04-10,True
d0cf7e89-3fc9-5ac9-94b2-1ba5d480cdb1,2827,S1,A,2024-01-17,desasignado,2024-04-17,2024-01-17,2024-04-17,True
d59271aa-80c7-5dac-9158-b805a029afa6,2827,S1,A,2024-01-24,con nota,,2024-01-24,,False
e3f06cc9-e450-5211-aaa7-d1e490dfed18,2827,S1,A,2024-01-26,con nota,,2024-01-26,,False
e51922a4-dfe4-5ac3-a000-6761f11e2a08,2827,S1,A,2024-01-29,con nota,,2024-01-29,,False
f39a2924-9c6d-574b-85f9-9602ce0e6bd3,2827,S1,A,2024-01-20,con nota,,2024-01-20,,False
3729cff5-4cf8-547f-93c3-463ddacaa886,2828,S1,A,2024-01-28,con nota,,2024-01-28,,False
97e3a24a-1951-5cc2-923b-6191af630108,2828,S1,A,2024-01-20,con nota,,2024-01-20,,False
a069913d-2dd9-5940-ae5c-c8d6c78649f4,2828,S1,A,2024-01-19,con nota,,2024-01-19,,False
c536f584-6511-5834-9001-81b90ae09a0a,2828,S1,A,2024-01-20,con nota,,2024-01-20,,False
d0ad0b2d-4aa7-5f82-b60f-d5d1853af793,2828,S1,A,2024-01-21,con nota,,2024-01-21,,False
d18b43dd-fa9f-5af3-b2cd-507f5315f597,2828,S1,A,2024-01-30,con nota,,2024-01-30,,False
f2b9a44a-2706-5151-be54-8e3148495c13,2828,S1,A,2024-01-25,con nota,,2024-01-25,,False
819e3498-97dd-5043-9bf3-b2813d4d41f6,2829,S1,A,2024-01-28,con nota,,2024-01-28,,False
c536f584-6511-5834-9001-81b90ae09a0a,2829,S1,A,2024-01-16,con nota,,2024-01-16,,False
d0ad0b2d-4aa7-5f82-b60f-d5d1853af793,2829,S1,A,2024-01-30,con nota,,2024-01-30,,False
f2b9a44a-2706-5151-be54-8e3148495c13,2829,S1,A,2024-01-28,con nota,,2024-01-28,,False
f39a2924-9c6d-574b-85f9-9602ce0e6bd3,2829,S1,A,2024-01-26,con nota,,2024-01-26,,False
0cde0ab4-cadb-52c2-b390-b7f6afe8746c,290,S1,A,2024-01-24,con nota,,2024-01-24,,False
160c76d2-e6fd-5b5f-848d-57e6bb964df3,290,S1,A,2024-01-15,con nota,,2024-01-15,,False
18744750-066d-5952-a07f-87fe04f11287,290,S1,A,2024-01-25,con nota,,2024-01-25,,False
1f6f1f28-074c-59c7-92b8-d6e9c19bdd7a,290,S1,A,2024-01-15,con nota,,2024-01-15,,False
2025c707-2bf8-5151-be4c-a2a603e99860,290,S1,A,2024-01-17,con nota,,2024-01-17,,False
25841c45-8811-545f-b5e2-6b2d705ec4c7,290,S1,A,2024-01-24,con nota,,2024-01-24,,False
71806101-b15f-5375-91f0-eafc01d04a08,290,S1,A,2024-01-27,con nota,,2024-01-27,,False
94c2d2be-6e25-5d7c-a62b-a4c80507cb2b,290,S1,A,2024-01-28,con nota,,2024-01-28,,False
a20155e8-2dc9-5995-816b-3cb66b43ad43,290,S1,A,2024-01-29,con nota,,2024-01-29,,False
a397aa26-43c1-5dd5-8ded-d294dadfb78d,290,S1,A,2024-01-21,con nota,,2024-01-21,,False
b0348df3-fe64-57fb-9a16-ef1d46254d7e,290,S1,A,2024-01-15,con nota,,2024-01-15,,False
d3acc96f-c21a-5c20-96fb-a688c8734bfe,290,S1,A,2024-01-20,con nota,,2024-01-20,,False
25077c77-5aee-5d93-8a36-c5b57da00dc0,290,S1,B,2024-01-18,con nota,,2024-01-18,,False
26b70c46-d8aa-5b67-b21d-02f2c1b9ca56,290,S1,B,2024-01-27,desasignado,2024-03-31,2024-01-27,2024-03-31,True
37298f71-ec61-5e5c-ad25-86570c15f7ec,290,S1,B,2024-01-25,con nota,,2024-01-25,,False
390a81e9-c184-59de-8b1f-aa4c16c462b8,290,S1,B,2024-01-23,con nota,,2024-01-23,,False
3b839c8a-1e03-5728-b057-2689dbdd202e,290,S1,B,2024-01-30,con nota,,2024-01-30,,False
3d26acfe-2654-5f55-abd4-4977a7b03cf5,290,S1,B,2024-01-27,con nota,,2024-01-27,,False
3f6b4811-4804-539a-990b-aa859b6d7359,290,S1,B,2024-01-23,con nota,,2024-01-23,,False
490c9487-1342-5062-a509-90370d598267,290,S1,B,2024-01-29,con nota,,2024-01-29,,False
49b58f54-b0f3-5a4f-b91f-0f3ad303fe50,290,S1,B,2024-01-26,con nota,,2024-01-26,,False
6b0fa083-89e1-5c4a-9ebd-503d3bf9b28b,290,S1,B,2024-01-30,con nota,,2024-01-30,,False
9db9b320-6e2b-5cf7-9e83-bba0130684c9,290,S1,B,2024-01-17,con nota,,2024-01-17,,False
9ef93136-4252-556a-b27a-56284b0733c6,290,S1,B,2024-01-15,con nota,,2024-01-15,,False
a252557b-6fa4-5ac7-b1b4-dfa120d1e728,290,S1,B,2024-01-23,con nota,,2024-01-23,,False
bfcdedcc-bb15-55d3-af36-398b47e8169b,290,S1,B,2024-01-26,con nota,,2024-01-26,,False
e433d0b0-de78-5b0f-9cd1-397f7d94f630,290,S1,B,2024-01-21,con nota,,2024-01-21,,False
ec22dbbf-bcda-5f1d-bfc8-a82e55ec7de9,290,S1,B,2024-01-26,con nota,,2024-01-26,,False
f244a686-f32b-5770-9d6b-044f508009fa,290,S1,B,2024-01-17,con nota,,2024-01-17,,False
f4bcda92-d4d7-507e-b697-5600cac6f573,290,S1,B,2024-01-28,con nota,,2024-01-28,,False
fc68457e-7e7c-5698-a1c7-1ed0dccba4b3,290,S1,B,2024-01-27,con nota,,2024-01-27,,False
061443c8-a609-5195-99f3-6ded28732468,290,S1,C,2024-01-22,con nota,,2024-01-22,,False
0c7a60bb-8fd5-5785-ae40-5a238188aebd,290,S1,C,2024-01-28,con nota,,2024-01-28,,False
0ee9e680-12e5-50e4-b182-3e780e680246,290,S1,C,2024-01-23,con nota,,2024-01-23,,False
184c1de9-fa20-510e-b160-68ad1dc84065,290,S1,C,2024-01-24,con nota,,2024-01-24,,False
1f2beec5-6645-5d05-82ee-24ac5912f380,290,S1,C,2024-01-19,con nota,,2024-01-19,,False
23d99703-dc71-5cfb-be2e-7b094396d2e1,290,S1,C,2024-01-30,con nota,,2024-01-30,,False
257724e2-11c9-5663-88d5-df9d1c7c66c6,290,S1,C,2024-01-29,con nota,,2024-01-29,,False
25e84c4c-0e95-5f03-a935-f30e7f0de6b0,290,S1,C,2024-01-28,con nota,,2024-01-28,,False
26d5d2fd-ceb5-56b7-bf84-f028a12bf50c,290,S1,C,2024-01-30,con nota,,2024-01-30,,False
2a6bef91-9d34-57ef-9ecf-910d7d7bfd14,290,S1,C,2024-01-21,con nota,,2024-01-21,,False
2e531479-2e51-5b22-9a96-785cdab828d1,290,S1,C,2024-01-18,con nota,,2024-01-18,,False
34986bea-a380-5964-a9fe-b7d8075f0cd5,290,S1,C,2024-01-25,con nota,,2024-01-25,,False
34cda5e3-c5d3-54b8-aeb1-bfb0d468bf7f,290,S1,C,2024-01-30,con nota,,2024-01-30,,False
3b72ef3a-35be-57ea-9618-876a2c6483e8,290,S1,C,2024-01-18,con nota,,2024-01-18,,False
3bdd6bd7-2493-5fef-97d2-19101e40630a,290,S1,C,2024-01-30,con nota,,2024-01-30,,False
483edcff-dbbf-5447-b9d9-095557232b02,290,S1,C,2024-01-27,con nota,,2024-01-27,,False
490c004f-42a1-534f-b227-8fe75437eaed,290,S1,C,2024-01-25,con nota,,2024-01-25,,False
4fd48cf3-f8af-550e-a2d0-220e5a797783,290,S1,C,2024-01-29,con nota,,2024-01-29,,False
6c433ed9-ad1e-51e2-9d31-0f92474524f1,290,S1,C,2024-01-22,con nota,,2024-01-22,,False
70b2bc66-3db1-536f-8061-39cc18e139ea,290,S1,C,2024-01-19,con nota,,2024-01-19,,False
751429d0-55a4-50e5-96d4-4ff1fdfc02c0,290,S1,C,2024-01-25,con nota,,2024-01-25,,False
760374e5-fa63-5431-b172-de8a0abbce5f,290,S1,C,2024-01-24,con nota,,2024-01-24,,False
766a215c-fae4-5d87-86b1-a6544ab14748,290,S1,C,2024-01-28,con nota,,2024-01-28,,False
808862a1-f703-5d96-9eb0-dee85a54f151,290,S1,C,2024-01-18,con nota,,2024-01-18,,False
819b9b1c-476d-5b64-949b-8bb80947bfde,290,S1,C,2024-01-19,con nota,,2024-01-19,,False
8bc03924-39b4-5c0a-985f-6cb1afe0a9e9,290,S1,C,2024-01-17,con nota,,2024-01-17,,False
8dc5c8ce-0b27-50c3-bec7-fce9414db9bf,290,S1,C,2024-01-16,con nota,,2024-01-16,,False
8feda068-15b3-578a-b249-a538441fafb6,290,S1,C,2024-01-24,con nota,,2024-01-24,,False
97171161-ceef-5159-92b0-c9415c6d7403,290,S1,C,2024-01-19,con nota,,2024-01-19,,False
99e6be68-8a89-5792-85ba-477b1d7e300b,290,S1,C,2024-01-24,con nota,,2024-01-24,,False
a0255bd2-c49d-5e1e-9f89-cd10cc01f918,290,S1,C,2024-01-27,con nota,,2024-01-27,,False
a029f47b-dd20-5fb5-9265-eb5443fecfd1,290,S1,C,2024-01-17,con nota,,2024-01-17,,False
a2b5f5b2-e9f5-5757-9f6e-7438a476abc5,290,S1,C,2024-01-27,con nota,,2024-01-27,,False
adaf3c7a-3e47-5989-abc3-94ddc1fa8301,290,S1,C,2024-01-27,con nota,,2024-01-27,,False
af7170d5-79af-53e8-ac44-8d6b7e8ad951,290,S1,C,2024-01-28,con nota,,2024-01-28,,False
bd77a48a-9406-51ae-a620-b28897754dec,290,S1,C,2024-01-20,desasignado,2024-03-31,2024-01-20,2024-03-31,True
c27c04eb-b36c-5f95-a9ff-ba3b43c1f175,290,S1,C,2024-01-17,con nota,,2024-01-17,,False
ca045e8e-72e0-524e-b94e-790662c03e9c,290,S1,C,2024-01-28,con nota,,2024-01-28,,False
ca6fc301-a539-586c-9789-e3d1605db2b0,290,S1,C,2024-01-29,con nota,,2024-01-29,,False
cd28b7e2-8009-5ab7-bfab-ba2f84ee3e52,290,S1,C,2024-01-22,con nota,,2024-01-22,,False
d4aa7cc1-7a50-5352-8316-3d2d7fa077d2,290,S1,C,2024-01-17,con nota,,2024-01-17,,False
d5aaa6eb-6692-5c69-b2a8-cf5b1835b425,290,S1,C,2024-01-18,con nota,,2024-01-18,,False
e21547f5-5ca5-5a65-9672-e1f99f10125a,290,S1,C,2024-01-23,con nota,,2024-01-23,,False
eae6527b-b1e4-5222-b4d0-ac6089abf79f,290,S1,C,2024-01-30,con nota,,2024-01-30,,False
f199e5f4-121f-5cf5-ba7c-98bc08d9eb4c,290,S1,C,2024-01-27,con nota,,2024-01-27,,False
f250f78e-a10d-5ef3-be84-18dfa329601a,290,S1,C,2024-01-19,con nota,,2024-01-19,,False
fb167343-6dc1-5b01-b2b2-486e33496558,290,S1,C,2024-01-25,con nota,,2024-01-25,,False
38d3c179-d651-5b38-a95d-5f30eea49bc7,290,S1,D,2024-01-17,con nota,,2024-01-17,,False
43568f87-d046-5ada-b5c5-049d7f35eb47,290,S1,D,2024-01-15,con nota,,2024-01-15,,False
d931f9da-177d-519e-9604-82c77ffd7dfc,290,S1,D,2024-01-25,con nota,,2024-01-25,,False
0c06f8f4-288d-57e0-8936-3d81fc7db2e7,291,S1,A,2024-01-15,desasignado,2024-04-05,2024-01-15,2024-04-05,True
15a0bb40-c6d6-5f6a-8142-f1c5ba0a121a,291,S1,A,2024-01-30,con nota,,2024-01-30,,False
229d23a0-bac6-55e3-9d53-ef85f45542e0,291,S1,A,2024-01-23,con nota,,2024-01-23,,False
36f4d3ec-4023-5b34-8dc2-6e588a93f6a1,291,S1,A,2024-01-22,con nota,,2024-01-22,,False
3e286a49-0d95-56da-aeae-91cae0ed2763,291,S1,A,2024-01-26,con nota,,2024-01-26,,False
3f2755ef-7031-5580-be34-89f9ba198194,291,S1,A,2024-01-15,con nota,,2024-01-15,,False
830d469b-5f0d-5c02-83e5-fb3ef8b12772,291,S1,A,2024-01-19,con nota,,2024-01-19,,False
83c5a92d-1d67-5123-9563-d6dad24bbc27,291,S1,A,2024-01-24,con nota,,2024-01-24,,False
857bee19-f5cc-5925-8f6d-5e6dc8b42cb7,291,S1,A,2024-01-17,con nota,,2024-01-17,,False
8d0b01b6-3de2-5be7-87a9-01eb3806e177,291,S1,A,2024-01-30,con nota,,2024-01-30,,False
9205f4d0-ca02-57f6-b51e-b705ac0898d7,291,S1,A,2024-01-17,con nota,,2024-01-17,,False
9af53817-e9ec-5854-a2a5-e577ccaf67ed,291,S1,A,2024-01-30,desasignado,2024-04-05,2024-01-30,2024-04-05,True
a5be436a-cb69-5107-956d-501d659bb0d7,291,S1,A,2024-01-26,con nota,,2024-01-26,,False
b1ada878-5ce8-5e51-bc44-6a5ae1f64971,291,S1,A,2024-01-21,con nota,,2024-01-21,,False
b1cce0db-3292-5ff2-837e-2fda6bc2eb62,291,S1,A,2024-01-16,con nota,,2024-01-16,,False
b3997c2f-90c6-5168-9d2b-373122f6b85d,291,S1,A,2024-01-15,con nota,,2024-01-15,,False
ba341cb6-848c-5d30-8bb3-6dc3b8ccd016,291,S1,A,2024-01-18,con nota,,2024-01-18,,False
bed9e918-22d8-53c7-891c-03d1739f37c3,291,S1,A,2024-01-15,con nota,,2024-01-15,,False
d0d32b44-cc7d-5dc8-8f44-2e0cadff8dca,291,S1,A,2024-01-15,con nota,,2024-01-15,,False
efa55bd1-a3d6-552e-b4fc-91b4426c5818,291,S1,A,2024-01-27,con nota,,2024-01-27,,False
0450959e-48dc-5783-9140-cfcec928c5c5,291,S1,B,2024-01-17,con nota,,2024-01-17,,False
0fa55129-2054-5d0a-ac6a-c453dfc1133a,291,S1,B,2024-01-27,con nota,,2024-01-27,,False
101fcc1c-02cb-502a-895a-dc14ec8bc4fc,291,S1,B,2024-01-19,con nota,,2024-01-19,,False
6473da69-8d8c-53e3-9a2c-6841674fb2d0,291,S1,B,2024-01-22,con nota,,2024-01-22,,False
819b9b1c-476d-5b64-949b-8bb80947bfde,291,S1,B,2024-01-26,con nota,,2024-01-26,,False
bc2edb29-4cd5-5fb5-88a5-7dedee94af0d,291,S1,B,2024-01-25,con nota,,2024-01-25,,False
c7cd1346-234a-5f30-b884-48b69a36b80d,291,S1,B,2024-01-22,con nota,,2024-01-22,,False
0450959e-48dc-5783-9140-cfcec928c5c5,292,S1,A,2024-01-17,con nota,,2024-01-17,,False
18a74ce6-ba44-5c94-a2c3-22a8ded6786a,292,S1,A,2024-01-24,con nota,,2024-01-24,,False
56d6a85b-af6a-5056-b7e5-6fc2b0054af8,292,S1,A,2024-01-17,con nota,,2024-01-17,,False
717b731e-7f1f-5d15-97ab-fe9730798a9c,292,S1,A,2024-01-15,con nota,,2024-01-15,,False
7e033645-6b36-5b24-be88-ef2953f2c850,292,S1,A,2024-01-17,con nota,,2024-01-17,,False
829d6bb7-6b71-5f40-9045-d49c7a41f459,292,S1,A,2024-01-28,con nota,,2024-01-28,,False
9205f4d0-ca02-57f6-b51e-b705ac0898d7,292,S1,A,2024-01-29,con nota,,2024-01-29,,False
9af53817-e9ec-5854-a2a5-e577ccaf67ed,292,S1,A,2024-01-26,con nota,,2024-01-26,,False
b06bcec0-b3a3-50b9-a1ec-953a4674371d,292,S1,A,2024-01-22,desasignado,2024-04-20,2024-01-22,2024-04-20,True
b2adc362-05d9-54d6-bd03-02e44c27e8c5,292,S1,A,2024-01-26,con nota,,2024-01-26,,False
c5252bea-0a8d-5efa-82fb-26d83372a130,292,S1,A,2024-01-15,con nota,,2024-01-15,,False
cb2a28b9-397d-5feb-a252-7b8abaccc929,292,S1,A,2024-01-29,con nota,,2024-01-29,,False
d0d32b44-cc7d-5dc8-8f44-2e0cadff8dca,292,S1,A,2024-01-20,con nota,,2024-01-20,,False
229d23a0-bac6-55e3-9d53-ef85f45542e0,292,S1,B,2024-01-21,con nota,,2024-01-21,,False
287283ce-fcaf-5519-a49e-3dea1c655f86,292,S1,B,2024-01-25,con nota,,2024-01-25,,False
366b165f-922c-5847-b813-fc6ef6c3a751,292,S1,B,2024-01-25,con nota,,2024-01-25,,False
4a07ae27-bce6-5958-80da-0b26f4d4650a,292,S1,B,2024-01-21,con nota,,2024-01-21,,False
6473da69-8d8c-53e3-9a2c-6841674fb2d0,292,S1,B,2024-01-30,con nota,,2024-01-30,,False
75ad2a1d-e65d-5b36-9b02-6dc6f12138a4,292,S1,B,2024-01-28,con nota,,2024-01-28,,False
8d0b01b6-3de2-5be7-87a9-01eb3806e177,292,S1,B,2024-01-25,con nota,,2024-01-25,,False
ba341cb6-848c-5d30-8bb3-6dc3b8ccd016,292,S1,B,2024-01-30,desasignado,2024-04-09,2024-01-30,2024-04-09,True
bc2edb29-4cd5-5fb5-88a5-7dedee94af0d,292,S1,B,2024-01-28,desasignado,2024-04-04,2024-01-28,2024-04-04,True
bed9e918-22d8-53c7-891c-03d1739f37c3,292,S1,B,2024-01-26,con nota,,2024-01-26,,False
c41dd30f-7c59-5647-a164-2c5d11a89c90,292,S1,B,2024-01-17,con nota,,2024-01-17,,False
c7cd1346-234a-5f30-b884-48b69a36b80d,292,S1,B,2024-01-20,con nota,,2024-01-20,,False
050d1ef7-fae1-5a16-8445-3f2c1bb0e697,670,S1,A,2024-01-16,con nota,,2024-01-16,,False
0dbc3861-b848-5448-a148-42de02126320,670,S1,A,2024-01-25,con nota,,2024-01-25,,False
3099a7bf-6e40-58f6-ab25-f2d2d83ce748,670,S1,A,2024-01-21,con nota,,2024-01-21,,False
4f7b4d36-ced0-507a-ab49-52e28e9b672f,670,S1,A,2024-01-25,con nota,,2024-01-25,,False
80be8af0-a5ec-534c-8e5d-0a36ec0491a5,670,S1,A,2024-01-25,con nota,,2024-01-25,,False
a7bd029d-5a6a-5bb6-bc5c-4ddb5411b6fe,670,S1,A,2024-01-16,con nota,,2024-01-16,,False
bfb0c4a8-e5d5-50a9-880b-4f06cf9de121,670,S1,A,2024-01-23,con nota,,2024-01-23,,False
de300aca-315d-5ec3-8a15-b7198afc11e1,670,S1,A,2024-01-27,con nota,,2024-01-27,,False
f3cfaa1d-b9fa-564b-a1b6-4ef5630c678e,670,S1,A,2024-01-27,con nota,,2024-01-27,,False
14909b74-1ad8-5aa8-9c18-990ee5e451b5,673,S1,A,2024-01-15,con nota,,2024-01-15,,False
385d8efa-6168-5aa3-ada8-a2e6a2d12d83,673,S1,A,2024-01-18,con nota,,2024-01-18,,False
3985e831-1448-5276-828a-6bb569a3fc32,673,S1,A,2024-01-28,con nota,,2024-01-28,,False
64cc33e8-ae26-5cbe-b897-cf46dddd0613,673,S1,A,2024-01-28,con nota,,2024-01-28,,False
b01c0133-92dd-5f13-8b4b-3e6a951b3bb4,673,S1,A,2024-01-24,con nota,,2024-01-24,,False
c922de12-eb27-59e0-bffe-295050a28a20,673,S1,A,2024-01-30,con nota,,2024-01-30,,False
fcb564ba-dcd6-5948-b405-a71674ce7049,673,S1,A,2024-01-16,con nota,,2024-01-16,,False
385d8efa-6168-5aa3-ada8-a2e6a2d12d83,674,S1,A,2024-01-16,con nota,,2024-01-16,,False
3dd479e7-5243-5a56-8926-f9ff104c6b07,674,S1,A,2024-01-30,con nota,,2024-01-30,,False
619e0687-c73c-51a5-96c5-00517e00097a,674,S1,A,2024-01-21,con nota,,2024-01-21,,False
61b4785b-fce3-5388-98b4-78ae1eab1273,674,S1,A,2024-01-17,desasignado,2024-04-13,2024-01-17,2024-04-13,True
8f991504-6b31-501a-864a-6713b5eebd07,674,S1,A,2024-01-26,con nota,,2024-01-26,,False
96c6949d-d550-5217-9989-03c50351059d,674,S1,A,2024-01-25,con nota,,2024-01-25,,False
a9222af8-9a83-5e7a-985e-0ccc23119415,674,S1,A,2024-01-18,con nota,,2024-01-18,,False
dbf903d2-202e-5c76-bec4-0a27f91b30dd,674,S1,A,2024-01-30,con nota,,2024-01-30,,False
e52db2fa-d8d9-5bda-a7fc-5c159063b4ee,674,S1,A,2024-01-27,con nota,,2024-01-27,,False
f4c71755-c25b-53e6-aae7-bf388a03494c,674,S1,A,2024-01-21,con nota,,2024-01-21,,False
327817b1-69ac-5335-a21d-9b8f2b559853,685,S1,A,2024-01-17,con nota,,2024-01-17,,False
78b7c5d8-ef57-529f-a111-388b34c7c35a,685,S1,A,2024-01-25,con nota,,2024-01-25,,False
82c74821-0a18-59a5-b35b-8e5e0a96770d,685,S1,A,2024-01-24,con nota,,2024-01-24,,False
8361b033-f5e1-594e-a892-84427b250f66,685,S1,A,2024-01-18,desasignado,2024-03-23,2024-01-18,2024-03-23,True
908ad6b6-bcca-5db9-bd43-adb0a789cb28,685,S1,A,2024-01-23,con nota,,2024-01-23,,False
af235c0f-fa51-564a-a139-98be54af9391,685,S1,A,2024-01-27,con nota,,2024-01-27,,False
c5b1ebc7-fe00-5c45-907f-133c48cc8f5e,685,S1,A,2024-01-24,con nota,,2024-01-24,,False
c7e1cd7b-9639-50d9-8dfc-1d73b1c85f64,685,S1,A,2024-01-30,con nota,,2024-01-30,,False
d14b3e31-2a2e-5d74-a02b-19460fe28aa5,685,S1,A,2024-01-15,con nota,,2024-01-15,,False
d5f413f0-ef8a-5db4-a19c-e3328916256f,685,S1,A,2024-01-15,desasignado,2024-04-25,2024-01-15,2024-04-25,True
033a103c-fbdf-5dda-afd6-6b5429304878,690,S1,A,2024-01-23,con nota,,2024-01-23,,False
0a553b8b-585d-50fd-b997-aa6f114ffaf6,690,S1,A,2024-01-23,desasignado,2024-03-23,2024-01-23,2024-03-23,True
1181881d-1271-5070-9d47-c66a61743477,690,S1,A,2024-01-17,con nota,,2024-01-17,,False
1587f2c9-f709-503c-823b-a76643566a8a,690,S1,A,2024-01-18,con nota,,2024-01-18,,False
179e6d0b-0f6d-5db7-ae97-4827e95151e3,690,S1,A,2024-01-17,con nota,,2024-01-17,,False
1cfe526c-6423-5755-b329-89a2d9085093,690,S1,A,2024-01-17,con nota,,2024-01-17,,False
2076888d-44fb-51ad-853e-2a03767511fb,690,S1,A,2024-01-23,con nota,,2024-01-23,,False
26570c68-dd6f-5886-82c0-578576c73a75,690,S1,A,2024-01-21,con nota,,2024-01-21,,False
2bfc082b-de5b-5caf-90c2-bd97bc77bd6a,690,S1,A,2024-01-30,con nota,,2024-01-30,,False
2dd5e133-d42c-5f10-9c6d-0f4f03b76768,690,S1,A,2024-01-15,con nota,,2024-01-15,,False
2f2a3f2a-28f6-50dd-95a2-5faed5f8552f,690,S1,A,2024-01-18,con nota,,2024-01-18,,False
32f146b8-61b8-50f7-bc3c-769691d70f96,690,S1,A,2024-01-22,con nota,,2024-01-22,,False
38b03b54-edfa-5b7a-bda4-c05f1d380357,690,S1,A,2024-01-23,con nota,,2024-01-23,,False
39a86973-efa3-509c-8363-d189b08d40fc,690,S1,A,2024-01-21,con nota,,2024-01-21,,False
3ee3a6fb-19aa-5fd3-b450-9391da6bb00d,690,S1,A,2024-01-18,desasignado,2024-03-22,2024-01-18,2024-03-22,True
711782c3-1186-5101-9ae9-158e08315c56,690,S1,A,2024-01-28,con nota,,2024-01-28,,False
74d80850-b8d9-55f0-ba5d-6ac148969f1e,690,S1,A,2024-01-28,con nota,,2024-01-28,,False
941b6cb8-df72-5875-8525-f33fdae7c13d,690,S1,A,2024-01-30,con nota,,2024-01-30,,False
9d8b757f-00fd-55fc-b60c-74804ea267b7,690,S1,A,2024-01-24,con nota,,2024-01-24,,False
aff46efa-3185-503c-a500-ffd7602ad3dc,690,S1,A,2024-01-18,con nota,,2024-01-18,,False
b1bffc04-aba8-54c6-9172-ea17f1483e9a,690,S1,A,2024-01-22,con nota,,2024-01-22,,False
b5215489-f318-5dc2-9a6a-c14e1b2edaa8,690,S1,A,2024-01-27,con nota,,2024-01-27,,False
06845194-5599-5680-bfb6-ebd5b2311c5a,694,S1,A,2024-01-21,con nota,,2024-01-21,,False
258230b7-9a78-5154-bafa-abd2bb5f077f,694,S1,A,2024-01-24,con nota,,2024-01-24,,False
3985e831-1448-5276-828a-6bb569a3fc32,694,S1,A,2024-01-30,con nota,,2024-01-30,,False
4ad432f3-551d-5be7-8c6b-3119f5486a77,694,S1,A,2024-01-30,con nota,,2024-01-30,,False
5307c02e-106e-56e4-a7c6-ccf412960b22,694,S1,A,2024-01-30,con nota,,2024-01-30,,False
6bb97f95-e313-5cc7-bef3-47a9c8f29a52,694,S1,A,2024-01-16,con nota,,2024-01-16,,False
7f65857e-5b14-557a-bd52-34d73e3b4017,694,S1,A,2024-01-24,con nota,,2024-01-24,,False
d4527165-c6ec-5c29-a3ed-988cd19e5f3f,694,S1,A,2024-01-19,con nota,,2024-01-19,,False
dbf903d2-202e-5c76-bec4-0a27f91b30dd,694,S1,A,2024-01-29,con nota,,2024-01-29,,False
aee6cbf2-05c4-5fd5-abf4-53aaee161048,779,S1,A,2024-01-30,con nota,,2024-01-30,,False
0259d9e4-ede8-5030-8d0c-86ad714a8687,795,S1,A,2024-01-17,con nota,,2024-01-17,,False
05d4241f-34c4-5309-b3bf-b59f562b2b28,795,S1,A,2024-01-24,con nota,,2024-01-24,,False
0875f04d-ba62-524b-9469-180d7b74c579,795,S1,A,2024-01-15,con nota,,2024-01-15,,False
3709aa39-ebba-578a-bfc0-0b92e87fdeaa,795,S1,A,2024-01-23,con nota,,2024-01-23,,False
508865ff-526c-5b08-8f0b-36822182e26c,795,S1,A,2024-01-28,con nota,,2024-01-28,,False
55336854-e2aa-563e-8035-7284b4ccc98d,795,S1,A,2024-01-25,con nota,,2024-01-25,,False
aad6201b-f416-55be-a19b-4d06d2c15135,795,S1,A,2024-01-21,con nota,,2024-01-21,,False
b6f67e91-3fbc-5e3c-9701-7f82ed8816ec,795,S1,A,2024-01-21,con nota,,2024-01-21,,False
c9ab122a-e4e7-51dc-af6b-059ecfaf700a,795,S1,A,2024-01-15,con nota,,2024-01-15,,False
ca1fd280-c70c-5620-9699-ff3834093054,795,S1,A,2024-01-22,con nota,,2024-01-22,,False
ef638bbd-09bd-5411-8a78-9f02760fef4d,795,S1,A,2024-01-23,con nota,,2024-01-23,,False
f3df7bb3-edfa-50c0-9e56-9da800375bc4,795,S1,A,2024-01-15,con nota,,2024-01-15,,False
172d1071-6be5-5340-babc-57ca19b4e7df,909,S1,A,2024-01-15,con nota,,2024-01-15,,False
2e00f910-0e59-5ab9-9e8b-a34bcab03f92,909,S1,A,2024-01-22,con nota,,2024-01-22,,False
32e88d76-e8a9-5944-91f2-67940f32b9db,909,S1,A,2024-01-20,con nota,,2024-01-20,,False
62d061cf-ef3a-5598-9c6d-8afab4360e19,909,S1,A,2024-01-28,con nota,,2024-01-28,,False
6963f4f3-6802-5cdd-bd03-ae2ce6377118,909,S1,A,2024-01-27,con nota,,2024-01-27,,False
846ef7fc-83cf-5608-bf9e-87b3ec34f757,909,S1,A,2024-01-17,con nota,,2024-01-17,,False
9bdf610d-5561-5b91-8b06-e55510ab5fca,909,S1,A,2024-01-18,con nota,,2024-01-18,,False
9f318098-1494-5125-906a-ee896264abd1,909,S1,A,2024-01-20,con nota,,2024-01-20,,False
329e7019-2aa5-5081-be77-b04897cd4e37,912,S1,A,2024-01-23,con nota,,2024-01-23,,False
56c07b50-61f3-5f42-9d38-4d72989e1a65,919,S1,A,2024-01-28,desasignado,2024-03-30,2024-01-28,2024-03-30,True
71a9076e-98e5-5381-a6bb-d621499edc32,919,S1,A,2024-01-19,con nota,,2024-01-19,,False
78985e7d-ee45-54ea-9fa9-bfacc2ee4797,919,S1,A,2024-01-18,con nota,,2024-01-18,,False
9fb68156-bea9-5d9c-9ac8-4c74978e183e,919,S1,A,2024-01-27,con nota,,2024-01-27,,False
aad6201b-f416-55be-a19b-4d06d2c15135,919,S1,A,2024-01-30,desasignado,2024-04-12,2024-01-30,2024-04-12,True
b61e89b6-2037-59df-8c60-9b45ea924c36,919,S1,A,2024-01-15,con nota,,2024-01-15,,False
c8b29424-3564-5114-8e8b-3ec7edb4631a,919,S1,A,2024-01-17,con nota,,2024-01-17,,False
e81dc01b-99fa-5afe-96c2-e6f0e7a8f50d,919,S1,A,2024-01-23,con nota,,2024-01-23,,False
56c07b50-61f3-5f42-9d38-4d72989e1a65,943,S1,A,2024-01-16,con nota,,2024-01-16,,False
101fcc1c-02cb-502a-895a-dc14ec8bc4fc,949,S1,A,2024-01-21,con nota,,2024-01-21,,False
15a0bb40-c6d6-5f6a-8142-f1c5ba0a121a,949,S1,A,2024-01-30,con nota,,2024-01-30,,False
18a74ce6-ba44-5c94-a2c3-22a8ded6786a,949,S1,A,2024-01-27,con nota,,2024-01-27,,False
23b6caf2-e88d-5562-aa80-01e9ef57ebe9,949,S1,A,2024-01-24,con nota,,2024-01-24,,False
287283ce-fcaf-5519-a49e-3dea1c655f86,949,S1,A,2024-01-28,con nota,,2024-01-28,,False
36f4d3ec-4023-5b34-8dc2-6e588a93f6a1,949,S1,A,2024-01-17,con nota,,2024-01-17,,False
3e286a49-0d95-56da-aeae-91cae0ed2763,949,S1,A,2024-01-21,con nota,,2024-01-21,,False
3f2755ef-7031-5580-be34-89f9ba198194,949,S1,A,2024-01-19,desasignado,2024-03-18,2024-01-19,2024-03-18,True
56d6a85b-af6a-5056-b7e5-6fc2b0054af8,949,S1,A,2024-01-28,con nota,,2024-01-28,,False
6d078a78-d8e3-5b7a-89a1-43baa31b9780,949,S1,A,2024-01-15,con nota,,2024-01-15,,False
717b731e-7f1f-5d15-97ab-fe9730798a9c,949,S1,A,2024-01-23,con nota,,2024-01-23,,False
75ad2a1d-e65d-5b36-9b02-6dc6f12138a4,949,S1,A,2024-01-16,con nota,,2024-01-16,,False
7aac2ae8-68aa-51a1-b8a6-24cdb91b4935,949,S1,A,2024-01-21,con nota,,2024-01-21,,False
819b9b1c-476d-5b64-949b-8bb80947bfde,949,S1,A,2024-01-15,con nota,,2024-01-15,,False
857bee19-f5cc-5925-8f6d-5e6dc8b42cb7,949,S1,A,2024-01-20,con nota,,2024-01-20,,False
9205f4d0-ca02-57f6-b51e-b705ac0898d7,949,S1,A,2024-01-28,con nota,,2024-01-28,,False
9af53817-e9ec-5854-a2a5-e577ccaf67ed,949,S1,A,2024-01-23,con nota,,2024-01-23,,False
a5be436a-cb69-5107-956d-501d659bb0d7,949,S1,A,2024-01-25,con nota,,2024-01-25,,False
b06bcec0-b3a3-50b9-a1ec-953a4674371d,949,S1,A,2024-01-30,con nota,,2024-01-30,,False
b1ada878-5ce8-5e51-bc44-6a5ae1f64971,949,S1,A,2024-01-21,con nota,,2024-01-21,,False
b2adc362-05d9-54d6-bd03-02e44c27e8c5,949,S1,A,2024-01-27,con nota,,2024-01-27,,False
b3997c2f-90c6-5168-9d2b-373122f6b85d,949,S1,A,2024-01-25,con nota,,2024-01-25,,False
bd77a48a-9406-51ae-a620-b28897754dec,949,S1,A,2024-01-23,con nota,,2024-01-23,,False
bed9e918-22d8-53c7-891c-03d1739f37c3,949,S1,A,2024-01-15,con nota,,2024-01-15,,False
c5252bea-0a8d-5efa-82fb-26d83372a130,949,S1,A,2024-01-17,con nota,,2024-01-17,,False
c7cd1346-234a-5f30-b884-48b69a36b80d,949,S1,A,2024-01-15,con nota,,2024-01-15,,False
cb2a28b9-397d-5feb-a252-7b8abaccc929,949,S1,A,2024-01-23,con nota,,2024-01-23,,False
cc8b8c37-cde4-5961-8d5a-293197f83e2e,949,S1,A,2024-01-24,con nota,,2024-01-24,,False
d0d32b44-cc7d-5dc8-8f44-2e0cadff8dca,949,S1,A,2024-01-17,con nota,,2024-01-17,,False
0eb4976d-25ba-5524-a0db-2266a874f6ef,950,S1,A,2024-01-19,con nota,,2024-01-19,,False
56c07b50-61f3-5f42-9d38-4d72989e1a65,950,S1,A,2024-01-19,con nota,,2024-01-19,,False
9b342f29-299c-53e8-abab-d0ddb5c51d18,950,S1,A,2024-01-20,con nota,,2024-01-20,,False
b6f67e91-3fbc-5e3c-9701-7f82ed8816ec,950,S1,A,2024-01-15,con nota,,2024-01-15,,False
f2b69ec5-a14d-5236-a5b1-4a3da87d9200,950,S1,A,2024-01-25,con nota,,2024-01-25,,False
584ca980-7215-5ebe-bd2d-639aa11fa8a6,029,S2,A,2024-07-11,con nota,,2024-07-11,,False
67414565-08f4-5f9f-b76b-b069d2a06f0f,029,S2,A,2024-07-16,con nota,,2024-07-16,,False
6ec54b76-7dc1-5765-b816-5a329a6432e2,029,S2,A,2024-07-15,con nota,,2024-07-15,,False
7736aed7-1f28-53e1-8433-c7a89c6e4992,029,S2,A,2024-07-19,con nota,,2024-07-19,,False
978d05a1-a5a9-5ba4-9e3c-f3840d820cc0,029,S2,A,2024-07-18,con nota,,2024-07-18,,False
df0bf56a-77fe-508c-a55e-34d29c2f924e,029,S2,A,2024-07-15,con nota,,2024-07-15,,False
f1bca5fd-d3c7-5b2e-a90e-fbbf75fbcb41,029,S2,A,2024-07-15,con nota,,2024-07-15,,False
ff12ec30-7918-541b-8167-6fda67f57e81,029,S2,A,2024-07-11,con nota,,2024-07-11,,False
00a20d4b-9043-50fd-9656-3d18b3d769d1,029,S2,B,2024-07-14,con nota,,2024-07-14,,False
0982685f-f12c-5cbc-87fb-2af443788fef,029,S2,B,2024-07-14,con nota,,2024-07-14,,False
16e05d20-d12c-5dad-944c-ac46cae0b322,029,S2,B,2024-07-15,con nota,,2024-07-15,,False
3de5d6a3-404d-592b-bd1d-e16220feabe5,029,S2,B,2024-07-15,desasignado,2024-10-18,2024-07-15,2024-10-18,True
44265d66-98f6-5e01-98b4-22e7f68180a9,029,S2,B,2024-07-22,con nota,,2024-07-22,,False
47413417-88fb-5b3e-957d-208714a3e40a,029,S2,B,2024-07-11,con nota,,2024-07-11,,False
54efacbd-8d05-5312-8217-122e8f73fddc,029,S2,B,2024-07-16,con nota,,2024-07-16,,False
56ed1545-fc8b-541e-9773-3c5f0bc2bf3b,029,S2,B,2024-07-09,con nota,,2024-07-09,,False
5c937f46-19cc-56ec-bd5e-bec0181f8b45,029,S2,B,2024-07-21,con nota,,2024-07-21,,False
63b57290-7942-50f2-9869-50904d311a85,029,S2,B,2024-07-08,con nota,,2024-07-08,,False
d249646d-3649-5026-b0d5-4d07c1c3188b,029,S2,B,2024-07-19,con nota,,2024-07-19,,False
f75c73c4-4353-55c2-b404-dd551be115aa,029,S2,B,2024-07-15,con nota,,2024-07-15,,False
1c875d84-9b73-5522-98e9-e0320dcb5a3e,029,S2,C,2024-07-10,con nota,,2024-07-10,,False
1f2b77ef-07aa-502d-929d-d94213b94b63,029,S2,C,2024-07-08,con nota,,2024-07-08,,False
33d3602a-b2e5-5e74-b015-aef7204523f1,029,S2,C,2024-07-19,con nota,,2024-07-19,,False
5010db5c-18ea-546b-b351-b9d46655e790,029,S2,C,2024-07-16,con nota,,2024-07-16,,False
5d95c06a-fef3-5ae3-916c-3141bbd59760,029,S2,C,2024-07-22,con nota,,2024-07-22,,False
671fcbd0-25c4-532a-afda-0a6d10e90dd4,029,S2,C,2024-07-20,con nota,,2024-07-20,,False
9ffa6583-b745-5ab4-b96f-0cb448667369,029,S2,C,2024-07-22,con nota,,2024-07-22,,False
d11c046e-c9c2-5193-9cc1-77492c5d1264,029,S2,C,2024-07-16,desasignado,2024-10-16,2024-07-16,2024-10-16,True
d2f58abe-3bd7-5f07-9c7e-3a449807463d,029,S2,C,2024-07-16,con nota,,2024-07-16,,False
f52fddd3-e36f-5a82-a378-727e37fe4596,029,S2,C,2024-07-15,con nota,,2024-07-15,,False
6b1b007f-3d94-50d2-95ae-a23cf0fd1801,029,S2,D,2024-07-19,desasignado,2024-10-06,2024-07-19,2024-10-06,True
72e11633-3227-57e3-b469-86f635587704,029,S2,D,2024-07-18,con nota,,2024-07-18,,False
73b10026-ae9f-549d-9df0-f12a55fe95f5,029,S2,D,2024-07-09,con nota,,2024-07-09,,False
a3861666-b560-52ec-9759-10a1eb4d3847,029,S2,D,2024-07-20,con nota,,2024-07-20,,False
e6e9156d-7483-53bd-b81b-65242bc99cc1,029,S2,D,2024-07-20,con nota,,2024-07-20,,False
136359a4-f6ba-5d83-bc2f-db84eb392890,072,S2,A,2024-07-08,con nota,,2024-07-08,,False
37cf6f59-cc69-576b-ba66-c5cf8fe772c3,072,S2,A,2024-07-13,con nota,,2024-07-13,,False
3d0a4f10-ddc8-5c1d-9130-52080699b517,072,S2,A,2024-07-14,con nota,,2024-07-14,,False
41833e6f-ff9c-5e3d-8bc1-bf5c5abc3959,072,S2,A,2024-07-20,con nota,,2024-07-20,,False
44265d66-98f6-5e01-98b4-22e7f68180a9,072,S2,A,2024-07-12,con nota,,2024-07-12,,False
59fa1784-d7c1-543c-9d6d-14e13774fe1a,072,S2,A,2024-07-20,con nota,,2024-07-20,,False
5f88dc9a-1680-52ba-95d3-277b3d08cd6a,072,S2,A,2024-07-14,con nota,,2024-07-14,,False
6a5add93-63e2-56da-ad52-61e4a59b33d7,072,S2,A,2024-07-10,con nota,,2024-07-10,,False
892d453e-ad59-5c86-bc3e-bdd521dd397b,072,S2,A,2024-07-14,con nota,,2024-07-14,,False
8c6b782d-1004-5643-8e93-3a5fca01dcd3,072,S2,A,2024-07-20,con nota,,2024-07-20,,False
8cd78b9b-ec67-5cc2-a2e0-f9086c2a104e,072,S2,A,2024-07-15,con nota,,2024-07-15,,False
bc81ba4d-c2d3-5069-aa38-750cf904b140,072,S2,A,2024-07-16,con nota,,2024-07-16,,False
bd6823c1-6617-541e-b44d-2de09a66e52e,072,S2,A,2024-07-11,con nota,,2024-07-11,,False
c22564cf-cae3-58e7-b34e-1ee6d3c9993a,072,S2,A,2024-07-14,con nota,,2024-07-14,,False
c9be5db4-4388-5e6e-bdb4-3792752de6b4,072,S2,A,2024-07-20,con nota,,2024-07-20,,False
da0c1c2d-eae2-57b8-b466-96a10f60d443,072,S2,A,2024-07-13,con nota,,2024-07-13,,False
df0bf56a-77fe-508c-a55e-34d29c2f924e,072,S2,A,2024-07-08,con nota,,2024-07-08,,False
fc8f1dd9-0500-5ce4-9533-7c16115f0457,072,S2,A,2024-07-10,con nota,,2024-07-10,,False
263cfab1-83e1-5775-bb4e-9afb1bef241e,072,S2,B,2024-07-14,con nota,,2024-07-14,,False
33d3602a-b2e5-5e74-b015-aef7204523f1,072,S2,B,2024-07-17,con nota,,2024-07-17,,False
3de5d6a3-404d-592b-bd1d-e16220feabe5,072,S2,B,2024-07-12,con nota,,2024-07-12,,False
5d95c06a-fef3-5ae3-916c-3141bbd59760,072,S2,B,2024-07-20,con nota,,2024-07-20,,False
81104a59-2b4e-542a-8a88-6b95928606f2,072,S2,B,2024-07-16,con nota,,2024-07-16,,False
b4d9082e-1db4-5faf-906f-1ae369f92be4,072,S2,B,2024-07-13,con nota,,2024-07-13,,False
f2460c68-01ff-5d83-9a1a-787679bb79e7,072,S2,B,2024-07-21,con nota,,2024-07-21,,False
f40eeb46-bad9-5029-91f9-439aa0d47666,072,S2,B,2024-07-22,con nota,,2024-07-22,,False
0ef15c27-d711-5c04-a891-a2c6c92975e9,072,S2,C,2024-07-11,con nota,,2024-07-11,,False
16e05d20-d12c-5dad-944c-ac46cae0b322,072,S2,C,2024-07-18,con nota,,2024-07-18,,False
1bf1c525-f0f5-52b9-81f2-e993b470b9cc,072,S2,C,2024-07-12,con nota,,2024-07-12,,False
1de648c3-6819-5075-9540-695d387b5ffb,072,S2,C,2024-07-18,con nota,,2024-07-18,,False
2fc7191e-47d6-5226-a537-f8c6eac9dddc,072,S2,C,2024-07-12,con nota,,2024-07-12,,False
30cfbf3f-525e-5689-b923-5f20e1134539,072,S2,C,2024-07-22,con nota,,2024-07-22,,False
3ed23438-77d4-550f-ad5f-cc6bcf90ec02,072,S2,C,2024-07-11,con nota,,2024-07-11,,False
4d21cea1-ac04-5543-86ff-a481632efb1e,072,S2,C,2024-07-12,con nota,,2024-07-12,,False
50cd2e0b-10ff-5209-836b-c75477a9725b,072,S2,C,2024-07-08,con nota,,2024-07-08,,False
515cd66c-ea70-5052-a873-774d8dac953d,072,S2,C,2024-07-19,con nota,,2024-07-19,,False
54a8344b-f5b6-57d7-bf33-011f650d4236,072,S2,C,2024-07-13,con nota,,2024-07-13,,False
5814899b-920c-5074-a7c7-7511abd951ba,072,S2,C,2024-07-13,con nota,,2024-07-13,,False
5c937f46-19cc-56ec-bd5e-bec0181f8b45,072,S2,C,2024-07-08,con nota,,2024-07-08,,False
671fcbd0-25c4-532a-afda-0a6d10e90dd4,072,S2,C,2024-07-16,con nota,,2024-07-16,,False
67414565-08f4-5f9f-b76b-b069d2a06f0f,072,S2,C,2024-07-10,con nota,,2024-07-10,,False
682590a1-8178-5261-b1a8-d0e0130255a2,072,S2,C,2024-07-19,con nota,,2024-07-19,,False
690c8f5e-bfea-5f1d-bd3a-737d48c6bcbd,072,S2,C,2024-07-15,desasignado,2024-10-04,2024-07-15,2024-10-04,True
6ec54b76-7dc1-5765-b816-5a329a6432e2,072,S2,C,2024-07-13,con nota,,2024-07-13,,False
7736aed7-1f28-53e1-8433-c7a89c6e4992,072,S2,C,2024-07-08,con nota,,2024-07-08,,False
7e3bdd97-4da0-5cd5-b823-7a9e26bc38c5,072,S2,C,2024-07-18,desasignado,2024-10-16,2024-07-18,2024-10-16,True
84dddfd9-5b3a-5af3-9cc7-78c192097158,072,S2,C,2024-07-11,con nota,,2024-07-11,,False
88ac2e8a-94a5-5041-b4e6-f6e5d388a4da,072,S2,C,2024-07-08,con nota,,2024-07-08,,False
a3861666-b560-52ec-9759-10a1eb4d3847,072,S2,C,2024-07-17,con nota,,2024-07-17,,False
a531dcbb-f49d-5195-8ee1-330009237354,072,S2,C,2024-07-14,con nota,,2024-07-14,,False
aa8813f5-0192-5963-bd3d-2626ed41657a,072,S2,C,2024-07-09,con nota,,2024-07-09,,False
bb6f73d6-26af-56f4-8416-97e3fd8fba7a,072,S2,C,2024-07-13,con nota,,2024-07-13,,False
c196e189-9bf9-5874-954e-a0324df04e81,072,S2,C,2024-07-17,con nota,,2024-07-17,,False
c236c9a7-ebb8-5bdd-9717-5b80d6074b31,072,S2,C,2024-07-19,con nota,,2024-07-19,,False
d6d03fe5-9685-5915-b023-7244e7e5d506,072,S2,C,2024-07-20,con nota,,2024-07-20,,False
f02dd2cb-e888-5bf5-ba3e-f4b7b438b68a,072,S2,C,2024-07-18,con nota,,2024-07-18,,False
18a74ce6-ba44-5c94-a2c3-22a8ded6786a,085,S2,A,2024-07-17,con nota,,2024-07-17,,False
1f2beec5-6645-5d05-82ee-24ac5912f380,085,S2,A,2024-07-17,con nota,,2024-07-17,,False
229d23a0-bac6-55e3-9d53-ef85f45542e0,085,S2,A,2024-07-20,con nota,,2024-07-20,,False
23b6caf2-e88d-5562-aa80-01e9ef57ebe9,085,S2,A,2024-07-22,con nota,,2024-07-22,,False
366b165f-922c-5847-b813-fc6ef6c3a751,085,S2,A,2024-07-18,con nota,,2024-07-18,,False
3d26acfe-2654-5f55-abd4-4977a7b03cf5,085,S2,A,2024-07-09,con nota,,2024-07-09,,False
3f2755ef-7031-5580-be34-89f9ba198194,085,S2,A,2024-07-21,con nota,,2024-07-21,,False
41c3459c-e2e4-550d-a299-2cc964c7cfea,085,S2,A,2024-07-08,con nota,,2024-07-08,,False
75ad2a1d-e65d-5b36-9b02-6dc6f12138a4,085,S2,A,2024-07-13,con nota,,2024-07-13,,False
7d36a894-5a69-5be2-93a2-a8c1d01df056,085,S2,A,2024-07-08,desasignado,2024-10-06,2024-07-08,2024-10-06,True
7e033645-6b36-5b24-be88-ef2953f2c850,085,S2,A,2024-07-12,con nota,,2024-07-12,,False
829d6bb7-6b71-5f40-9045-d49c7a41f459,085,S2,A,2024-07-11,con nota,,2024-07-11,,False
830d469b-5f0d-5c02-83e5-fb3ef8b12772,085,S2,A,2024-07-16,con nota,,2024-07-16,,False
9a98393a-472a-543c-b2c9-606126573d51,085,S2,A,2024-07-12,con nota,,2024-07-12,,False
9af53817-e9ec-5854-a2a5-e577ccaf67ed,085,S2,A,2024-07-21,con nota,,2024-07-21,,False
a0ce5501-c941-5d6f-bdff-a357ccb52bd7,085,S2,A,2024-07-14,con nota,,2024-07-14,,False
a5be436a-cb69-5107-956d-501d659bb0d7,085,S2,A,2024-07-13,con nota,,2024-07-13,,False
b06bcec0-b3a3-50b9-a1ec-953a4674371d,085,S2,A,2024-07-16,con nota,,2024-07-16,,False
b1ada878-5ce8-5e51-bc44-6a5ae1f64971,085,S2,A,2024-07-17,con nota,,2024-07-17,,False
bc607b11-c7c3-5cd1-b0c4-f95fabb7d1bf,085,S2,A,2024-07-15,con nota,,2024-07-15,,False
bd77a48a-9406-51ae-a620-b28897754dec,085,S2,A,2024-07-10,con nota,,2024-07-10,,False
c7cd1346-234a-5f30-b884-48b69a36b80d,085,S2,A,2024-07-16,con nota,,2024-07-16,,False
cb2a28b9-397d-5feb-a252-7b8abaccc929,085,S2,A,2024-07-13,con nota,,2024-07-13,,False
d3acc96f-c21a-5c20-96fb-a688c8734bfe,085,S2,A,2024-07-14,con nota,,2024-07-14,,False
d5aaa6eb-6692-5c69-b2a8-cf5b1835b425,085,S2,A,2024-07-19,con nota,,2024-07-19,,False
ec22dbbf-bcda-5f1d-bfc8-a82e55ec7de9,085,S2,A,2024-07-14,con nota,,2024-07-14,,False
efa55bd1-a3d6-552e-b4fc-91b4426c5818,085,S2,A,2024-07-14,con nota,,2024-07-14,,False
f4c71755-c25b-53e6-aae7-bf388a03494c,085,S2,A,2024-07-10,con nota,,2024-07-10,,False
06845194-5599-5680-bfb6-ebd5b2311c5a,094,S2,A,2024-07-16,con nota,,2024-07-16,,False
09f38ce8-1f46-54d4-9aaf-a5c3bd38490d,094,S2,A,2024-07-16,con nota,,2024-07-16,,False
258230b7-9a78-5154-bafa-abd2bb5f077f,094,S2,A,2024-07-18,con nota,,2024-07-18,,False
46f5141f-c212-54cb-a059-aceb91052900,094,S2,A,2024-07-21,con nota,,2024-07-21,,False
7996cf1a-d87a-5fdc-a9eb-dfc452b7df6a,094,S2,A,2024-07-09,con nota,,2024-07-09,,False
b69b6146-9244-5946-800b-bab8d07fdf29,094,S2,A,2024-07-08,con nota,,2024-07-08,,False
d118687e-00c4-575c-a6cb-42161dba4e09,094,S2,A,2024-07-13,con nota,,2024-07-13,,False
e6a59826-1bef-51d2-8aca-813db3078360,094,S2,A,2024-07-13,con nota,,2024-07-13,,False
0cde0ab4-cadb-52c2-b390-b7f6afe8746c,146,S2,A,2024-07-14,con nota,,2024-07-14,,False
23d99703-dc71-5cfb-be2e-7b094396d2e1,146,S2,A,2024-07-21,con nota,,2024-07-21,,False
25077c77-5aee-5d93-8a36-c5b57da00dc0,146,S2,A,2024-07-12,con nota,,2024-07-12,,False
26d5d2fd-ceb5-56b7-bf84-f028a12bf50c,146,S2,A,2024-07-14,con nota,,2024-07-14,,False
34986bea-a380-5964-a9fe-b7d8075f0cd5,146,S2,A,2024-07-13,con nota,,2024-07-13,,False
37298f71-ec61-5e5c-ad25-86570c15f7ec,146,S2,A,2024-07-08,con nota,,2024-07-08,,False
38d3c179-d651-5b38-a95d-5f30eea49bc7,146,S2,A,2024-07-20,desasignado,2024-09-26,2024-07-20,2024-09-26,True
3b839c8a-1e03-5728-b057-2689dbdd202e,146,S2,A,2024-07-21,con nota,,2024-07-21,,False
3bdd6bd7-2493-5fef-97d2-19101e40630a,146,S2,A,2024-07-11,con nota,,2024-07-11,,False
3f6b4811-4804-539a-990b-aa859b6d7359,146,S2,A,2024-07-14,con nota,,2024-07-14,,False
6c433ed9-ad1e-51e2-9d31-0f92474524f1,146,S2,A,2024-07-15,desasignado,2024-10-07,2024-07-15,2024-10-07,True
751429d0-55a4-50e5-96d4-4ff1fdfc02c0,146,S2,A,2024-07-12,desasignado,2024-10-04,2024-07-12,2024-10-04,True
760374e5-fa63-5431-b172-de8a0abbce5f,146,S2,A,2024-07-12,con nota,,2024-07-12,,False
94c2d2be-6e25-5d7c-a62b-a4c80507cb2b,146,S2,A,2024-07-08,desasignado,2024-09-25,2024-07-08,2024-09-25,True
9db9b320-6e2b-5cf7-9e83-bba0130684c9,146,S2,A,2024-07-20,con nota,,2024-07-20,,False
af7170d5-79af-53e8-ac44-8d6b7e8ad951,146,S2,A,2024-07-13,con nota,,2024-07-13,,False
b0348df3-fe64-57fb-9a16-ef1d46254d7e,146,S2,A,2024-07-08,con nota,,2024-07-08,,False
bfcdedcc-bb15-55d3-af36-398b47e8169b,146,S2,A,2024-07-18,con nota,,2024-07-18,,False
ca6fc301-a539-586c-9789-e3d1605db2b0,146,S2,A,2024-07-21,con nota,,2024-07-21,,False
cb7e7a97-6e00-55b0-b580-317f19854827,146,S2,A,2024-07-14,con nota,,2024-07-14,,False
cf78170e-bdcf-5b76-9880-68254df8a507,146,S2,A,2024-07-21,con nota,,2024-07-21,,False
d4aa7cc1-7a50-5352-8316-3d2d7fa077d2,146,S2,A,2024-07-21,con nota,,2024-07-21,,False
e433d0b0-de78-5b0f-9cd1-397f7d94f630,146,S2,A,2024-07-15,con nota,,2024-07-15,,False
f244a686-f32b-5770-9d6b-044f508009fa,146,S2,A,2024-07-21,con nota,,2024-07-21,,False
fc68457e-7e7c-5698-a1c7-1ed0dccba4b3,146,S2,A,2024-07-13,con nota,,2024-07-13,,False
18744750-066d-5952-a07f-87fe04f11287,146,S2,B,2024-07-21,con nota,,2024-07-21,,False
25e84c4c-0e95-5f03-a935-f30e7f0de6b0,146,S2,B,2024-07-15,con nota,,2024-07-15,,False
34cda5e3-c5d3-54b8-aeb1-bfb0d468bf7f,146,S2,B,2024-07-20,con nota,,2024-07-20,,False
3b72ef3a-35be-57ea-9618-876a2c6483e8,146,S2,B,2024-07-17,con nota,,2024-07-17,,False
490c004f-42a1-534f-b227-8fe75437eaed,146,S2,B,2024-07-22,con nota,,2024-07-22,,False
4fd48cf3-f8af-550e-a2d0-220e5a797783,146,S2,B,2024-07-08,con nota,,2024-07-08,,False
8feda068-15b3-578a-b249-a538441fafb6,146,S2,B,2024-07-11,con nota,,2024-07-11,,False
99e6be68-8a89-5792-85ba-477b1d7e300b,146,S2,B,2024-07-13,con nota,,2024-07-13,,False
a2b5f5b2-e9f5-5757-9f6e-7438a476abc5,146,S2,B,2024-07-18,con nota,,2024-07-18,,False
a397aa26-43c1-5dd5-8ded-d294dadfb78d,146,S2,B,2024-07-20,con nota,,2024-07-20,,False
adaf3c7a-3e47-5989-abc3-94ddc1fa8301,146,S2,B,2024-07-11,con nota,,2024-07-11,,False
e21547f5-5ca5-5a65-9672-e1f99f10125a,146,S2,B,2024-07-18,con nota,,2024-07-18,,False
49b58f54-b0f3-5a4f-b91f-0f3ad303fe50,146,S2,C,2024-07-11,con nota,,2024-07-11,,False
a0255bd2-c49d-5e1e-9f89-cd10cc01f918,146,S2,C,2024-07-21,con nota,,2024-07-21,,False
a20155e8-2dc9-5995-816b-3cb66b43ad43,146,S2,C,2024-07-17,con nota,,2024-07-17,,False
a95180f9-77c6-5b98-a2fb-323e641ed050,146,S2,C,2024-07-20,con nota,,2024-07-20,,False
cd28b7e2-8009-5ab7-bfab-ba2f84ee3e52,146,S2,C,2024-07-14,con nota,,2024-07-14,,False
eae6527b-b1e4-5222-b4d0-ac6089abf79f,146,S2,C,2024-07-15,con nota,,2024-07-15,,False
f199e5f4-121f-5cf5-ba7c-98bc08d9eb4c,146,S2,C,2024-07-17,con nota,,2024-07-17,,False
fb167343-6dc1-5b01-b2b2-486e33496558,146,S2,C,2024-07-19,con nota,,2024-07-19,,False
18a74ce6-ba44-5c94-a2c3-22a8ded6786a,147,S2,A,2024-07-13,con nota,,2024-07-13,,False
229d23a0-bac6-55e3-9d53-ef85f45542e0,147,S2,A,2024-07-13,con nota,,2024-07-13,,False
23b6caf2-e88d-5562-aa80-01e9ef57ebe9,147,S2,A,2024-07-12,con nota,,2024-07-12,,False
26b70c46-d8aa-5b67-b21d-02f2c1b9ca56,147,S2,A,2024-07-16,con nota,,2024-07-16,,False
366b165f-922c-5847-b813-fc6ef6c3a751,147,S2,A,2024-07-22,con nota,,2024-07-22,,False
390a81e9-c184-59de-8b1f-aa4c16c462b8,147,S2,A,2024-07-12,con nota,,2024-07-12,,False
3c6f1a4a-d7f3-52a4-8351-301617f5a809,147,S2,A,2024-07-10,con nota,,2024-07-10,,False
3e286a49-0d95-56da-aeae-91cae0ed2763,147,S2,A,2024-07-15,con nota,,2024-07-15,,False
3f2755ef-7031-5580-be34-89f9ba198194,147,S2,A,2024-07-11,con nota,,2024-07-11,,False
41c3459c-e2e4-550d-a299-2cc964c7cfea,147,S2,A,2024-07-09,con nota,,2024-07-09,,False
4a07ae27-bce6-5958-80da-0b26f4d4650a,147,S2,A,2024-07-22,con nota,,2024-07-22,,False
4f27b763-668f-5443-b687-4d9ca582763c,147,S2,A,2024-07-15,con nota,,2024-07-15,,False
7d36a894-5a69-5be2-93a2-a8c1d01df056,147,S2,A,2024-07-20,con nota,,2024-07-20,,False
7e033645-6b36-5b24-be88-ef2953f2c850,147,S2,A,2024-07-19,con nota,,2024-07-19,,False
8bc03924-39b4-5c0a-985f-6cb1afe0a9e9,147,S2,A,2024-07-15,con nota,,2024-07-15,,False
8d0b01b6-3de2-5be7-87a9-01eb3806e177,147,S2,A,2024-07-09,con nota,,2024-07-09,,False
9205f4d0-ca02-57f6-b51e-b705ac0898d7,147,S2,A,2024-07-21,con nota,,2024-07-21,,False
a5be436a-cb69-5107-956d-501d659bb0d7,147,S2,A,2024-07-12,con nota,,2024-07-12,,False
b1ada878-5ce8-5e51-bc44-6a5ae1f64971,147,S2,A,2024-07-09,con nota,,2024-07-09,,False
bc607b11-c7c3-5cd1-b0c4-f95fabb7d1bf,147,S2,A,2024-07-13,con nota,,2024-07-13,,False
c5252bea-0a8d-5efa-82fb-26d83372a130,147,S2,A,2024-07-15,con nota,,2024-07-15,,False
cb2a28b9-397d-5feb-a252-7b8abaccc929,147,S2,A,2024-07-11,con nota,,2024-07-11,,False
e01ffccc-2b4c-54a9-9a6e-07307564f527,147,S2,A,2024-07-20,con nota,,2024-07-20,,False
efa55bd1-a3d6-552e-b4fc-91b4426c5818,147,S2,A,2024-07-19,con nota,,2024-07-19,,False
0abddb67-c783-530f-814b-5f0edd0526d8,147,S2,B,2024-07-22,con nota,,2024-07-22,,False
2025c707-2bf8-5151-be4c-a2a603e99860,147,S2,B,2024-07-08,con nota,,2024-07-08,,False
2d415273-7249-54f9-8906-6cb487e828ec,147,S2,B,2024-07-11,con nota,,2024-07-11,,False
6b0fa083-89e1-5c4a-9ebd-503d3bf9b28b,147,S2,B,2024-07-16,con nota,,2024-07-16,,False
96c6949d-d550-5217-9989-03c50351059d,147,S2,B,2024-07-20,con nota,,2024-07-20,,False
97171161-ceef-5159-92b0-c9415c6d7403,147,S2,B,2024-07-18,con nota,,2024-07-18,,False
a9222af8-9a83-5e7a-985e-0ccc23119415,147,S2,B,2024-07-08,con nota,,2024-07-08,,False
d9eeab00-bbf2-51d4-911b-4b868ffbb81a,147,S2,B,2024-07-16,con nota,,2024-07-16,,False
ea6d5422-828f-5de1-9fda-fcc0b60d4590,147,S2,B,2024-07-17,con nota,,2024-07-17,,False
f4bcda92-d4d7-507e-b697-5600cac6f573,147,S2,B,2024-07-15,con nota,,2024-07-15,,False
08d5616f-376d-5766-b14e-b1d1437e5d1a,169,S2,A,2024-07-09,con nota,,2024-07-09,,False
1c6583c9-8dab-560b-95ba-62442b620433,169,S2,A,2024-07-18,con nota,,2024-07-18,,False
1de648c3-6819-5075-9540-695d387b5ffb,169,S2,A,2024-07-09,con nota,,2024-07-09,,False
252d04af-c959-574c-927b-59809a7cf378,169,S2,A,2024-07-15,con nota,,2024-07-15,,False
2a26e298-c5dc-52aa-94db-7ad1d63e65cb,169,S2,A,2024-07-10,con nota,,2024-07-10,,False
4051bf55-d9ef-5c45-94d7-34fa1dad5078,169,S2,A,2024-07-22,con nota,,2024-07-22,,False
423e74d0-11dd-5a3f-8ce1-5ef8d9ab9064,169,S2,A,2024-07-15,con nota,,2024-07-15,,False
4ace62b5-4832-525a-8d5d-71bdbe79aa5d,169,S2,A,2024-07-22,con nota,,2024-07-22,,False
8330ae23-4728-57d3-9192-77a20abbdca7,169,S2,A,2024-07-08,con nota,,2024-07-08,,False
86ca5350-2e17-5b7e-a919-5fd3d68be21f,169,S2,A,2024-07-14,con nota,,2024-07-14,,False
9e77d389-c711-5374-8ab7-a5ef908fb2a5,169,S2,A,2024-07-13,con nota,,2024-07-13,,False
a8b2948e-db2a-550f-8291-7bf443e650f9,169,S2,A,2024-07-19,con nota,,2024-07-19,,False
b91bfdc4-f835-5a86-8106-fce8775833f0,169,S2,A,2024-07-21,con nota,,2024-07-21,,False
be1fcbec-38cc-5bd7-8f2d-eb697f760369,169,S2,A,2024-07-22,con nota,,2024-07-22,,False
ff9481f2-af23-5a24-9813-859e9c577ab6,169,S2,A,2024-07-16,con nota,,2024-07-16,,False
0d28940c-8260-53a7-8e3e-298acd7b5bfa,169,S2,B,2024-07-18,con nota,,2024-07-18,,False
136359a4-f6ba-5d83-bc2f-db84eb392890,169,S2,B,2024-07-13,con nota,,2024-07-13,,False
1f2b77ef-07aa-502d-929d-d94213b94b63,169,S2,B,2024-07-14,con nota,,2024-07-14,,False
30cfbf3f-525e-5689-b923-5f20e1134539,169,S2,B,2024-07-17,con nota,,2024-07-17,,False
3513277f-67b8-5015-9843-e138ce7821cd,169,S2,B,2024-07-14,con nota,,2024-07-14,,False
378bc465-cae2-5579-8861-ca717c0ef31c,169,S2,B,2024-07-18,con nota,,2024-07-18,,False
3d0a4f10-ddc8-5c1d-9130-52080699b517,169,S2,B,2024-07-10,con nota,,2024-07-10,,False
3ed23438-77d4-550f-ad5f-cc6bcf90ec02,169,S2,B,2024-07-13,con nota,,2024-07-13,,False
4190cb8b-4ab0-546e-bcd5-ebd18861cbf2,169,S2,B,2024-07-17,con nota,,2024-07-17,,False
4d21cea1-ac04-5543-86ff-a481632efb1e,169,S2,B,2024-07-20,con nota,,2024-07-20,,False
515cd66c-ea70-5052-a873-774d8dac953d,169,S2,B,2024-07-15,con nota,,2024-07-15,,False
5f88dc9a-1680-52ba-95d3-277b3d08cd6a,169,S2,B,2024-07-18,con nota,,2024-07-18,,False
61c7e1ff-5e5c-5001-8567-a3771ff133dd,169,S2,B,2024-07-20,con nota,,2024-07-20,,False
666af2be-87f6-5662-975b-441feb776cf0,169,S2,B,2024-07-18,con nota,,2024-07-18,,False
73b10026-ae9f-549d-9df0-f12a55fe95f5,169,S2,B,2024-07-11,con nota,,2024-07-11,,False
77ba4949-674f-5d40-b7e3-d0faee92880d,169,S2,B,2024-07-21,con nota,,2024-07-21,,False
82c26a79-1d7f-541f-a528-1fa65eacb07f,169,S2,B,2024-07-14,con nota,,2024-07-14,,False
8cd78b9b-ec67-5cc2-a2e0-f9086c2a104e,169,S2,B,2024-07-20,con nota,,2024-07-20,,False
b4d9082e-1db4-5faf-906f-1ae369f92be4,169,S2,B,2024-07-10,con nota,,2024-07-10,,False
c9be5db4-4388-5e6e-bdb4-3792752de6b4,169,S2,B,2024-07-08,con nota,,2024-07-08,,False
d6d03fe5-9685-5915-b023-7244e7e5d506,169,S2,B,2024-07-20,con nota,,2024-07-20,,False
e3bc81de-b8d3-5624-bc8b-61e4451515d1,169,S2,B,2024-07-14,con nota,,2024-07-14,,False
0ef15c27-d711-5c04-a891-a2c6c92975e9,169,S2,C,2024-07-13,con nota,,2024-07-13,,False
23bc065b-fa7c-598a-91dd-9a5fd555e538,169,S2,C,2024-07-12,con nota,,2024-07-12,,False
2e92edf7-1f03-5522-b45a-ff426594d799,169,S2,C,2024-07-21,con nota,,2024-07-21,,False
2fc7191e-47d6-5226-a537-f8c6eac9dddc,169,S2,C,2024-07-10,con nota,,2024-07-10,,False
3678d8f5-f11c-5323-ad36-aab7f6b19119,169,S2,C,2024-07-20,con nota,,2024-07-20,,False
5010db5c-18ea-546b-b351-b9d46655e790,169,S2,C,2024-07-20,con nota,,2024-07-20,,False
6327d4a3-6104-565e-b692-b3e8408fe538,169,S2,C,2024-07-18,con nota,,2024-07-18,,False
64ceec45-794c-5ee0-8ef2-30c3d622ab0f,169,S2,C,2024-07-21,con nota,,2024-07-21,,False
66d6c08a-7bbd-5231-8022-3bd6f157ebc0,169,S2,C,2024-07-21,con nota,,2024-07-21,,False
671fcbd0-25c4-532a-afda-0a6d10e90dd4,169,S2,C,2024-07-22,con nota,,2024-07-22,,False
6a5add93-63e2-56da-ad52-61e4a59b33d7,169,S2,C,2024-07-13,con nota,,2024-07-13,,False
7e3bdd97-4da0-5cd5-b823-7a9e26bc38c5,169,S2,C,2024-07-14,con nota,,2024-07-14,,False
81de0be7-e4bd-5700-bd1f-64854b46c475,169,S2,C,2024-07-17,con nota,,2024-07-17,,False
88a82b73-03f1-51b9-8e54-86fd323e5b2f,169,S2,C,2024-07-18,con nota,,2024-07-18,,False
88ac2e8a-94a5-5041-b4e6-f6e5d388a4da,169,S2,C,2024-07-18,con nota,,2024-07-18,,False
8c52812b-9b12-5e6a-8874-64d21817846a,169,S2,C,2024-07-08,con nota,,2024-07-08,,False
8c6b782d-1004-5643-8e93-3a5fca01dcd3,169,S2,C,2024-07-08,con nota,,2024-07-08,,False
91743045-3b39-5cd8-b8b9-bf08f8d5885d,169,S2,C,2024-07-17,con nota,,2024-07-17,,False
977f0c1c-e388-5fbf-be24-31a4cebf45d1,169,S2,C,2024-07-14,con nota,,2024-07-14,,False
9ffa6583-b745-5ab4-b96f-0cb448667369,169,S2,C,2024-07-17,con nota,,2024-07-17,,False
a3861666-b560-52ec-9759-10a1eb4d3847,169,S2,C,2024-07-22,con nota,,2024-07-22,,False
b2cb3fc9-c25c-563b-8ade-24efbcb82119,169,S2,C,2024-07-09,con nota,,2024-07-09,,False
b39a108c-b4ee-5874-8b0c-d7dcd496f75d,169,S2,C,2024-07-09,con nota,,2024-07-09,,False
bb6f73d6-26af-56f4-8416-97e3fd8fba7a,169,S2,C,2024-07-12,con nota,,2024-07-12,,False
bc81ba4d-c2d3-5069-aa38-750cf904b140,169,S2,C,2024-07-21,con nota,,2024-07-21,,False
bd1c4b12-6c8c-5a45-8625-5e8fbbaa33f2,169,S2,C,2024-07-09,con nota,,2024-07-09,,False
bd6823c1-6617-541e-b44d-2de09a66e52e,169,S2,C,2024-07-22,con nota,,2024-07-22,,False
c22564cf-cae3-58e7-b34e-1ee6d3c9993a,169,S2,C,2024-07-09,con nota,,2024-07-09,,False
cea4473d-52f7-5d4c-a6ca-fac54542b285,169,S2,C,2024-07-12,con nota,,2024-07-12,,False
d4f8b688-70f3-5128-9500-2a45103ce45b,169,S2,C,2024-07-18,con nota,,2024-07-18,,False
da0c1c2d-eae2-57b8-b466-96a10f60d443,169,S2,C,2024-07-14,con nota,,2024-07-14,,False
e3139aa2-e1cb-5e06-8ef2-3c1807aa2572,169,S2,C,2024-07-17,con nota,,2024-07-17,,False
f02dd2cb-e888-5bf5-ba3e-f4b7b438b68a,169,S2,C,2024-07-11,con nota,,2024-07-11,,False
f38571e3-0dd7-56c0-9003-d327dcd76739,169,S2,C,2024-07-11,con nota,,2024-07-11,,False
fc8f1dd9-0500-5ce4-9533-7c16115f0457,169,S2,C,2024-07-09,desasignado,2024-09-26,2024-07-09,2024-09-26,True
061443c8-a609-5195-99f3-6ded28732468,169,S2,D,2024-07-09,con nota,,2024-07-09,,False
329a5540-4d0e-50b1-8e8d-41575a82dc8b,169,S2,D,2024-07-08,con nota,,2024-07-08,,False
3d7d6836-0718-514f-9b1c-cb60e1a84ee4,169,S2,D,2024-07-09,con nota,,2024-07-09,,False
43568f87-d046-5ada-b5c5-049d7f35eb47,169,S2,D,2024-07-21,con nota,,2024-07-21,,False
670ed2ec-5dc5-5a8a-9e6f-770f70091eb9,169,S2,D,2024-07-11,con nota,,2024-07-11,,False
a87d6feb-c363-581e-8e53-245cd9839996,169,S2,D,2024-07-20,con nota,,2024-07-20,,False
e95f73c9-1239-50f0-9bb5-6421a9c0181e,169,S2,D,2024-07-22,con nota,,2024-07-22,,False
f2dad9d6-eb91-5d98-9cb3-9e546e130399,169,S2,D,2024-07-17,con nota,,2024-07-17,,False
252d04af-c959-574c-927b-59809a7cf378,170,S2,A,2024-07-16,con nota,,2024-07-16,,False
27211edc-1649-54b6-b315-76064d324463,170,S2,A,2024-07-09,con nota,,2024-07-09,,False
2a26e298-c5dc-52aa-94db-7ad1d63e65cb,170,S2,A,2024-07-09,con nota,,2024-07-09,,False
496acb28-ec74-5afd-ad47-b5e79d157dbe,170,S2,A,2024-07-09,con nota,,2024-07-09,,False
66d6c08a-7bbd-5231-8022-3bd6f157ebc0,170,S2,A,2024-07-08,con nota,,2024-07-08,,False
81104a59-2b4e-542a-8a88-6b95928606f2,170,S2,A,2024-07-21,con nota,,2024-07-21,,False
86ca5350-2e17-5b7e-a919-5fd3d68be21f,170,S2,A,2024-07-21,con nota,,2024-07-21,,False
88a82b73-03f1-51b9-8e54-86fd323e5b2f,170,S2,A,2024-07-08,con nota,,2024-07-08,,False
91743045-3b39-5cd8-b8b9-bf08f8d5885d,170,S2,A,2024-07-10,con nota,,2024-07-10,,False
a97bb513-eef4-547a-a146-e227965cdee2,170,S2,A,2024-07-14,con nota,,2024-07-14,,False
b481fb0d-4c7d-5dbf-8e5a-85fcf4533ba4,170,S2,A,2024-07-12,con nota,,2024-07-12,,False
bad1322f-2133-549a-a69d-feb9f4347a58,170,S2,A,2024-07-22,con nota,,2024-07-22,,False
bd1c4b12-6c8c-5a45-8625-5e8fbbaa33f2,170,S2,A,2024-07-17,con nota,,2024-07-17,,False
bfe5ef19-d0c8-5540-803a-a9fd11a6409a,170,S2,A,2024-07-19,con nota,,2024-07-19,,False
e3139aa2-e1cb-5e06-8ef2-3c1807aa2572,170,S2,A,2024-07-14,con nota,,2024-07-14,,False
ed913d33-9a4a-5cda-a123-31a39a3a328e,170,S2,A,2024-07-12,con nota,,2024-07-12,,False
f40eeb46-bad9-5029-91f9-439aa0d47666,170,S2,A,2024-07-20,con nota,,2024-07-20,,False
f75c73c4-4353-55c2-b404-dd551be115aa,170,S2,A,2024-07-12,con nota,,2024-07-12,,False
0a9592c1-41df-56fb-ae5f-49a98f842829,170,S2,B,2024-07-15,con nota,,2024-07-15,,False
11b3b6a5-c3f8-5413-a4d3-bf4c2dee1df7,170,S2,B,2024-07-20,con nota,,2024-07-20,,False
13b9c86d-9619-5631-94db-1fa1670bd20b,170,S2,B,2024-07-17,con nota,,2024-07-17,,False
3678d8f5-f11c-5323-ad36-aab7f6b19119,170,S2,B,2024-07-15,con nota,,2024-07-15,,False
41833e6f-ff9c-5e3d-8bc1-bf5c5abc3959,170,S2,B,2024-07-11,con nota,,2024-07-11,,False
4190cb8b-4ab0-546e-bcd5-ebd18861cbf2,170,S2,B,2024-07-14,con nota,,2024-07-14,,False
5d95c06a-fef3-5ae3-916c-3141bbd59760,170,S2,B,2024-07-20,con nota,,2024-07-20,,False
6ec54b76-7dc1-5765-b816-5a329a6432e2,170,S2,B,2024-07-19,con nota,,2024-07-19,,False
a531dcbb-f49d-5195-8ee1-330009237354,170,S2,B,2024-07-15,con nota,,2024-07-15,,False
c196e189-9bf9-5874-954e-a0324df04e81,170,S2,B,2024-07-19,con nota,,2024-07-19,,False
c51f9510-af9e-5a2e-8d05-9db91cfc5948,170,S2,B,2024-07-14,con nota,,2024-07-14,,False
d11c046e-c9c2-5193-9cc1-77492c5d1264,170,S2,B,2024-07-22,con nota,,2024-07-22,,False
dc7a4a7d-204c-510b-8a49-6ce8ff399651,170,S2,B,2024-07-12,con nota,,2024-07-12,,False
f52fddd3-e36f-5a82-a378-727e37fe4596,170,S2,B,2024-07-13,con nota,,2024-07-13,,False
0982685f-f12c-5cbc-87fb-2af443788fef,170,S2,C,2024-07-21,con nota,,2024-07-21,,False
3bddbee5-05a1-5c39-ac75-9157f041902e,170,S2,C,2024-07-20,con nota,,2024-07-20,,False
3d0a4f10-ddc8-5c1d-9130-52080699b517,170,S2,C,2024-07-22,con nota,,2024-07-22,,False
3ed23438-77d4-550f-ad5f-cc6bcf90ec02,170,S2,C,2024-07-21,con nota,,2024-07-21,,False
44265d66-98f6-5e01-98b4-22e7f68180a9,170,S2,C,2024-07-16,con nota,,2024-07-16,,False
4a2ce805-bcd0-5f19-ab09-687335d8db6b,170,S2,C,2024-07-11,con nota,,2024-07-11,,False
5010db5c-18ea-546b-b351-b9d46655e790,170,S2,C,2024-07-19,con nota,,2024-07-19,,False
54efacbd-8d05-5312-8217-122e8f73fddc,170,S2,C,2024-07-20,con nota,,2024-07-20,,False
59fa1784-d7c1-543c-9d6d-14e13774fe1a,170,S2,C,2024-07-11,con nota,,2024-07-11,,False
61c7e1ff-5e5c-5001-8567-a3771ff133dd,170,S2,C,2024-07-21,con nota,,2024-07-21,,False
63b57290-7942-50f2-9869-50904d311a85,170,S2,C,2024-07-08,con nota,,2024-07-08,,False
682590a1-8178-5261-b1a8-d0e0130255a2,170,S2,C,2024-07-19,con nota,,2024-07-19,,False
77ba4949-674f-5d40-b7e3-d0faee92880d,170,S2,C,2024-07-21,con nota,,2024-07-21,,False
8c6b782d-1004-5643-8e93-3a5fca01dcd3,170,S2,C,2024-07-22,con nota,,2024-07-22,,False
ad10f604-2695-5bb8-9b2b-5740bf0e649d,170,S2,C,2024-07-08,con nota,,2024-07-08,,False
b2cb3fc9-c25c-563b-8ade-24efbcb82119,170,S2,C,2024-07-22,con nota,,2024-07-22,,False
c236c9a7-ebb8-5bdd-9717-5b80d6074b31,170,S2,C,2024-07-15,con nota,,2024-07-15,,False
d4f8b688-70f3-5128-9500-2a45103ce45b,170,S2,C,2024-07-14,con nota,,2024-07-14,,False
d79beb1a-7cf0-5775-9371-58bfa0b31898,170,S2,C,2024-07-08,con nota,,2024-07-08,,False
e7a0dea3-1160-5442-9abe-2892ffc9696e,170,S2,C,2024-07-19,desasignado,2024-10-23,2024-07-19,2024-10-23,True
01bab3f1-2982-57c8-8f29-8cf445b6214e,178,S2,A,2024-07-14,con nota,,2024-07-14,,False
0b91ef54-482c-5813-ab7c-4eec7f55e3d4,178,S2,A,2024-07-09,con nota,,2024-07-09,,False
e42d7ce0-3048-53ab-8d1d-178e47c9bc3e,178,S2,A,2024-07-10,desasignado,2024-10-06,2024-07-10,2024-10-06,True
fc57b469-8570-5031-b6b6-027ecfb0f9a7,178,S2,A,2024-07-15,con nota,,2024-07-15,,False
b481fb0d-4c7d-5dbf-8e5a-85fcf4533ba4,178,S2,B,2024-07-08,con nota,,2024-07-08,,False
dc7a4a7d-204c-510b-8a49-6ce8ff399651,178,S2,B,2024-07-22,con nota,,2024-07-22,,False
e6e9156d-7483-53bd-b81b-65242bc99cc1,178,S2,B,2024-07-22,con nota,,2024-07-22,,False
3e703abf-7a8c-5481-8fa7-6bc889902317,178,S2,C,2024-07-20,con nota,,2024-07-20,,False
666af2be-87f6-5662-975b-441feb776cf0,178,S2,C,2024-07-08,con nota,,2024-07-08,,False
bad1322f-2133-549a-a69d-feb9f4347a58,178,S2,C,2024-07-12,con nota,,2024-07-12,,False
00951361-bee7-5343-85b9-b2de39c38298,216,S2,A,2024-07-18,con nota,,2024-07-18,,False
08d5616f-376d-5766-b14e-b1d1437e5d1a,216,S2,A,2024-07-19,con nota,,2024-07-19,,False
286fa7de-31f8-56c1-8023-d8120c448dc4,216,S2,A,2024-07-21,con nota,,2024-07-21,,False
4ca64fe3-739c-5549-9021-88056df3ce2c,216,S2,A,2024-07-15,con nota,,2024-07-15,,False
be370c13-7be9-54a5-89bb-4bdce7fb2e43,216,S2,A,2024-07-12,con nota,,2024-07-12,,False
17c7a9a2-f074-5a25-9c33-123c3f252a00,216,S2,B,2024-07-19,con nota,,2024-07-19,,False
898ef159-1bc5-50f4-a839-8a6328ead4e2,216,S2,B,2024-07-11,con nota,,2024-07-11,,False
dda7d84e-c79a-5f19-b8d1-4090f3239620,216,S2,B,2024-07-17,con nota,,2024-07-17,,False
1c6583c9-8dab-560b-95ba-62442b620433,216,S2,C,2024-07-09,con nota,,2024-07-09,,False
799bdc38-e9f5-5892-b852-bcb64e6e021b,216,S2,C,2024-07-13,con nota,,2024-07-13,,False
79f7bd09-d805-5ce8-ab92-7f3812865478,216,S2,C,2024-07-12,con nota,,2024-07-12,,False
92fcb7e2-aae7-5aa4-81b8-b92b825fe8a7,216,S2,C,2024-07-21,con nota,,2024-07-21,,False
9b21c50e-3681-517b-af9a-5d043499cb27,216,S2,C,2024-07-17,con nota,,2024-07-17,,False
cf443787-1a74-5a5e-bff3-2ef5575818ac,216,S2,C,2024-07-21,con nota,,2024-07-21,,False
fb399764-8cce-535f-a2de-db636fb7aac4,216,S2,C,2024-07-10,con nota,,2024-07-10,,False
ff9481f2-af23-5a24-9813-859e9c577ab6,216,S2,C,2024-07-12,con nota,,2024-07-12,,False
9e77d389-c711-5374-8ab7-a5ef908fb2a5,216,S2,D,2024-07-21,con nota,,2024-07-21,,False
a2047dfe-7072-5573-86cf-cf4ca53db0fa,216,S2,D,2024-07-22,con nota,,2024-07-22,,False
aa0e548f-62ee-554b-83fc-7eb4613cf4ff,216,S2,D,2024-07-10,con nota,,2024-07-10,,False
b48cf04d-3355-5979-a671-d15244b9f856,216,S2,D,2024-07-16,con nota,,2024-07-16,,False
07470beb-65dd-5cb9-93ad-8e0c1eeac0af,2570,S2,A,2024-07-20,desasignado,2024-10-06,2024-07-20,2024-10-06,True
1b7adb46-da25-57cc-ad1c-f57382ea2726,2570,S2,A,2024-07-11,con nota,,2024-07-11,,False
3729cff5-4cf8-547f-93c3-463ddacaa886,2570,S2,A,2024-07-09,con nota,,2024-07-09,,False
3b36b2ad-44dd-5a2d-9040-f4de57c705b1,2570,S2,A,2024-07-16,con nota,,2024-07-16,,False
823b4866-812a-5280-9922-7a6ce48df3ae,2570,S2,A,2024-07-14,con nota,,2024-07-14,,False
97e3a24a-1951-5cc2-923b-6191af630108,2570,S2,A,2024-07-09,con nota,,2024-07-09,,False
c536f584-6511-5834-9001-81b90ae09a0a,2570,S2,A,2024-07-11,con nota,,2024-07-11,,False
c9d2363e-8ced-5661-aa58-506752643073,2570,S2,A,2024-07-14,con nota,,2024-07-14,,False
d0ad0b2d-4aa7-5f82-b60f-d5d1853af793,2570,S2,A,2024-07-17,con nota,,2024-07-17,,False
d18b43dd-fa9f-5af3-b2cd-507f5315f597,2570,S2,A,2024-07-10,con nota,,2024-07-10,,False
d59271aa-80c7-5dac-9158-b805a029afa6,2570,S2,A,2024-07-11,con nota,,2024-07-11,,False
f2b9a44a-2706-5151-be54-8e3148495c13,2570,S2,A,2024-07-16,con nota,,2024-07-16,,False
08d5616f-376d-5766-b14e-b1d1437e5d1a,2666,S2,A,2024-07-22,con nota,,2024-07-22,,False
421e5b33-6bf8-5c14-a03b-3a4e6da333e6,2666,S2,A,2024-07-16,con nota,,2024-07-16,,False
4ca64fe3-739c-5549-9021-88056df3ce2c,2666,S2,A,2024-07-09,con nota,,2024-07-09,,False
799bdc38-e9f5-5892-b852-bcb64e6e021b,2666,S2,A,2024-07-22,con nota,,2024-07-22,,False
9e77d389-c711-5374-8ab7-a5ef908fb2a5,2666,S2,A,2024-07-22,con nota,,2024-07-22,,False
aa0e548f-62ee-554b-83fc-7eb4613cf4ff,2666,S2,A,2024-07-17,con nota,,2024-07-17,,False
cf443787-1a74-5a5e-bff3-2ef5575818ac,2666,S2,A,2024-07-15,con nota,,2024-07-15,,False
e1e5ddb0-f781-58a0-8ee3-0398d09b2498,2666,S2,A,2024-07-09,con nota,,2024-07-09,,False
f1655cb7-00bc-5455-9379-254358e903cf,2666,S2,A,2024-07-15,con nota,,2024-07-15,,False
f23552cd-6876-5561-b470-73e7c5e2bebe,2666,S2,A,2024-07-14,con nota,,2024-07-14,,False
270a0504-64d3-5ff7-bda8-d02793ef8a81,2667,S2,A,2024-07-16,con nota,,2024-07-16,,False
3678d8f5-f11c-5323-ad36-aab7f6b19119,2667,S2,A,2024-07-18,con nota,,2024-07-18,,False
3bddbee5-05a1-5c39-ac75-9157f041902e,2667,S2,A,2024-07-10,con nota,,2024-07-10,,False
3ed23438-77d4-550f-ad5f-cc6bcf90ec02,2667,S2,A,2024-07-20,con nota,,2024-07-20,,False
56ed1545-fc8b-541e-9773-3c5f0bc2bf3b,2667,S2,A,2024-07-14,con nota,,2024-07-14,,False
590a15b3-d7a2-52b9-ab96-bf974ee42530,2667,S2,A,2024-07-14,con nota,,2024-07-14,,False
6327d4a3-6104-565e-b692-b3e8408fe538,2667,S2,A,2024-07-10,con nota,,2024-07-10,,False
82c26a79-1d7f-541f-a528-1fa65eacb07f,2667,S2,A,2024-07-20,con nota,,2024-07-20,,False
8330ae23-4728-57d3-9192-77a20abbdca7,2667,S2,A,2024-07-09,con nota,,2024-07-09,,False
8c6b782d-1004-5643-8e93-3a5fca01dcd3,2667,S2,A,2024-07-17,con nota,,2024-07-17,,False
b39a108c-b4ee-5874-8b0c-d7dcd496f75d,2667,S2,A,2024-07-19,con nota,,2024-07-19,,False
b73c830f-c8ef-567b-bcb4-081b76752502,2667,S2,A,2024-07-12,con nota,,2024-07-12,,False
b91bfdc4-f835-5a86-8106-fce8775833f0,2667,S2,A,2024-07-10,con nota,,2024-07-10,,False
bd6823c1-6617-541e-b44d-2de09a66e52e,2667,S2,A,2024-07-08,con nota,,2024-07-08,,False
c4cf05e9-8e3a-56f4-b1f2-38881baed5d0,2667,S2,A,2024-07-20,con nota,,2024-07-20,,False
e3bc81de-b8d3-5624-bc8b-61e4451515d1,2667,S2,A,2024-07-22,con nota,,2024-07-22,,False
e7da69d3-57e7-59a4-922d-a24220d927f7,2667,S2,A,2024-07-21,con nota,,2024-07-21,,False
f1bca5fd-d3c7-5b2e-a90e-fbbf75fbcb41,2667,S2,A,2024-07-08,con nota,,2024-07-08,,False
00a20d4b-9043-50fd-9656-3d18b3d769d1,2667,S2,B,2024-07-18,con nota,,2024-07-18,,False
27211edc-1649-54b6-b315-76064d324463,2667,S2,B,2024-07-12,con nota,,2024-07-12,,False
4190cb8b-4ab0-546e-bcd5-ebd18861cbf2,2667,S2,B,2024-07-11,con nota,,2024-07-11,,False
496acb28-ec74-5afd-ad47-b5e79d157dbe,2667,S2,B,2024-07-08,con nota,,2024-07-08,,False
584ca980-7215-5ebe-bd2d-639aa11fa8a6,2667,S2,B,2024-07-13,con nota,,2024-07-13,,False
67414565-08f4-5f9f-b76b-b069d2a06f0f,2667,S2,B,2024-07-12,con nota,,2024-07-12,,False
72e11633-3227-57e3-b469-86f635587704,2667,S2,B,2024-07-13,con nota,,2024-07-13,,False
977f0c1c-e388-5fbf-be24-31a4cebf45d1,2667,S2,B,2024-07-13,con nota,,2024-07-13,,False
aa8813f5-0192-5963-bd3d-2626ed41657a,2667,S2,B,2024-07-21,con nota,,2024-07-21,,False
d249646d-3649-5026-b0d5-4d07c1c3188b,2667,S2,B,2024-07-10,con nota,,2024-07-10,,False
d79beb1a-7cf0-5775-9371-58bfa0b31898,2667,S2,B,2024-07-20,con nota,,2024-07-20,,False
fc57b469-8570-5031-b6b6-027ecfb0f9a7,2667,S2,B,2024-07-16,con nota,,2024-07-16,,False
01bab3f1-2982-57c8-8f29-8cf445b6214e,2667,S2,C,2024-07-17,con nota,,2024-07-17,,False
16e05d20-d12c-5dad-944c-ac46cae0b322,2667,S2,C,2024-07-11,desasignado,2024-09-21,2024-07-11,2024-09-21,True
3513277f-67b8-5015-9843-e138ce7821cd,2667,S2,C,2024-07-13,con nota,,2024-07-13,,False
37cf6f59-cc69-576b-ba66-c5cf8fe772c3,2667,S2,C,2024-07-15,con nota,,2024-07-15,,False
4a2ce805-bcd0-5f19-ab09-687335d8db6b,2667,S2,C,2024-07-22,con nota,,2024-07-22,,False
63b57290-7942-50f2-9869-50904d311a85,2667,S2,C,2024-07-11,con nota,,2024-07-11,,False
64ceec45-794c-5ee0-8ef2-30c3d622ab0f,2667,S2,C,2024-07-12,con nota,,2024-07-12,,False
6a5add93-63e2-56da-ad52-61e4a59b33d7,2667,S2,C,2024-07-11,con nota,,2024-07-11,,False
bc81ba4d-c2d3-5069-aa38-750cf904b140,2667,S2,C,2024-07-10,con nota,,2024-07-10,,False
ff12ec30-7918-541b-8167-6fda67f57e81,2667,S2,C,2024-07-19,desasignado,2024-10-08,2024-07-19,2024-10-08,True
0a9592c1-41df-56fb-ae5f-49a98f842829,2667,S2,D,2024-07-12,con nota,,2024-07-12,,False
23bc065b-fa7c-598a-91dd-9a5fd555e538,2667,S2,D,2024-07-10,desasignado,2024-09-26,2024-07-10,2024-09-26,True
d4f8b688-70f3-5128-9500-2a45103ce45b,2667,S2,D,2024-07-10,con nota,,2024-07-10,,False
df0bf56a-77fe-508c-a55e-34d29c2f924e,2667,S2,D,2024-07-22,con nota,,2024-07-22,,False
fc8f1dd9-0500-5ce4-9533-7c16115f0457,2667,S2,D,2024-07-12,con nota,,2024-07-12,,False
0450959e-48dc-5783-9140-cfcec928c5c5,2796,S2,A,2024-07-17,con nota,,2024-07-17,,False
0cde0ab4-cadb-52c2-b390-b7f6afe8746c,2796,S2,A,2024-07-21,con nota,,2024-07-21,,False
101fcc1c-02cb-502a-895a-dc14ec8bc4fc,2796,S2,A,2024-07-13,con nota,,2024-07-13,,False
15a0bb40-c6d6-5f6a-8142-f1c5ba0a121a,2796,S2,A,2024-07-15,con nota,,2024-07-15,,False
16882813-1901-5922-b351-e490c6282bc4,2796,S2,A,2024-07-20,con nota,,2024-07-20,,False
184c1de9-fa20-510e-b160-68ad1dc84065,2796,S2,A,2024-07-08,con nota,,2024-07-08,,False
18744750-066d-5952-a07f-87fe04f11287,2796,S2,A,2024-07-08,con nota,,2024-07-08,,False
23d99703-dc71-5cfb-be2e-7b094396d2e1,2796,S2,A,2024-07-19,con nota,,2024-07-19,,False
25077c77-5aee-5d93-8a36-c5b57da00dc0,2796,S2,A,2024-07-09,con nota,,2024-07-09,,False
366b165f-922c-5847-b813-fc6ef6c3a751,2796,S2,A,2024-07-08,con nota,,2024-07-08,,False
36f4d3ec-4023-5b34-8dc2-6e588a93f6a1,2796,S2,A,2024-07-11,con nota,,2024-07-11,,False
37298f71-ec61-5e5c-ad25-86570c15f7ec,2796,S2,A,2024-07-10,con nota,,2024-07-10,,False
38d3c179-d651-5b38-a95d-5f30eea49bc7,2796,S2,A,2024-07-11,con nota,,2024-07-11,,False
3b72ef3a-35be-57ea-9618-876a2c6483e8,2796,S2,A,2024-07-20,con nota,,2024-07-20,,False
3b839c8a-1e03-5728-b057-2689dbdd202e,2796,S2,A,2024-07-17,con nota,,2024-07-17,,False
3bdd6bd7-2493-5fef-97d2-19101e40630a,2796,S2,A,2024-07-14,con nota,,2024-07-14,,False
41c3459c-e2e4-550d-a299-2cc964c7cfea,2796,S2,A,2024-07-17,con nota,,2024-07-17,,False
4628c082-b668-5afc-a506-1e3c43e99915,2796,S2,A,2024-07-20,con nota,,2024-07-20,,False
483edcff-dbbf-5447-b9d9-095557232b02,2796,S2,A,2024-07-21,con nota,,2024-07-21,,False
490c9487-1342-5062-a509-90370d598267,2796,S2,A,2024-07-18,con nota,,2024-07-18,,False
4fd48cf3-f8af-550e-a2d0-220e5a797783,2796,S2,A,2024-07-12,con nota,,2024-07-12,,False
6473da69-8d8c-53e3-9a2c-6841674fb2d0,2796,S2,A,2024-07-20,con nota,,2024-07-20,,False
6c433ed9-ad1e-51e2-9d31-0f92474524f1,2796,S2,A,2024-07-16,con nota,,2024-07-16,,False
717b731e-7f1f-5d15-97ab-fe9730798a9c,2796,S2,A,2024-07-14,con nota,,2024-07-14,,False
751429d0-55a4-50e5-96d4-4ff1fdfc02c0,2796,S2,A,2024-07-14,con nota,,2024-07-14,,False
760374e5-fa63-5431-b172-de8a0abbce5f,2796,S2,A,2024-07-10,con nota,,2024-07-10,,False
819b9b1c-476d-5b64-949b-8bb80947bfde,2796,S2,A,2024-07-21,con nota,,2024-07-21,,False
8d0b01b6-3de2-5be7-87a9-01eb3806e177,2796,S2,A,2024-07-20,con nota,,2024-07-20,,False
8dc5c8ce-0b27-50c3-bec7-fce9414db9bf,2796,S2,A,2024-07-08,con nota,,2024-07-08,,False
8feda068-15b3-578a-b249-a538441fafb6,2796,S2,A,2024-07-12,con nota,,2024-07-12,,False
9205f4d0-ca02-57f6-b51e-b705ac0898d7,2796,S2,A,2024-07-19,con nota,,2024-07-19,,False
99e6be68-8a89-5792-85ba-477b1d7e300b,2796,S2,A,2024-07-08,con nota,,2024-07-08,,False
9db9b320-6e2b-5cf7-9e83-bba0130684c9,2796,S2,A,2024-07-12,con nota,,2024-07-12,,False
9ef93136-4252-556a-b27a-56284b0733c6,2796,S2,A,2024-07-09,con nota,,2024-07-09,,False
a0255bd2-c49d-5e1e-9f89-cd10cc01f918,2796,S2,A,2024-07-09,con nota,,2024-07-09,,False
a2b5f5b2-e9f5-5757-9f6e-7438a476abc5,2796,S2,A,2024-07-17,con nota,,2024-07-17,,False
a5be436a-cb69-5107-956d-501d659bb0d7,2796,S2,A,2024-07-10,con nota,,2024-07-10,,False
a95180f9-77c6-5b98-a2fb-323e641ed050,2796,S2,A,2024-07-20,con nota,,2024-07-20,,False
adaf3c7a-3e47-5989-abc3-94ddc1fa8301,2796,S2,A,2024-07-09,con nota,,2024-07-09,,False
af7170d5-79af-53e8-ac44-8d6b7e8ad951,2796,S2,A,2024-07-20,con nota,,2024-07-20,,False
b0348df3-fe64-57fb-9a16-ef1d46254d7e,2796,S2,A,2024-07-22,con nota,,2024-07-22,,False
b06bcec0-b3a3-50b9-a1ec-953a4674371d,2796,S2,A,2024-07-14,con nota,,2024-07-14,,False
b3997c2f-90c6-5168-9d2b-373122f6b85d,2796,S2,A,2024-07-17,desasignado,2024-10-22,2024-07-17,2024-10-22,True
ba341cb6-848c-5d30-8bb3-6dc3b8ccd016,2796,S2,A,2024-07-22,con nota,,2024-07-22,,False
c27c04eb-b36c-5f95-a9ff-ba3b43c1f175,2796,S2,A,2024-07-16,con nota,,2024-07-16,,False
ca6fc301-a539-586c-9789-e3d1605db2b0,2796,S2,A,2024-07-10,con nota,,2024-07-10,,False
cb7e7a97-6e00-55b0-b580-317f19854827,2796,S2,A,2024-07-12,con nota,,2024-07-12,,False
cc8b8c37-cde4-5961-8d5a-293197f83e2e,2796,S2,A,2024-07-08,con nota,,2024-07-08,,False
cf78170e-bdcf-5b76-9880-68254df8a507,2796,S2,A,2024-07-19,con nota,,2024-07-19,,False
d0d32b44-cc7d-5dc8-8f44-2e0cadff8dca,2796,S2,A,2024-07-09,con nota,,2024-07-09,,False
e21547f5-5ca5-5a65-9672-e1f99f10125a,2796,S2,A,2024-07-19,con nota,,2024-07-19,,False
e433d0b0-de78-5b0f-9cd1-397f7d94f630,2796,S2,A,2024-07-13,con nota,,2024-07-13,,False
e6cecf06-57d6-5cdb-b2ba-c309cb7cab41,2796,S2,A,2024-07-14,con nota,,2024-07-14,,False
eae6527b-b1e4-5222-b4d0-ac6089abf79f,2796,S2,A,2024-07-14,con nota,,2024-07-14,,False
ec14649a-b1aa-5070-8cb4-c6a848b94d89,2796,S2,A,2024-07-09,con nota,,2024-07-09,,False
f199e5f4-121f-5cf5-ba7c-98bc08d9eb4c,2796,S2,A,2024-07-16,con nota,,2024-07-16,,False
f244a686-f32b-5770-9d6b-044f508009fa,2796,S2,A,2024-07-15,con nota,,2024-07-15,,False
fc68457e-7e7c-5698-a1c7-1ed0dccba4b3,2796,S2,A,2024-07-22,con nota,,2024-07-22,,False
0450959e-48dc-5783-9140-cfcec928c5c5,2798,S2,A,2024-07-17,desasignado,2024-10-07,2024-07-17,2024-10-07,True
0c06f8f4-288d-57e0-8936-3d81fc7db2e7,2798,S2,A,2024-07-15,con nota,,2024-07-15,,False
0fa55129-2054-5d0a-ac6a-c453dfc1133a,2798,S2,A,2024-07-13,con nota,,2024-07-13,,False
101fcc1c-02cb-502a-895a-dc14ec8bc4fc,2798,S2,A,2024-07-13,con nota,,2024-07-13,,False
15a0bb40-c6d6-5f6a-8142-f1c5ba0a121a,2798,S2,A,2024-07-17,con nota,,2024-07-17,,False
16882813-1901-5922-b351-e490c6282bc4,2798,S2,A,2024-07-08,con nota,,2024-07-08,,False
26a06e61-efe0-518d-aa15-c7ace718268a,2798,S2,A,2024-07-22,con nota,,2024-07-22,,False
287283ce-fcaf-5519-a49e-3dea1c655f86,2798,S2,A,2024-07-18,con nota,,2024-07-18,,False
35608fe5-e3c5-504b-8cc2-216c90a13a47,2798,S2,A,2024-07-17,con nota,,2024-07-17,,False
4a07ae27-bce6-5958-80da-0b26f4d4650a,2798,S2,A,2024-07-09,con nota,,2024-07-09,,False
6473da69-8d8c-53e3-9a2c-6841674fb2d0,2798,S2,A,2024-07-11,con nota,,2024-07-11,,False
6d078a78-d8e3-5b7a-89a1-43baa31b9780,2798,S2,A,2024-07-16,con nota,,2024-07-16,,False
717b731e-7f1f-5d15-97ab-fe9730798a9c,2798,S2,A,2024-07-08,con nota,,2024-07-08,,False
731b92fd-50e5-5559-a9d3-96a0748f2373,2798,S2,A,2024-07-18,con nota,,2024-07-18,,False
75ad2a1d-e65d-5b36-9b02-6dc6f12138a4,2798,S2,A,2024-07-08,con nota,,2024-07-08,,False
7aac2ae8-68aa-51a1-b8a6-24cdb91b4935,2798,S2,A,2024-07-15,con nota,,2024-07-15,,False
819b9b1c-476d-5b64-949b-8bb80947bfde,2798,S2,A,2024-07-10,con nota,,2024-07-10,,False
829d6bb7-6b71-5f40-9045-d49c7a41f459,2798,S2,A,2024-07-18,con nota,,2024-07-18,,False
830d469b-5f0d-5c02-83e5-fb3ef8b12772,2798,S2,A,2024-07-08,con nota,,2024-07-08,,False
857bee19-f5cc-5925-8f6d-5e6dc8b42cb7,2798,S2,A,2024-07-13,con nota,,2024-07-13,,False
ab49c2b1-e673-50f6-ae4a-e5b321756a15,2798,S2,A,2024-07-10,con nota,,2024-07-10,,False
b06bcec0-b3a3-50b9-a1ec-953a4674371d,2798,S2,A,2024-07-09,con nota,,2024-07-09,,False
b2adc362-05d9-54d6-bd03-02e44c27e8c5,2798,S2,A,2024-07-08,con nota,,2024-07-08,,False
b3997c2f-90c6-5168-9d2b-373122f6b85d,2798,S2,A,2024-07-16,con nota,,2024-07-16,,False
ba341cb6-848c-5d30-8bb3-6dc3b8ccd016,2798,S2,A,2024-07-16,con nota,,2024-07-16,,False
bc2edb29-4cd5-5fb5-88a5-7dedee94af0d,2798,S2,A,2024-07-17,con nota,,2024-07-17,,False
bd77a48a-9406-51ae-a620-b28897754dec,2798,S2,A,2024-07-12,con nota,,2024-07-12,,False
bed9e918-22d8-53c7-891c-03d1739f37c3,2798,S2,A,2024-07-15,con nota,,2024-07-15,,False
c41dd30f-7c59-5647-a164-2c5d11a89c90,2798,S2,A,2024-07-12,con nota,,2024-07-12,,False
c5252bea-0a8d-5efa-82fb-26d83372a130,2798,S2,A,2024-07-08,con nota,,2024-07-08,,False
ca045e8e-72e0-524e-b94e-790662c03e9c,2798,S2,A,2024-07-17,con nota,,2024-07-17,,False
cc8b8c37-cde4-5961-8d5a-293197f83e2e,2798,S2,A,2024-07-16,con nota,,2024-07-16,,False
d0d32b44-cc7d-5dc8-8f44-2e0cadff8dca,2798,S2,A,2024-07-20,con nota,,2024-07-20,,False
d931f9da-177d-519e-9604-82c77ffd7dfc,2798,S2,A,2024-07-16,con nota,,2024-07-16,,False
e6cecf06-57d6-5cdb-b2ba-c309cb7cab41,2798,S2,A,2024-07-17,desasignado,2024-10-23,2024-07-17,2024-10-23,True
f4079fd7-040c-5036-b7a6-c0842fed660b,2798,S2,A,2024-07-11,con nota,,2024-07-11,,False
0450959e-48dc-5783-9140-cfcec928c5c5,2799,S2,A,2024-07-20,con nota,,2024-07-20,,False
0c06f8f4-288d-57e0-8936-3d81fc7db2e7,2799,S2,A,2024-07-15,con nota,,2024-07-15,,False
0fa55129-2054-5d0a-ac6a-c453dfc1133a,2799,S2,A,2024-07-20,con nota,,2024-07-20,,False
101fcc1c-02cb-502a-895a-dc14ec8bc4fc,2799,S2,A,2024-07-17,con nota,,2024-07-17,,False
15a0bb40-c6d6-5f6a-8142-f1c5ba0a121a,2799,S2,A,2024-07-09,con nota,,2024-07-09,,False
26a06e61-efe0-518d-aa15-c7ace718268a,2799,S2,A,2024-07-13,con nota,,2024-07-13,,False
287283ce-fcaf-5519-a49e-3dea1c655f86,2799,S2,A,2024-07-16,con nota,,2024-07-16,,False
35608fe5-e3c5-504b-8cc2-216c90a13a47,2799,S2,A,2024-07-17,con nota,,2024-07-17,,False
36f4d3ec-4023-5b34-8dc2-6e588a93f6a1,2799,S2,A,2024-07-16,con nota,,2024-07-16,,False
3e286a49-0d95-56da-aeae-91cae0ed2763,2799,S2,A,2024-07-17,desasignado,2024-10-20,2024-07-17,2024-10-20,True
3f2755ef-7031-5580-be34-89f9ba198194,2799,S2,A,2024-07-18,con nota,,2024-07-18,,False
4a07ae27-bce6-5958-80da-0b26f4d4650a,2799,S2,A,2024-07-14,con nota,,2024-07-14,,False
6473da69-8d8c-53e3-9a2c-6841674fb2d0,2799,S2,A,2024-07-12,con nota,,2024-07-12,,False
6d078a78-d8e3-5b7a-89a1-43baa31b9780,2799,S2,A,2024-07-16,con nota,,2024-07-16,,False
717b731e-7f1f-5d15-97ab-fe9730798a9c,2799,S2,A,2024-07-17,desasignado,2024-09-19,2024-07-17,2024-09-19,True
819b9b1c-476d-5b64-949b-8bb80947bfde,2799,S2,A,2024-07-16,con nota,,2024-07-16,,False
829d6bb7-6b71-5f40-9045-d49c7a41f459,2799,S2,A,2024-07-14,con nota,,2024-07-14,,False
830d469b-5f0d-5c02-83e5-fb3ef8b12772,2799,S2,A,2024-07-19,con nota,,2024-07-19,,False
83c5a92d-1d67-5123-9563-d6dad24bbc27,2799,S2,A,2024-07-18,con nota,,2024-07-18,,False
857bee19-f5cc-5925-8f6d-5e6dc8b42cb7,2799,S2,A,2024-07-09,con nota,,2024-07-09,,False
9205f4d0-ca02-57f6-b51e-b705ac0898d7,2799,S2,A,2024-07-10,con nota,,2024-07-10,,False
b1ada878-5ce8-5e51-bc44-6a5ae1f64971,2799,S2,A,2024-07-22,con nota,,2024-07-22,,False
b1cce0db-3292-5ff2-837e-2fda6bc2eb62,2799,S2,A,2024-07-12,con nota,,2024-07-12,,False
b2adc362-05d9-54d6-bd03-02e44c27e8c5,2799,S2,A,2024-07-16,con nota,,2024-07-16,,False
b3997c2f-90c6-5168-9d2b-373122f6b85d,2799,S2,A,2024-07-21,con nota,,2024-07-21,,False
bed9e918-22d8-53c7-891c-03d1739f37c3,2799,S2,A,2024-07-08,con nota,,2024-07-08,,False
c41dd30f-7c59-5647-a164-2c5d11a89c90,2799,S2,A,2024-07-09,con nota,,2024-07-09,,False
ca045e8e-72e0-524e-b94e-790662c03e9c,2799,S2,A,2024-07-20,con nota,,2024-07-20,,False
cc8b8c37-cde4-5961-8d5a-293197f83e2e,2799,S2,A,2024-07-20,con nota,,2024-07-20,,False
d0d32b44-cc7d-5dc8-8f44-2e0cadff8dca,2799,S2,A,2024-07-17,con nota,,2024-07-17,,False
d931f9da-177d-519e-9604-82c77ffd7dfc,2799,S2,A,2024-07-09,con nota,,2024-07-09,,False
f4079fd7-040c-5036-b7a6-c0842fed660b,2799,S2,A,2024-07-10,con nota,,2024-07-10,,False
0c06f8f4-288d-57e0-8936-3d81fc7db2e7,2800,S2,A,2024-07-16,con nota,,2024-07-16,,False
0fa55129-2054-5d0a-ac6a-c453dfc1133a,2800,S2,A,2024-07-20,con nota,,2024-07-20,,False
287283ce-fcaf-5519-a49e-3dea1c655f86,2800,S2,A,2024-07-15,con nota,,2024-07-15,,False
3e286a49-0d95-56da-aeae-91cae0ed2763,2800,S2,A,2024-07-20,con nota,,2024-07-20,,False
3f2755ef-7031-5580-be34-89f9ba198194,2800,S2,A,2024-07-14,con nota,,2024-07-14,,False
56d6a85b-af6a-5056-b7e5-6fc2b0054af8,2800,S2,A,2024-07-09,con nota,,2024-07-09,,False
75ad2a1d-e65d-5b36-9b02-6dc6f12138a4,2800,S2,A,2024-07-22,desasignado,2024-10-20,2024-07-22,2024-10-20,True
7d36a894-5a69-5be2-93a2-a8c1d01df056,2800,S2,A,2024-07-11,con nota,,2024-07-11,,False
83c5a92d-1d67-5123-9563-d6dad24bbc27,2800,S2,A,2024-07-09,desasignado,2024-10-12,2024-07-09,2024-10-12,True
857bee19-f5cc-5925-8f6d-5e6dc8b42cb7,2800,S2,A,2024-07-13,desasignado,2024-10-17,2024-07-13,2024-10-17,True
b1cce0db-3292-5ff2-837e-2fda6bc2eb62,2800,S2,A,2024-07-14,con nota,,2024-07-14,,False
bc2edb29-4cd5-5fb5-88a5-7dedee94af0d,2800,S2,A,2024-07-12,con nota,,2024-07-12,,False
bd77a48a-9406-51ae-a620-b28897754dec,2800,S2,A,2024-07-17,desasignado,2024-10-17,2024-07-17,2024-10-17,True
bed9e918-22d8-53c7-891c-03d1739f37c3,2800,S2,A,2024-07-12,con nota,,2024-07-12,,False
c41dd30f-7c59-5647-a164-2c5d11a89c90,2800,S2,A,2024-07-22,con nota,,2024-07-22,,False
ca045e8e-72e0-524e-b94e-790662c03e9c,2800,S2,A,2024-07-10,con nota,,2024-07-10,,False
cb2a28b9-397d-5feb-a252-7b8abaccc929,2800,S2,A,2024-07-08,con nota,,2024-07-08,,False
d0d32b44-cc7d-5dc8-8f44-2e0cadff8dca,2800,S2,A,2024-07-22,con nota,,2024-07-22,,False
d931f9da-177d-519e-9604-82c77ffd7dfc,2800,S2,A,2024-07-13,con nota,,2024-07-13,,False
2905901c-e9bb-5210-b2b9-d5891b55407e,2803,S2,A,2024-07-20,con nota,,2024-07-20,,False
3985e831-1448-5276-828a-6bb569a3fc32,2803,S2,A,2024-07-18,con nota,,2024-07-18,,False
3dd479e7-5243-5a56-8926-f9ff104c6b07,2803,S2,A,2024-07-18,con nota,,2024-07-18,,False
3e4778be-bac1-5c8c-8706-d8358755d3d7,2803,S2,A,2024-07-21,con nota,,2024-07-21,,False
41be5257-eb86-58d2-acc5-634e881af433,2803,S2,A,2024-07-21,con nota,,2024-07-21,,False
4a6b3546-7880-595e-b541-6aab9d24320b,2803,S2,A,2024-07-11,con nota,,2024-07-11,,False
4f27b763-668f-5443-b687-4d9ca582763c,2803,S2,A,2024-07-22,con nota,,2024-07-22,,False
5307c02e-106e-56e4-a7c6-ccf412960b22,2803,S2,A,2024-07-20,con nota,,2024-07-20,,False
61b4785b-fce3-5388-98b4-78ae1eab1273,2803,S2,A,2024-07-18,con nota,,2024-07-18,,False
6e7eeb15-ed34-52a3-9b2e-94a14ced704f,2803,S2,A,2024-07-14,con nota,,2024-07-14,,False
76a27247-038b-519c-8c4d-bfd0b57beee0,2803,S2,A,2024-07-13,con nota,,2024-07-13,,False
7f65857e-5b14-557a-bd52-34d73e3b4017,2803,S2,A,2024-07-18,con nota,,2024-07-18,,False
85f6e33e-822a-59b2-a749-33e5034486fd,2803,S2,A,2024-07-15,con nota,,2024-07-15,,False
ae8a03d3-f49b-5a06-bc7a-d6bba5d3e0f7,2803,S2,A,2024-07-14,con nota,,2024-07-14,,False
b01c0133-92dd-5f13-8b4b-3e6a951b3bb4,2803,S2,A,2024-07-17,con nota,,2024-07-17,,False
e6a59826-1bef-51d2-8aca-813db3078360,2803,S2,A,2024-07-16,con nota,,2024-07-16,,False
03428918-b91e-5e08-aaa6-3e1037681d49,2808,S2,A,2024-07-16,con nota,,2024-07-16,,False
05b5961d-646c-504b-b525-05bffbd7eda8,2808,S2,A,2024-07-12,con nota,,2024-07-12,,False
1a3f74b9-a360-5601-b622-f749de1c4cdf,2808,S2,A,2024-07-11,desasignado,2024-10-12,2024-07-11,2024-10-12,True
20470cf5-2acb-53ea-8996-70426c23e593,2808,S2,A,2024-07-09,con nota,,2024-07-09,,False
327817b1-69ac-5335-a21d-9b8f2b559853,2808,S2,A,2024-07-12,con nota,,2024-07-12,,False
4f4fe168-4caf-5a0c-887e-3bef44e26ba4,2808,S2,A,2024-07-18,con nota,,2024-07-18,,False
690768a4-bb18-595a-a71f-c99fe2a9eb6e,2808,S2,A,2024-07-08,con nota,,2024-07-08,,False
82c74821-0a18-59a5-b35b-8e5e0a96770d,2808,S2,A,2024-07-16,con nota,,2024-07-16,,False
8361b033-f5e1-594e-a892-84427b250f66,2808,S2,A,2024-07-22,desasignado,2024-09-28,2024-07-22,2024-09-28,True
a7bd029d-5a6a-5bb6-bc5c-4ddb5411b6fe,2808,S2,A,2024-07-21,con nota,,2024-07-21,,False
af235c0f-fa51-564a-a139-98be54af9391,2808,S2,A,2024-07-22,con nota,,2024-07-22,,False
c7b997d5-91cd-5f2d-a5b3-12b04e610321,2808,S2,A,2024-07-12,con nota,,2024-07-12,,False
c7e1cd7b-9639-50d9-8dfc-1d73b1c85f64,2808,S2,A,2024-07-15,desasignado,2024-10-22,2024-07-15,2024-10-22,True
d14b3e31-2a2e-5d74-a02b-19460fe28aa5,2808,S2,A,2024-07-21,con nota,,2024-07-21,,False
d270e775-97e6-55a2-8ab6-43f3863627b6,2808,S2,A,2024-07-14,con nota,,2024-07-14,,False
d5f413f0-ef8a-5db4-a19c-e3328916256f,2808,S2,A,2024-07-20,con nota,,2024-07-20,,False
daf73f99-71e0-58f9-a2a2-4565580f75b4,2808,S2,A,2024-07-10,con nota,,2024-07-10,,False
de300aca-315d-5ec3-8a15-b7198afc11e1,2808,S2,A,2024-07-22,con nota,,2024-07-22,,False
f0e271ee-a595-53f7-9c6d-6143d4843865,2808,S2,A,2024-07-20,con nota,,2024-07-20,,False
f3cfaa1d-b9fa-564b-a1b6-4ef5630c678e,2808,S2,A,2024-07-16,con nota,,2024-07-16,,False
050d1ef7-fae1-5a16-8445-3f2c1bb0e697,2809,S2,A,2024-07-19,con nota,,2024-07-19,,False
0dbc3861-b848-5448-a148-42de02126320,2809,S2,A,2024-07-17,con nota,,2024-07-17,,False
10a2c72f-365b-57d6-bd26-e86b0e4d68c2,2809,S2,A,2024-07-19,con nota,,2024-07-19,,False
1455f2e4-769b-5a64-aff9-ce869cd2fa54,2809,S2,A,2024-07-19,con nota,,2024-07-19,,False
180b9f04-e976-5cfd-b528-336f193ddab2,2809,S2,A,2024-07-20,con nota,,2024-07-20,,False
1d7fe8ac-2147-59a2-b6c8-e171b2681c3f,2809,S2,A,2024-07-17,con nota,,2024-07-17,,False
3099a7bf-6e40-58f6-ab25-f2d2d83ce748,2809,S2,A,2024-07-21,con nota,,2024-07-21,,False
327817b1-69ac-5335-a21d-9b8f2b559853,2809,S2,A,2024-07-08,con nota,,2024-07-08,,False
4897cfad-4a62-527b-8f86-3e7477571b98,2809,S2,A,2024-07-14,con nota,,2024-07-14,,False
4f7b4d36-ced0-507a-ab49-52e28e9b672f,2809,S2,A,2024-07-11,con nota,,2024-07-11,,False
57c0a3f8-794b-51aa-822a-0f9abf7e09c9,2809,S2,A,2024-07-21,con nota,,2024-07-21,,False
78b7c5d8-ef57-529f-a111-388b34c7c35a,2809,S2,A,2024-07-08,con nota,,2024-07-08,,False
80be8af0-a5ec-534c-8e5d-0a36ec0491a5,2809,S2,A,2024-07-11,con nota,,2024-07-11,,False
8e23df98-c54f-5638-86da-c9506151f210,2809,S2,A,2024-07-14,con nota,,2024-07-14,,False
908ad6b6-bcca-5db9-bd43-adb0a789cb28,2809,S2,A,2024-07-21,con nota,,2024-07-21,,False
919d68f1-d0c5-56f4-b3e2-27936f50a241,2809,S2,A,2024-07-17,con nota,,2024-07-17,,False
ae7e8863-692f-5fe0-bc4c-ffffc01f7957,2809,S2,A,2024-07-12,con nota,,2024-07-12,,False
aee6cbf2-05c4-5fd5-abf4-53aaee161048,2809,S2,A,2024-07-13,con nota,,2024-07-13,,False
c5b1ebc7-fe00-5c45-907f-133c48cc8f5e,2809,S2,A,2024-07-15,con nota,,2024-07-15,,False
d270e775-97e6-55a2-8ab6-43f3863627b6,2809,S2,A,2024-07-17,con nota,,2024-07-17,,False
d5f413f0-ef8a-5db4-a19c-e3328916256f,2809,S2,A,2024-07-22,con nota,,2024-07-22,,False
d6902138-e879-559c-a8d3-c35d938de895,2809,S2,A,2024-07-08,con nota,,2024-07-08,,False
de300aca-315d-5ec3-8a15-b7198afc11e1,2809,S2,A,2024-07-22,con nota,,2024-07-22,,False
e9ab81f9-015e-5d17-873c-1b0fea4f2b58,2809,S2,A,2024-07-14,con nota,,2024-07-14,,False
f93241a3-ab93-546f-9b12-7a8613e97a13,2809,S2,A,2024-07-18,con nota,,2024-07-18,,False
faf14236-d1d9-56b9-93b3-a0446dff8a53,2809,S2,A,2024-07-14,con nota,,2024-07-14,,False
05b5961d-646c-504b-b525-05bffbd7eda8,2810,S2,A,2024-07-18,con nota,,2024-07-18,,False
08114b97-9250-52f8-9d5f-2f312c9ebf05,2810,S2,A,2024-07-08,con nota,,2024-07-08,,False
0dbc3861-b848-5448-a148-42de02126320,2810,S2,A,2024-07-12,con nota,,2024-07-12,,False
1d635c53-c4c0-5948-9c2a-f8f5ddf0ffca,2810,S2,A,2024-07-10,con nota,,2024-07-10,,False
2d9d0318-35ae-5f0d-af30-95cd4a1b453a,2810,S2,A,2024-07-12,con nota,,2024-07-12,,False
30d86f50-ab28-5b09-a612-62765781d14c,2810,S2,A,2024-07-18,con nota,,2024-07-18,,False
4897cfad-4a62-527b-8f86-3e7477571b98,2810,S2,A,2024-07-13,con nota,,2024-07-13,,False
792400d2-ee7f-5700-8f46-f56d404e656f,2810,S2,A,2024-07-14,con nota,,2024-07-14,,False
80be8af0-a5ec-534c-8e5d-0a36ec0491a5,2810,S2,A,2024-07-15,con nota,,2024-07-15,,False
82c74821-0a18-59a5-b35b-8e5e0a96770d,2810,S2,A,2024-07-15,con nota,,2024-07-15,,False
8361b033-f5e1-594e-a892-84427b250f66,2810,S2,A,2024-07-19,con nota,,2024-07-19,,False
904fa107-1060-5bda-87eb-e3807921cca8,2810,S2,A,2024-07-20,con nota,,2024-07-20,,False
a7bd029d-5a6a-5bb6-bc5c-4ddb5411b6fe,2810,S2,A,2024-07-11,con nota,,2024-07-11,,False
af235c0f-fa51-564a-a139-98be54af9391,2810,S2,A,2024-07-20,desasignado,2024-10-14,2024-07-20,2024-10-14,True
cd6b3dd3-0242-5185-adf4-9131b416bce6,2810,S2,A,2024-07-15,con nota,,2024-07-15,,False
f3cfaa1d-b9fa-564b-a1b6-4ef5630c678e,2810,S2,A,2024-07-14,con nota,,2024-07-14,,False
050d1ef7-fae1-5a16-8445-3f2c1bb0e697,2811,S2,A,2024-07-12,con nota,,2024-07-12,,False
07a27d8a-0694-555b-8163-a77ef3fbf6ad,2811,S2,A,2024-07-22,con nota,,2024-07-22,,False
3d82e428-2d9d-5e45-8b7c-cff3de424c95,2811,S2,A,2024-07-09,con nota,,2024-07-09,,False
435a047c-b216-568f-ba1d-8ad22af29c5d,2811,S2,A,2024-07-22,con nota,,2024-07-22,,False
44face32-0c1c-529f-8dba-2e87be09c35d,2811,S2,A,2024-07-15,con nota,,2024-07-15,,False
4897cfad-4a62-527b-8f86-3e7477571b98,2811,S2,A,2024-07-12,con nota,,2024-07-12,,False
4f7b4d36-ced0-507a-ab49-52e28e9b672f,2811,S2,A,2024-07-08,con nota,,2024-07-08,,False
56dfcc1d-eaf2-51c8-bf99-0ce0f65e98a6,2811,S2,A,2024-07-22,con nota,,2024-07-22,,False
57c0a3f8-794b-51aa-822a-0f9abf7e09c9,2811,S2,A,2024-07-19,con nota,,2024-07-19,,False
690768a4-bb18-595a-a71f-c99fe2a9eb6e,2811,S2,A,2024-07-18,con nota,,2024-07-18,,False
78b7c5d8-ef57-529f-a111-388b34c7c35a,2811,S2,A,2024-07-13,con nota,,2024-07-13,,False
8361b033-f5e1-594e-a892-84427b250f66,2811,S2,A,2024-07-21,con nota,,2024-07-21,,False
908ad6b6-bcca-5db9-bd43-adb0a789cb28,2811,S2,A,2024-07-10,con nota,,2024-07-10,,False
9c5dc1eb-c35d-56ef-902b-552a1c4e3aef,2811,S2,A,2024-07-22,con nota,,2024-07-22,,False
a5b8b644-851f-5f51-9a26-7f64e89643f7,2811,S2,A,2024-07-17,con nota,,2024-07-17,,False
a7bd029d-5a6a-5bb6-bc5c-4ddb5411b6fe,2811,S2,A,2024-07-12,con nota,,2024-07-12,,False
af235c0f-fa51-564a-a139-98be54af9391,2811,S2,A,2024-07-16,con nota,,2024-07-16,,False
c5b1ebc7-fe00-5c45-907f-133c48cc8f5e,2811,S2,A,2024-07-17,con nota,,2024-07-17,,False
cd6b3dd3-0242-5185-adf4-9131b416bce6,2811,S2,A,2024-07-21,con nota,,2024-07-21,,False
d3d78ab0-e4e1-5add-9569-389af29f0c5f,2811,S2,A,2024-07-14,con nota,,2024-07-14,,False
d5f413f0-ef8a-5db4-a19c-e3328916256f,2811,S2,A,2024-07-10,con nota,,2024-07-10,,False
de300aca-315d-5ec3-8a15-b7198afc11e1,2811,S2,A,2024-07-15,con nota,,2024-07-15,,False
e9ab81f9-015e-5d17-873c-1b0fea4f2b58,2811,S2,A,2024-07-13,con nota,,2024-07-13,,False
f39f6a57-4dc7-5776-b537-39cd3bc30f49,2811,S2,A,2024-07-15,con nota,,2024-07-15,,False
08114b97-9250-52f8-9d5f-2f312c9ebf05,2812,S2,A,2024-07-18,con nota,,2024-07-18,,False
0dbc3861-b848-5448-a148-42de02126320,2812,S2,A,2024-07-17,desasignado,2024-09-13,2024-07-17,2024-09-13,True
1d7fe8ac-2147-59a2-b6c8-e171b2681c3f,2812,S2,A,2024-07-11,con nota,,2024-07-11,,False
30d86f50-ab28-5b09-a612-62765781d14c,2812,S2,A,2024-07-08,con nota,,2024-07-08,,False
435a047c-b216-568f-ba1d-8ad22af29c5d,2812,S2,A,2024-07-10,con nota,,2024-07-10,,False
711a105b-6bab-535c-8559-d33f6b48b697,2812,S2,A,2024-07-15,con nota,,2024-07-15,,False
82c74821-0a18-59a5-b35b-8e5e0a96770d,2812,S2,A,2024-07-10,con nota,,2024-07-10,,False
919d68f1-d0c5-56f4-b3e2-27936f50a241,2812,S2,A,2024-07-10,con nota,,2024-07-10,,False
9c5dc1eb-c35d-56ef-902b-552a1c4e3aef,2812,S2,A,2024-07-17,con nota,,2024-07-17,,False
ac6e2eee-e6dd-5733-9b4a-4e568a986417,2812,S2,A,2024-07-22,con nota,,2024-07-22,,False
aee6cbf2-05c4-5fd5-abf4-53aaee161048,2812,S2,A,2024-07-21,con nota,,2024-07-21,,False
b087e7e2-4850-54b0-8175-03303200035b,2812,S2,A,2024-07-21,desasignado,2024-09-17,2024-07-21,2024-09-17,True
b9facbf6-29ab-55ae-aa89-75b3f95ef27d,2812,S2,A,2024-07-09,con nota,,2024-07-09,,False
bfb0c4a8-e5d5-50a9-880b-4f06cf9de121,2812,S2,A,2024-07-18,con nota,,2024-07-18,,False
bfb8eb31-ec7f-58d3-9056-bff848c8e69d,2812,S2,A,2024-07-18,con nota,,2024-07-18,,False
c5f349ec-47c3-53b7-9e1d-d9bf18f726a3,2812,S2,A,2024-07-14,desasignado,2024-09-23,2024-07-14,2024-09-23,True
c7b997d5-91cd-5f2d-a5b3-12b04e610321,2812,S2,A,2024-07-19,desasignado,2024-10-02,2024-07-19,2024-10-02,True
d3d78ab0-e4e1-5add-9569-389af29f0c5f,2812,S2,A,2024-07-08,con nota,,2024-07-08,,False
e9ab81f9-015e-5d17-873c-1b0fea4f2b58,2812,S2,A,2024-07-10,con nota,,2024-07-10,,False
f0dd015e-2ffc-5cb0-8a06-36638e2cc9bf,2812,S2,A,2024-07-08,con nota,,2024-07-08,,False
f0e271ee-a595-53f7-9c6d-6143d4843865,2812,S2,A,2024-07-09,con nota,,2024-07-09,,False
f39f6a57-4dc7-5776-b537-39cd3bc30f49,2812,S2,A,2024-07-11,con nota,,2024-07-11,,False
033a103c-fbdf-5dda-afd6-6b5429304878,2819,S2,A,2024-07-13,desasignado,2024-10-14,2024-07-13,2024-10-14,True
0a553b8b-585d-50fd-b997-aa6f114ffaf6,2819,S2,A,2024-07-15,con nota,,2024-07-15,,False
1181881d-1271-5070-9d47-c66a61743477,2819,S2,A,2024-07-20,con nota,,2024-07-20,,False
18b33a71-c5ee-5158-a2b5-aa5762772239,2819,S2,A,2024-07-10,con nota,,2024-07-10,,False
1c5edb7d-0ce1-5389-87a1-bde6785557fb,2819,S2,A,2024-07-08,con nota,,2024-07-08,,False
1cfe526c-6423-5755-b329-89a2d9085093,2819,S2,A,2024-07-13,con nota,,2024-07-13,,False
2076888d-44fb-51ad-853e-2a03767511fb,2819,S2,A,2024-07-21,con nota,,2024-07-21,,False
23455a52-fc04-5d1e-8036-f6ee1f915a9f,2819,S2,A,2024-07-19,con nota,,2024-07-19,,False
26570c68-dd6f-5886-82c0-578576c73a75,2819,S2,A,2024-07-11,con nota,,2024-07-11,,False
2dd5e133-d42c-5f10-9c6d-0f4f03b76768,2819,S2,A,2024-07-09,con nota,,2024-07-09,,False
32f146b8-61b8-50f7-bc3c-769691d70f96,2819,S2,A,2024-07-22,con nota,,2024-07-22,,False
39a86973-efa3-509c-8363-d189b08d40fc,2819,S2,A,2024-07-10,con nota,,2024-07-10,,False
3c2c4fbc-7f21-5721-bc92-0f59b1e1f8d6,2819,S2,A,2024-07-17,con nota,,2024-07-17,,False
3ee3a6fb-19aa-5fd3-b450-9391da6bb00d,2819,S2,A,2024-07-15,con nota,,2024-07-15,,False
4a306d08-6aaa-5f9c-ab4b-820d1f241b92,2819,S2,A,2024-07-17,con nota,,2024-07-17,,False
4e6aef50-363b-5386-b2b8-157a02fbe4a3,2819,S2,A,2024-07-19,con nota,,2024-07-19,,False
5b38ffe4-b5cc-5f2e-9d32-70682e50fc97,2819,S2,A,2024-07-22,con nota,,2024-07-22,,False
67097a2e-ec94-5b33-922f-1153b12e7e95,2819,S2,A,2024-07-19,con nota,,2024-07-19,,False
711782c3-1186-5101-9ae9-158e08315c56,2819,S2,A,2024-07-22,con nota,,2024-07-22,,False
74d80850-b8d9-55f0-ba5d-6ac148969f1e,2819,S2,A,2024-07-22,con nota,,2024-07-22,,False
7c71294e-9c0e-514d-956c-b61c03ce0722,2819,S2,A,2024-07-18,con nota,,2024-07-18,,False
9d8b757f-00fd-55fc-b60c-74804ea267b7,2819,S2,A,2024-07-09,con nota,,2024-07-09,,False
ab47b9b9-e7d4-5c8e-8d97-06cca3dfb8db,2819,S2,A,2024-07-12,desasignado,2024-09-19,2024-07-12,2024-09-19,True
aff46efa-3185-503c-a500-ffd7602ad3dc,2819,S2,A,2024-07-22,con nota,,2024-07-22,,False
b1bffc04-aba8-54c6-9172-ea17f1483e9a,2819,S2,A,2024-07-18,con nota,,2024-07-18,,False
fdf7104f-5492-5068-96f8-6d408f32fb7c,2819,S2,A,2024-07-08,con nota,,2024-07-08,,False
0a553b8b-585d-50fd-b997-aa6f114ffaf6,2820,S2,A,2024-07-20,con nota,,2024-07-20,,False
179e6d0b-0f6d-5db7-ae97-4827e95151e3,2820,S2,A,2024-07-11,con nota,,2024-07-11,,False
23455a52-fc04-5d1e-8036-f6ee1f915a9f,2820,S2,A,2024-07-12,desasignado,2024-10-01,2024-07-12,2024-10-01,True
26570c68-dd6f-5886-82c0-578576c73a75,2820,S2,A,2024-07-10,con nota,,2024-07-10,,False
2bfc082b-de5b-5caf-90c2-bd97bc77bd6a,2820,S2,A,2024-07-20,con nota,,2024-07-20,,False
2dd5e133-d42c-5f10-9c6d-0f4f03b76768,2820,S2,A,2024-07-08,con nota,,2024-07-08,,False
38b03b54-edfa-5b7a-bda4-c05f1d380357,2820,S2,A,2024-07-16,con nota,,2024-07-16,,False
3c2c4fbc-7f21-5721-bc92-0f59b1e1f8d6,2820,S2,A,2024-07-13,con nota,,2024-07-13,,False
3ee3a6fb-19aa-5fd3-b450-9391da6bb00d,2820,S2,A,2024-07-19,con nota,,2024-07-19,,False
4584c801-494c-5583-86d6-fd81cc3948f1,2820,S2,A,2024-07-21,con nota,,2024-07-21,,False
4e6aef50-363b-5386-b2b8-157a02fbe4a3,2820,S2,A,2024-07-22,con nota,,2024-07-22,,False
669100b3-1f67-5fba-a327-0a05d6585aa0,2820,S2,A,2024-07-18,con nota,,2024-07-18,,False
9d8b757f-00fd-55fc-b60c-74804ea267b7,2820,S2,A,2024-07-11,con nota,,2024-07-11,,False
aff46efa-3185-503c-a500-ffd7602ad3dc,2820,S2,A,2024-07-22,con nota,,2024-07-22,,False
b5215489-f318-5dc2-9a6a-c14e1b2edaa8,2820,S2,A,2024-07-22,con nota,,2024-07-22,,False
e66bc480-92fe-5315-9420-3c1a234179ac,2820,S2,A,2024-07-17,con nota,,2024-07-17,,False
e87d86ce-c827-5243-b059-3bed73494e1f,2820,S2,A,2024-07-16,con nota,,2024-07-16,,False
ef31df78-e36a-5469-a5f0-f3f2e5f9455b,2820,S2,A,2024-07-19,con nota,,2024-07-19,,False
0a553b8b-585d-50fd-b997-aa6f114ffaf6,2821,S2,A,2024-07-18,con nota,,2024-07-18,,False
1c5edb7d-0ce1-5389-87a1-bde6785557fb,2821,S2,A,2024-07-10,con nota,,2024-07-10,,False
2f2a3f2a-28f6-50dd-95a2-5faed5f8552f,2821,S2,A,2024-07-13,con nota,,2024-07-13,,False
32f146b8-61b8-50f7-bc3c-769691d70f96,2821,S2,A,2024-07-10,desasignado,2024-10-07,2024-07-10,2024-10-07,True
38b03b54-edfa-5b7a-bda4-c05f1d380357,2821,S2,A,2024-07-14,con nota,,2024-07-14,,False
39a86973-efa3-509c-8363-d189b08d40fc,2821,S2,A,2024-07-10,con nota,,2024-07-10,,False
4a306d08-6aaa-5f9c-ab4b-820d1f241b92,2821,S2,A,2024-07-15,con nota,,2024-07-15,,False
5b38ffe4-b5cc-5f2e-9d32-70682e50fc97,2821,S2,A,2024-07-10,con nota,,2024-07-10,,False
941b6cb8-df72-5875-8525-f33fdae7c13d,2821,S2,A,2024-07-19,con nota,,2024-07-19,,False
b5215489-f318-5dc2-9a6a-c14e1b2edaa8,2821,S2,A,2024-07-14,con nota,,2024-07-14,,False
d7395947-e212-57b3-b38d-2b95377e01fa,2821,S2,A,2024-07-09,con nota,,2024-07-09,,False
033a103c-fbdf-5dda-afd6-6b5429304878,2822,S2,A,2024-07-20,con nota,,2024-07-20,,False
1587f2c9-f709-503c-823b-a76643566a8a,2822,S2,A,2024-07-22,con nota,,2024-07-22,,False
179e6d0b-0f6d-5db7-ae97-4827e95151e3,2822,S2,A,2024-07-16,con nota,,2024-07-16,,False
1897479b-0001-5b54-8174-3d9f7027208e,2822,S2,A,2024-07-17,con nota,,2024-07-17,,False
2076888d-44fb-51ad-853e-2a03767511fb,2822,S2,A,2024-07-09,con nota,,2024-07-09,,False
32f146b8-61b8-50f7-bc3c-769691d70f96,2822,S2,A,2024-07-20,con nota,,2024-07-20,,False
4584c801-494c-5583-86d6-fd81cc3948f1,2822,S2,A,2024-07-09,con nota,,2024-07-09,,False
4a306d08-6aaa-5f9c-ab4b-820d1f241b92,2822,S2,A,2024-07-22,con nota,,2024-07-22,,False
669100b3-1f67-5fba-a327-0a05d6585aa0,2822,S2,A,2024-07-09,con nota,,2024-07-09,,False
67097a2e-ec94-5b33-922f-1153b12e7e95,2822,S2,A,2024-07-12,con nota,,2024-07-12,,False
74d80850-b8d9-55f0-ba5d-6ac148969f1e,2822,S2,A,2024-07-12,con nota,,2024-07-12,,False
8298176e-e71a-5857-80de-ca69ed9e9bb4,2822,S2,A,2024-07-12,con nota,,2024-07-12,,False
b1bffc04-aba8-54c6-9172-ea17f1483e9a,2822,S2,A,2024-07-18,con nota,,2024-07-18,,False
b5215489-f318-5dc2-9a6a-c14e1b2edaa8,2822,S2,A,2024-07-22,con nota,,2024-07-22,,False
d7395947-e212-57b3-b38d-2b95377e01fa,2822,S2,A,2024-07-09,con nota,,2024-07-09,,False
e18004d8-6b4d-5f85-b563-a44d5c21c39d,2822,S2,A,2024-07-16,con nota,,2024-07-16,,False
e87d86ce-c827-5243-b059-3bed73494e1f,2822,S2,A,2024-07-12,con nota,,2024-07-12,,False
ef31df78-e36a-5469-a5f0-f3f2e5f9455b,2822,S2,A,2024-07-11,con nota,,2024-07-11,,False
033a103c-fbdf-5dda-afd6-6b5429304878,2823,S2,A,2024-07-10,con nota,,2024-07-10,,False
18b33a71-c5ee-5158-a2b5-aa5762772239,2823,S2,A,2024-07-10,con nota,,2024-07-10,,False
2076888d-44fb-51ad-853e-2a03767511fb,2823,S2,A,2024-07-22,con nota,,2024-07-22,,False
2bfc082b-de5b-5caf-90c2-bd97bc77bd6a,2823,S2,A,2024-07-22,con nota,,2024-07-22,,False
2dd5e133-d42c-5f10-9c6d-0f4f03b76768,2823,S2,A,2024-07-22,con nota,,2024-07-22,,False
2f2a3f2a-28f6-50dd-95a2-5faed5f8552f,2823,S2,A,2024-07-09,con nota,,2024-07-09,,False
39a86973-efa3-509c-8363-d189b08d40fc,2823,S2,A,2024-07-21,con nota,,2024-07-21,,False
3c2c4fbc-7f21-5721-bc92-0f59b1e1f8d6,2823,S2,A,2024-07-14,con nota,,2024-07-14,,False
4e6aef50-363b-5386-b2b8-157a02fbe4a3,2823,S2,A,2024-07-11,desasignado,2024-09-23,2024-07-11,2024-09-23,True
711782c3-1186-5101-9ae9-158e08315c56,2823,S2,A,2024-07-20,con nota,,2024-07-20,,False
74d80850-b8d9-55f0-ba5d-6ac148969f1e,2823,S2,A,2024-07-18,con nota,,2024-07-18,,False
8298176e-e71a-5857-80de-ca69ed9e9bb4,2823,S2,A,2024-07-09,con nota,,2024-07-09,,False
ab47b9b9-e7d4-5c8e-8d97-06cca3dfb8db,2823,S2,A,2024-07-08,con nota,,2024-07-08,,False
b1bffc04-aba8-54c6-9172-ea17f1483e9a,2823,S2,A,2024-07-11,desasignado,2024-10-18,2024-07-11,2024-10-18,True
e66bc480-92fe-5315-9420-3c1a234179ac,2823,S2,A,2024-07-16,desasignado,2024-09-18,2024-07-16,2024-09-18,True
e87d86ce-c827-5243-b059-3bed73494e1f,2823,S2,A,2024-07-16,con nota,,2024-07-16,,False
fdf7104f-5492-5068-96f8-6d408f32fb7c,2823,S2,A,2024-07-21,con nota,,2024-07-21,,False
31c0d36d-c8d2-5f54-8576-179c5db0d849,2829,S2,A,2024-07-15,con nota,,2024-07-15,,False
38cb34a5-05a5-5af4-8c59-1127a33a6e3e,2829,S2,A,2024-07-11,con nota,,2024-07-11,,False
56a5ce3c-8d0b-51a5-940f-f3e91b040fcc,2829,S2,A,2024-07-20,con nota,,2024-07-20,,False
6af2858e-1d0c-505f-8272-789dcd0a9bf5,2829,S2,A,2024-07-21,con nota,,2024-07-21,,False
819e3498-97dd-5043-9bf3-b2813d4d41f6,2829,S2,A,2024-07-09,con nota,,2024-07-09,,False
c83f656f-fd8a-563a-85fd-9a8f9539d381,2829,S2,A,2024-07-12,con nota,,2024-07-12,,False
d0cf7e89-3fc9-5ac9-94b2-1ba5d480cdb1,2829,S2,A,2024-07-21,con nota,,2024-07-21,,False
d18b43dd-fa9f-5af3-b2cd-507f5315f597,2829,S2,A,2024-07-15,con nota,,2024-07-15,,False
e3f06cc9-e450-5211-aaa7-d1e490dfed18,2829,S2,A,2024-07-16,con nota,,2024-07-16,,False
f2b9a44a-2706-5151-be54-8e3148495c13,2829,S2,A,2024-07-10,con nota,,2024-07-10,,False
10f680ac-81d5-576f-82ba-d148f271a6ba,2834,S2,A,2024-07-17,con nota,,2024-07-17,,False
172d1071-6be5-5340-babc-57ca19b4e7df,2834,S2,A,2024-07-19,con nota,,2024-07-19,,False
2e00f910-0e59-5ab9-9e8b-a34bcab03f92,2834,S2,A,2024-07-13,desasignado,2024-10-19,2024-07-13,2024-10-19,True
32e88d76-e8a9-5944-91f2-67940f32b9db,2834,S2,A,2024-07-19,con nota,,2024-07-19,,False
7652cff7-b1c1-512d-b7b3-3fcebcd66836,2834,S2,A,2024-07-15,con nota,,2024-07-15,,False
846ef7fc-83cf-5608-bf9e-87b3ec34f757,2834,S2,A,2024-07-21,con nota,,2024-07-21,,False
859f36a1-cc40-5623-9e54-398e73656d6c,2834,S2,A,2024-07-18,con nota,,2024-07-18,,False
9bdf610d-5561-5b91-8b06-e55510ab5fca,2834,S2,A,2024-07-18,con nota,,2024-07-18,,False
9f318098-1494-5125-906a-ee896264abd1,2834,S2,A,2024-07-16,desasignado,2024-09-24,2024-07-16,2024-09-24,True
b9fa01c5-1203-500e-bd18-c45eb1fbd830,2834,S2,A,2024-07-21,con nota,,2024-07-21,,False
c3c14107-7d2c-5c22-a460-54689410745a,2834,S2,A,2024-07-17,con nota,,2024-07-17,,False
dc5309eb-e2ec-550a-bb50-7b1eaa7753c1,2834,S2,A,2024-07-19,con nota,,2024-07-19,,False
e00823c4-4799-56a2-aef1-8dc8472386dc,2834,S2,A,2024-07-18,con nota,,2024-07-18,,False
e16aed93-afaf-5a41-92f3-2102a9e70a59,2834,S2,A,2024-07-14,con nota,,2024-07-14,,False
fd8244a9-dc81-5ae5-aab5-a1e457c7adf3,2834,S2,A,2024-07-12,con nota,,2024-07-12,,False
10f680ac-81d5-576f-82ba-d148f271a6ba,2836,S2,A,2024-07-19,con nota,,2024-07-19,,False
329e7019-2aa5-5081-be77-b04897cd4e37,2836,S2,A,2024-07-15,con nota,,2024-07-15,,False
32e88d76-e8a9-5944-91f2-67940f32b9db,2836,S2,A,2024-07-14,con nota,,2024-07-14,,False
62d061cf-ef3a-5598-9c6d-8afab4360e19,2836,S2,A,2024-07-20,con nota,,2024-07-20,,False
6963f4f3-6802-5cdd-bd03-ae2ce6377118,2836,S2,A,2024-07-14,con nota,,2024-07-14,,False
733eabf0-8a01-561c-88de-061f75b8feac,2836,S2,A,2024-07-15,con nota,,2024-07-15,,False
846ef7fc-83cf-5608-bf9e-87b3ec34f757,2836,S2,A,2024-07-18,con nota,,2024-07-18,,False
859f36a1-cc40-5623-9e54-398e73656d6c,2836,S2,A,2024-07-18,con nota,,2024-07-18,,False
9bdf610d-5561-5b91-8b06-e55510ab5fca,2836,S2,A,2024-07-09,con nota,,2024-07-09,,False
9f318098-1494-5125-906a-ee896264abd1,2836,S2,A,2024-07-17,con nota,,2024-07-17,,False
bdcc331a-c430-5427-9007-7575f89c6156,2836,S2,A,2024-07-08,con nota,,2024-07-08,,False
dc5309eb-e2ec-550a-bb50-7b1eaa7753c1,2836,S2,A,2024-07-18,con nota,,2024-07-18,,False
e00823c4-4799-56a2-aef1-8dc8472386dc,2836,S2,A,2024-07-21,con nota,,2024-07-21,,False
f0bdd8b3-8568-526f-b13a-c32334a74b0b,2836,S2,A,2024-07-19,con nota,,2024-07-19,,False
10f680ac-81d5-576f-82ba-d148f271a6ba,2837,S2,A,2024-07-10,con nota,,2024-07-10,,False
2e00f910-0e59-5ab9-9e8b-a34bcab03f92,2837,S2,A,2024-07-12,con nota,,2024-07-12,,False
32e88d76-e8a9-5944-91f2-67940f32b9db,2837,S2,A,2024-07-09,con nota,,2024-07-09,,False
451ed091-5db3-5839-be32-db2b8b7ca0ff,2837,S2,A,2024-07-19,con nota,,2024-07-19,,False
62395f84-f265-5879-ab6f-35795935938f,2837,S2,A,2024-07-16,con nota,,2024-07-16,,False
7652cff7-b1c1-512d-b7b3-3fcebcd66836,2837,S2,A,2024-07-13,con nota,,2024-07-13,,False
859f36a1-cc40-5623-9e54-398e73656d6c,2837,S2,A,2024-07-22,con nota,,2024-07-22,,False
8d00d5d2-c516-504c-8edc-ed9329902b7b,2837,S2,A,2024-07-19,con nota,,2024-07-19,,False
94c6c4d2-5d64-5018-a24d-7e0532b95491,2837,S2,A,2024-07-20,con nota,,2024-07-20,,False
b9fa01c5-1203-500e-bd18-c45eb1fbd830,2837,S2,A,2024-07-15,con nota,,2024-07-15,,False
bdcc331a-c430-5427-9007-7575f89c6156,2837,S2,A,2024-07-17,con nota,,2024-07-17,,False
e00823c4-4799-56a2-aef1-8dc8472386dc,2837,S2,A,2024-07-12,con nota,,2024-07-12,,False
fd8244a9-dc81-5ae5-aab5-a1e457c7adf3,2837,S2,A,2024-07-10,desasignado,2024-10-14,2024-07-10,2024-10-14,True
18744750-066d-5952-a07f-87fe04f11287,290,S2,A,2024-07-19,con nota,,2024-07-19,,False
38d3c179-d651-5b38-a95d-5f30eea49bc7,290,S2,A,2024-07-10,con nota,,2024-07-10,,False
4628c082-b668-5afc-a506-1e3c43e99915,290,S2,A,2024-07-17,con nota,,2024-07-17,,False
4fe66740-123b-5ade-8b14-4d392dc1094e,290,S2,A,2024-07-21,con nota,,2024-07-21,,False
670ed2ec-5dc5-5a8a-9e6f-770f70091eb9,290,S2,A,2024-07-15,con nota,,2024-07-15,,False
6c433ed9-ad1e-51e2-9d31-0f92474524f1,290,S2,A,2024-07-11,con nota,,2024-07-11,,False
760374e5-fa63-5431-b172-de8a0abbce5f,290,S2,A,2024-07-08,con nota,,2024-07-08,,False
830d469b-5f0d-5c02-83e5-fb3ef8b12772,290,S2,A,2024-07-17,con nota,,2024-07-17,,False
8feda068-15b3-578a-b249-a538441fafb6,290,S2,A,2024-07-20,con nota,,2024-07-20,,False
a95180f9-77c6-5b98-a2fb-323e641ed050,290,S2,A,2024-07-13,desasignado,2024-10-04,2024-07-13,2024-10-04,True
af7170d5-79af-53e8-ac44-8d6b7e8ad951,290,S2,A,2024-07-18,con nota,,2024-07-18,,False
b2adc362-05d9-54d6-bd03-02e44c27e8c5,290,S2,A,2024-07-13,con nota,,2024-07-13,,False
bc2edb29-4cd5-5fb5-88a5-7dedee94af0d,290,S2,A,2024-07-08,con nota,,2024-07-08,,False
cb7e7a97-6e00-55b0-b580-317f19854827,290,S2,A,2024-07-15,con nota,,2024-07-15,,False
cf78170e-bdcf-5b76-9880-68254df8a507,290,S2,A,2024-07-17,con nota,,2024-07-17,,False
e21547f5-5ca5-5a65-9672-e1f99f10125a,290,S2,A,2024-07-21,con nota,,2024-07-21,,False
f244a686-f32b-5770-9d6b-044f508009fa,290,S2,A,2024-07-13,con nota,,2024-07-13,,False
fc68457e-7e7c-5698-a1c7-1ed0dccba4b3,290,S2,A,2024-07-08,con nota,,2024-07-08,,False
0450959e-48dc-5783-9140-cfcec928c5c5,290,S2,B,2024-07-11,con nota,,2024-07-11,,False
0fa55129-2054-5d0a-ac6a-c453dfc1133a,290,S2,B,2024-07-15,con nota,,2024-07-15,,False
15a0bb40-c6d6-5f6a-8142-f1c5ba0a121a,290,S2,B,2024-07-21,con nota,,2024-07-21,,False
18a74ce6-ba44-5c94-a2c3-22a8ded6786a,290,S2,B,2024-07-13,desasignado,2024-10-20,2024-07-13,2024-10-20,True
23b6caf2-e88d-5562-aa80-01e9ef57ebe9,290,S2,B,2024-07-10,con nota,,2024-07-10,,False
26a06e61-efe0-518d-aa15-c7ace718268a,290,S2,B,2024-07-18,con nota,,2024-07-18,,False
35608fe5-e3c5-504b-8cc2-216c90a13a47,290,S2,B,2024-07-16,con nota,,2024-07-16,,False
36f4d3ec-4023-5b34-8dc2-6e588a93f6a1,290,S2,B,2024-07-22,con nota,,2024-07-22,,False
56d6a85b-af6a-5056-b7e5-6fc2b0054af8,290,S2,B,2024-07-13,con nota,,2024-07-13,,False
731b92fd-50e5-5559-a9d3-96a0748f2373,290,S2,B,2024-07-18,con nota,,2024-07-18,,False
733992a1-b132-51b5-b785-2069b83ece2b,290,S2,B,2024-07-12,con nota,,2024-07-12,,False
75ad2a1d-e65d-5b36-9b02-6dc6f12138a4,290,S2,B,2024-07-08,con nota,,2024-07-08,,False
7aac2ae8-68aa-51a1-b8a6-24cdb91b4935,290,S2,B,2024-07-16,con nota,,2024-07-16,,False
9205f4d0-ca02-57f6-b51e-b705ac0898d7,290,S2,B,2024-07-13,con nota,,2024-07-13,,False
a87d6feb-c363-581e-8e53-245cd9839996,290,S2,B,2024-07-14,con nota,,2024-07-14,,False
b1ada878-5ce8-5e51-bc44-6a5ae1f64971,290,S2,B,2024-07-08,con nota,,2024-07-08,,False
b1cce0db-3292-5ff2-837e-2fda6bc2eb62,290,S2,B,2024-07-22,con nota,,2024-07-22,,False
ba341cb6-848c-5d30-8bb3-6dc3b8ccd016,290,S2,B,2024-07-15,con nota,,2024-07-15,,False
cc8b8c37-cde4-5961-8d5a-293197f83e2e,290,S2,B,2024-07-19,desasignado,2024-09-13,2024-07-19,2024-09-13,True
efa55bd1-a3d6-552e-b4fc-91b4426c5818,290,S2,B,2024-07-12,con nota,,2024-07-12,,False
09770aad-1237-579b-83dd-104f3a439933,290,S2,C,2024-07-12,con nota,,2024-07-12,,False
16882813-1901-5922-b351-e490c6282bc4,290,S2,C,2024-07-09,con nota,,2024-07-09,,False
229d23a0-bac6-55e3-9d53-ef85f45542e0,290,S2,C,2024-07-10,con nota,,2024-07-10,,False
2e33f779-921b-597f-99f2-6ff5b1d80351,290,S2,C,2024-07-17,con nota,,2024-07-17,,False
329a5540-4d0e-50b1-8e8d-41575a82dc8b,290,S2,C,2024-07-22,con nota,,2024-07-22,,False
3d7d6836-0718-514f-9b1c-cb60e1a84ee4,290,S2,C,2024-07-14,con nota,,2024-07-14,,False
3f2755ef-7031-5580-be34-89f9ba198194,290,S2,C,2024-07-18,con nota,,2024-07-18,,False
41c3459c-e2e4-550d-a299-2cc964c7cfea,290,S2,C,2024-07-18,desasignado,2024-09-29,2024-07-18,2024-09-29,True
470d2f0d-6871-50f9-b19a-adce9759f72b,290,S2,C,2024-07-12,con nota,,2024-07-12,,False
475a203e-ec49-5017-a37b-31943557dcc9,290,S2,C,2024-07-14,con nota,,2024-07-14,,False
4a07ae27-bce6-5958-80da-0b26f4d4650a,290,S2,C,2024-07-08,con nota,,2024-07-08,,False
5604fdd0-7da5-5e29-9a3c-ff1a0345ec7d,290,S2,C,2024-07-08,con nota,,2024-07-08,,False
61b4785b-fce3-5388-98b4-78ae1eab1273,290,S2,C,2024-07-11,con nota,,2024-07-11,,False
650bbd69-f91f-582d-aed1-6aaf74b21405,290,S2,C,2024-07-16,con nota,,2024-07-16,,False
6d078a78-d8e3-5b7a-89a1-43baa31b9780,290,S2,C,2024-07-17,con nota,,2024-07-17,,False
6e7eeb15-ed34-52a3-9b2e-94a14ced704f,290,S2,C,2024-07-11,con nota,,2024-07-11,,False
717b731e-7f1f-5d15-97ab-fe9730798a9c,290,S2,C,2024-07-11,con nota,,2024-07-11,,False
78442ff4-9731-59db-a8f6-bcf204414ad0,290,S2,C,2024-07-16,con nota,,2024-07-16,,False
7d36a894-5a69-5be2-93a2-a8c1d01df056,290,S2,C,2024-07-16,con nota,,2024-07-16,,False
87311978-cada-5886-b1e3-28401b95cf8e,290,S2,C,2024-07-08,con nota,,2024-07-08,,False
8d0b01b6-3de2-5be7-87a9-01eb3806e177,290,S2,C,2024-07-09,con nota,,2024-07-09,,False
94094ee0-2717-54ef-be78-798722ef727a,290,S2,C,2024-07-16,con nota,,2024-07-16,,False
a5be436a-cb69-5107-956d-501d659bb0d7,290,S2,C,2024-07-16,con nota,,2024-07-16,,False
ab49c2b1-e673-50f6-ae4a-e5b321756a15,290,S2,C,2024-07-09,con nota,,2024-07-09,,False
acdb052b-d554-5cc6-aa3a-c75827d8310b,290,S2,C,2024-07-08,con nota,,2024-07-08,,False
b06bcec0-b3a3-50b9-a1ec-953a4674371d,290,S2,C,2024-07-10,con nota,,2024-07-10,,False
b69b6146-9244-5946-800b-bab8d07fdf29,290,S2,C,2024-07-21,con nota,,2024-07-21,,False
bc607b11-c7c3-5cd1-b0c4-f95fabb7d1bf,290,S2,C,2024-07-21,con nota,,2024-07-21,,False
c41dd30f-7c59-5647-a164-2c5d11a89c90,290,S2,C,2024-07-12,con nota,,2024-07-12,,False
c5252bea-0a8d-5efa-82fb-26d83372a130,290,S2,C,2024-07-10,desasignado,2024-10-11,2024-07-10,2024-10-11,True
c7cd1346-234a-5f30-b884-48b69a36b80d,290,S2,C,2024-07-10,con nota,,2024-07-10,,False
d0d32b44-cc7d-5dc8-8f44-2e0cadff8dca,290,S2,C,2024-07-11,con nota,,2024-07-11,,False
e6cecf06-57d6-5cdb-b2ba-c309cb7cab41,290,S2,C,2024-07-16,con nota,,2024-07-16,,False
e95f73c9-1239-50f0-9bb5-6421a9c0181e,290,S2,C,2024-07-11,con nota,,2024-07-11,,False
fac41a8d-eab7-5a4c-ba54-a8d0c1f74902,290,S2,C,2024-07-20,con nota,,2024-07-20,,False
366b165f-922c-5847-b813-fc6ef6c3a751,290,S2,D,2024-07-22,con nota,,2024-07-22,,False
3e286a49-0d95-56da-aeae-91cae0ed2763,290,S2,D,2024-07-18,con nota,,2024-07-18,,False
536a507b-cae9-556a-aca9-6fa541df708f,290,S2,D,2024-07-21,desasignado,2024-10-13,2024-07-21,2024-10-13,True
83c5a92d-1d67-5123-9563-d6dad24bbc27,290,S2,D,2024-07-09,con nota,,2024-07-09,,False
85f6e33e-822a-59b2-a749-33e5034486fd,290,S2,D,2024-07-15,con nota,,2024-07-15,,False
a0ce5501-c941-5d6f-bdff-a357ccb52bd7,290,S2,D,2024-07-20,con nota,,2024-07-20,,False
bd77a48a-9406-51ae-a620-b28897754dec,290,S2,D,2024-07-15,con nota,,2024-07-15,,False
cb2a28b9-397d-5feb-a252-7b8abaccc929,290,S2,D,2024-07-17,con nota,,2024-07-17,,False
0c06f8f4-288d-57e0-8936-3d81fc7db2e7,291,S2,A,2024-07-11,con nota,,2024-07-11,,False
16882813-1901-5922-b351-e490c6282bc4,291,S2,A,2024-07-21,desasignado,2024-10-06,2024-07-21,2024-10-06,True
18a74ce6-ba44-5c94-a2c3-22a8ded6786a,291,S2,A,2024-07-16,con nota,,2024-07-16,,False
229d23a0-bac6-55e3-9d53-ef85f45542e0,291,S2,A,2024-07-11,con nota,,2024-07-11,,False
3f2755ef-7031-5580-be34-89f9ba198194,291,S2,A,2024-07-14,con nota,,2024-07-14,,False
56d6a85b-af6a-5056-b7e5-6fc2b0054af8,291,S2,A,2024-07-20,con nota,,2024-07-20,,False
6d078a78-d8e3-5b7a-89a1-43baa31b9780,291,S2,A,2024-07-09,con nota,,2024-07-09,,False
7aac2ae8-68aa-51a1-b8a6-24cdb91b4935,291,S2,A,2024-07-09,con nota,,2024-07-09,,False
7e033645-6b36-5b24-be88-ef2953f2c850,291,S2,A,2024-07-10,con nota,,2024-07-10,,False
829d6bb7-6b71-5f40-9045-d49c7a41f459,291,S2,A,2024-07-19,con nota,,2024-07-19,,False
9af53817-e9ec-5854-a2a5-e577ccaf67ed,291,S2,A,2024-07-16,con nota,,2024-07-16,,False
ab49c2b1-e673-50f6-ae4a-e5b321756a15,291,S2,A,2024-07-22,con nota,,2024-07-22,,False
b2adc362-05d9-54d6-bd03-02e44c27e8c5,291,S2,A,2024-07-08,con nota,,2024-07-08,,False
bc607b11-c7c3-5cd1-b0c4-f95fabb7d1bf,291,S2,A,2024-07-21,con nota,,2024-07-21,,False
c7cd1346-234a-5f30-b884-48b69a36b80d,291,S2,A,2024-07-13,con nota,,2024-07-13,,False
d931f9da-177d-519e-9604-82c77ffd7dfc,291,S2,A,2024-07-18,con nota,,2024-07-18,,False
efa55bd1-a3d6-552e-b4fc-91b4426c5818,291,S2,A,2024-07-21,con nota,,2024-07-21,,False
f4079fd7-040c-5036-b7a6-c0842fed660b,291,S2,A,2024-07-22,desasignado,2024-10-23,2024-07-22,2024-10-23,True
2025c707-2bf8-5151-be4c-a2a603e99860,291,S2,B,2024-07-10,con nota,,2024-07-10,,False
257724e2-11c9-5663-88d5-df9d1c7c66c6,291,S2,B,2024-07-19,con nota,,2024-07-19,,False
35608fe5-e3c5-504b-8cc2-216c90a13a47,291,S2,B,2024-07-16,con nota,,2024-07-16,,False
4a07ae27-bce6-5958-80da-0b26f4d4650a,291,S2,B,2024-07-12,con nota,,2024-07-12,,False
731b92fd-50e5-5559-a9d3-96a0748f2373,291,S2,B,2024-07-09,con nota,,2024-07-09,,False
75ad2a1d-e65d-5b36-9b02-6dc6f12138a4,291,S2,B,2024-07-09,con nota,,2024-07-09,,False
c41dd30f-7c59-5647-a164-2c5d11a89c90,291,S2,B,2024-07-14,con nota,,2024-07-14,,False
c922de12-eb27-59e0-bffe-295050a28a20,291,S2,B,2024-07-16,con nota,,2024-07-16,,False
101fcc1c-02cb-502a-895a-dc14ec8bc4fc,292,S2,A,2024-07-17,con nota,,2024-07-17,,False
18a74ce6-ba44-5c94-a2c3-22a8ded6786a,292,S2,A,2024-07-10,con nota,,2024-07-10,,False
366b165f-922c-5847-b813-fc6ef6c3a751,292,S2,A,2024-07-20,con nota,,2024-07-20,,False
36f4d3ec-4023-5b34-8dc2-6e588a93f6a1,292,S2,A,2024-07-10,con nota,,2024-07-10,,False
6d078a78-d8e3-5b7a-89a1-43baa31b9780,292,S2,A,2024-07-14,con nota,,2024-07-14,,False
819b9b1c-476d-5b64-949b-8bb80947bfde,292,S2,A,2024-07-09,con nota,,2024-07-09,,False
83c5a92d-1d67-5123-9563-d6dad24bbc27,292,S2,A,2024-07-15,con nota,,2024-07-15,,False
857bee19-f5cc-5925-8f6d-5e6dc8b42cb7,292,S2,A,2024-07-18,con nota,,2024-07-18,,False
ab49c2b1-e673-50f6-ae4a-e5b321756a15,292,S2,A,2024-07-09,con nota,,2024-07-09,,False
bc2edb29-4cd5-5fb5-88a5-7dedee94af0d,292,S2,A,2024-07-12,con nota,,2024-07-12,,False
c7cd1346-234a-5f30-b884-48b69a36b80d,292,S2,A,2024-07-14,con nota,,2024-07-14,,False
cb2a28b9-397d-5feb-a252-7b8abaccc929,292,S2,A,2024-07-09,con nota,,2024-07-09,,False
15a0bb40-c6d6-5f6a-8142-f1c5ba0a121a,292,S2,B,2024-07-13,con nota,,2024-07-13,,False
23b6caf2-e88d-5562-aa80-01e9ef57ebe9,292,S2,B,2024-07-22,desasignado,2024-10-18,2024-07-22,2024-10-18,True
3e286a49-0d95-56da-aeae-91cae0ed2763,292,S2,B,2024-07-08,con nota,,2024-07-08,,False
7d36a894-5a69-5be2-93a2-a8c1d01df056,292,S2,B,2024-07-13,con nota,,2024-07-13,,False
b1ada878-5ce8-5e51-bc44-6a5ae1f64971,292,S2,B,2024-07-18,con nota,,2024-07-18,,False
b3997c2f-90c6-5168-9d2b-373122f6b85d,292,S2,B,2024-07-18,con nota,,2024-07-18,,False
bd77a48a-9406-51ae-a620-b28897754dec,292,S2,B,2024-07-20,con nota,,2024-07-20,,False
ca045e8e-72e0-524e-b94e-790662c03e9c,292,S2,B,2024-07-11,con nota,,2024-07-11,,False
d931f9da-177d-519e-9604-82c77ffd7dfc,292,S2,B,2024-07-09,con nota,,2024-07-09,,False
e6cecf06-57d6-5cdb-b2ba-c309cb7cab41,292,S2,B,2024-07-15,con nota,,2024-07-15,,False
03428918-b91e-5e08-aaa6-3e1037681d49,670,S2,A,2024-07-20,con nota,,2024-07-20,,False
20470cf5-2acb-53ea-8996-70426c23e593,670,S2,A,2024-07-10,con nota,,2024-07-10,,False
327817b1-69ac-5335-a21d-9b8f2b559853,670,S2,A,2024-07-11,con nota,,2024-07-11,,False
58b6a601-745d-570f-94ed-2ad0438822dc,670,S2,A,2024-07-09,con nota,,2024-07-09,,False
80be8af0-a5ec-534c-8e5d-0a36ec0491a5,670,S2,A,2024-07-20,con nota,,2024-07-20,,False
a5b8b644-851f-5f51-9a26-7f64e89643f7,670,S2,A,2024-07-10,con nota,,2024-07-10,,False
b89cb3da-fce8-5a95-a009-7086c816ed58,670,S2,A,2024-07-15,con nota,,2024-07-15,,False
bfb0c4a8-e5d5-50a9-880b-4f06cf9de121,670,S2,A,2024-07-16,con nota,,2024-07-16,,False
faf14236-d1d9-56b9-93b3-a0446dff8a53,670,S2,A,2024-07-14,con nota,,2024-07-14,,False
385d8efa-6168-5aa3-ada8-a2e6a2d12d83,673,S2,A,2024-07-22,con nota,,2024-07-22,,False
3d7b4965-b27a-514f-80f3-5afca2189109,673,S2,A,2024-07-10,con nota,,2024-07-10,,False
650bbd69-f91f-582d-aed1-6aaf74b21405,673,S2,A,2024-07-18,con nota,,2024-07-18,,False
6bd36f7f-f413-50fc-9d21-a81519a0f9ae,673,S2,A,2024-07-19,con nota,,2024-07-19,,False
837fc661-96eb-586d-b4c9-f77b85563c15,673,S2,A,2024-07-20,con nota,,2024-07-20,,False
8adbc82c-808f-5b1d-b86c-04b04f2a4aad,673,S2,A,2024-07-15,con nota,,2024-07-15,,False
b01c0133-92dd-5f13-8b4b-3e6a951b3bb4,673,S2,A,2024-07-18,con nota,,2024-07-18,,False
bd33a1e4-88e2-5537-8532-82d6a9b59ed2,673,S2,A,2024-07-14,con nota,,2024-07-14,,False
e01ffccc-2b4c-54a9-9a6e-07307564f527,673,S2,A,2024-07-17,con nota,,2024-07-17,,False
258230b7-9a78-5154-bafa-abd2bb5f077f,674,S2,A,2024-07-15,con nota,,2024-07-15,,False
2993393f-9a74-58c6-b1c7-dd72e54f82e4,674,S2,A,2024-07-12,con nota,,2024-07-12,,False
3d7b4965-b27a-514f-80f3-5afca2189109,674,S2,A,2024-07-12,con nota,,2024-07-12,,False
619e0687-c73c-51a5-96c5-00517e00097a,674,S2,A,2024-07-14,con nota,,2024-07-14,,False
78442ff4-9731-59db-a8f6-bcf204414ad0,674,S2,A,2024-07-09,con nota,,2024-07-09,,False
7f9606ee-06b3-5cde-b8e8-5ecc400c2647,674,S2,A,2024-07-11,con nota,,2024-07-11,,False
8f991504-6b31-501a-864a-6713b5eebd07,674,S2,A,2024-07-18,con nota,,2024-07-18,,False
a470abbf-738a-5dfb-8bb6-e50d4c2f9d24,674,S2,A,2024-07-09,con nota,,2024-07-09,,False
d4527165-c6ec-5c29-a3ed-988cd19e5f3f,674,S2,A,2024-07-12,con nota,,2024-07-12,,False
f113ca9c-f96d-574a-8d4e-37dbed8a6755,674,S2,A,2024-07-13,con nota,,2024-07-13,,False
10a2c72f-365b-57d6-bd26-e86b0e4d68c2,685,S2,A,2024-07-10,desasignado,2024-09-27,2024-07-10,2024-09-27,True
1455f2e4-769b-5a64-aff9-ce869cd2fa54,685,S2,A,2024-07-18,con nota,,2024-07-18,,False
1a3f74b9-a360-5601-b622-f749de1c4cdf,685,S2,A,2024-07-20,con nota,,2024-07-20,,False
1d7fe8ac-2147-59a2-b6c8-e171b2681c3f,685,S2,A,2024-07-14,con nota,,2024-07-14,,False
4f4fe168-4caf-5a0c-887e-3bef44e26ba4,685,S2,A,2024-07-18,desasignado,2024-10-15,2024-07-18,2024-10-15,True
908ad6b6-bcca-5db9-bd43-adb0a789cb28,685,S2,A,2024-07-08,con nota,,2024-07-08,,False
b087e7e2-4850-54b0-8175-03303200035b,685,S2,A,2024-07-09,con nota,,2024-07-09,,False
c5b1ebc7-fe00-5c45-907f-133c48cc8f5e,685,S2,A,2024-07-18,con nota,,2024-07-18,,False
d2e328c9-2152-5877-9404-46f05cc67380,685,S2,A,2024-07-22,con nota,,2024-07-22,,False
faf14236-d1d9-56b9-93b3-a0446dff8a53,685,S2,A,2024-07-11,con nota,,2024-07-11,,False
083bb1b4-e24d-5c3f-8e22-efe135144eab,690,S2,A,2024-07-11,con nota,,2024-07-11,,False
1181881d-1271-5070-9d47-c66a61743477,690,S2,A,2024-07-13,con nota,,2024-07-13,,False
1897479b-0001-5b54-8174-3d9f7027208e,690,S2,A,2024-07-19,con nota,,2024-07-19,,False
1c5edb7d-0ce1-5389-87a1-bde6785557fb,690,S2,A,2024-07-22,con nota,,2024-07-22,,False
23455a52-fc04-5d1e-8036-f6ee1f915a9f,690,S2,A,2024-07-19,con nota,,2024-07-19,,False
38b03b54-edfa-5b7a-bda4-c05f1d380357,690,S2,A,2024-07-11,con nota,,2024-07-11,,False
3c2c4fbc-7f21-5721-bc92-0f59b1e1f8d6,690,S2,A,2024-07-10,con nota,,2024-07-10,,False
3ee3a6fb-19aa-5fd3-b450-9391da6bb00d,690,S2,A,2024-07-19,con nota,,2024-07-19,,False
4584c801-494c-5583-86d6-fd81cc3948f1,690,S2,A,2024-07-10,con nota,,2024-07-10,,False
4a306d08-6aaa-5f9c-ab4b-820d1f241b92,690,S2,A,2024-07-13,con nota,,2024-07-13,,False
4e6aef50-363b-5386-b2b8-157a02fbe4a3,690,S2,A,2024-07-11,con nota,,2024-07-11,,False
5b38ffe4-b5cc-5f2e-9d32-70682e50fc97,690,S2,A,2024-07-11,con nota,,2024-07-11,,False
669100b3-1f67-5fba-a327-0a05d6585aa0,690,S2,A,2024-07-14,con nota,,2024-07-14,,False
7c71294e-9c0e-514d-956c-b61c03ce0722,690,S2,A,2024-07-12,con nota,,2024-07-12,,False
8298176e-e71a-5857-80de-ca69ed9e9bb4,690,S2,A,2024-07-15,con nota,,2024-07-15,,False
9d8b757f-00fd-55fc-b60c-74804ea267b7,690,S2,A,2024-07-13,con nota,,2024-07-13,,False
d7395947-e212-57b3-b38d-2b95377e01fa,690,S2,A,2024-07-16,con nota,,2024-07-16,,False
e3f06cc9-e450-5211-aaa7-d1e490dfed18,690,S2,A,2024-07-19,con nota,,2024-07-19,,False
e66bc480-92fe-5315-9420-3c1a234179ac,690,S2,A,2024-07-15,con nota,,2024-07-15,,False
e87d86ce-c827-5243-b059-3bed73494e1f,690,S2,A,2024-07-14,con nota,,2024-07-14,,False
f9b10102-89c3-5064-a304-8531633168cb,690,S2,A,2024-07-19,con nota,,2024-07-19,,False
fdf7104f-5492-5068-96f8-6d408f32fb7c,690,S2,A,2024-07-11,desasignado,2024-10-03,2024-07-11,2024-10-03,True
2f29da26-30bd-532b-9d7f-881c2de77b44,694,S2,A,2024-07-12,con nota,,2024-07-12,,False
4a6b3546-7880-595e-b541-6aab9d24320b,694,S2,A,2024-07-17,con nota,,2024-07-17,,False
4ad432f3-551d-5be7-8c6b-3119f5486a77,694,S2,A,2024-07-08,con nota,,2024-07-08,,False
5f682d23-c8ca-56c5-87a4-a1e5f6295097,694,S2,A,2024-07-20,con nota,,2024-07-20,,False
6bb97f95-e313-5cc7-bef3-47a9c8f29a52,694,S2,A,2024-07-16,con nota,,2024-07-16,,False
c89bf0ca-8b71-5ca2-971d-575175c65ad9,694,S2,A,2024-07-19,con nota,,2024-07-19,,False
daac4940-d50e-5f20-8627-7705544803ed,694,S2,A,2024-07-14,con nota,,2024-07-14,,False
f495d99d-1544-59a5-b354-52fd3724f756,694,S2,A,2024-07-12,con nota,,2024-07-12,,False
fcb564ba-dcd6-5948-b405-a71674ce7049,694,S2,A,2024-07-20,con nota,,2024-07-20,,False
690768a4-bb18-595a-a71f-c99fe2a9eb6e,779,S2,A,2024-07-19,con nota,,2024-07-19,,False
d14b3e31-2a2e-5d74-a02b-19460fe28aa5,779,S2,A,2024-07-12,con nota,,2024-07-12,,False
f0dd015e-2ffc-5cb0-8a06-36638e2cc9bf,779,S2,A,2024-07-21,con nota,,2024-07-21,,False
0875f04d-ba62-524b-9469-180d7b74c579,795,S2,A,2024-07-10,con nota,,2024-07-10,,False
3d77a469-e655-55fe-805c-791030382035,795,S2,A,2024-07-20,con nota,,2024-07-20,,False
4dc4aa77-9ac0-5bc3-a84e-2b88879b68a8,795,S2,A,2024-07-11,con nota,,2024-07-11,,False
5cfb66d3-10c8-5710-97b6-8bd25d49adff,795,S2,A,2024-07-22,desasignado,2024-10-23,2024-07-22,2024-10-23,True
78985e7d-ee45-54ea-9fa9-bfacc2ee4797,795,S2,A,2024-07-11,con nota,,2024-07-11,,False
8bc617b7-d1c6-5083-a14d-f3fb4bc50494,795,S2,A,2024-07-13,desasignado,2024-10-13,2024-07-13,2024-10-13,True
98bd6a13-8add-5575-9388-3bae6a5ba51c,795,S2,A,2024-07-08,con nota,,2024-07-08,,False
b6f67e91-3fbc-5e3c-9701-7f82ed8816ec,795,S2,A,2024-07-14,con nota,,2024-07-14,,False
bb2df0dc-340e-59b9-8c78-651baefa28d4,795,S2,A,2024-07-12,con nota,,2024-07-12,,False
c3fdd0ea-defe-56bf-8614-d4895c9df8cb,795,S2,A,2024-07-13,con nota,,2024-07-13,,False
ca1fd280-c70c-5620-9699-ff3834093054,795,S2,A,2024-07-13,con nota,,2024-07-13,,False
f165b21b-a360-52d6-a848-f2b84f7a3202,795,S2,A,2024-07-08,con nota,,2024-07-08,,False
8d00d5d2-c516-504c-8edc-ed9329902b7b,912,S2,A,2024-07-14,con nota,,2024-07-14,,False
dc5309eb-e2ec-550a-bb50-7b1eaa7753c1,912,S2,A,2024-07-16,con nota,,2024-07-16,,False
f0bdd8b3-8568-526f-b13a-c32334a74b0b,912,S2,A,2024-07-09,con nota,,2024-07-09,,False
fd8244a9-dc81-5ae5-aab5-a1e457c7adf3,912,S2,A,2024-07-16,con nota,,2024-07-16,,False
508865ff-526c-5b08-8f0b-36822182e26c,919,S2,A,2024-07-12,con nota,,2024-07-12,,False
80fd2144-9a50-53ec-86c3-7660cc3a92ca,919,S2,A,2024-07-22,con nota,,2024-07-22,,False
9fb68156-bea9-5d9c-9ac8-4c74978e183e,919,S2,A,2024-07-19,con nota,,2024-07-19,,False
c8b29424-3564-5114-8e8b-3ec7edb4631a,919,S2,A,2024-07-11,con nota,,2024-07-11,,False
f9eea9a9-015d-521f-ace7-3f3f5190ac81,919,S2,A,2024-07-08,con nota,,2024-07-08,,False
fc5db985-05cf-59ad-a8d8-e6a91932d72c,919,S2,A,2024-07-14,con nota,,2024-07-14,,False
3d77a469-e655-55fe-805c-791030382035,943,S2,A,2024-07-17,con nota,,2024-07-17,,False
be4cc3ed-a3b2-5e94-bdab-cb425a63135a,943,S2,A,2024-07-11,con nota,,2024-07-11,,False
c9ab122a-e4e7-51dc-af6b-059ecfaf700a,943,S2,A,2024-07-15,con nota,,2024-07-15,,False
ef638bbd-09bd-5411-8a78-9f02760fef4d,943,S2,A,2024-07-16,con nota,,2024-07-16,,False
f37f66a2-3ef2-5947-8f55-1145199e62f0,943,S2,A,2024-07-09,con nota,,2024-07-09,,False
0450959e-48dc-5783-9140-cfcec928c5c5,949,S2,A,2024-07-16,con nota,,2024-07-16,,False
0c06f8f4-288d-57e0-8936-3d81fc7db2e7,949,S2,A,2024-07-08,con nota,,2024-07-08,,False
0fa55129-2054-5d0a-ac6a-c453dfc1133a,949,S2,A,2024-07-15,con nota,,2024-07-15,,False
18a74ce6-ba44-5c94-a2c3-22a8ded6786a,949,S2,A,2024-07-12,con nota,,2024-07-12,,False
229d23a0-bac6-55e3-9d53-ef85f45542e0,949,S2,A,2024-07-16,desasignado,2024-10-04,2024-07-16,2024-10-04,True
23b6caf2-e88d-5562-aa80-01e9ef57ebe9,949,S2,A,2024-07-20,con nota,,2024-07-20,,False
287283ce-fcaf-5519-a49e-3dea1c655f86,949,S2,A,2024-07-21,con nota,,2024-07-21,,False
70b2bc66-3db1-536f-8061-39cc18e139ea,949,S2,A,2024-07-18,con nota,,2024-07-18,,False
731b92fd-50e5-5559-a9d3-96a0748f2373,949,S2,A,2024-07-12,con nota,,2024-07-12,,False
75ad2a1d-e65d-5b36-9b02-6dc6f12138a4,949,S2,A,2024-07-10,con nota,,2024-07-10,,False
7e033645-6b36-5b24-be88-ef2953f2c850,949,S2,A,2024-07-21,con nota,,2024-07-21,,False
829d6bb7-6b71-5f40-9045-d49c7a41f459,949,S2,A,2024-07-18,con nota,,2024-07-18,,False
830d469b-5f0d-5c02-83e5-fb3ef8b12772,949,S2,A,2024-07-14,con nota,,2024-07-14,,False
a5be436a-cb69-5107-956d-501d659bb0d7,949,S2,A,2024-07-09,con nota,,2024-07-09,,False
b1ada878-5ce8-5e51-bc44-6a5ae1f64971,949,S2,A,2024-07-13,con nota,,2024-07-13,,False
b1cce0db-3292-5ff2-837e-2fda6bc2eb62,949,S2,A,2024-07-17,con nota,,2024-07-17,,False
c7cd1346-234a-5f30-b884-48b69a36b80d,949,S2,A,2024-07-10,con nota,,2024-07-10,,False
cb2a28b9-397d-5feb-a252-7b8abaccc929,949,S2,A,2024-07-10,con nota,,2024-07-10,,False
e6cecf06-57d6-5cdb-b2ba-c309cb7cab41,949,S2,A,2024-07-18,con nota,,2024-07-18,,False
f4079fd7-040c-5036-b7a6-c0842fed660b,949,S2,A,2024-07-22,desasignado,2024-09-17,2024-07-22,2024-09-17,True
160c76d2-e6fd-5b5f-848d-57e6bb964df3,949,S2,B,2024-07-14,con nota,,2024-07-14,,False
16882813-1901-5922-b351-e490c6282bc4,949,S2,B,2024-07-17,con nota,,2024-07-17,,False
3990bdb0-1b8f-5889-897b-07750b6beeab,949,S2,B,2024-07-21,con nota,,2024-07-21,,False
6805b9fb-41ed-5a31-ad5a-85709d91a8bb,949,S2,B,2024-07-09,con nota,,2024-07-09,,False
71806101-b15f-5375-91f0-eafc01d04a08,949,S2,B,2024-07-17,con nota,,2024-07-17,,False
85f6e33e-822a-59b2-a749-33e5034486fd,949,S2,B,2024-07-10,con nota,,2024-07-10,,False
89e30471-3014-5c79-9455-e1c4f2ee60bd,949,S2,B,2024-07-12,con nota,,2024-07-12,,False
8d0b01b6-3de2-5be7-87a9-01eb3806e177,949,S2,B,2024-07-20,con nota,,2024-07-20,,False
0eb4976d-25ba-5524-a0db-2266a874f6ef,950,S2,A,2024-07-12,con nota,,2024-07-12,,False
508865ff-526c-5b08-8f0b-36822182e26c,950,S2,A,2024-07-13,con nota,,2024-07-13,,False
55336854-e2aa-563e-8035-7284b4ccc98d,950,S2,A,2024-07-15,con nota,,2024-07-15,,False
b6f67e91-3fbc-5e3c-9701-7f82ed8816ec,950,S2,A,2024-07-14,con nota,,2024-07-14,,False
ef638bbd-09bd-5411-8a78-9f02760fef4d,950,S2,A,2024-07-21,con nota,,2024-07-21,,False
4a6b3546-7880-595e-b541-6aab9d24320b,094,V1,A,2024-05-31,con nota,,2024-05-31,,False
9a98393a-472a-543c-b2c9-606126573d51,094,V1,A,2024-06-03,con nota,,2024-06-03,,False
b69b6146-9244-5946-800b-bab8d07fdf29,094,V1,A,2024-05-28,con nota,,2024-05-28,,False
d118687e-00c4-575c-a6cb-42161dba4e09,094,V1,A,2024-05-28,con nota,,2024-05-28,,False
ea6d5422-828f-5de1-9fda-fcc0b60d4590,094,V1,A,2024-06-02,con nota,,2024-06-02,,False
f4c71755-c25b-53e6-aae7-bf388a03494c,094,V1,A,2024-05-29,con nota,,2024-05-29,,False
160c76d2-e6fd-5b5f-848d-57e6bb964df3,146,V1,A,2024-05-29,con nota,,2024-05-29,,False
257724e2-11c9-5663-88d5-df9d1c7c66c6,146,V1,A,2024-05-27,con nota,,2024-05-27,,False
38d3c179-d651-5b38-a95d-5f30eea49bc7,146,V1,A,2024-06-03,con nota,,2024-06-03,,False
3b839c8a-1e03-5728-b057-2689dbdd202e,146,V1,A,2024-06-03,desasignado,2024-06-11,2024-06-03,2024-06-11,True
3bdd6bd7-2493-5fef-97d2-19101e40630a,146,V1,A,2024-05-29,con nota,,2024-05-29,,False
3d26acfe-2654-5f55-abd4-4977a7b03cf5,146,V1,A,2024-05-27,con nota,,2024-05-27,,False
6c433ed9-ad1e-51e2-9d31-0f92474524f1,146,V1,A,2024-05-28,con nota,,2024-05-28,,False
71806101-b15f-5375-91f0-eafc01d04a08,146,V1,A,2024-05-31,con nota,,2024-05-31,,False
8dc5c8ce-0b27-50c3-bec7-fce9414db9bf,146,V1,A,2024-06-02,con nota,,2024-06-02,,False
9ef93136-4252-556a-b27a-56284b0733c6,146,V1,A,2024-05-29,con nota,,2024-05-29,,False
af7170d5-79af-53e8-ac44-8d6b7e8ad951,146,V1,A,2024-06-01,con nota,,2024-06-01,,False
c27c04eb-b36c-5f95-a9ff-ba3b43c1f175,146,V1,A,2024-06-03,con nota,,2024-06-03,,False
ca6fc301-a539-586c-9789-e3d1605db2b0,146,V1,A,2024-05-29,desasignado,2024-06-14,2024-05-29,2024-06-14,True
cb7e7a97-6e00-55b0-b580-317f19854827,146,V1,A,2024-06-02,con nota,,2024-06-02,,False
ec22dbbf-bcda-5f1d-bfc8-a82e55ec7de9,146,V1,A,2024-05-29,con nota,,2024-05-29,,False
f244a686-f32b-5770-9d6b-044f508009fa,146,V1,A,2024-05-28,con nota,,2024-05-28,,False
16882813-1901-5922-b351-e490c6282bc4,147,V1,A,2024-06-02,con nota,,2024-06-02,,False
18a74ce6-ba44-5c94-a2c3-22a8ded6786a,147,V1,A,2024-06-02,desasignado,2024-06-12,2024-06-02,2024-06-12,True
23b6caf2-e88d-5562-aa80-01e9ef57ebe9,147,V1,A,2024-06-01,con nota,,2024-06-01,,False
366b165f-922c-5847-b813-fc6ef6c3a751,147,V1,A,2024-06-01,con nota,,2024-06-01,,False
41c3459c-e2e4-550d-a299-2cc964c7cfea,147,V1,A,2024-06-01,con nota,,2024-06-01,,False
731b92fd-50e5-5559-a9d3-96a0748f2373,147,V1,A,2024-05-28,con nota,,2024-05-28,,False
75ad2a1d-e65d-5b36-9b02-6dc6f12138a4,147,V1,A,2024-06-03,con nota,,2024-06-03,,False
7d36a894-5a69-5be2-93a2-a8c1d01df056,147,V1,A,2024-05-28,con nota,,2024-05-28,,False
7e033645-6b36-5b24-be88-ef2953f2c850,147,V1,A,2024-05-31,con nota,,2024-05-31,,False
829d6bb7-6b71-5f40-9045-d49c7a41f459,147,V1,A,2024-06-03,con nota,,2024-06-03,,False
b1cce0db-3292-5ff2-837e-2fda6bc2eb62,147,V1,A,2024-05-27,con nota,,2024-05-27,,False
b2adc362-05d9-54d6-bd03-02e44c27e8c5,147,V1,A,2024-06-02,con nota,,2024-06-02,,False
b3997c2f-90c6-5168-9d2b-373122f6b85d,147,V1,A,2024-05-30,con nota,,2024-05-30,,False
bd77a48a-9406-51ae-a620-b28897754dec,147,V1,A,2024-05-30,con nota,,2024-05-30,,False
36f4d3ec-4023-5b34-8dc2-6e588a93f6a1,147,V1,B,2024-05-27,con nota,,2024-05-27,,False
6d078a78-d8e3-5b7a-89a1-43baa31b9780,147,V1,B,2024-06-03,con nota,,2024-06-03,,False
9205f4d0-ca02-57f6-b51e-b705ac0898d7,147,V1,B,2024-05-28,con nota,,2024-05-28,,False
9af53817-e9ec-5854-a2a5-e577ccaf67ed,147,V1,B,2024-06-02,con nota,,2024-06-02,,False
a5be436a-cb69-5107-956d-501d659bb0d7,147,V1,B,2024-05-28,con nota,,2024-05-28,,False
b1ada878-5ce8-5e51-bc44-6a5ae1f64971,147,V1,B,2024-05-30,con nota,,2024-05-30,,False
bc2edb29-4cd5-5fb5-88a5-7dedee94af0d,147,V1,B,2024-06-01,con nota,,2024-06-01,,False
bed9e918-22d8-53c7-891c-03d1739f37c3,147,V1,B,2024-05-30,con nota,,2024-05-30,,False
cb2a28b9-397d-5feb-a252-7b8abaccc929,147,V1,B,2024-05-31,con nota,,2024-05-31,,False
e6cecf06-57d6-5cdb-b2ba-c309cb7cab41,147,V1,B,2024-05-31,con nota,,2024-05-31,,False
08d5616f-376d-5766-b14e-b1d1437e5d1a,169,V1,A,2024-05-27,con nota,,2024-05-27,,False
0a9592c1-41df-56fb-ae5f-49a98f842829,169,V1,A,2024-06-01,con nota,,2024-06-01,,False
1c6583c9-8dab-560b-95ba-62442b620433,169,V1,A,2024-05-31,con nota,,2024-05-31,,False
252d04af-c959-574c-927b-59809a7cf378,169,V1,A,2024-06-03,con nota,,2024-06-03,,False
3bddbee5-05a1-5c39-ac75-9157f041902e,169,V1,A,2024-05-31,con nota,,2024-05-31,,False
4051bf55-d9ef-5c45-94d7-34fa1dad5078,169,V1,A,2024-06-03,con nota,,2024-06-03,,False
421e5b33-6bf8-5c14-a03b-3a4e6da333e6,169,V1,A,2024-06-01,con nota,,2024-06-01,,False
44265d66-98f6-5e01-98b4-22e7f68180a9,169,V1,A,2024-05-28,con nota,,2024-05-28,,False
4d21cea1-ac04-5543-86ff-a481632efb1e,169,V1,A,2024-05-29,con nota,,2024-05-29,,False
72e11633-3227-57e3-b469-86f635587704,169,V1,A,2024-05-31,con nota,,2024-05-31,,False
892d453e-ad59-5c86-bc3e-bdd521dd397b,169,V1,A,2024-05-29,con nota,,2024-05-29,,False
898ef159-1bc5-50f4-a839-8a6328ead4e2,169,V1,A,2024-05-30,con nota,,2024-05-30,,False
92fcb7e2-aae7-5aa4-81b8-b92b825fe8a7,169,V1,A,2024-06-01,con nota,,2024-06-01,,False
9e77d389-c711-5374-8ab7-a5ef908fb2a5,169,V1,A,2024-06-03,con nota,,2024-06-03,,False
a97bb513-eef4-547a-a146-e227965cdee2,169,V1,A,2024-05-28,con nota,,2024-05-28,,False
aa0e548f-62ee-554b-83fc-7eb4613cf4ff,169,V1,A,2024-05-31,con nota,,2024-05-31,,False
b48cf04d-3355-5979-a671-d15244b9f856,169,V1,A,2024-05-31,con nota,,2024-05-31,,False
b91bfdc4-f835-5a86-8106-fce8775833f0,169,V1,A,2024-05-31,con nota,,2024-05-31,,False
c4cf05e9-8e3a-56f4-b1f2-38881baed5d0,169,V1,A,2024-06-01,con nota,,2024-06-01,,False
f6488969-c04b-5ddd-960d-f87b5e1b214f,169,V1,A,2024-06-03,con nota,,2024-06-03,,False
fb399764-8cce-535f-a2de-db636fb7aac4,169,V1,A,2024-05-27,con nota,,2024-05-27,,False
ff9481f2-af23-5a24-9813-859e9c577ab6,169,V1,A,2024-05-28,con nota,,2024-05-28,,False
136359a4-f6ba-5d83-bc2f-db84eb392890,169,V1,B,2024-05-30,con nota,,2024-05-30,,False
13b9c86d-9619-5631-94db-1fa1670bd20b,169,V1,B,2024-05-29,con nota,,2024-05-29,,False
1de648c3-6819-5075-9540-695d387b5ffb,169,V1,B,2024-05-28,con nota,,2024-05-28,,False
263cfab1-83e1-5775-bb4e-9afb1bef241e,169,V1,B,2024-05-30,con nota,,2024-05-30,,False
2a26e298-c5dc-52aa-94db-7ad1d63e65cb,169,V1,B,2024-05-27,con nota,,2024-05-27,,False
3e703abf-7a8c-5481-8fa7-6bc889902317,169,V1,B,2024-05-30,con nota,,2024-05-30,,False
423e74d0-11dd-5a3f-8ce1-5ef8d9ab9064,169,V1,B,2024-05-30,con nota,,2024-05-30,,False
590a15b3-d7a2-52b9-ab96-bf974ee42530,169,V1,B,2024-06-01,con nota,,2024-06-01,,False
63b57290-7942-50f2-9869-50904d311a85,169,V1,B,2024-06-03,con nota,,2024-06-03,,False
682590a1-8178-5261-b1a8-d0e0130255a2,169,V1,B,2024-05-28,con nota,,2024-05-28,,False
77ba4949-674f-5d40-b7e3-d0faee92880d,169,V1,B,2024-05-28,con nota,,2024-05-28,,False
8cd78b9b-ec67-5cc2-a2e0-f9086c2a104e,169,V1,B,2024-05-31,con nota,,2024-05-31,,False
aa8813f5-0192-5963-bd3d-2626ed41657a,169,V1,B,2024-06-03,con nota,,2024-06-03,,False
b481fb0d-4c7d-5dbf-8e5a-85fcf4533ba4,169,V1,B,2024-05-27,con nota,,2024-05-27,,False
f1bca5fd-d3c7-5b2e-a90e-fbbf75fbcb41,169,V1,B,2024-05-28,con nota,,2024-05-28,,False
f23552cd-6876-5561-b470-73e7c5e2bebe,169,V1,B,2024-05-29,con nota,,2024-05-29,,False
fc57b469-8570-5031-b6b6-027ecfb0f9a7,169,V1,B,2024-06-01,con nota,,2024-06-01,,False
fc8f1dd9-0500-5ce4-9533-7c16115f0457,169,V1,B,2024-06-01,desasignado,2024-06-15,2024-06-01,2024-06-15,True
00a20d4b-9043-50fd-9656-3d18b3d769d1,169,V1,C,2024-05-29,con nota,,2024-05-29,,False
0982685f-f12c-5cbc-87fb-2af443788fef,169,V1,C,2024-05-31,con nota,,2024-05-31,,False
270a0504-64d3-5ff7-bda8-d02793ef8a81,169,V1,C,2024-06-02,con nota,,2024-06-02,,False
3513277f-67b8-5015-9843-e138ce7821cd,169,V1,C,2024-05-28,con nota,,2024-05-28,,False
37cf6f59-cc69-576b-ba66-c5cf8fe772c3,169,V1,C,2024-05-31,con nota,,2024-05-31,,False
3ed23438-77d4-550f-ad5f-cc6bcf90ec02,169,V1,C,2024-06-03,con nota,,2024-06-03,,False
4ace62b5-4832-525a-8d5d-71bdbe79aa5d,169,V1,C,2024-06-01,con nota,,2024-06-01,,False
54efacbd-8d05-5312-8217-122e8f73fddc,169,V1,C,2024-05-28,con nota,,2024-05-28,,False
5814899b-920c-5074-a7c7-7511abd951ba,169,V1,C,2024-05-30,con nota,,2024-05-30,,False
5c937f46-19cc-56ec-bd5e-bec0181f8b45,169,V1,C,2024-05-29,con nota,,2024-05-29,,False
81104a59-2b4e-542a-8a88-6b95928606f2,169,V1,C,2024-05-27,con nota,,2024-05-27,,False
8330ae23-4728-57d3-9192-77a20abbdca7,169,V1,C,2024-05-30,con nota,,2024-05-30,,False
86ca5350-2e17-5b7e-a919-5fd3d68be21f,169,V1,C,2024-05-28,con nota,,2024-05-28,,False
978d05a1-a5a9-5ba4-9e3c-f3840d820cc0,169,V1,C,2024-06-01,con nota,,2024-06-01,,False
a8b2948e-db2a-550f-8291-7bf443e650f9,169,V1,C,2024-06-01,con nota,,2024-06-01,,False
b73c830f-c8ef-567b-bcb4-081b76752502,169,V1,C,2024-06-02,con nota,,2024-06-02,,False
be1fcbec-38cc-5bd7-8f2d-eb697f760369,169,V1,C,2024-06-01,con nota,,2024-06-01,,False
c196e189-9bf9-5874-954e-a0324df04e81,169,V1,C,2024-05-29,con nota,,2024-05-29,,False
c9be5db4-4388-5e6e-bdb4-3792752de6b4,169,V1,C,2024-06-02,con nota,,2024-06-02,,False
d249646d-3649-5026-b0d5-4d07c1c3188b,169,V1,C,2024-06-01,con nota,,2024-06-01,,False
dc7a4a7d-204c-510b-8a49-6ce8ff399651,169,V1,C,2024-05-28,con nota,,2024-05-28,,False
e3bc81de-b8d3-5624-bc8b-61e4451515d1,169,V1,C,2024-05-28,con nota,,2024-05-28,,False
e7da69d3-57e7-59a4-922d-a24220d927f7,169,V1,C,2024-05-29,con nota,,2024-05-29,,False
f40eeb46-bad9-5029-91f9-439aa0d47666,169,V1,C,2024-05-31,con nota,,2024-05-31,,False
0045968e-85a2-5b82-bc32-83b532db55cd,170,V1,A,2024-06-03,con nota,,2024-06-03,,False
252d04af-c959-574c-927b-59809a7cf378,170,V1,A,2024-05-28,con nota,,2024-05-28,,False
3513277f-67b8-5015-9843-e138ce7821cd,170,V1,A,2024-05-27,con nota,,2024-05-27,,False
4ace62b5-4832-525a-8d5d-71bdbe79aa5d,170,V1,A,2024-06-03,con nota,,2024-06-03,,False
54a8344b-f5b6-57d7-bf33-011f650d4236,170,V1,A,2024-05-30,con nota,,2024-05-30,,False
6327d4a3-6104-565e-b692-b3e8408fe538,170,V1,A,2024-06-03,con nota,,2024-06-03,,False
66d6c08a-7bbd-5231-8022-3bd6f157ebc0,170,V1,A,2024-05-31,con nota,,2024-05-31,,False
7e3bdd97-4da0-5cd5-b823-7a9e26bc38c5,170,V1,A,2024-05-30,con nota,,2024-05-30,,False
86ca5350-2e17-5b7e-a919-5fd3d68be21f,170,V1,A,2024-06-01,con nota,,2024-06-01,,False
88a82b73-03f1-51b9-8e54-86fd323e5b2f,170,V1,A,2024-05-31,con nota,,2024-05-31,,False
91743045-3b39-5cd8-b8b9-bf08f8d5885d,170,V1,A,2024-06-02,con nota,,2024-06-02,,False
a8b2948e-db2a-550f-8291-7bf443e650f9,170,V1,A,2024-05-31,con nota,,2024-05-31,,False
bd1c4b12-6c8c-5a45-8625-5e8fbbaa33f2,170,V1,A,2024-06-02,con nota,,2024-06-02,,False
cea4473d-52f7-5d4c-a6ca-fac54542b285,170,V1,A,2024-06-03,con nota,,2024-06-03,,False
e3139aa2-e1cb-5e06-8ef2-3c1807aa2572,170,V1,A,2024-05-28,con nota,,2024-05-28,,False
e3bc81de-b8d3-5624-bc8b-61e4451515d1,170,V1,A,2024-05-31,con nota,,2024-05-31,,False
e42d7ce0-3048-53ab-8d1d-178e47c9bc3e,170,V1,A,2024-05-27,con nota,,2024-05-27,,False
e6e9156d-7483-53bd-b81b-65242bc99cc1,170,V1,A,2024-05-27,con nota,,2024-05-27,,False
2e00f910-0e59-5ab9-9e8b-a34bcab03f92,2835,V1,A,2024-05-27,con nota,,2024-05-27,,False
329e7019-2aa5-5081-be77-b04897cd4e37,2835,V1,A,2024-06-02,desasignado,2024-06-20,2024-06-02,2024-06-20,True
32e88d76-e8a9-5944-91f2-67940f32b9db,2835,V1,A,2024-05-30,desasignado,2024-06-15,2024-05-30,2024-06-15,True
7652cff7-b1c1-512d-b7b3-3fcebcd66836,2835,V1,A,2024-06-01,con nota,,2024-06-01,,False
8d00d5d2-c516-504c-8edc-ed9329902b7b,2835,V1,A,2024-05-29,desasignado,2024-06-19,2024-05-29,2024-06-19,True
94c6c4d2-5d64-5018-a24d-7e0532b95491,2835,V1,A,2024-06-01,con nota,,2024-06-01,,False
9bdf610d-5561-5b91-8b06-e55510ab5fca,2835,V1,A,2024-06-03,con nota,,2024-06-03,,False
9f318098-1494-5125-906a-ee896264abd1,2835,V1,A,2024-05-31,con nota,,2024-05-31,,False
bdcc331a-c430-5427-9007-7575f89c6156,2835,V1,A,2024-06-03,con nota,,2024-06-03,,False
172d1071-6be5-5340-babc-57ca19b4e7df,2837,V1,A,2024-05-29,con nota,,2024-05-29,,False
329e7019-2aa5-5081-be77-b04897cd4e37,2837,V1,A,2024-05-30,con nota,,2024-05-30,,False
733eabf0-8a01-561c-88de-061f75b8feac,2837,V1,A,2024-05-28,con nota,,2024-05-28,,False
7652cff7-b1c1-512d-b7b3-3fcebcd66836,2837,V1,A,2024-05-29,con nota,,2024-05-29,,False
859f36a1-cc40-5623-9e54-398e73656d6c,2837,V1,A,2024-06-03,con nota,,2024-06-03,,False
9f318098-1494-5125-906a-ee896264abd1,2837,V1,A,2024-05-29,con nota,,2024-05-29,,False
dc5309eb-e2ec-550a-bb50-7b1eaa7753c1,2837,V1,A,2024-05-27,con nota,,2024-05-27,,False
e00823c4-4799-56a2-aef1-8dc8472386dc,2837,V1,A,2024-06-01,con nota,,2024-06-01,,False
0cde0ab4-cadb-52c2-b390-b7f6afe8746c,290,V1,A,2024-06-02,con nota,,2024-06-02,,False
18744750-066d-5952-a07f-87fe04f11287,290,V1,A,2024-05-30,desasignado,2024-06-19,2024-05-30,2024-06-19,True
37298f71-ec61-5e5c-ad25-86570c15f7ec,290,V1,A,2024-05-29,con nota,,2024-05-29,,False
38d3c179-d651-5b38-a95d-5f30eea49bc7,290,V1,A,2024-06-03,con nota,,2024-06-03,,False
3b839c8a-1e03-5728-b057-2689dbdd202e,290,V1,A,2024-05-31,con nota,,2024-05-31,,False
3bdd6bd7-2493-5fef-97d2-19101e40630a,290,V1,A,2024-05-28,con nota,,2024-05-28,,False
6c433ed9-ad1e-51e2-9d31-0f92474524f1,290,V1,A,2024-05-30,con nota,,2024-05-30,,False
751429d0-55a4-50e5-96d4-4ff1fdfc02c0,290,V1,A,2024-06-03,con nota,,2024-06-03,,False
760374e5-fa63-5431-b172-de8a0abbce5f,290,V1,A,2024-06-02,con nota,,2024-06-02,,False
8feda068-15b3-578a-b249-a538441fafb6,290,V1,A,2024-05-27,con nota,,2024-05-27,,False
9db9b320-6e2b-5cf7-9e83-bba0130684c9,290,V1,A,2024-06-03,con nota,,2024-06-03,,False
a2b5f5b2-e9f5-5757-9f6e-7438a476abc5,290,V1,A,2024-05-29,con nota,,2024-05-29,,False
af7170d5-79af-53e8-ac44-8d6b7e8ad951,290,V1,A,2024-05-27,con nota,,2024-05-27,,False
b0348df3-fe64-57fb-9a16-ef1d46254d7e,290,V1,A,2024-05-27,con nota,,2024-05-27,,False
c27c04eb-b36c-5f95-a9ff-ba3b43c1f175,290,V1,A,2024-05-29,con nota,,2024-05-29,,False
e21547f5-5ca5-5a65-9672-e1f99f10125a,290,V1,A,2024-05-28,con nota,,2024-05-28,,False
eae6527b-b1e4-5222-b4d0-ac6089abf79f,290,V1,A,2024-05-29,con nota,,2024-05-29,,False
f199e5f4-121f-5cf5-ba7c-98bc08d9eb4c,290,V1,A,2024-05-29,con nota,,2024-05-29,,False
f244a686-f32b-5770-9d6b-044f508009fa,290,V1,A,2024-05-30,con nota,,2024-05-30,,False
fc68457e-7e7c-5698-a1c7-1ed0dccba4b3,290,V1,A,2024-05-27,con nota,,2024-05-27,,False
0c06f8f4-288d-57e0-8936-3d81fc7db2e7,290,V1,B,2024-05-28,con nota,,2024-05-28,,False
101fcc1c-02cb-502a-895a-dc14ec8bc4fc,290,V1,B,2024-05-31,con nota,,2024-05-31,,False
26b70c46-d8aa-5b67-b21d-02f2c1b9ca56,290,V1,B,2024-06-03,con nota,,2024-06-03,,False
4628c082-b668-5afc-a506-1e3c43e99915,290,V1,B,2024-06-01,con nota,,2024-06-01,,False
5f2d4609-1bd0-5199-8792-ad4daad25e34,290,V1,B,2024-06-03,con nota,,2024-06-03,,False
670ed2ec-5dc5-5a8a-9e6f-770f70091eb9,290,V1,B,2024-05-27,con nota,,2024-05-27,,False
857bee19-f5cc-5925-8f6d-5e6dc8b42cb7,290,V1,B,2024-06-02,con nota,,2024-06-02,,False
9af53817-e9ec-5854-a2a5-e577ccaf67ed,290,V1,B,2024-06-03,con nota,,2024-06-03,,False
a95180f9-77c6-5b98-a2fb-323e641ed050,290,V1,B,2024-06-03,con nota,,2024-06-03,,False
bc2edb29-4cd5-5fb5-88a5-7dedee94af0d,290,V1,B,2024-05-30,con nota,,2024-05-30,,False
bed9e918-22d8-53c7-891c-03d1739f37c3,290,V1,B,2024-06-01,con nota,,2024-06-01,,False
cb7e7a97-6e00-55b0-b580-317f19854827,290,V1,B,2024-05-28,con nota,,2024-05-28,,False
cf78170e-bdcf-5b76-9880-68254df8a507,290,V1,B,2024-06-03,con nota,,2024-06-03,,False
ec14649a-b1aa-5070-8cb4-c6a848b94d89,290,V1,B,2024-05-28,con nota,,2024-05-28,,False
f2dad9d6-eb91-5d98-9cb3-9e546e130399,290,V1,B,2024-05-29,con nota,,2024-05-29,,False
f4079fd7-040c-5036-b7a6-c0842fed660b,290,V1,B,2024-05-28,con nota,,2024-05-28,,False
0fa55129-2054-5d0a-ac6a-c453dfc1133a,291,V1,A,2024-05-27,con nota,,2024-05-27,,False
229d23a0-bac6-55e3-9d53-ef85f45542e0,291,V1,A,2024-06-02,con nota,,2024-06-02,,False
26a06e61-efe0-518d-aa15-c7ace718268a,291,V1,A,2024-05-28,con nota,,2024-05-28,,False
287283ce-fcaf-5519-a49e-3dea1c655f86,291,V1,A,2024-06-01,con nota,,2024-06-01,,False
3f2755ef-7031-5580-be34-89f9ba198194,291,V1,A,2024-05-31,con nota,,2024-05-31,,False
b06bcec0-b3a3-50b9-a1ec-953a4674371d,291,V1,A,2024-05-29,con nota,,2024-05-29,,False
b1ada878-5ce8-5e51-bc44-6a5ae1f64971,291,V1,A,2024-05-31,con nota,,2024-05-31,,False
c5252bea-0a8d-5efa-82fb-26d83372a130,291,V1,A,2024-05-31,con nota,,2024-05-31,,False
c7cd1346-234a-5f30-b884-48b69a36b80d,291,V1,A,2024-05-28,con nota,,2024-05-28,,False
ca045e8e-72e0-524e-b94e-790662c03e9c,291,V1,A,2024-06-03,con nota,,2024-06-03,,False
cc8b8c37-cde4-5961-8d5a-293197f83e2e,291,V1,A,2024-05-27,con nota,,2024-05-27,,False
efa55bd1-a3d6-552e-b4fc-91b4426c5818,291,V1,A,2024-05-30,con nota,,2024-05-30,,False
18a74ce6-ba44-5c94-a2c3-22a8ded6786a,292,V1,A,2024-05-29,con nota,,2024-05-29,,False
229d23a0-bac6-55e3-9d53-ef85f45542e0,292,V1,A,2024-05-30,con nota,,2024-05-30,,False
26a06e61-efe0-518d-aa15-c7ace718268a,292,V1,A,2024-06-02,con nota,,2024-06-02,,False
366b165f-922c-5847-b813-fc6ef6c3a751,292,V1,A,2024-06-02,con nota,,2024-06-02,,False
7aac2ae8-68aa-51a1-b8a6-24cdb91b4935,292,V1,A,2024-06-02,con nota,,2024-06-02,,False
7e033645-6b36-5b24-be88-ef2953f2c850,292,V1,A,2024-06-01,con nota,,2024-06-01,,False
830d469b-5f0d-5c02-83e5-fb3ef8b12772,292,V1,A,2024-05-27,con nota,,2024-05-27,,False
c7cd1346-234a-5f30-b884-48b69a36b80d,292,V1,A,2024-06-01,con nota,,2024-06-01,,False
cb2a28b9-397d-5feb-a252-7b8abaccc929,292,V1,A,2024-06-03,con nota,,2024-06-03,,False
f4079fd7-040c-5036-b7a6-c0842fed660b,292,V1,A,2024-05-27,con nota,,2024-05-27,,False
258230b7-9a78-5154-bafa-abd2bb5f077f,673,V1,A,2024-06-03,con nota,,2024-06-03,,False
385d8efa-6168-5aa3-ada8-a2e6a2d12d83,673,V1,A,2024-06-02,con nota,,2024-06-02,,False
4f27b763-668f-5443-b687-4d9ca582763c,673,V1,A,2024-05-31,con nota,,2024-05-31,,False
85f6e33e-822a-59b2-a749-33e5034486fd,673,V1,A,2024-06-01,con nota,,2024-06-01,,False
8adbc82c-808f-5b1d-b86c-04b04f2a4aad,673,V1,A,2024-05-29,con nota,,2024-05-29,,False
a0ce5501-c941-5d6f-bdff-a357ccb52bd7,673,V1,A,2024-06-01,con nota,,2024-06-01,,False
b01c0133-92dd-5f13-8b4b-3e6a951b3bb4,673,V1,A,2024-06-01,con nota,,2024-06-01,,False
c89bf0ca-8b71-5ca2-971d-575175c65ad9,673,V1,A,2024-06-01,con nota,,2024-06-01,,False
3d7b4965-b27a-514f-80f3-5afca2189109,674,V1,A,2024-06-01,con nota,,2024-06-01,,False
619e0687-c73c-51a5-96c5-00517e00097a,674,V1,A,2024-05-29,con nota,,2024-05-29,,False
85f6e33e-822a-59b2-a749-33e5034486fd,674,V1,A,2024-05-30,con nota,,2024-05-30,,False
8f991504-6b31-501a-864a-6713b5eebd07,674,V1,A,2024-06-01,con nota,,2024-06-01,,False
a0ce5501-c941-5d6f-bdff-a357ccb52bd7,674,V1,A,2024-05-27,con nota,,2024-05-27,,False
c922de12-eb27-59e0-bffe-295050a28a20,674,V1,A,2024-06-02,con nota,,2024-06-02,,False
daac4940-d50e-5f20-8627-7705544803ed,674,V1,A,2024-05-31,con nota,,2024-05-31,,False
fcb564ba-dcd6-5948-b405-a71674ce7049,674,V1,A,2024-05-31,con nota,,2024-05-31,,False
3099a7bf-6e40-58f6-ab25-f2d2d83ce748,685,V1,A,2024-05-28,con nota,,2024-05-28,,False
690768a4-bb18-595a-a71f-c99fe2a9eb6e,685,V1,A,2024-06-01,con nota,,2024-06-01,,False
908ad6b6-bcca-5db9-bd43-adb0a789cb28,685,V1,A,2024-05-27,con nota,,2024-05-27,,False
a7bd029d-5a6a-5bb6-bc5c-4ddb5411b6fe,685,V1,A,2024-05-30,con nota,,2024-05-30,,False
c5b1ebc7-fe00-5c45-907f-133c48cc8f5e,685,V1,A,2024-05-28,con nota,,2024-05-28,,False
de300aca-315d-5ec3-8a15-b7198afc11e1,685,V1,A,2024-05-29,con nota,,2024-05-29,,False
f3cfaa1d-b9fa-564b-a1b6-4ef5630c678e,685,V1,A,2024-05-27,con nota,,2024-05-27,,False
faf14236-d1d9-56b9-93b3-a0446dff8a53,685,V1,A,2024-06-03,con nota,,2024-06-03,,False
0a553b8b-585d-50fd-b997-aa6f114ffaf6,690,V1,A,2024-05-31,con nota,,2024-05-31,,False
1181881d-1271-5070-9d47-c66a61743477,690,V1,A,2024-05-28,con nota,,2024-05-28,,False
18b33a71-c5ee-5158-a2b5-aa5762772239,690,V1,A,2024-05-29,con nota,,2024-05-29,,False
2bfc082b-de5b-5caf-90c2-bd97bc77bd6a,690,V1,A,2024-06-02,con nota,,2024-06-02,,False
38b03b54-edfa-5b7a-bda4-c05f1d380357,690,V1,A,2024-05-29,con nota,,2024-05-29,,False
3c2c4fbc-7f21-5721-bc92-0f59b1e1f8d6,690,V1,A,2024-05-30,desasignado,2024-06-20,2024-05-30,2024-06-20,True
67097a2e-ec94-5b33-922f-1153b12e7e95,690,V1,A,2024-05-28,con nota,,2024-05-28,,False
9d8b757f-00fd-55fc-b60c-74804ea267b7,690,V1,A,2024-05-30,con nota,,2024-05-30,,False
ab47b9b9-e7d4-5c8e-8d97-06cca3dfb8db,690,V1,A,2024-05-30,con nota,,2024-05-30,,False
e18004d8-6b4d-5f85-b563-a44d5c21c39d,690,V1,A,2024-05-28,con nota,,2024-05-28,,False
62d061cf-ef3a-5598-9c6d-8afab4360e19,909,V1,A,2024-06-03,con nota,,2024-06-03,,False
8d00d5d2-c516-504c-8edc-ed9329902b7b,909,V1,A,2024-05-28,desasignado,2024-06-10,2024-05-28,2024-06-10,True
9bdf610d-5561-5b91-8b06-e55510ab5fca,909,V1,A,2024-05-31,con nota,,2024-05-31,,False
b9fa01c5-1203-500e-bd18-c45eb1fbd830,909,V1,A,2024-05-28,con nota,,2024-05-28,,False
dc5309eb-e2ec-550a-bb50-7b1eaa7753c1,909,V1,A,2024-05-30,con nota,,2024-05-30,,False
e16aed93-afaf-5a41-92f3-2102a9e70a59,909,V1,A,2024-06-02,con nota,,2024-06-02,,False
2e00f910-0e59-5ab9-9e8b-a34bcab03f92,912,V1,A,2024-06-02,con nota,,2024-06-02,,False
6963f4f3-6802-5cdd-bd03-ae2ce6377118,912,V1,A,2024-05-30,con nota,,2024-05-30,,False
846ef7fc-83cf-5608-bf9e-87b3ec34f757,912,V1,A,2024-06-01,con nota,,2024-06-01,,False
fd8244a9-dc81-5ae5-aab5-a1e457c7adf3,912,V1,A,2024-05-29,con nota,,2024-05-29,,False
0fa55129-2054-5d0a-ac6a-c453dfc1133a,949,V1,A,2024-06-02,con nota,,2024-06-02,,False
23b6caf2-e88d-5562-aa80-01e9ef57ebe9,949,V1,A,2024-05-31,con nota,,2024-05-31,,False
287283ce-fcaf-5519-a49e-3dea1c655f86,949,V1,A,2024-06-03,con nota,,2024-06-03,,False
35608fe5-e3c5-504b-8cc2-216c90a13a47,949,V1,A,2024-05-27,con nota,,2024-05-27,,False
6473da69-8d8c-53e3-9a2c-6841674fb2d0,949,V1,A,2024-05-31,con nota,,2024-05-31,,False
75ad2a1d-e65d-5b36-9b02-6dc6f12138a4,949,V1,A,2024-06-01,con nota,,2024-06-01,,False
83c5a92d-1d67-5123-9563-d6dad24bbc27,949,V1,A,2024-06-02,con nota,,2024-06-02,,False
a5be436a-cb69-5107-956d-501d659bb0d7,949,V1,A,2024-05-28,con nota,,2024-05-28,,False
ab49c2b1-e673-50f6-ae4a-e5b321756a15,949,V1,A,2024-05-29,con nota,,2024-05-29,,False
ba341cb6-848c-5d30-8bb3-6dc3b8ccd016,949,V1,A,2024-06-01,con nota,,2024-06-01,,False
ca045e8e-72e0-524e-b94e-790662c03e9c,949,V1,A,2024-05-30,con nota,,2024-05-30,,False
d931f9da-177d-519e-9604-82c77ffd7dfc,949,V1,A,2024-05-31,con nota,,2024-05-31,,False
09f38ce8-1f46-54d4-9aaf-a5c3bd38490d,094,V2,A,2024-12-01,con nota,,2024-12-01,,False
89e30471-3014-5c79-9455-e1c4f2ee60bd,094,V2,A,2024-11-26,con nota,,2024-11-26,,False
bd33a1e4-88e2-5537-8532-82d6a9b59ed2,094,V2,A,2024-11-29,con nota,,2024-11-29,,False
c922de12-eb27-59e0-bffe-295050a28a20,094,V2,A,2024-11-30,con nota,,2024-11-30,,False
daac4940-d50e-5f20-8627-7705544803ed,094,V2,A,2024-11-30,con nota,,2024-11-30,,False
e6a59826-1bef-51d2-8aca-813db3078360,094,V2,A,2024-11-30,con nota,,2024-11-30,,False
38d3c179-d651-5b38-a95d-5f30eea49bc7,146,V2,A,2024-11-27,con nota,,2024-11-27,,False
3b839c8a-1e03-5728-b057-2689dbdd202e,146,V2,A,2024-12-02,con nota,,2024-12-02,,False
6c433ed9-ad1e-51e2-9d31-0f92474524f1,146,V2,A,2024-11-27,con nota,,2024-11-27,,False
751429d0-55a4-50e5-96d4-4ff1fdfc02c0,146,V2,A,2024-11-30,con nota,,2024-11-30,,False
760374e5-fa63-5431-b172-de8a0abbce5f,146,V2,A,2024-11-28,con nota,,2024-11-28,,False
8feda068-15b3-578a-b249-a538441fafb6,146,V2,A,2024-11-26,con nota,,2024-11-26,,False
94c2d2be-6e25-5d7c-a62b-a4c80507cb2b,146,V2,A,2024-12-02,con nota,,2024-12-02,,False
99e6be68-8a89-5792-85ba-477b1d7e300b,146,V2,A,2024-11-27,con nota,,2024-11-27,,False
a2b5f5b2-e9f5-5757-9f6e-7438a476abc5,146,V2,A,2024-11-25,con nota,,2024-11-25,,False
af7170d5-79af-53e8-ac44-8d6b7e8ad951,146,V2,A,2024-11-27,con nota,,2024-11-27,,False
cb7e7a97-6e00-55b0-b580-317f19854827,146,V2,A,2024-11-29,con nota,,2024-11-29,,False
e21547f5-5ca5-5a65-9672-e1f99f10125a,146,V2,A,2024-11-29,con nota,,2024-11-29,,False
eae6527b-b1e4-5222-b4d0-ac6089abf79f,146,V2,A,2024-11-27,con nota,,2024-11-27,,False
f199e5f4-121f-5cf5-ba7c-98bc08d9eb4c,146,V2,A,2024-12-02,con nota,,2024-12-02,,False
f244a686-f32b-5770-9d6b-044f508009fa,146,V2,A,2024-12-01,con nota,,2024-12-01,,False
fc68457e-7e7c-5698-a1c7-1ed0dccba4b3,146,V2,A,2024-11-28,con nota,,2024-11-28,,False
0abddb67-c783-530f-814b-5f0edd0526d8,147,V2,A,2024-11-27,con nota,,2024-11-27,,False
18a74ce6-ba44-5c94-a2c3-22a8ded6786a,147,V2,A,2024-12-02,con nota,,2024-12-02,,False
1f6f1f28-074c-59c7-92b8-d6e9c19bdd7a,147,V2,A,2024-12-01,con nota,,2024-12-01,,False
2d415273-7249-54f9-8906-6cb487e828ec,147,V2,A,2024-11-29,con nota,,2024-11-29,,False
366b165f-922c-5847-b813-fc6ef6c3a751,147,V2,A,2024-11-26,con nota,,2024-11-26,,False
3f2755ef-7031-5580-be34-89f9ba198194,147,V2,A,2024-11-30,con nota,,2024-11-30,,False
5f2d4609-1bd0-5199-8792-ad4daad25e34,147,V2,A,2024-12-01,con nota,,2024-12-01,,False
650bbd69-f91f-582d-aed1-6aaf74b21405,147,V2,A,2024-11-29,con nota,,2024-11-29,,False
7d36a894-5a69-5be2-93a2-a8c1d01df056,147,V2,A,2024-11-30,con nota,,2024-11-30,,False
bc607b11-c7c3-5cd1-b0c4-f95fabb7d1bf,147,V2,A,2024-11-27,con nota,,2024-11-27,,False
c7cd1346-234a-5f30-b884-48b69a36b80d,147,V2,A,2024-11-29,con nota,,2024-11-29,,False
cb2a28b9-397d-5feb-a252-7b8abaccc929,147,V2,A,2024-11-30,con nota,,2024-11-30,,False
d9eeab00-bbf2-51d4-911b-4b868ffbb81a,147,V2,A,2024-11-25,con nota,,2024-11-25,,False
efa55bd1-a3d6-552e-b4fc-91b4426c5818,147,V2,A,2024-11-28,con nota,,2024-11-28,,False
08d5616f-376d-5766-b14e-b1d1437e5d1a,169,V2,A,2024-11-25,con nota,,2024-11-25,,False
09770aad-1237-579b-83dd-104f3a439933,169,V2,A,2024-11-27,con nota,,2024-11-27,,False
0d28940c-8260-53a7-8e3e-298acd7b5bfa,169,V2,A,2024-11-27,con nota,,2024-11-27,,False
1c6583c9-8dab-560b-95ba-62442b620433,169,V2,A,2024-11-26,con nota,,2024-11-26,,False
2e33f779-921b-597f-99f2-6ff5b1d80351,169,V2,A,2024-11-25,con nota,,2024-11-25,,False
3d7d6836-0718-514f-9b1c-cb60e1a84ee4,169,V2,A,2024-11-28,con nota,,2024-11-28,,False
475a203e-ec49-5017-a37b-31943557dcc9,169,V2,A,2024-11-28,con nota,,2024-11-28,,False
4d21cea1-ac04-5543-86ff-a481632efb1e,169,V2,A,2024-11-25,con nota,,2024-11-25,,False
4fe66740-123b-5ade-8b14-4d392dc1094e,169,V2,A,2024-11-25,con nota,,2024-11-25,,False
515cd66c-ea70-5052-a873-774d8dac953d,169,V2,A,2024-11-25,con nota,,2024-11-25,,False
64ceec45-794c-5ee0-8ef2-30c3d622ab0f,169,V2,A,2024-12-02,con nota,,2024-12-02,,False
66d6c08a-7bbd-5231-8022-3bd6f157ebc0,169,V2,A,2024-11-25,con nota,,2024-11-25,,False
670ed2ec-5dc5-5a8a-9e6f-770f70091eb9,169,V2,A,2024-11-26,con nota,,2024-11-26,,False
88a82b73-03f1-51b9-8e54-86fd323e5b2f,169,V2,A,2024-12-01,con nota,,2024-12-01,,False
8c52812b-9b12-5e6a-8874-64d21817846a,169,V2,A,2024-12-02,con nota,,2024-12-02,,False
94094ee0-2717-54ef-be78-798722ef727a,169,V2,A,2024-11-29,con nota,,2024-11-29,,False
acdb052b-d554-5cc6-aa3a-c75827d8310b,169,V2,A,2024-11-26,con nota,,2024-11-26,,False
b39a108c-b4ee-5874-8b0c-d7dcd496f75d,169,V2,A,2024-11-26,con nota,,2024-11-26,,False
b91bfdc4-f835-5a86-8106-fce8775833f0,169,V2,A,2024-11-30,con nota,,2024-11-30,,False
bd1c4b12-6c8c-5a45-8625-5e8fbbaa33f2,169,V2,A,2024-11-30,con nota,,2024-11-30,,False
bd6823c1-6617-541e-b44d-2de09a66e52e,169,V2,A,2024-11-27,con nota,,2024-11-27,,False
c9be5db4-4388-5e6e-bdb4-3792752de6b4,169,V2,A,2024-11-26,con nota,,2024-11-26,,False
cd28b7e2-8009-5ab7-bfab-ba2f84ee3e52,169,V2,A,2024-11-26,con nota,,2024-11-26,,False
d4f8b688-70f3-5128-9500-2a45103ce45b,169,V2,A,2024-11-25,con nota,,2024-11-25,,False
d853ff4f-67d3-5a25-adc6-ad5afcf105fa,169,V2,A,2024-11-27,con nota,,2024-11-27,,False
e3139aa2-e1cb-5e06-8ef2-3c1807aa2572,169,V2,A,2024-11-28,con nota,,2024-11-28,,False
e3bc81de-b8d3-5624-bc8b-61e4451515d1,169,V2,A,2024-11-26,con nota,,2024-11-26,,False
fac41a8d-eab7-5a4c-ba54-a8d0c1f74902,169,V2,A,2024-12-02,desasignado,2024-12-10,2024-12-02,2024-12-10,True
fc8f1dd9-0500-5ce4-9533-7c16115f0457,169,V2,A,2024-11-28,con nota,,2024-11-28,,False
ff9481f2-af23-5a24-9813-859e9c577ab6,169,V2,A,2024-11-26,con nota,,2024-11-26,,False
0a9592c1-41df-56fb-ae5f-49a98f842829,170,V2,A,2024-11-28,con nota,,2024-11-28,,False
136359a4-f6ba-5d83-bc2f-db84eb392890,170,V2,A,2024-12-01,con nota,,2024-12-01,,False
1c875d84-9b73-5522-98e9-e0320dcb5a3e,170,V2,A,2024-12-02,con nota,,2024-12-02,,False
3678d8f5-f11c-5323-ad36-aab7f6b19119,170,V2,A,2024-11-28,con nota,,2024-11-28,,False
3bddbee5-05a1-5c39-ac75-9157f041902e,170,V2,A,2024-11-26,con nota,,2024-11-26,,False
3de5d6a3-404d-592b-bd1d-e16220feabe5,170,V2,A,2024-12-02,con nota,,2024-12-02,,False
3ed23438-77d4-550f-ad5f-cc6bcf90ec02,170,V2,A,2024-11-30,con nota,,2024-11-30,,False
4190cb8b-4ab0-546e-bcd5-ebd18861cbf2,170,V2,A,2024-11-28,con nota,,2024-11-28,,False
590a15b3-d7a2-52b9-ab96-bf974ee42530,170,V2,A,2024-11-26,con nota,,2024-11-26,,False
66d6c08a-7bbd-5231-8022-3bd6f157ebc0,170,V2,A,2024-12-02,con nota,,2024-12-02,,False
73b10026-ae9f-549d-9df0-f12a55fe95f5,170,V2,A,2024-11-27,con nota,,2024-11-27,,False
86ca5350-2e17-5b7e-a919-5fd3d68be21f,170,V2,A,2024-12-02,con nota,,2024-12-02,,False
88a82b73-03f1-51b9-8e54-86fd323e5b2f,170,V2,A,2024-11-26,con nota,,2024-11-26,,False
8c6b782d-1004-5643-8e93-3a5fca01dcd3,170,V2,A,2024-11-30,con nota,,2024-11-30,,False
b2cb3fc9-c25c-563b-8ade-24efbcb82119,170,V2,A,2024-11-27,con nota,,2024-11-27,,False
bc81ba4d-c2d3-5069-aa38-750cf904b140,170,V2,A,2024-11-27,con nota,,2024-11-27,,False
bd1c4b12-6c8c-5a45-8625-5e8fbbaa33f2,170,V2,A,2024-12-01,con nota,,2024-12-01,,False
d4f8b688-70f3-5128-9500-2a45103ce45b,170,V2,A,2024-11-27,con nota,,2024-11-27,,False
e3139aa2-e1cb-5e06-8ef2-3c1807aa2572,170,V2,A,2024-11-25,con nota,,2024-11-25,,False
f02dd2cb-e888-5bf5-ba3e-f4b7b438b68a,170,V2,A,2024-11-30,con nota,,2024-11-30,,False
069b0f85-66ac-5610-9b5a-0560dd8cad5c,2816,V2,A,2024-12-02,con nota,,2024-12-02,,False
0875f04d-ba62-524b-9469-180d7b74c579,2816,V2,A,2024-12-02,con nota,,2024-12-02,,False
3b010113-22bd-5f9d-ae22-55e22893eed8,2816,V2,A,2024-11-25,con nota,,2024-11-25,,False
3d77a469-e655-55fe-805c-791030382035,2816,V2,A,2024-11-29,con nota,,2024-11-29,,False
5341d121-3e52-582b-9ade-7f81a055be74,2816,V2,A,2024-12-02,con nota,,2024-12-02,,False
71629b28-676c-5f88-96b2-fa1142a2a041,2816,V2,A,2024-11-30,con nota,,2024-11-30,,False
7bd40d41-d52d-5c5d-bd6a-72ac2a374717,2816,V2,A,2024-11-27,con nota,,2024-11-27,,False
81499fda-b7ee-5fa7-9cda-b64ee9dfbab2,2816,V2,A,2024-12-01,con nota,,2024-12-01,,False
c8b29424-3564-5114-8e8b-3ec7edb4631a,2816,V2,A,2024-11-25,con nota,,2024-11-25,,False
dba52ccd-1502-5df9-b31a-3e80d6f796d2,2816,V2,A,2024-11-28,con nota,,2024-11-28,,False
f3df7bb3-edfa-50c0-9e56-9da800375bc4,2816,V2,A,2024-11-27,con nota,,2024-11-27,,False
ff71036f-4246-50f0-bdcc-ca1603a77671,2816,V2,A,2024-11-25,con nota,,2024-11-25,,False
1897479b-0001-5b54-8174-3d9f7027208e,2822,V2,A,2024-11-27,con nota,,2024-11-27,,False
26570c68-dd6f-5886-82c0-578576c73a75,2822,V2,A,2024-11-28,con nota,,2024-11-28,,False
3ee3a6fb-19aa-5fd3-b450-9391da6bb00d,2822,V2,A,2024-11-26,con nota,,2024-11-26,,False
4584c801-494c-5583-86d6-fd81cc3948f1,2822,V2,A,2024-11-25,con nota,,2024-11-25,,False
669100b3-1f67-5fba-a327-0a05d6585aa0,2822,V2,A,2024-11-29,con nota,,2024-11-29,,False
711782c3-1186-5101-9ae9-158e08315c56,2822,V2,A,2024-12-01,con nota,,2024-12-01,,False
7c71294e-9c0e-514d-956c-b61c03ce0722,2822,V2,A,2024-11-27,con nota,,2024-11-27,,False
8298176e-e71a-5857-80de-ca69ed9e9bb4,2822,V2,A,2024-11-30,con nota,,2024-11-30,,False
d7395947-e212-57b3-b38d-2b95377e01fa,2822,V2,A,2024-11-25,con nota,,2024-11-25,,False
ef31df78-e36a-5469-a5f0-f3f2e5f9455b,2822,V2,A,2024-11-26,desasignado,2024-12-14,2024-11-26,2024-12-14,True
229d23a0-bac6-55e3-9d53-ef85f45542e0,290,V2,A,2024-12-02,con nota,,2024-12-02,,False
23b6caf2-e88d-5562-aa80-01e9ef57ebe9,290,V2,A,2024-11-30,con nota,,2024-11-30,,False
366b165f-922c-5847-b813-fc6ef6c3a751,290,V2,A,2024-11-29,con nota,,2024-11-29,,False
3f2755ef-7031-5580-be34-89f9ba198194,290,V2,A,2024-11-30,con nota,,2024-11-30,,False
475a203e-ec49-5017-a37b-31943557dcc9,290,V2,A,2024-11-27,con nota,,2024-11-27,,False
6473da69-8d8c-53e3-9a2c-6841674fb2d0,290,V2,A,2024-12-01,con nota,,2024-12-01,,False
733992a1-b132-51b5-b785-2069b83ece2b,290,V2,A,2024-11-28,desasignado,2024-12-21,2024-11-28,2024-12-21,True
75ad2a1d-e65d-5b36-9b02-6dc6f12138a4,290,V2,A,2024-11-27,con nota,,2024-11-27,,False
760374e5-fa63-5431-b172-de8a0abbce5f,290,V2,A,2024-11-27,con nota,,2024-11-27,,False
7d36a894-5a69-5be2-93a2-a8c1d01df056,290,V2,A,2024-12-02,con nota,,2024-12-02,,False
7e033645-6b36-5b24-be88-ef2953f2c850,290,V2,A,2024-11-28,con nota,,2024-11-28,,False
87311978-cada-5886-b1e3-28401b95cf8e,290,V2,A,2024-11-25,con nota,,2024-11-25,,False
8feda068-15b3-578a-b249-a538441fafb6,290,V2,A,2024-11-26,con nota,,2024-11-26,,False
a5be436a-cb69-5107-956d-501d659bb0d7,290,V2,A,2024-11-29,con nota,,2024-11-29,,False
a95180f9-77c6-5b98-a2fb-323e641ed050,290,V2,A,2024-11-29,con nota,,2024-11-29,,False
af7170d5-79af-53e8-ac44-8d6b7e8ad951,290,V2,A,2024-11-28,con nota,,2024-11-28,,False
b1ada878-5ce8-5e51-bc44-6a5ae1f64971,290,V2,A,2024-11-25,con nota,,2024-11-25,,False
bc607b11-c7c3-5cd1-b0c4-f95fabb7d1bf,290,V2,A,2024-11-25,con nota,,2024-11-25,,False
c7cd1346-234a-5f30-b884-48b69a36b80d,290,V2,A,2024-11-28,con nota,,2024-11-28,,False
cb2a28b9-397d-5feb-a252-7b8abaccc929,290,V2,A,2024-11-27,con nota,,2024-11-27,,False
e21547f5-5ca5-5a65-9672-e1f99f10125a,290,V2,A,2024-11-27,con nota,,2024-11-27,,False
efa55bd1-a3d6-552e-b4fc-91b4426c5818,290,V2,A,2024-11-26,desasignado,2024-12-18,2024-11-26,2024-12-18,True
fac41a8d-eab7-5a4c-ba54-a8d0c1f74902,290,V2,A,2024-11-28,con nota,,2024-11-28,,False
fc68457e-7e7c-5698-a1c7-1ed0dccba4b3,290,V2,A,2024-11-29,con nota,,2024-11-29,,False
16882813-1901-5922-b351-e490c6282bc4,291,V2,A,2024-12-01,con nota,,2024-12-01,,False
18a74ce6-ba44-5c94-a2c3-22a8ded6786a,291,V2,A,2024-11-29,con nota,,2024-11-29,,False
23b6caf2-e88d-5562-aa80-01e9ef57ebe9,291,V2,A,2024-11-28,con nota,,2024-11-28,,False
35608fe5-e3c5-504b-8cc2-216c90a13a47,291,V2,A,2024-11-29,con nota,,2024-11-29,,False
41c3459c-e2e4-550d-a299-2cc964c7cfea,291,V2,A,2024-11-26,con nota,,2024-11-26,,False
70b2bc66-3db1-536f-8061-39cc18e139ea,291,V2,A,2024-11-27,con nota,,2024-11-27,,False
717b731e-7f1f-5d15-97ab-fe9730798a9c,291,V2,A,2024-12-02,con nota,,2024-12-02,,False
75ad2a1d-e65d-5b36-9b02-6dc6f12138a4,291,V2,A,2024-11-26,con nota,,2024-11-26,,False
a0ce5501-c941-5d6f-bdff-a357ccb52bd7,291,V2,A,2024-11-30,con nota,,2024-11-30,,False
bd77a48a-9406-51ae-a620-b28897754dec,291,V2,A,2024-11-30,con nota,,2024-11-30,,False
e6cecf06-57d6-5cdb-b2ba-c309cb7cab41,291,V2,A,2024-11-28,con nota,,2024-11-28,,False
f4079fd7-040c-5036-b7a6-c0842fed660b,291,V2,A,2024-11-29,con nota,,2024-11-29,,False
0c06f8f4-288d-57e0-8936-3d81fc7db2e7,292,V2,A,2024-11-29,con nota,,2024-11-29,,False
0fa55129-2054-5d0a-ac6a-c453dfc1133a,292,V2,A,2024-11-29,con nota,,2024-11-29,,False
41c3459c-e2e4-550d-a299-2cc964c7cfea,292,V2,A,2024-11-26,desasignado,2024-12-23,2024-11-26,2024-12-23,True
731b92fd-50e5-5559-a9d3-96a0748f2373,292,V2,A,2024-11-30,con nota,,2024-11-30,,False
a5be436a-cb69-5107-956d-501d659bb0d7,292,V2,A,2024-12-02,con nota,,2024-12-02,,False
b06bcec0-b3a3-50b9-a1ec-953a4674371d,292,V2,A,2024-11-27,con nota,,2024-11-27,,False
b1ada878-5ce8-5e51-bc44-6a5ae1f64971,292,V2,A,2024-11-27,con nota,,2024-11-27,,False
b1cce0db-3292-5ff2-837e-2fda6bc2eb62,292,V2,A,2024-11-26,con nota,,2024-11-26,,False
ba341cb6-848c-5d30-8bb3-6dc3b8ccd016,292,V2,A,2024-11-30,con nota,,2024-11-30,,False
cc8b8c37-cde4-5961-8d5a-293197f83e2e,292,V2,A,2024-11-25,con nota,,2024-11-25,,False
2f29da26-30bd-532b-9d7f-881c2de77b44,673,V2,A,2024-11-30,con nota,,2024-11-30,,False
46f5141f-c212-54cb-a059-aceb91052900,673,V2,A,2024-11-26,con nota,,2024-11-26,,False
4a6b3546-7880-595e-b541-6aab9d24320b,673,V2,A,2024-11-28,con nota,,2024-11-28,,False
837fc661-96eb-586d-b4c9-f77b85563c15,673,V2,A,2024-11-27,con nota,,2024-11-27,,False
96c6949d-d550-5217-9989-03c50351059d,673,V2,A,2024-11-29,con nota,,2024-11-29,,False
a9222af8-9a83-5e7a-985e-0ccc23119415,673,V2,A,2024-12-01,con nota,,2024-12-01,,False
b01c0133-92dd-5f13-8b4b-3e6a951b3bb4,673,V2,A,2024-11-26,con nota,,2024-11-26,,False
dbf903d2-202e-5c76-bec4-0a27f91b30dd,673,V2,A,2024-11-28,con nota,,2024-11-28,,False
083bb1b4-e24d-5c3f-8e22-efe135144eab,690,V2,A,2024-11-28,con nota,,2024-11-28,,False
1181881d-1271-5070-9d47-c66a61743477,690,V2,A,2024-11-25,con nota,,2024-11-25,,False
508865ff-526c-5b08-8f0b-36822182e26c,690,V2,A,2024-11-29,con nota,,2024-11-29,,False
8298176e-e71a-5857-80de-ca69ed9e9bb4,690,V2,A,2024-12-01,con nota,,2024-12-01,,False
d7395947-e212-57b3-b38d-2b95377e01fa,690,V2,A,2024-11-26,con nota,,2024-11-26,,False
ef31df78-e36a-5469-a5f0-f3f2e5f9455b,690,V2,A,2024-12-02,con nota,,2024-12-02,,False
ef638bbd-09bd-5411-8a78-9f02760fef4d,690,V2,A,2024-11-27,con nota,,2024-11-27,,False
fdf7104f-5492-5068-96f8-6d408f32fb7c,690,V2,A,2024-12-02,con nota,,2024-12-02,,False
3d7b4965-b27a-514f-80f3-5afca2189109,694,V2,A,2024-11-28,con nota,,2024-11-28,,False
4ad432f3-551d-5be7-8c6b-3119f5486a77,694,V2,A,2024-11-26,con nota,,2024-11-26,,False
64cc33e8-ae26-5cbe-b897-cf46dddd0613,694,V2,A,2024-11-26,con nota,,2024-11-26,,False
6805b9fb-41ed-5a31-ad5a-85709d91a8bb,694,V2,A,2024-12-02,con nota,,2024-12-02,,False
6bb97f95-e313-5cc7-bef3-47a9c8f29a52,694,V2,A,2024-12-02,con nota,,2024-12-02,,False
78442ff4-9731-59db-a8f6-bcf204414ad0,694,V2,A,2024-11-28,con nota,,2024-11-28,,False
85f6e33e-822a-59b2-a749-33e5034486fd,694,V2,A,2024-11-30,con nota,,2024-11-30,,False
57c7e01c-08e7-5bed-990d-932f09e40515,909,V2,A,2024-11-29,con nota,,2024-11-29,,False
62d061cf-ef3a-5598-9c6d-8afab4360e19,909,V2,A,2024-12-01,con nota,,2024-12-01,,False
6f84a2ed-b7c3-57f6-8bd3-55f5239994a4,909,V2,A,2024-12-02,con nota,,2024-12-02,,False
733eabf0-8a01-561c-88de-061f75b8feac,909,V2,A,2024-12-01,con nota,,2024-12-01,,False
e16aed93-afaf-5a41-92f3-2102a9e70a59,909,V2,A,2024-11-26,con nota,,2024-11-26,,False
f0bdd8b3-8568-526f-b13a-c32334a74b0b,909,V2,A,2024-11-29,con nota,,2024-11-29,,False
32e88d76-e8a9-5944-91f2-67940f32b9db,912,V2,A,2024-11-27,con nota,,2024-11-27,,False
9bdf610d-5561-5b91-8b06-e55510ab5fca,912,V2,A,2024-11-27,con nota,,2024-11-27,,False
b9fa01c5-1203-500e-bd18-c45eb1fbd830,912,V2,A,2024-11-26,con nota,,2024-11-26,,False
f0bdd8b3-8568-526f-b13a-c32334a74b0b,912,V2,A,2024-11-30,con nota,,2024-11-30,,False
05d4241f-34c4-5309-b3bf-b59f562b2b28,943,V2,A,2024-11-28,con nota,,2024-11-28,,False
b61e89b6-2037-59df-8c60-9b45ea924c36,943,V2,A,2024-11-28,con nota,,2024-11-28,,False
c9ab122a-e4e7-51dc-af6b-059ecfaf700a,943,V2,A,2024-11-28,con nota,,2024-11-28,,False
f37f66a2-3ef2-5947-8f55-1145199e62f0,943,V2,A,2024-11-26,con nota,,2024-11-26,,False
fc5db985-05cf-59ad-a8d8-e6a91932d72c,943,V2,A,2024-12-02,desasignado,2024-12-17,2024-12-02,2024-12-17,True
