antecedente,consecuente,tamano_antecedente,tamano_consecuente,soporte,confianza,lift,soporte_antecedente,soporte_consecuente,leverage,consecuente_relevante
area_ciencias_de_la_computacion,no_abierto_siguiente,1,1,0.12032281731474688,1.0,1.6451418225709113,0.12032281731474688,0.6078503301540719,0.047184553084909917,True
area_ciencias_de_la_computacion + curso_obligatorio,no_abierto_siguiente,2,1,0.12032281731474688,1.0,1.6451418225709113,0.12032281731474688,0.6078503301540719,0.047184553084909917,True
area_ciencias_de_la_computacion + ocupacion_media,no_abierto_siguiente,2,1,0.10014673514306677,1.0,1.6451418225709113,0.10014673514306677,0.6078503301540719,0.03927250912250124,True
area_ciencias_de_la_computacion + sin_riesgo_retraso,no_abierto_siguiente,2,1,0.08914159941305942,1.0,1.6451418225709113,0.08914159941305942,0.6078503301540719,0.034956848779369235,True
area_ciencias_de_la_computacion + sin_recuperacion,no_abierto_siguiente,2,1,0.08730741012472487,1.0,1.6451418225709113,0.08730741012472487,0.6078503301540719,0.0342375720555139,True
aprobo + area_ciencias_de_la_computacion,no_abierto_siguiente,2,1,0.08290535583272193,1.0,1.6451418225709113,0.08290535583272193,0.6078503301540719,0.0325113079182611,True
bloqueo_medio + semestre_2,no_abierto_siguiente,2,1,0.08143800440205429,1.0,1.6451418225709113,0.08143800440205429,0.6078503301540719,0.03193588653917683,True
area_ciencias_de_la_computacion + bloqueo_medio,no_abierto_siguiente,2,1,0.08070432868672046,1.0,1.6451418225709113,0.08070432868672046,0.6078503301540719,0.0316481758496347,True
bloqueo_alto + requiere_laboratorio,no_abierto_siguiente,2,1,0.07740278796771827,1.0,1.6451418225709113,0.07740278796771827,0.6078503301540719,0.0303534777466951,True
curso_no_base + semestre_2,no_abierto_siguiente,2,1,0.07300073367571533,1.0,1.6451418225709113,0.07300073367571533,0.6078503301540719,0.028627213609442294,True
area_ciencias_de_la_computacion + no_requiere_laboratorio,no_abierto_siguiente,2,1,0.0722670579603815,1.0,1.6451418225709113,0.0722670579603815,0.6078503301540719,0.02833950291990016,True
area_desarrollo_de_software + requiere_laboratorio,no_abierto_siguiente,2,1,0.0719002201027146,1.0,1.6451418225709113,0.0719002201027146,0.6078503301540719,0.028195647575129094,True
area_ciencias_de_la_computacion + curso_base,no_abierto_siguiente,2,1,0.07043286867204696,1.0,1.6451418225709113,0.07043286867204696,0.6078503301540719,0.02762022619604483,True
bloqueo_bajo + ocupacion_media,no_abierto_siguiente,2,1,0.0685986793837124,1.0,1.6451418225709113,0.0685986793837124,0.6078503301540719,0.026900949472189496,True
periodo_v2,no_abierto_siguiente,1,1,0.06823184152604549,1.0,1.6451418225709113,0.06823184152604549,0.6078503301540719,0.026757094127418425,True
periodo_v2 + sin_recuperacion,no_abierto_siguiente,2,1,0.06823184152604549,1.0,1.6451418225709113,0.06823184152604549,0.6078503301540719,0.026757094127418425,True
area_desarrollo_de_software + bloqueo_alto,no_abierto_siguiente,2,1,0.06676449009537784,1.0,1.6451418225709113,0.06676449009537784,0.6078503301540719,0.02618167274833416,True
curso_obligatorio + semestre_7,no_abierto_siguiente,2,1,0.0652971386647102,1.0,1.6451418225709113,0.0652971386647102,0.6078503301540719,0.02560625136924989,True
ocupacion_media + semestre_7,no_abierto_siguiente,2,1,0.0652971386647102,1.0,1.6451418225709113,0.0652971386647102,0.6078503301540719,0.02560625136924989,True
area_desarrollo_de_software + periodo_s1,no_abierto_siguiente,2,1,0.06419662509170947,1.0,1.6451418225709113,0.06419662509170947,0.6078503301540719,0.02517468533493669,True
periodo_s1 + semestre_7,no_abierto_siguiente,2,1,0.061628760088041086,1.0,1.6451418225709113,0.061628760088041086,0.6078503301540719,0.024167697921539222,True
area_ciencias_de_la_computacion + zona_media,no_abierto_siguiente,2,1,0.061261922230374175,1.0,1.6451418225709113,0.061261922230374175,0.6078503301540719,0.024023842576768158,True
area_ciencias_basicas_y_complementarias + periodo_v2,no_abierto_siguiente,2,1,0.059060895084372705,1.0,1.6451418225709113,0.059060895084372705,0.6078503301540719,0.02316071050814176,True
area_ciencias_de_la_computacion + periodo_s2,no_abierto_siguiente,2,1,0.058694057226705794,1.0,1.6451418225709113,0.058694057226705794,0.6078503301540719,0.023016855163370688,True
area_ciencias_de_la_computacion + periodo_s1,no_abierto_siguiente,2,1,0.05722670579603815,1.0,1.6451418225709113,0.05722670579603815,0.6078503301540719,0.022441433784286424,True
curso_obligatorio + periodo_v2,no_abierto_siguiente,2,1,0.0553925165077036,1.0,1.6451418225709113,0.0553925165077036,0.6078503301540719,0.02172215706043109,True
ocupacion_alta,no_abierto_siguiente,1,1,0.05392516507703595,1.0,1.6451418225709113,0.05392516507703595,0.6078503301540719,0.02114673568134682,True
area_desarrollo_de_software + ocupacion_alta,no_abierto_siguiente,2,1,0.05392516507703595,1.0,1.6451418225709113,0.05392516507703595,0.6078503301540719,0.02114673568134682,True
area_desarrollo_de_software + semestre_3,no_abierto_siguiente,2,1,0.05392516507703595,1.0,1.6451418225709113,0.05392516507703595,0.6078503301540719,0.02114673568134682,True
bloqueo_alto + ocupacion_alta,no_abierto_siguiente,2,1,0.05392516507703595,1.0,1.6451418225709113,0.05392516507703595,0.6078503301540719,0.02114673568134682,True
curso_base + ocupacion_alta,no_abierto_siguiente,2,1,0.05392516507703595,1.0,1.6451418225709113,0.05392516507703595,0.6078503301540719,0.02114673568134682,True
curso_no_base + semestre_1,no_abierto_siguiente,2,1,0.05392516507703595,1.0,1.6451418225709113,0.05392516507703595,0.6078503301540719,0.02114673568134682,True
curso_obligatorio + ocupacion_alta,no_abierto_siguiente,2,1,0.05392516507703595,1.0,1.6451418225709113,0.05392516507703595,0.6078503301540719,0.02114673568134682,True
ocupacion_alta + requiere_laboratorio,no_abierto_siguiente,2,1,0.05392516507703595,1.0,1.6451418225709113,0.05392516507703595,0.6078503301540719,0.02114673568134682,True
ocupacion_alta + semestre_3,no_abierto_siguiente,2,1,0.05392516507703595,1.0,1.6451418225709113,0.05392516507703595,0.6078503301540719,0.02114673568134682,True
no_requiere_laboratorio + periodo_v2,no_abierto_siguiente,2,1,0.05282465150403522,1.0,1.6451418225709113,0.05282465150403522,0.6078503301540719,0.02071516964703362,True
bloqueo_medio + semestre_7,no_abierto_siguiente,2,1,0.05099046221570066,1.0,1.6451418225709113,0.05099046221570066,0.6078503301540719,0.01999589292317829,True
aprobo + semestre_7,no_abierto_siguiente,2,1,0.050256786500366836,0.9785714285714285,1.6098887835158204,0.05135730007336757,0.6078503301540719,0.019039234694948618,True
semestre_7,no_abierto_siguiente,1,1,0.0752017608217168,0.976190476190476,1.6059717791763657,0.07703595011005136,0.6078503301540719,0.02837543311358947,True
semestre_7 + sin_recuperacion,no_abierto_siguiente,2,1,0.05832721936903888,0.9754601226993865,1.6047702441029137,0.05979457079970653,0.6078503301540719,0.02198106976701624,True
no_requiere_laboratorio + semestre_7,no_abierto_siguiente,2,1,0.061995597945708,0.971264367816092,1.5978676322671497,0.06382978723404255,0.6078503301540719,0.02319664070183107,True
semestre_7 + sin_riesgo_retraso,no_abierto_siguiente,2,1,0.054658840792369774,0.9675324675324675,1.5917281270328947,0.05649303008070433,0.6078503301540719,0.02031953380640973,True
bloqueo_bajo + curso_obligatorio,no_abierto_siguiente,2,1,0.07593543653705062,0.9627906976744186,1.5839272431264124,0.07887013939838591,0.6078503301540719,0.02799419626444407,True
bloqueo_bajo + periodo_s1,no_abierto_siguiente,2,1,0.06566397652237711,0.9521276595744681,1.5663850331925167,0.06896551724137931,0.6078503301540719,0.023743264097958364,True
bloqueo_bajo + periodo_s2,no_abierto_siguiente,2,1,0.06456346294937637,0.9513513513513512,1.5651078960674614,0.06786500366837858,0.6078503301540719,0.02331169806364515,True
area_desarrollo_de_software + curso_obligatorio,no_abierto_siguiente,2,1,0.11408657373440939,0.945288753799392,1.5551340632813173,0.1206896551724138,0.6078503301540719,0.04072532699167658,True
area_desarrollo_de_software + curso_base,no_abierto_siguiente,2,1,0.1012472487160675,0.9387755102040816,1.54441885384208,0.1078503301540719,0.6078503301540719,0.03569038992468923,True
area_desarrollo_de_software + sin_recuperacion,no_abierto_siguiente,2,1,0.08327219369038885,0.9380165289256198,1.5431702219983343,0.08877476155539252,0.6078503301540719,0.029310425569594505,True
area_desarrollo_de_software + zona_media,no_abierto_siguiente,2,1,0.06272927366104182,0.9344262295081966,1.5372636702711793,0.06713132795304476,0.6078503301540719,0.021923473801102288,True
area_desarrollo_de_software,no_abierto_siguiente,1,1,0.11592076302274394,0.9321533923303835,1.533524530774065,0.1243580337490829,0.6078503301540719,0.040329691151052685,True
aprobo + area_desarrollo_de_software,no_abierto_siguiente,2,1,0.07153338224504768,0.9285714285714284,1.5276316923872746,0.07703595011005136,0.6078503301540719,0.024707054536920355,True
aprobo + bloqueo_bajo,no_abierto_siguiente,2,1,0.09977989728539985,0.9283276450511946,1.5272306339224844,0.10748349229640498,0.6078503301540719,0.034446021006917446,True
bloqueo_bajo,no_abierto_siguiente,1,1,0.13939838591342626,0.926829268292683,1.5247655916510887,0.1504035216434336,0.6078503301540719,0.047975555626130054,True
bloqueo_bajo + curso_no_base,no_abierto_siguiente,2,1,0.13939838591342626,0.926829268292683,1.5247655916510887,0.1504035216434336,0.6078503301540719,0.047975555626130054,True
bloqueo_bajo + sin_riesgo_retraso,no_abierto_siguiente,2,1,0.13939838591342626,0.926829268292683,1.5247655916510887,0.1504035216434336,0.6078503301540719,0.047975555626130054,True
bloqueo_bajo + no_requiere_laboratorio,no_abierto_siguiente,2,1,0.13426265590608952,0.9242424242424243,1.5205098663155394,0.14526779163609685,0.6078503301540719,0.04596158079933513,True
bloqueo_bajo + sin_recuperacion,no_abierto_siguiente,2,1,0.11041819515774028,0.9204892966360856,1.5143354391249062,0.11995597945707998,0.6078503301540719,0.037502913440799146,True
bloqueo_bajo + zona_media,no_abierto_siguiente,2,1,0.07373440939104915,0.9136363636363637,1.5030613924397873,0.08070432868672046,0.6078503301540719,0.024678256553963385,True
area_ciencias_basicas_y_complementarias + bloqueo_bajo,no_abierto_siguiente,2,1,0.08657373440939105,0.9042145593869731,1.4875611882250386,0.09574468085106383,0.6078503301540719,0.028375298543575657,True
area_desarrollo_de_software + sin_riesgo_retraso,no_abierto_siguiente,2,1,0.07336757153338225,0.8968609865470852,1.4754635180008175,0.0818048422597212,0.6078503301540719,0.023642471157608945,True
curso_no_base + no_requiere_laboratorio,no_abierto_siguiente,2,1,0.22707263389581805,0.8919308357348703,1.4673527207080608,0.2545854732208364,0.6078503301540719,0.07232276994610201,True
bloqueo_bajo + curso_no_obligatorio,no_abierto_siguiente,2,1,0.06346294937637564,0.8871794871794872,1.459536078485988,0.07153338224504768,0.6078503301540719,0.019981359361685984,True
curso_no_base + periodo_s1,no_abierto_siguiente,2,1,0.16177549523110785,0.8784860557768924,1.4452341509039281,0.18415260454878943,0.6078503301540719,0.049838273757393955,True
curso_no_base + recuperacion,no_abierto_siguiente,2,1,0.06933235509904623,0.870967741935484,1.4328654583682134,0.07960381511371974,0.6078503301540719,0.02094514980064799,True
curso_no_base + ocupacion_media,no_abierto_siguiente,2,1,0.17278063096111518,0.8690036900369003,1.4296343144481534,0.1988261188554659,0.6078503301540719,0.051924108971567504,True
bloqueo_bajo + ocupacion_baja,no_abierto_siguiente,2,1,0.07079970652971386,0.8654708520179372,1.4238222948707886,0.0818048422597212,0.6078503301540719,0.021074606153940557,True
periodo_s2 + zona_alta,aprobo,2,1,0.09207630227439471,0.9881889763779527,1.4185377301770927,0.09317681584739546,0.6966250917094644,0.027166994389506982,True
sin_riesgo_retraso + zona_alta,aprobo,2,1,0.23991195891415995,0.9879154078549849,1.4181450246512317,0.24284666177549524,0.6966250917094644,0.0707388808834683,True
curso_no_base + zona_alta,aprobo,2,1,0.09904622157006603,0.9854014598540146,1.4145362714913343,0.10051357300073367,0.6966250917094644,0.029025944560383987,True
ocupacion_baja + zona_alta,aprobo,2,1,0.07043286867204696,0.9846153846153847,1.4134078664884353,0.07153338224504768,0.6966250917094644,0.020600919705302444,True
area_ciencias_basicas_y_complementarias + zona_alta,aprobo,2,1,0.15884079236977255,0.9840909090909091,1.4126549858777349,0.16140865737344093,0.6966250917094644,0.04639947162429775,True
no_requiere_laboratorio + zona_alta,aprobo,2,1,0.1867204695524578,0.9826254826254825,1.4105513773760219,0.19002201027146,0.6966250917094644,0.054346369220285184,True
no_abierto_siguiente + zona_alta,aprobo,2,1,0.1408657373440939,0.9820971867007673,1.4097930126099483,0.14343360234776228,0.6966250917094644,0.040946290954365167,True
bloqueo_medio + zona_alta,aprobo,2,1,0.14636830520909758,0.9803439803439803,1.407276298271559,0.14930300807043287,0.6966250917094644,0.04236008351953338,True
zona_alta,aprobo,1,1,0.23991195891415995,0.9790419161676647,1.405407195088496,0.2450476889214967,0.6966250917094644,0.06920559014603,True
sin_recuperacion + zona_alta,aprobo,2,1,0.23991195891415995,0.9790419161676647,1.405407195088496,0.2450476889214967,0.6966250917094644,0.06920559014603,True
curso_no_base + zona_alta,no_abierto_siguiente,2,1,0.08584005869405723,0.854014598540146,1.404975133144501,0.10051357300073367,0.6078503301540719,0.02474285016059586,True
curso_obligatorio + zona_alta,aprobo,2,1,0.21313279530447543,0.9781144781144782,1.4040758648446907,0.21790168745414526,0.6966250917094644,0.06133701229808444,True
periodo_s1 + zona_alta,aprobo,2,1,0.10931768158473955,0.9770491803278689,1.4025466380061984,0.11188554658840792,0.6966250917094644,0.03137540243162633,True
ocupacion_media + zona_alta,aprobo,2,1,0.16177549523110785,0.9756637168141593,1.4005578157111103,0.16581071166544387,0.6966250917094644,0.04626759301075645,True
abierto_siguiente + zona_alta,aprobo,2,1,0.09904622157006603,0.9747292418772562,1.3992163840744605,0.10161408657373441,0.6966250917094644,0.02825929919166484,True
curso_base + zona_alta,aprobo,2,1,0.1408657373440939,0.9746192893401016,1.3990585480469284,0.144534115920763,0.6966250917094644,0.04017964558564602,True
curso_no_base + curso_obligatorio,no_abierto_siguiente,2,1,0.2413793103448276,0.8479381443298969,1.3949785041902831,0.2846661775495231,0.6078503301540719,0.06834488033765232,True
curso_no_base + zona_baja,no_abierto_siguiente,2,1,0.0685986793837124,0.8461538461538463,1.3920430806369253,0.08107116654438738,0.6078503301540719,0.01931954403373079,True
bloqueo_alto + zona_alta,aprobo,2,1,0.055025678650036686,0.967741935483871,1.3891861590990164,0.05685986793837124,0.6966250917094644,0.01541566793288078,True
requiere_laboratorio + zona_alta,aprobo,2,1,0.05319148936170213,0.9666666666666667,1.3876426189222397,0.055025678650036686,0.6966250917094644,0.014859220925744807,True
curso_no_base + periodo_s2,no_abierto_siguiente,2,1,0.13242846661775495,0.8434579439252335,1.3876079391310723,0.15700660308143802,0.6078503301540719,0.03699195109833353,True
aprobo + curso_no_base,no_abierto_siguiente,2,1,0.22597212032281733,0.8403819918144612,1.3825475616694154,0.2688921496698459,0.6078503301540719,0.06252593837016338,True
curso_no_base,no_abierto_siguiente,1,1,0.31841526045487895,0.8378378378378378,1.3783620675594122,0.38004402054292,0.6078503301540719,0.08740537709478413,True
curso_no_base + perdio,no_abierto_siguiente,2,1,0.09244314013206163,0.8316831683168318,1.3682367633263026,0.1111518708730741,0.6078503301540719,0.024879438724620784,True
curso_no_base + sin_recuperacion,no_abierto_siguiente,2,1,0.24908290535583272,0.829059829059829,1.3639209981998153,0.3004402054292003,0.6078503301540719,0.06646022729413614,True
curso_no_base + zona_media,no_abierto_siguiente,2,1,0.16250917094644168,0.824953445065177,1.3571654141506775,0.19699192956713132,0.6078503301540719,0.04276756152137323,True
aprobo + area_metodologia_de_sistemas,no_abierto_siguiente,2,1,0.06456346294937637,0.8224299065420559,1.3530138353854222,0.07850330154071901,0.6078503301540719,0.01684520518966566,True
area_desarrollo_de_software + sin_riesgo_retraso,aprobo,2,1,0.07703595011005136,0.9417040358744395,1.3518089530246036,0.0818048422597212,0.6966250917094644,0.020048644368594812,True
area_metodologia_de_sistemas + zona_media,no_abierto_siguiente,2,1,0.05172413793103448,0.8197674418604651,1.3486337033866191,0.06309611151870873,0.6078503301540719,0.01337114571294925,True
curso_no_base + sin_riesgo_retraso,no_abierto_siguiente,2,1,0.26559060895084374,0.8116591928251121,1.3352944837907397,0.3272193690388848,0.6078503301540719,0.06669020744775053,True
area_ciencias_de_la_computacion + sin_riesgo_retraso,aprobo,2,1,0.08290535583272193,0.9300411522633745,1.3350669726540068,0.08914159941305942,0.6966250917094644,0.020807080966471075,True
area_metodologia_de_sistemas,no_abierto_siguiente,1,1,0.08767424798239179,0.8101694915254238,1.3328437138794844,0.1082171680117388,0.6078503301540719,0.021894406678117692,True
area_metodologia_de_sistemas + no_requiere_laboratorio,no_abierto_siguiente,2,1,0.08767424798239179,0.8101694915254238,1.3328437138794844,0.1082171680117388,0.6078503301540719,0.021894406678117692,True
curso_no_base + curso_no_obligatorio,no_abierto_siguiente,2,1,0.07703595011005136,0.8076923076923077,1.3287683951534284,0.09537784299339692,0.6078503301540719,0.019060496757131812,True
curso_no_base + ocupacion_baja,no_abierto_siguiente,2,1,0.14563462949376377,0.8036437246963564,1.3221079019446396,0.18121790168745414,0.6078503301540719,0.03548126812321664,True
area_metodologia_de_sistemas + curso_obligatorio,no_abierto_siguiente,2,1,0.08400586940572267,0.8035087719298245,1.3218858855043463,0.1045487894350697,0.6078503301540719,0.02045585323040701,True
area_metodologia_de_sistemas + sin_recuperacion,no_abierto_siguiente,2,1,0.06786500366837858,0.7974137931034484,1.3118587809293907,0.0851063829787234,0.6078503301540719,0.01613306067654268,True
no_abierto_siguiente + sin_riesgo_retraso,aprobo,2,1,0.417461482024945,0.913322632423756,1.3110676650801258,0.4570799706529714,0.6966250917094644,0.0990481055502595,True
area_metodologia_de_sistemas + ocupacion_media,no_abierto_siguiente,2,1,0.05722670579603815,0.7959183673469387,1.309398593474807,0.0719002201027146,0.6078503301540719,0.01352213326845264,True
semestre_7 + sin_riesgo_retraso,aprobo,2,1,0.05135730007336757,0.9090909090909091,1.3049930585475609,0.05649303008070433,0.6966250917094644,0.012002837812451386,True
recuperacion + requiere_laboratorio,no_abierto_siguiente,2,1,0.05099046221570066,0.7853107344632768,1.2919475329794163,0.06493030080704329,0.6078503301540719,0.011522557433136196,True
bloqueo_medio + curso_no_base,no_abierto_siguiente,2,1,0.17901687454145268,0.7795527156549521,1.2824747754226913,0.22964049889948643,0.6078503301540719,0.03942982146865409,True
area_ciencias_basicas_y_complementarias + curso_no_base,no_abierto_siguiente,2,1,0.20506236243580336,0.7742382271468143,1.2737316881123815,0.2648569332355099,0.6078503301540719,0.044068988125003705,True
area_metodologia_de_sistemas + sin_riesgo_retraso,no_abierto_siguiente,2,1,0.07043286867204696,0.7741935483870968,1.2736581852161895,0.09097578870139399,0.6078503301540719,0.015133205473877538,True
semestre_2 + sin_riesgo_retraso,aprobo,2,1,0.10014673514306677,0.8806451612903226,1.264159404780105,0.11371973587674249,0.6966250917094644,0.020926713708754957,True
requiere_laboratorio + sin_riesgo_retraso,aprobo,2,1,0.16581071166544387,0.8776699029126213,1.2598884440967908,0.18892149669845928,0.6966250917094644,0.0342032567019904,True
periodo_s2 + requiere_laboratorio,no_abierto_siguiente,2,1,0.08877476155539252,0.7634069400630915,1.2559126847386768,0.11628760088041086,0.6078503301540719,0.018089304967409833,True
perdio + requiere_laboratorio,no_abierto_siguiente,2,1,0.06713132795304476,0.756198347107438,1.2440535269854414,0.08877476155539252,0.6078503301540719,0.013169559832250412,True
area_metodologia_de_sistemas + sin_riesgo_retraso,aprobo,2,1,0.07850330154071901,0.8629032258064516,1.2386909918632898,0.09097578870139399,0.6966250917094644,0.01512728439326956,True
sin_recuperacion + sin_riesgo_retraso,aprobo,2,1,0.6008804108584006,0.8621052631578948,1.2375455225742082,0.6969919295671313,0.6966250917094644,0.11533834400294118,True
periodo_s1 + requiere_laboratorio,no_abierto_siguiente,2,1,0.08217168011738811,0.7516778523489932,1.236616671999611,0.10931768158473955,0.6078503301540719,0.01572289127442647,True
requiere_laboratorio + zona_media,no_abierto_siguiente,2,1,0.09647835656639765,0.7471590909090909,1.2291826685686071,0.12912692589875274,0.6078503301540719,0.01798851202706042,True
semestre_5 + sin_riesgo_retraso,aprobo,2,1,0.06052824651504035,0.8549222797927462,1.2272344047999084,0.07079970652971386,0.6966250917094644,0.011207394460775268,True
bloqueo_medio + sin_riesgo_retraso,aprobo,2,1,0.4203961848862803,0.85331347728965,1.2249249810908827,0.4926632428466618,0.6966250917094644,0.07719460815634238,True
ocupacion_baja + periodo_s2,no_abierto_siguiente,2,1,0.08950843727072634,0.7416413373860182,1.2201051814811623,0.1206896551724138,0.6078503301540719,0.01614719052799353,True
periodo_s1 + sin_riesgo_retraso,aprobo,2,1,0.3261188554658841,0.8474737845567207,1.2165421467623068,0.3848129126925899,0.6966250917094644,0.05804852487042256,True
curso_base + requiere_laboratorio,no_abierto_siguiente,2,1,0.09501100513573,0.7357954545454546,1.2104878751303014,0.12912692589875274,0.6078503301540719,0.016521160596392775,True
ocupacion_baja + periodo_s1,no_abierto_siguiente,2,1,0.0685986793837124,0.7333333333333334,1.2064373365520018,0.09354365370506236,0.6078503301540719,0.011738138595272084,True
requiere_laboratorio,no_abierto_siguiente,1,1,0.1863536316947909,0.7319884726224783,1.2042248499510417,0.2545854732208364,0.6078503301540719,0.03160376774507487,True
curso_obligatorio + requiere_laboratorio,no_abierto_siguiente,2,1,0.1863536316947909,0.7319884726224783,1.2042248499510417,0.2545854732208364,0.6078503301540719,0.03160376774507487,True
periodo_s2 + semestre_2,no_abierto_siguiente,2,1,0.050256786500366836,0.7287234042553191,1.1988533494266747,0.06896551724137931,0.6078503301540719,0.008336074075948087,True
curso_no_base + requiere_laboratorio,no_abierto_siguiente,2,1,0.09134262655906089,0.7280701754385964,1.1977786953805758,0.12545854732208364,0.6078503301540719,0.015082607148682106,True
area_metodologia_de_sistemas + curso_base,no_abierto_siguiente,2,1,0.05429200293470286,0.7254901960784313,1.1935342634337984,0.0748349229640499,0.6078503301540719,0.008803570303950597,True
curso_obligatorio + sin_riesgo_retraso,aprobo,2,1,0.611518708730741,0.82894082545997,1.1899382254891409,0.7377109317681585,0.6966250917094644,0.09761076323267315,True
periodo_s2 + sin_riesgo_retraso,aprobo,2,1,0.27256052824651505,0.8255555555555556,1.185078696389913,0.3301540719002201,0.6966250917094644,0.04256691763077111,True
aprobo + requiere_laboratorio,no_abierto_siguiente,2,1,0.11922230374174615,0.7190265486725664,1.182900646760058,0.16581071166544387,0.6078503301540719,0.01843420791282449,True
curso_no_base + sin_riesgo_retraso,aprobo,2,1,0.2688921496698459,0.8217488789237668,1.1796142411512314,0.3272193690388848,0.6966250917094644,0.04094292670401972,True
ocupacion_media + sin_riesgo_retraso,aprobo,2,1,0.4699192956713133,0.8216805644644003,1.1795161762664326,0.5719002201027146,0.6966250917094644,0.07151925239359685,True
sin_riesgo_retraso,aprobo,1,1,0.6966250917094644,0.8203023758099351,1.177537796976242,0.8492296404988995,0.6966250917094644,0.10503041551452308,True
curso_base + sin_riesgo_retraso,aprobo,2,1,0.4277329420396185,0.8193956430077302,1.1762361889621236,0.5220102714600147,0.6966250917094644,0.06408748881050336,True
bloqueo_alto + sin_riesgo_retraso,aprobo,2,1,0.16874541452677916,0.8185053380782917,1.1749581630339248,0.20616287600880412,0.6966250917094644,0.025127182120059044,True
requiere_laboratorio + sin_recuperacion,no_abierto_siguiente,2,1,0.13536316947909025,0.7137330754352031,1.174192132550612,0.1896551724137931,0.6078503301540719,0.020081210311938685,True
semestre_3 + sin_riesgo_retraso,aprobo,2,1,0.13793103448275862,0.8173913043478261,1.1733589761201548,0.16874541452677916,0.6966250917094644,0.020378744612489494,True
semestre_5,no_abierto_siguiente,1,1,0.06016140865737344,0.7038626609442059,1.1579539008653623,0.08547322083639032,0.6078503301540719,0.008206483152641691,True
no_requiere_laboratorio + sin_riesgo_retraso,aprobo,2,1,0.5308143800440206,0.803888888888889,1.1539763618278627,0.6603081438004402,0.6966250917094644,0.07082715881253271,True
periodo_s1 + sin_recuperacion,aprobo,2,1,0.2747615553925165,0.8019271948608138,1.1511603650292672,0.34262655906089506,0.6966250917094644,0.03607929726462225,True
periodo_s2 + sin_recuperacion,aprobo,2,1,0.22817314746881878,0.7994858611825192,1.147655849175117,0.28539985326485695,0.6966250917094644,0.02935644851432012,True
ocupacion_baja + sin_riesgo_retraso,aprobo,2,1,0.19552457813646368,0.7943368107302533,1.140264426566967,0.24614820249449743,0.6966250917094644,0.024051563999614584,True
sin_riesgo_retraso + zona_media,aprobo,2,1,0.35546588407923696,0.7923139820114472,1.1373606713866273,0.4486426999266324,0.6966250917094644,0.04293012209806496,True
curso_no_obligatorio + sin_recuperacion,no_abierto_siguiente,2,1,0.06786500366837858,0.6902985074626866,1.135638944685144,0.0983125458547322,0.6078503301540719,0.008105690212292287,True
bloqueo_bajo + sin_recuperacion,aprobo,2,1,0.0946441672780631,0.7889908256880734,1.132590305858709,0.11995597945707998,0.6966250917094644,0.011079822087676133,True
area_metodologia_de_sistemas + sin_recuperacion,aprobo,2,1,0.06713132795304476,0.7887931034482759,1.132306477093207,0.0851063829787234,0.6966250917094644,0.007844086105430768,True
semestre_2 + sin_recuperacion,aprobo,2,1,0.08620689655172414,0.7885906040268457,1.132015790719948,0.10931768158473955,0.6966250917094644,0.010053456592288929,True
curso_no_obligatorio,no_abierto_siguiente,1,1,0.07997065297138664,0.6855345911949685,1.127801626793895,0.11665443873807776,0.6078503301540719,0.009062213870508123,True
curso_no_obligatorio + no_requiere_laboratorio,no_abierto_siguiente,2,1,0.07997065297138664,0.6855345911949685,1.127801626793895,0.11665443873807776,0.6078503301540719,0.009062213870508123,True
perdio + periodo_s1,no_abierto_siguiente,2,1,0.08914159941305942,0.684507042253521,1.1261111630555813,0.1302274394717535,0.6078503301540719,0.009982807335034649,True
semestre_1 + sin_recuperacion,aprobo,2,1,0.09501100513573,0.782477341389728,1.1232402488827797,0.12142333088774762,0.6966250917094644,0.010424466120384182,True
semestre_4 + sin_riesgo_retraso,aprobo,2,1,0.12362435803374908,0.7819025522041763,1.1224151433957792,0.15810711665443875,0.6966250917094644,0.013482973394431705,True
curso_no_base + sin_recuperacion,aprobo,2,1,0.23477622890682318,0.7814407814407814,1.1217522749908215,0.3004402054292003,0.6966250917094644,0.025482043246496194,True
area_ciencias_basicas_y_complementarias + curso_no_obligatorio,no_abierto_siguiente,2,1,0.07446808510638298,0.6812080536912751,1.1206838589996477,0.10931768158473955,0.6078503301540719,0.008019296263421336,True
area_ciencias_de_la_computacion + sin_recuperacion,aprobo,2,1,0.06786500366837858,0.7773109243697479,1.1158238966992802,0.08730741012472487,0.6966250917094644,0.007044471083326294,True
area_ciencias_basicas_y_complementarias + sin_riesgo_retraso,aprobo,2,1,0.44240645634629494,0.7765614938828075,1.1147480949576267,0.5696991929567131,0.6966250917094644,0.045539703806016796,True
curso_no_obligatorio + sin_recuperacion,aprobo,2,1,0.07630227439471754,0.7761194029850748,1.1141134768495597,0.0983125458547322,0.6966250917094644,0.007815288122473799,True
aprobo + curso_no_obligatorio,no_abierto_siguiente,2,1,0.05759354365370506,0.6767241379310345,1.1133071816535909,0.0851063829787234,0.6078503301540719,0.005861600661869158,True
semestre_5 + sin_recuperacion,aprobo,2,1,0.05172413793103448,0.7747252747252747,1.1121122163776194,0.06676449009537784,0.6966250917094644,0.0052143188954062655,True
curso_obligatorio + ocupacion_baja,no_abierto_siguiente,2,1,0.14856933235509906,0.675,1.1104707302353654,0.22010271460014674,0.6078503301540719,0.014779824617592419,True
ocupacion_baja + perdio,no_abierto_siguiente,2,1,0.05942773294203962,0.6749999999999999,1.1104707302353651,0.0880410858400587,0.6078503301540719,0.005911929847036958,True
no_requiere_laboratorio + sin_recuperacion,aprobo,2,1,0.46221570066030815,0.7730061349693252,1.1096444043846132,0.5979457079970653,0.6966250917094644,0.04567171698957195,True
semestre_1 + sin_riesgo_retraso,aprobo,2,1,0.10491562729273661,0.772972972972973,1.1095968005920613,0.13573000733675716,0.6966250917094644,0.01036269848404188,True
semestre_4 + sin_recuperacion,aprobo,2,1,0.10711665443873808,0.7724867724867724,1.1088988635065518,0.13866471019809246,0.6966250917094644,0.010519337980125623,True
ocupacion_baja + zona_media,no_abierto_siguiente,2,1,0.10198092443140132,0.6714975845410628,1.1047087600838488,0.15187087307410124,0.6078503301540719,0.009666164092521731,True
recuperacion + zona_baja,no_abierto_siguiente,2,1,0.05099046221570066,0.6714975845410628,1.1047087600838488,0.07593543653705062,0.6078503301540719,0.004833082046260866,True
ocupacion_baja,no_abierto_siguiente,1,1,0.19038884812912693,0.6714100905562742,1.1045648200702496,0.2835656639765224,0.6078503301540719,0.018023365660639196,True
abierto_siguiente + sin_recuperacion,aprobo,2,1,0.24358033749082905,0.7694090382387022,1.1044807994937873,0.3165810711665444,0.6966250917094644,0.0230420197559546,True
area_ciencias_basicas_y_complementarias + sin_recuperacion,aprobo,2,1,0.3914159941305943,0.7692862292718098,1.104304508159533,0.5088041085840058,0.6966250917094644,0.036970285326108965,True
ocupacion_media + sin_recuperacion,aprobo,2,1,0.39948642699926634,0.7690677966101694,1.1039909497416125,0.5194424064563463,0.6966250917094644,0.03762981296382922,True
curso_no_obligatorio + sin_riesgo_retraso,no_abierto_siguiente,2,1,0.0748349229640499,0.6710526315789473,1.1039767493567958,0.11151870873074102,0.6078503301540719,0.007048239043713184,True
aprobo + ocupacion_baja,no_abierto_siguiente,2,1,0.1309611151870873,0.6697936210131332,1.1019054984199164,0.19552457813646368,0.6078503301540719,0.012111435813602245,True
ocupacion_baja + sin_recuperacion,aprobo,2,1,0.17718268525311812,0.7666666666666666,1.1005441460417764,0.23110785033015407,0.6966250917094644,0.01618715782209737,True
semestre_2,no_abierto_siguiente,1,1,0.09207630227439471,0.6675531914893617,1.0982196741098371,0.13793103448275862,0.6078503301540719,0.008234877425557216,True
area_ciencias_basicas_y_complementarias + semestre_2,no_abierto_siguiente,2,1,0.09207630227439471,0.6675531914893617,1.0982196741098371,0.13793103448275862,0.6078503301540719,0.008234877425557216,True
periodo_s2 + zona_baja,no_abierto_siguiente,2,1,0.05429200293470286,0.6666666666666667,1.0967612150472743,0.08143800440205429,0.6078503301540719,0.004789885071825407,True
aprobo + semestre_2,no_abierto_siguiente,2,1,0.06676449009537784,0.6666666666666666,1.0967612150472743,0.10014673514306677,0.6078503301540719,0.005890264074812315,True
curso_no_obligatorio + sin_riesgo_retraso,aprobo,2,1,0.0851063829787234,0.763157894736842,1.095507330728084,0.11151870873074102,0.6966250917094644,0.0074196522818498895,True
bloqueo_medio + sin_recuperacion,aprobo,2,1,0.36390315480557595,0.7630769230769231,1.0953910965285374,0.4768892149669846,0.6966250917094644,0.031690161693945784,True
sin_recuperacion,aprobo,1,1,0.6008804108584006,0.7629250116441546,1.0951730288267327,0.7876008804108584,0.6966250917094644,0.0522178753117315,True
curso_obligatorio + sin_recuperacion,aprobo,2,1,0.524578136463683,0.7610431080361895,1.0924715705669577,0.6892883345561261,0.6966250917094644,0.04440258718925766,True
no_abierto_siguiente + sin_recuperacion,aprobo,2,1,0.3573000733675715,0.7585669781931463,1.0889171050840005,0.471019809244314,0.6966250917094644,0.029175855555776842,True
curso_obligatorio + semestre_2,no_abierto_siguiente,2,1,0.08877476155539252,0.6594005449591281,1.0848074143383122,0.1346294937637564,0.6078503301540719,0.006940179322617632,True
ocupacion_baja + sin_recuperacion,no_abierto_siguiente,2,1,0.15223771093176816,0.6587301587301587,1.0837045339157592,0.23110785033015407,0.6078503301540719,0.011758727807386182,True
periodo_s1 + recuperacion,no_abierto_siguiente,2,1,0.0748349229640499,0.6580645161290323,1.082609457433761,0.11371973587674249,0.6078503301540719,0.005710343966338127,True
semestre_2 + sin_recuperacion,no_abierto_siguiente,2,1,0.0719002201027146,0.6577181208053691,1.0820395879996598,0.10931768158473955,0.6078503301540719,0.005451431259752962,True
perdio + recuperacion,no_abierto_siguiente,2,1,0.07666911225238444,0.6572327044025157,1.0812410091739637,0.11665443873807776,0.6078503301540719,0.005760673151505927,True
no_requiere_laboratorio + ocupacion_baja,no_abierto_siguiente,2,1,0.14820249449743214,0.6558441558441558,1.0789566498679353,0.22597212032281733,0.6078503301540719,0.01084526655359197,True
periodo_s1 + zona_media,no_abierto_siguiente,2,1,0.16140865737344093,0.6557377049180327,1.0787815229973188,0.24614820249449743,0.6078503301540719,0.011787391220329346,True
curso_base + sin_recuperacion,aprobo,2,1,0.3661041819515774,0.7515060240963856,1.0787811593927052,0.4871606749816581,0.6966250917094644,0.02673583206523522,True
periodo_s1,no_abierto_siguiente,1,1,0.2978723404255319,0.652733118971061,1.073838552996447,0.45634629493763756,0.6078503301540719,0.020482094383101446,True
perdio + periodo_s2,no_abierto_siguiente,2,1,0.07263389581804842,0.6513157894736842,1.0715068449639489,0.11151870873074102,0.6078503301540719,0.004847211897711715,True
bloqueo_alto + sin_recuperacion,aprobo,2,1,0.14233308877476156,0.7461538461538462,1.0710981488232674,0.19075568598679385,0.6966250917094644,0.009447891530109498,True
periodo_s1 + sin_recuperacion,no_abierto_siguiente,2,1,0.22303741746148203,0.6509635974304069,1.0709274391039767,0.34262655906089506,0.6078503301540719,0.014771750416763374,True
bloqueo_medio + periodo_s1,no_abierto_siguiente,2,1,0.17754952311078503,0.6505376344086021,1.070226669521937,0.27292736610418195,0.6078503301540719,0.01165053351627679,True
bloqueo_bajo + ocupacion_media,aprobo,2,1,0.05099046221570066,0.7433155080213903,1.0670237361065351,0.0685986793837124,0.6966250917094644,0.003202900898873859,True
abierto_siguiente + periodo_s1,aprobo,2,1,0.11738811445341159,0.7407407407407408,1.0633276773350497,0.15847395451210564,0.6966250917094644,0.006991181357854509,True
periodo_s1 + zona_alta,no_abierto_siguiente,2,1,0.0722670579603815,0.6459016393442623,1.062599800152359,0.11188554658840792,0.6078503301540719,0.004257391527148963,True
aprobo + zona_baja,no_abierto_siguiente,2,1,0.06272927366104182,0.6452830188679245,1.061582081734437,0.09721203228173148,0.6078503301540719,0.0036389077436430536,True
periodo_s2 + semestre_2,aprobo,2,1,0.05099046221570066,0.7393617021276596,1.0613480779357558,0.06896551724137931,0.6966250917094644,0.002947352442634152,True
periodo_s1 + zona_baja,no_abierto_siguiente,2,1,0.061995597945708,0.6450381679389312,1.0611792672308549,0.09611151870873075,0.6078503301540719,0.003574179566996759,True
bloqueo_medio + semestre_2,aprobo,2,1,0.06016140865737344,0.7387387387387387,1.0604538187476575,0.08143800440205429,0.6966250917094644,0.003429651372156603,True
recuperacion,no_abierto_siguiente,1,1,0.1368305209097579,0.6442141623488774,1.0598236611726253,0.2123991195891416,0.6078503301540719,0.007723645943063989,True
curso_obligatorio + recuperacion,no_abierto_siguiente,2,1,0.12472487160674982,0.6427221172022685,1.0573690353007748,0.19405722670579603,0.6078503301540719,0.006767122284848132,True
area_metodologia_de_sistemas + no_abierto_siguiente,aprobo,2,1,0.06456346294937637,0.7364016736401673,1.0570989796435473,0.08767424798239179,0.6966250917094644,0.0034873819080843693,True
area_ciencias_basicas_y_complementarias + periodo_s1,aprobo,2,1,0.18818782098312545,0.7349570200573066,1.055025190456144,0.25605282465150403,0.6966250917094644,0.009814998527804042,True
area_ciencias_basicas_y_complementarias + curso_no_obligatorio,aprobo,2,1,0.08033749082905356,0.7348993288590604,1.0549423751815685,0.10931768158473955,0.6966250917094644,0.004184050869618344,True
area_metodologia_de_sistemas + ocupacion_media,aprobo,2,1,0.05282465150403522,0.7346938775510204,1.0546474513976207,0.0719002201027146,0.6966250917094644,0.002737154081050984,True
abierto_siguiente + periodo_s2,aprobo,2,1,0.10748349229640498,0.7343358395989975,1.0541334906513256,0.14636830520909758,0.6966250917094644,0.005519658256758514,True
bloqueo_bajo + periodo_s1,aprobo,2,1,0.05062362435803375,0.7340425531914894,1.0537124802527646,0.06896551724137931,0.6966250917094644,0.0025805145849672403,True
curso_no_base + semestre_2,aprobo,2,1,0.05355832721936904,0.7336683417085428,1.053175302526323,0.07300073367571533,0.6966250917094644,0.002704184427665665,True
aprobo + periodo_s1,no_abierto_siguiente,2,1,0.2087307410124725,0.6400449943757031,1.052964788574633,0.3261188554658841,0.6078503301540719,0.010499287048066797,True
area_ciencias_basicas_y_complementarias + periodo_s2,aprobo,2,1,0.1669112252384446,0.7326892109500804,1.051769767798799,0.22780630961115186,0.6966250917094644,0.008215633913581294,True
curso_obligatorio + periodo_s1,no_abierto_siguiente,2,1,0.2582538517975055,0.6388384754990926,1.0509798939109996,0.40425531914893614,0.6078503301540719,0.012527122586284967,True
requiere_laboratorio + sin_riesgo_retraso,no_abierto_siguiente,2,1,0.1206896551724138,0.6388349514563106,1.0509740963608345,0.18892149669845928,0.6078503301540719,0.0058536610310539194,True
no_requiere_laboratorio + periodo_s1,aprobo,2,1,0.2538517975055026,0.7315010570824524,1.050064181994084,0.34702861335289803,0.6966250917094644,0.01210295790273172,True
area_desarrollo_de_software + semestre_3,ocupacion_alta,2,1,0.05392516507703595,1.0,18.54421768707483,0.05392516507703595,0.05392516507703595,0.051017241648450375,False
area_desarrollo_de_software + bloqueo_alto,ocupacion_alta,2,1,0.05392516507703595,0.8076923076923077,14.978021978021978,0.06676449009537784,0.05392516507703595,0.05032487892735857,False
area_desarrollo_de_software + requiere_laboratorio,ocupacion_alta,2,1,0.05392516507703595,0.75,13.908163265306122,0.0719002201027146,0.05392516507703595,0.050047933838921844,False
bloqueo_alto + requiere_laboratorio,ocupacion_alta,2,1,0.05392516507703595,0.6966824644549763,12.919431279620852,0.07740278796771827,0.05392516507703595,0.049751206958453933,False
ocupacion_alta,area_desarrollo_de_software,1,1,0.05392516507703595,1.0,8.041297935103245,0.05392516507703595,0.1243580337490829,0.04721913757846105,False
bloqueo_alto + ocupacion_alta,area_desarrollo_de_software,2,1,0.05392516507703595,1.0,8.041297935103245,0.05392516507703595,0.1243580337490829,0.04721913757846105,False
curso_base + ocupacion_alta,area_desarrollo_de_software,2,1,0.05392516507703595,1.0,8.041297935103245,0.05392516507703595,0.1243580337490829,0.04721913757846105,False
curso_obligatorio + ocupacion_alta,area_desarrollo_de_software,2,1,0.05392516507703595,1.0,8.041297935103245,0.05392516507703595,0.1243580337490829,0.04721913757846105,False
no_abierto_siguiente + ocupacion_alta,area_desarrollo_de_software,2,1,0.05392516507703595,1.0,8.041297935103245,0.05392516507703595,0.1243580337490829,0.04721913757846105,False
ocupacion_alta + requiere_laboratorio,area_desarrollo_de_software,2,1,0.05392516507703595,1.0,8.041297935103245,0.05392516507703595,0.1243580337490829,0.04721913757846105,False
ocupacion_alta + semestre_3,area_desarrollo_de_software,2,1,0.05392516507703595,1.0,8.041297935103245,0.05392516507703595,0.1243580337490829,0.04721913757846105,False
bloqueo_alto + requiere_laboratorio,area_desarrollo_de_software,2,1,0.06676449009537784,0.8625592417061612,6.936095849235975,0.07740278796771827,0.1243580337490829,0.05713883157701523,False
area_ciencias_basicas_y_complementarias + bloqueo_bajo,curso_no_obligatorio,2,1,0.06419662509170947,0.6704980842911877,5.747728860936408,0.09574468085106383,0.11665443873807776,0.05302758308487224,False
curso_no_obligatorio + no_abierto_siguiente,bloqueo_bajo,2,1,0.06346294937637564,0.7935779816513763,5.276325799955249,0.07997065297138664,0.1504035216434336,0.05143508154135418,False
curso_no_base + curso_no_obligatorio,bloqueo_bajo,2,1,0.07153338224504768,0.7499999999999999,4.986585365853658,0.09537784299339692,0.1504035216434336,0.0571882187720863,False
ocupacion_alta,semestre_3,1,1,0.05392516507703595,1.0,4.850533807829181,0.05392516507703595,0.20616287600880412,0.0428077979555047,False
area_desarrollo_de_software + ocupacion_alta,semestre_3,2,1,0.05392516507703595,1.0,4.850533807829181,0.05392516507703595,0.20616287600880412,0.0428077979555047,False
bloqueo_alto + ocupacion_alta,semestre_3,2,1,0.05392516507703595,1.0,4.850533807829181,0.05392516507703595,0.20616287600880412,0.0428077979555047,False
curso_base + ocupacion_alta,semestre_3,2,1,0.05392516507703595,1.0,4.850533807829181,0.05392516507703595,0.20616287600880412,0.0428077979555047,False
curso_obligatorio + ocupacion_alta,semestre_3,2,1,0.05392516507703595,1.0,4.850533807829181,0.05392516507703595,0.20616287600880412,0.0428077979555047,False
no_abierto_siguiente + ocupacion_alta,semestre_3,2,1,0.05392516507703595,1.0,4.850533807829181,0.05392516507703595,0.20616287600880412,0.0428077979555047,False
ocupacion_alta + requiere_laboratorio,semestre_3,2,1,0.05392516507703595,1.0,4.850533807829181,0.05392516507703595,0.20616287600880412,0.0428077979555047,False
curso_no_obligatorio + sin_riesgo_retraso,bloqueo_bajo,2,1,0.07153338224504768,0.6414473684210525,4.264842747111682,0.11151870873074102,0.1504035216434336,0.05476057572281591,False
curso_no_obligatorio,bloqueo_bajo,1,1,0.07153338224504768,0.6132075471698113,4.077082374597331,0.11665443873807776,0.1504035216434336,0.0539881438435026,False
curso_no_obligatorio + no_requiere_laboratorio,bloqueo_bajo,2,1,0.07153338224504768,0.6132075471698113,4.077082374597331,0.11665443873807776,0.1504035216434336,0.0539881438435026,False
aprobo + curso_no_obligatorio,bloqueo_bajo,2,1,0.052090975788701394,0.6120689655172414,4.069512195121952,0.0851063829787234,0.1504035216434336,0.03929067607436662,False
curso_no_obligatorio + sin_recuperacion,bloqueo_bajo,2,1,0.05942773294203962,0.6044776119402985,4.019038951583545,0.0983125458547322,0.1504035216434336,0.044641179823756344,False
ocupacion_alta,bloqueo_alto,1,1,0.05392516507703595,1.0,3.9912152269399703,0.05392516507703595,0.2505502567865004,0.04041420111973017,False
area_desarrollo_de_software + ocupacion_alta,bloqueo_alto,2,1,0.05392516507703595,1.0,3.9912152269399703,0.05392516507703595,0.2505502567865004,0.04041420111973017,False
area_desarrollo_de_software + semestre_3,bloqueo_alto,2,1,0.05392516507703595,1.0,3.9912152269399703,0.05392516507703595,0.2505502567865004,0.04041420111973017,False
curso_base + ocupacion_alta,bloqueo_alto,2,1,0.05392516507703595,1.0,3.9912152269399703,0.05392516507703595,0.2505502567865004,0.04041420111973017,False
curso_obligatorio + ocupacion_alta,bloqueo_alto,2,1,0.05392516507703595,1.0,3.9912152269399703,0.05392516507703595,0.2505502567865004,0.04041420111973017,False
no_abierto_siguiente + ocupacion_alta,bloqueo_alto,2,1,0.05392516507703595,1.0,3.9912152269399703,0.05392516507703595,0.2505502567865004,0.04041420111973017,False
ocupacion_alta + requiere_laboratorio,bloqueo_alto,2,1,0.05392516507703595,1.0,3.9912152269399703,0.05392516507703595,0.2505502567865004,0.04041420111973017,False
ocupacion_alta + semestre_3,bloqueo_alto,2,1,0.05392516507703595,1.0,3.9912152269399703,0.05392516507703595,0.2505502567865004,0.04041420111973017,False
area_desarrollo_de_software + bloqueo_alto,requiere_laboratorio,2,1,0.06676449009537784,1.0,3.9279538904899134,0.06676449009537784,0.2545854732208364,0.049767220790098224,False
ocupacion_alta,requiere_laboratorio,1,1,0.05392516507703595,1.0,3.9279538904899134,0.05392516507703595,0.2545854732208364,0.04019660140738703,False
area_desarrollo_de_software + ocupacion_alta,requiere_laboratorio,2,1,0.05392516507703595,1.0,3.9279538904899134,0.05392516507703595,0.2545854732208364,0.04019660140738703,False
area_desarrollo_de_software + semestre_3,requiere_laboratorio,2,1,0.05392516507703595,1.0,3.9279538904899134,0.05392516507703595,0.2545854732208364,0.04019660140738703,False
bloqueo_alto + ocupacion_alta,requiere_laboratorio,2,1,0.05392516507703595,1.0,3.9279538904899134,0.05392516507703595,0.2545854732208364,0.04019660140738703,False
curso_base + ocupacion_alta,requiere_laboratorio,2,1,0.05392516507703595,1.0,3.9279538904899134,0.05392516507703595,0.2545854732208364,0.04019660140738703,False
curso_obligatorio + ocupacion_alta,requiere_laboratorio,2,1,0.05392516507703595,1.0,3.9279538904899134,0.05392516507703595,0.2545854732208364,0.04019660140738703,False
no_abierto_siguiente + ocupacion_alta,requiere_laboratorio,2,1,0.05392516507703595,1.0,3.9279538904899134,0.05392516507703595,0.2545854732208364,0.04019660140738703,False
ocupacion_alta + semestre_3,requiere_laboratorio,2,1,0.05392516507703595,1.0,3.9279538904899134,0.05392516507703595,0.2545854732208364,0.04019660140738703,False
area_desarrollo_de_software + bloqueo_alto,semestre_3,2,1,0.05392516507703595,0.8076923076923077,3.917738844785108,0.06676449009537784,0.20616287600880412,0.04016080578371154,False
area_desarrollo_de_software + requiere_laboratorio,bloqueo_alto,2,1,0.06676449009537784,0.9285714285714285,3.7061284250156863,0.0719002201027146,0.2505502567865004,0.048749871485636795,False
area_desarrollo_de_software + requiere_laboratorio,semestre_3,2,1,0.05392516507703595,0.75,3.637900355871886,0.0719002201027146,0.20616287600880412,0.039102008914994275,False
bloqueo_alto + requiere_laboratorio,semestre_3,2,1,0.05392516507703595,0.6966824644549763,3.3792818471606143,0.07740278796771827,0.20616287600880412,0.0379675836985115,False
curso_base + semestre_2,bloqueo_alto,2,1,0.05319148936170213,0.8192090395480226,3.269639592690936,0.06493030080704329,0.2505502567865004,0.036923185821272714,False
curso_base + semestre_3,bloqueo_alto,2,1,0.13132795304475423,0.7902869757174393,3.1542054111357825,0.16617754952311078,0.2505502567865004,0.08969212533958743,False
no_requiere_laboratorio + semestre_3,bloqueo_alto,2,1,0.07740278796771827,0.6895424836601307,2.752112460406319,0.11225238444607484,0.2505502567865004,0.04927792421985726,False
abierto_siguiente + semestre_3,bloqueo_alto,2,1,0.06933235509904623,0.6702127659574468,2.6749633967789164,0.10344827586206896,0.2505502567865004,0.043413363017684115,False
area_ciencias_basicas_y_complementarias + semestre_3,bloqueo_alto,2,1,0.07740278796771827,0.659375,2.6317075402635433,0.11738811445341159,0.2505502567865004,0.04799116574773289,False
bloqueo_bajo,curso_no_base,1,1,0.1504035216434336,1.0,2.6312741312741315,0.1504035216434336,0.38004402054292,0.09324356257424901,False
bloqueo_bajo + sin_riesgo_retraso,curso_no_base,2,1,0.1504035216434336,1.0,2.6312741312741315,0.1504035216434336,0.38004402054292,0.09324356257424901,False
bloqueo_bajo + no_requiere_laboratorio,curso_no_base,2,1,0.14526779163609685,1.0,2.6312741312741315,0.14526779163609685,0.38004402054292,0.09005963604732344,False
bloqueo_bajo + no_abierto_siguiente,curso_no_base,2,1,0.13939838591342626,1.0,2.6312741312741315,0.13939838591342626,0.38004402054292,0.0864208628736942,False
bloqueo_bajo + sin_recuperacion,curso_no_base,2,1,0.11995597945707998,1.0,2.6312741312741315,0.11995597945707998,0.38004402054292,0.07436742673604738,False
aprobo + bloqueo_bajo,curso_no_base,2,1,0.10748349229640498,1.0,2.6312741312741315,0.10748349229640498,0.38004402054292,0.06663503374208526,False
area_ciencias_basicas_y_complementarias + bloqueo_bajo,curso_no_base,2,1,0.09574468085106383,1.0,2.6312741312741315,0.09574468085106383,0.38004402054292,0.059357487394826804,False
bloqueo_bajo + ocupacion_baja,curso_no_base,2,1,0.0818048422597212,1.0,2.6312741312741315,0.0818048422597212,0.38004402054292,0.050715401107457384,False
bloqueo_bajo + zona_media,curso_no_base,2,1,0.08070432868672046,1.0,2.6312741312741315,0.08070432868672046,0.38004402054292,0.050033131137401904,False
bloqueo_bajo + curso_obligatorio,curso_no_base,2,1,0.07887013939838591,1.0,2.6312741312741315,0.07887013939838591,0.38004402054292,0.04889601452064277,False
bloqueo_bajo + curso_no_obligatorio,curso_no_base,2,1,0.07153338224504768,1.0,2.6312741312741315,0.07153338224504768,0.38004402054292,0.04434754805360623,False
bloqueo_bajo + periodo_s1,curso_no_base,2,1,0.06896551724137931,1.0,2.6312741312741315,0.06896551724137931,0.38004402054292,0.04275558479014345,False
bloqueo_bajo + ocupacion_media,curso_no_base,2,1,0.0685986793837124,1.0,2.6312741312741315,0.0685986793837124,0.38004402054292,0.04252816146679163,False
bloqueo_bajo + periodo_s2,curso_no_base,2,1,0.06786500366837858,1.0,2.6312741312741315,0.06786500366837858,0.38004402054292,0.04207331482008797,False
semestre_3 + zona_media,bloqueo_alto,2,1,0.0752017608217168,0.6426332288401253,2.5648875282843067,0.11702127659574468,0.2505502567865004,0.04588204992116888,False
curso_base + periodo_v1,abierto_siguiente,2,1,0.07263389581804842,1.0,2.550046772684752,0.07263389581804842,0.3921496698459281,0.044150537553377195,False
bloqueo_medio + periodo_v1,abierto_siguiente,2,1,0.059060895084372705,1.0,2.550046772684752,0.059060895084372705,0.3921496698459281,0.035900184576230953,False
ocupacion_media + periodo_v1,abierto_siguiente,2,1,0.050256786500366836,1.0,2.550046772684752,0.050256786500366836,0.3921496698459281,0.030548604266730686,False
semestre_3,bloqueo_alto,1,1,0.13132795304475423,0.6370106761565836,2.542446710399483,0.20616287600880412,0.2505502567865004,0.07967379152090491,False
curso_obligatorio + semestre_3,bloqueo_alto,2,1,0.13132795304475423,0.6370106761565836,2.542446710399483,0.20616287600880412,0.2505502567865004,0.07967379152090491,False
curso_no_obligatorio + no_abierto_siguiente,curso_no_base,2,1,0.07703595011005136,0.9633027522935781,2.5347136126952643,0.07997065297138664,0.38004402054292,0.04664358162936297,False
bloqueo_alto + no_abierto_siguiente,requiere_laboratorio,2,1,0.07740278796771827,0.6413373860182371,2.5191436805269656,0.1206896551724138,0.2545854732208364,0.04667695499278973,False
area_ciencias_basicas_y_complementarias + periodo_v1,abierto_siguiente,2,1,0.07997065297138664,0.9775784753363228,2.4928708360774707,0.0818048422597212,0.3921496698459281,0.047890911087438745,False
semestre_3 + sin_riesgo_retraso,bloqueo_alto,2,1,0.10528246515040351,0.6239130434782608,2.4901712394168944,0.16874541452677916,0.2505502567865004,0.06300325820917455,False
curso_obligatorio + periodo_v1,abierto_siguiente,2,1,0.08033749082905356,0.9733333333333333,2.4820455254131586,0.08253851797505503,0.3921496698459281,0.04797003825556353,False
semestre_3 + sin_recuperacion,bloqueo_alto,2,1,0.09941305942773294,0.620137299771167,2.475101433640119,0.1603081438004402,0.2505502567865004,0.05924781283356542,False
area_desarrollo_de_software + curso_base,bloqueo_alto,2,1,0.06676449009537784,0.619047619047619,2.4707522833437907,0.1078503301540719,0.2505502567865004,0.03974256218076628,False
aprobo + semestre_3,bloqueo_alto,2,1,0.0851063829787234,0.6170212765957447,2.4626647144948755,0.13793103448275862,0.2505502567865004,0.05054772687024059,False
aprobo + periodo_v1,abierto_siguiente,2,1,0.05429200293470286,0.961038961038961,2.4506943010217097,0.05649303008070433,0.3921496698459281,0.032138279839958574,False
periodo_v1,abierto_siguiente,1,1,0.08730741012472487,0.9558232931726908,2.437394104011932,0.09134262655906089,0.3921496698459281,0.05148742927672924,False
periodo_v1 + sin_recuperacion,abierto_siguiente,2,1,0.08730741012472487,0.9558232931726908,2.437394104011932,0.09134262655906089,0.3921496698459281,0.05148742927672924,False
periodo_v1 + sin_riesgo_retraso,abierto_siguiente,2,1,0.08730741012472487,0.9558232931726908,2.437394104011932,0.09134262655906089,0.3921496698459281,0.05148742927672924,False
area_desarrollo_de_software + no_abierto_siguiente,requiere_laboratorio,2,1,0.0719002201027146,0.6202531645569621,2.4363258308102,0.11592076302274394,0.2545854732208364,0.0423884777924489,False
area_desarrollo_de_software + curso_base,requiere_laboratorio,2,1,0.06676449009537784,0.619047619047619,2.4315905036366128,0.1078503301540719,0.2545854732208364,0.03930736275608,False
no_requiere_laboratorio + periodo_v1,abierto_siguiente,2,1,0.07373440939104915,0.9481132075471697,2.4177330250454485,0.07776962582538519,0.3921496698459281,0.04323707629958299,False
no_abierto_siguiente + semestre_3,bloqueo_alto,2,1,0.061995597945708,0.6035714285714285,2.4089834762601963,0.10271460014673514,0.2505502567865004,0.036260428503220796,False
curso_no_obligatorio + ocupacion_baja,curso_no_base,2,1,0.05722670579603815,0.9017341040462427,2.3727096212645344,0.06346294937637564,0.38004402054292,0.03310799135952855,False
semestre_5,ocupacion_baja,1,1,0.055025678650036686,0.6437768240343348,2.270291878806723,0.08547322083639032,0.2835656639765224,0.030788408031353735,False
curso_base + semestre_1,abierto_siguiente,2,1,0.0851063829787234,0.8888888888888888,2.2667082423864464,0.09574468085106383,0.3921496698459281,0.04756013799347497,False
bloqueo_medio + semestre_2,curso_no_base,2,1,0.06969919295671313,0.8558558558558559,2.2519913736129955,0.08143800440205429,0.38004402054292,0.0387491663387644,False
area_ciencias_basicas_y_complementarias + bloqueo_alto,abierto_siguiente,2,1,0.11518708730741012,0.8820224719101124,2.2491985579298097,0.1305942773294204,0.3921496698459281,0.06397458456891034,False
area_ciencias_basicas_y_complementarias + semestre_3,abierto_siguiente,2,1,0.10344827586206896,0.88125,2.247228718428438,0.11738811445341159,0.3921496698459281,0.05741456553532759,False
no_abierto_siguiente + semestre_1,curso_no_base,2,1,0.05392516507703595,0.8352272727272728,2.1977119164619165,0.06456346294937637,0.38004402054292,0.0293882070375811,False
curso_no_obligatorio + sin_riesgo_retraso,curso_no_base,2,1,0.09134262655906089,0.819078947368421,2.155221245681772,0.11151870873074102,0.38004402054292,0.048960608127275235,False
curso_no_obligatorio,curso_no_base,1,1,0.09537784299339692,0.8176100628930818,2.1513562079599815,0.11665443873807776,0.38004402054292,0.05104402108120009,False
curso_no_obligatorio + no_requiere_laboratorio,curso_no_base,2,1,0.09537784299339692,0.8176100628930818,2.1513562079599815,0.11665443873807776,0.38004402054292,0.05104402108120009,False
curso_no_obligatorio + sin_recuperacion,curso_no_base,2,1,0.08033749082905356,0.8171641791044777,2.150182965481473,0.0983125458547322,0.38004402054292,0.04297439563261095,False
area_ciencias_basicas_y_complementarias + curso_base,abierto_siguiente,2,1,0.3033749082905356,0.8430173292558614,2.1497336197862285,0.3598679383712399,0.3921496698459281,0.16225281507011907,False
aprobo + curso_no_obligatorio,curso_no_base,2,1,0.06896551724137931,0.8103448275862069,2.132239382239382,0.0851063829787234,0.38004402054292,0.036621345280279737,False
area_ciencias_basicas_y_complementarias + curso_no_obligatorio,curso_no_base,2,1,0.0880410858400587,0.8053691275167785,2.1191469513617163,0.10931768158473955,0.38004402054292,0.04649555461416355,False
curso_no_base + curso_no_obligatorio,ocupacion_baja,2,1,0.05722670579603815,0.6,2.1159120310478654,0.09537784299339692,0.2835656639765224,0.030180824418967047,False
ocupacion_media + semestre_1,abierto_siguiente,2,1,0.0748349229640499,0.8292682926829269,2.1146729334458922,0.09024211298606016,0.3921496698459281,0.03944650815036746,False
no_abierto_siguiente + semestre_2,curso_no_base,2,1,0.07300073367571533,0.7928286852589641,2.0861496100539925,0.09207630227439471,0.38004402054292,0.03800768556262915,False
area_ciencias_basicas_y_complementarias + no_abierto_siguiente,curso_no_base,2,1,0.20506236243580336,0.7840112201963534,2.0629484423313316,0.2615553925165077,0.38004402054292,0.10565979946914819,False
curso_no_obligatorio + zona_media,curso_no_base,2,1,0.05282465150403522,0.7741935483870968,2.0371154564702953,0.06823184152604549,0.38004402054292,0.026893548121429522,False
no_abierto_siguiente + ocupacion_baja,curso_no_base,2,1,0.14563462949376377,0.764932562620424,2.012747264192351,0.19038884812912693,0.38004402054292,0.07327848618423498,False
curso_obligatorio + semestre_7,periodo_s1,2,1,0.05722670579603815,0.8764044943820225,1.9204812312583548,0.0652971386647102,0.45634629493763756,0.027428598496368493,False
ocupacion_media + semestre_7,periodo_s1,2,1,0.05722670579603815,0.8764044943820225,1.9204812312583548,0.0652971386647102,0.45634629493763756,0.027428598496368493,False
bloqueo_alto + no_requiere_laboratorio,abierto_siguiente,2,1,0.12986060161408658,0.75,1.912535079513564,0.1731474688187821,0.3921496698459281,0.06196087888214305,False
ocupacion_baja + periodo_s1,curso_no_base,2,1,0.06786500366837858,0.7254901960784315,1.908963585434174,0.09354365370506236,0.38004402054292,0.032314297418032066,False
perdio + sin_riesgo_retraso,abierto_siguiente,2,1,0.11298606016140866,0.7403846153846154,1.8880153990069801,0.15260454878943508,0.3921496698459281,0.05314223673664487,False
area_ciencias_basicas_y_complementarias + requiere_laboratorio,curso_no_base,2,1,0.09537784299339692,0.7084468664850138,1.8641179131642351,0.1346294937637564,0.38004402054292,0.044212708899760964,False
bloqueo_medio + requiere_laboratorio,curso_no_base,2,1,0.12032281731474688,0.6993603411513859,1.840208774110693,0.17204695524578137,0.38004402054292,0.05493740072097231,False
no_requiere_laboratorio + semestre_7,periodo_s1,2,1,0.05282465150403522,0.8275862068965518,1.8135048231511257,0.06382978723404255,0.45634629493763756,0.023696164593122182,False
no_abierto_siguiente + semestre_7,periodo_s1,2,1,0.061628760088041086,0.8195121951219513,1.7958120931691632,0.0752017608217168,0.45634629493763756,0.027310715164264233,False
semestre_7,periodo_s1,1,1,0.061628760088041086,0.7999999999999999,1.753054662379421,0.07703595011005136,0.45634629493763756,0.02647368967831845,False
area_ciencias_basicas_y_complementarias + ocupacion_baja,curso_no_base,2,1,0.1346294937637564,0.6624548736462093,1.7431003721617437,0.20322817314746883,0.38004402054292,0.057393841753199656,False
bloqueo_medio + semestre_1,abierto_siguiente,2,1,0.0851063829787234,0.6783625730994152,1.729856290242288,0.12545854732208364,0.3921496698459281,0.03590785506701856,False
bloqueo_medio + semestre_4,abierto_siguiente,2,1,0.07593543653705062,0.676470588235294,1.7250316403455674,0.11225238444607484,0.3921496698459281,0.03191570103710418,False
bloqueo_alto + ocupacion_media,abierto_siguiente,2,1,0.12032281731474688,0.6748971193415638,1.721019221071191,0.17828319882611884,0.3921496698459281,0.050409119756008425,False
ocupacion_baja + periodo_s2,curso_no_base,2,1,0.07887013939838591,0.6534954407294833,1.7195256480970766,0.1206896551724138,0.38004402054292,0.03300275760872315,False
ocupacion_media + semestre_3,abierto_siguiente,2,1,0.08584005869405723,0.6666666666666666,1.7000311817898348,0.12876008804108585,0.3921496698459281,0.03534683267941278,False
ocupacion_baja + sin_riesgo_retraso,curso_no_base,2,1,0.15810711665443875,0.6423248882265277,1.6901328622640102,0.24614820249449743,0.38004402054292,0.06455996412901713,False
aprobo + ocupacion_baja,curso_no_base,2,1,0.12509170946441672,0.6397748592870544,1.6834230370815735,0.19552457813646368,0.38004402054292,0.05078376267447675,False
ocupacion_baja,curso_no_base,1,1,0.18121790168745414,0.6390685640362225,1.6815645806590178,0.2835656639765224,0.38004402054292,0.0734504666618939,False
area_ciencias_basicas_y_complementarias + ocupacion_media,abierto_siguiente,2,1,0.2776962582538518,0.6588337684943429,1.6800569250847324,0.421496698459281,0.3921496698459281,0.11240646711189606,False
ocupacion_baja + zona_media,curso_no_base,2,1,0.09684519442406456,0.6376811594202898,1.6779139387835038,0.15187087307410124,0.38004402054292,0.03912757721761963,False
ocupacion_baja + perdio,curso_no_base,2,1,0.05612619222303742,0.6375000000000001,1.6774372586872588,0.0880410858400587,0.38004402054292,0.022666703987417165,False
ocupacion_baja + sin_recuperacion,curso_no_base,2,1,0.1471019809244314,0.6365079365079366,1.6748268676840108,0.23110785033015407,0.38004402054292,0.059270824305928255,False
area_ciencias_basicas_y_complementarias + requiere_laboratorio,bloqueo_medio,2,1,0.1346294937637564,1.0,1.6693202694427434,0.1346294937637564,0.599046221570066,0.05398020421268736,False
curso_base + semestre_1,bloqueo_medio,2,1,0.09574468085106383,1.0,1.6693202694427434,0.09574468085106383,0.599046221570066,0.03838919155180219,False
abierto_siguiente + semestre_1,bloqueo_medio,2,1,0.0851063829787234,1.0,1.6693202694427434,0.0851063829787234,0.599046221570066,0.03412372582382417,False
abierto_siguiente + requiere_laboratorio,bloqueo_medio,2,1,0.06823184152604549,1.0,1.6693202694427434,0.06823184152604549,0.599046221570066,0.027357814669100408,False
curso_no_base + riesgo_retraso,bloqueo_medio,2,1,0.05282465150403522,1.0,1.6693202694427434,0.05282465150403522,0.599046221570066,0.021180243614787417,False
area_ciencias_basicas_y_complementarias + semestre_4,abierto_siguiente,2,1,0.07593543653705062,0.646875,1.649561506080449,0.11738811445341159,0.3921496698459281,0.029901726210309246,False
no_requiere_laboratorio + semestre_1,abierto_siguiente,2,1,0.0851063829787234,0.6391184573002755,1.6297819594018252,0.13316214233308876,0.3921496698459281,0.03288689282682616,False
area_ciencias_basicas_y_complementarias + sin_riesgo_retraso,abierto_siguiente,2,1,0.3631694790902421,0.6374758531873793,1.6255932420849355,0.5696991929567131,0.3921496698459281,0.1397621286607754,False
area_ciencias_basicas_y_complementarias + curso_obligatorio,abierto_siguiente,2,1,0.32831988261188555,0.6370106761565836,1.6244070188988278,0.5154071900220103,0.3921496698459281,0.1262031232085367,False
curso_base + sin_riesgo_retraso,abierto_siguiente,2,1,0.330520909757887,0.6331693605059733,1.6146114843211257,0.5220102714600147,0.3921496698459281,0.12581475414865895,False
bloqueo_alto,curso_base,1,1,0.2505502567865004,1.0,1.61301775147929,0.2505502567865004,0.6199559794570799,0.09522012693720266,False
bloqueo_alto + curso_obligatorio,curso_base,2,1,0.2505502567865004,1.0,1.61301775147929,0.2505502567865004,0.6199559794570799,0.09522012693720266,False
bloqueo_alto + sin_riesgo_retraso,curso_base,2,1,0.20616287600880412,1.0,1.61301775147929,0.20616287600880412,0.6199559794570799,0.07835096828507743,False
bloqueo_alto + sin_recuperacion,curso_base,2,1,0.19075568598679385,1.0,1.61301775147929,0.19075568598679385,0.6199559794570799,0.0724955578438439,False
bloqueo_alto + ocupacion_media,curso_base,2,1,0.17828319882611884,1.0,1.61301775147929,0.17828319882611884,0.6199559794570799,0.06775546367713102,False
bloqueo_alto + no_requiere_laboratorio,curso_base,2,1,0.1731474688187821,1.0,1.61301775147929,0.1731474688187821,0.6199559794570799,0.06580366019671983,False
aprobo + bloqueo_alto,curso_base,2,1,0.16874541452677916,1.0,1.61301775147929,0.16874541452677916,0.6199559794570799,0.06413068578493883,False
curso_obligatorio + semestre_4,curso_base,2,1,0.14930300807043287,1.0,1.61301775147929,0.14930300807043287,0.6199559794570799,0.05674171546623935,False
bloqueo_alto + zona_media,curso_base,2,1,0.1371973587674248,1.0,1.61301775147929,0.1371973587674248,0.6199559794570799,0.05214103583384157,False
bloqueo_alto + semestre_3,curso_base,2,1,0.13132795304475423,1.0,1.61301775147929,0.13132795304475423,0.6199559794570799,0.04991040328480022,False
area_ciencias_basicas_y_complementarias + bloqueo_alto,curso_base,2,1,0.1305942773294204,1.0,1.61301775147929,0.1305942773294204,0.6199559794570799,0.04963157421617004,False
abierto_siguiente + bloqueo_alto,curso_base,2,1,0.12986060161408658,1.0,1.61301775147929,0.12986060161408658,0.6199559794570799,0.049352745147539887,False
bloqueo_alto + no_abierto_siguiente,curso_base,2,1,0.1206896551724138,1.0,1.61301775147929,0.1206896551724138,0.6199559794570799,0.045867381789662764,False
bloqueo_alto + periodo_s1,curso_base,2,1,0.1144534115920763,1.0,1.61301775147929,0.1144534115920763,0.6199559794570799,0.04349733470630633,False
bloqueo_medio + semestre_4,curso_base,2,1,0.11225238444607484,1.0,1.61301775147929,0.11225238444607484,0.6199559794570799,0.042660847500415836,False
no_requiere_laboratorio + semestre_3,curso_base,2,1,0.11225238444607484,1.0,1.61301775147929,0.11225238444607484,0.6199559794570799,0.042660847500415836,False
bloqueo_alto + periodo_s2,curso_base,2,1,0.09684519442406456,1.0,1.61301775147929,0.09684519442406456,0.6199559794570799,0.03680543705918228,False
abierto_siguiente + semestre_4,curso_base,2,1,0.09060895084372707,1.0,1.61301775147929,0.09060895084372707,0.6199559794570799,0.03443538997582585,False
abierto_siguiente + semestre_1,curso_base,2,1,0.0851063829787234,1.0,1.61301775147929,0.0851063829787234,0.6199559794570799,0.03234417196109958,False
bloqueo_alto + perdio,curso_base,2,1,0.0818048422597212,1.0,1.61301775147929,0.0818048422597212,0.6199559794570799,0.031089441152263822,False
bloqueo_alto + requiere_laboratorio,curso_base,2,1,0.07740278796771827,1.0,1.61301775147929,0.07740278796771827,0.6199559794570799,0.02941646674048281,False
area_desarrollo_de_software + bloqueo_alto,curso_base,2,1,0.06676449009537784,1.0,1.61301775147929,0.06676449009537784,0.6199559794570799,0.025373445245345363,False
requiere_laboratorio + semestre_4,curso_base,2,1,0.06456346294937637,1.0,1.61301775147929,0.06456346294937637,0.6199559794570799,0.024536958039454854,False
bloqueo_alto + recuperacion,curso_base,2,1,0.05979457079970653,1.0,1.61301775147929,0.05979457079970653,0.6199559794570799,0.022724569093358758,False
bloqueo_alto + zona_alta,curso_base,2,1,0.05685986793837124,1.0,1.61301775147929,0.05685986793837124,0.6199559794570799,0.021609252818838083,False
ocupacion_alta,curso_base,1,1,0.05392516507703595,1.0,1.61301775147929,0.05392516507703595,0.6199559794570799,0.020493936544317408,False
area_desarrollo_de_software + ocupacion_alta,curso_base,2,1,0.05392516507703595,1.0,1.61301775147929,0.05392516507703595,0.6199559794570799,0.020493936544317408,False
area_desarrollo_de_software + semestre_3,curso_base,2,1,0.05392516507703595,1.0,1.61301775147929,0.05392516507703595,0.6199559794570799,0.020493936544317408,False
bloqueo_alto + ocupacion_alta,curso_base,2,1,0.05392516507703595,1.0,1.61301775147929,0.05392516507703595,0.6199559794570799,0.020493936544317408,False
bloqueo_alto + zona_baja,curso_base,2,1,0.05392516507703595,1.0,1.61301775147929,0.05392516507703595,0.6199559794570799,0.020493936544317408,False
curso_obligatorio + ocupacion_alta,curso_base,2,1,0.05392516507703595,1.0,1.61301775147929,0.05392516507703595,0.6199559794570799,0.020493936544317408,False
no_abierto_siguiente + ocupacion_alta,curso_base,2,1,0.05392516507703595,1.0,1.61301775147929,0.05392516507703595,0.6199559794570799,0.020493936544317408,False
ocupacion_alta + requiere_laboratorio,curso_base,2,1,0.05392516507703595,1.0,1.61301775147929,0.05392516507703595,0.6199559794570799,0.020493936544317408,False
ocupacion_alta + semestre_3,curso_base,2,1,0.05392516507703595,1.0,1.61301775147929,0.05392516507703595,0.6199559794570799,0.020493936544317408,False
bloqueo_alto + semestre_2,curso_base,2,1,0.05319148936170213,1.0,1.61301775147929,0.05319148936170213,0.6199559794570799,0.020215107475687236,False
ocupacion_media + periodo_v1,curso_base,2,1,0.050256786500366836,1.0,1.61301775147929,0.050256786500366836,0.6199559794570799,0.019099791201166564,False
bloqueo_alto + sin_riesgo_retraso,abierto_siguiente,2,1,0.12986060161408658,0.6298932384341637,1.6062572198049863,0.20616287600880412,0.3921496698459281,0.04901389785274704,False
curso_no_base + requiere_laboratorio,bloqueo_medio,2,1,0.12032281731474688,0.9590643274853801,1.6009855215708182,0.12545854732208364,0.599046221570066,0.045167348577783345,False
semestre_1,area_ciencias_basicas_y_complementarias,1,1,0.1496698459280998,1.0,1.6007046388725779,0.1496698459280998,0.6247248716067498,0.056167370647265624,False
curso_obligatorio + semestre_1,area_ciencias_basicas_y_complementarias,2,1,0.14563462949376377,1.0,1.6007046388725779,0.14563462949376377,0.6247248716067498,0.05465305428177561,False
semestre_2,area_ciencias_basicas_y_complementarias,1,1,0.13793103448275862,1.0,1.6007046388725779,0.13793103448275862,0.6247248716067498,0.051762086674931054,False
semestre_1 + sin_riesgo_retraso,area_ciencias_basicas_y_complementarias,2,1,0.13573000733675716,1.0,1.6007046388725779,0.13573000733675716,0.6247248716067498,0.05093609593011833,False
curso_obligatorio + semestre_2,area_ciencias_basicas_y_complementarias,2,1,0.1346294937637564,1.0,1.6007046388725779,0.1346294937637564,0.6247248716067498,0.05052310055771196,False
no_requiere_laboratorio + semestre_1,area_ciencias_basicas_y_complementarias,2,1,0.13316214233308876,1.0,1.6007046388725779,0.13316214233308876,0.6247248716067498,0.049972440061170145,False
bloqueo_medio + semestre_1,area_ciencias_basicas_y_complementarias,2,1,0.12545854732208364,1.0,1.6007046388725779,0.12545854732208364,0.6247248716067498,0.04708147245432559,False
semestre_1 + sin_recuperacion,area_ciencias_basicas_y_complementarias,2,1,0.12142333088774762,1.0,1.6007046388725779,0.12142333088774762,0.6247248716067498,0.04556715608883559,False
ocupacion_media + semestre_2,area_ciencias_basicas_y_complementarias,2,1,0.11408657373440939,1.0,1.6007046388725779,0.11408657373440939,0.6247248716067498,0.04281385360612648,False
semestre_2 + sin_riesgo_retraso,area_ciencias_basicas_y_complementarias,2,1,0.11371973587674249,1.0,1.6007046388725779,0.11371973587674249,0.6247248716067498,0.042676188481991034,False
semestre_2 + sin_recuperacion,area_ciencias_basicas_y_complementarias,2,1,0.10931768158473955,1.0,1.6007046388725779,0.10931768158473955,0.6247248716067498,0.04102420699236557,False
aprobo + semestre_1,area_ciencias_basicas_y_complementarias,2,1,0.10491562729273661,1.0,1.6007046388725779,0.10491562729273661,0.6247248716067498,0.03937222550274011,False
abierto_siguiente + semestre_3,area_ciencias_basicas_y_complementarias,2,1,0.10344827586206896,1.0,1.6007046388725779,0.10344827586206896,0.6247248716067498,0.038821565006198294,False
aprobo + semestre_2,area_ciencias_basicas_y_complementarias,2,1,0.10014673514306677,1.0,1.6007046388725779,0.10014673514306677,0.6247248716067498,0.0375825788889792,False
no_requiere_laboratorio + semestre_2,area_ciencias_basicas_y_complementarias,2,1,0.09904622157006603,1.0,1.6007046388725779,0.09904622157006603,0.6247248716067498,0.03716958351657283,False
curso_base + semestre_1,area_ciencias_basicas_y_complementarias,2,1,0.09574468085106383,1.0,1.6007046388725779,0.09574468085106383,0.6247248716067498,0.03593059739935374,False
no_abierto_siguiente + semestre_2,area_ciencias_basicas_y_complementarias,2,1,0.09207630227439471,1.0,1.6007046388725779,0.09207630227439471,0.6247248716067498,0.03455394615799919,False
ocupacion_media + semestre_1,area_ciencias_basicas_y_complementarias,2,1,0.09024211298606016,1.0,1.6007046388725779,0.09024211298606016,0.6247248716067498,0.033865620537321915,False
abierto_siguiente + semestre_1,area_ciencias_basicas_y_complementarias,2,1,0.0851063829787234,1.0,1.6007046388725779,0.0851063829787234,0.6247248716067498,0.031938308799425545,False
bloqueo_medio + semestre_2,area_ciencias_basicas_y_complementarias,2,1,0.08143800440205429,1.0,1.6007046388725779,0.08143800440205429,0.6247248716067498,0.030561657558070998,False
semestre_1 + zona_media,area_ciencias_basicas_y_complementarias,2,1,0.08107116654438738,1.0,1.6007046388725779,0.08107116654438738,0.6247248716067498,0.030423992433935544,False
periodo_s1 + semestre_1,area_ciencias_basicas_y_complementarias,2,1,0.07593543653705062,1.0,1.6007046388725779,0.07593543653705062,0.6247248716067498,0.028496680696039174,False
curso_no_base + semestre_2,area_ciencias_basicas_y_complementarias,2,1,0.07300073367571533,1.0,1.6007046388725779,0.07300073367571533,0.6247248716067498,0.027395359702955528,False
semestre_2 + zona_media,area_ciencias_basicas_y_complementarias,2,1,0.0719002201027146,1.0,1.6007046388725779,0.0719002201027146,0.6247248716067498,0.026982364330549166,False
periodo_s2 + semestre_2,area_ciencias_basicas_y_complementarias,2,1,0.06896551724137931,1.0,1.6007046388725779,0.06896551724137931,0.6247248716067498,0.025881043337465527,False
abierto_siguiente + requiere_laboratorio,area_ciencias_basicas_y_complementarias,2,1,0.06823184152604549,1.0,1.6007046388725779,0.06823184152604549,0.6247248716067498,0.02560571308919462,False
curso_base + semestre_2,area_ciencias_basicas_y_complementarias,2,1,0.06493030080704329,1.0,1.6007046388725779,0.06493030080704329,0.6247248716067498,0.024366726971975526,False
no_abierto_siguiente + semestre_1,area_ciencias_basicas_y_complementarias,2,1,0.06456346294937637,1.0,1.6007046388725779,0.06456346294937637,0.6247248716067498,0.024229061847840065,False
ocupacion_baja + semestre_1,area_ciencias_basicas_y_complementarias,2,1,0.05942773294203962,1.0,1.6007046388725779,0.05942773294203962,0.6247248716067498,0.022301750109943702,False
periodo_s1 + semestre_2,area_ciencias_basicas_y_complementarias,2,1,0.055025678650036686,1.0,1.6007046388725779,0.055025678650036686,0.6247248716067498,0.02064976862031824,False
curso_no_base + semestre_1,area_ciencias_basicas_y_complementarias,2,1,0.05392516507703595,1.0,1.6007046388725779,0.05392516507703595,0.6247248716067498,0.020236773247911878,False
bloqueo_alto + semestre_2,area_ciencias_basicas_y_complementarias,2,1,0.05319148936170213,1.0,1.6007046388725779,0.05319148936170213,0.6247248716067498,0.019961442999640963,False
curso_no_obligatorio + ocupacion_media,area_ciencias_basicas_y_complementarias,2,1,0.05319148936170213,1.0,1.6007046388725779,0.05319148936170213,0.6247248716067498,0.019961442999640963,False
semestre_1 + sin_riesgo_retraso,abierto_siguiente,2,1,0.0851063829787234,0.627027027027027,1.598948246656385,0.13573000733675716,0.3921496698459281,0.03187990541342869,False
curso_no_base + semestre_2,bloqueo_medio,2,1,0.06969919295671313,0.9547738693467337,1.5938233728347801,0.07300073367571533,0.599046221570066,0.02596837927643319,False
no_requiere_laboratorio + ocupacion_baja,curso_no_base,2,1,0.1368305209097579,0.6055194805194805,1.5932877450734593,0.22597212032281733,0.38004402054292,0.0509511677716659,False
ocupacion_media + semestre_1,bloqueo_medio,2,1,0.08547322083639032,0.9471544715447154,1.5811041576429237,0.09024211298606016,0.599046221570066,0.03141402402559199,False
no_requiere_laboratorio + semestre_3,abierto_siguiente,2,1,0.06933235509904623,0.6176470588235294,1.5750288890111706,0.11225238444607484,0.3921496698459281,0.025312619599099785,False
semestre_3 + sin_riesgo_retraso,abierto_siguiente,2,1,0.10344827586206896,0.6130434782608696,1.5632895432545655,0.16874541452677916,0.3921496698459281,0.037274817267378246,False
abierto_siguiente + curso_no_base,area_ciencias_basicas_y_complementarias,2,1,0.05979457079970653,0.9702380952380952,1.553064619858513,0.061628760088041086,0.6247248716067498,0.021293551566421876,False
curso_base + semestre_4,abierto_siguiente,2,1,0.09060895084372707,0.6068796068796068,1.5475713829315325,0.14930300807043287,0.3921496698459281,0.03205982552190288,False
curso_obligatorio + semestre_4,abierto_siguiente,2,1,0.09060895084372707,0.6068796068796068,1.5475713829315325,0.14930300807043287,0.3921496698459281,0.03205982552190288,False
area_ciencias_basicas_y_complementarias + periodo_s2,abierto_siguiente,2,1,0.13793103448275862,0.605475040257649,1.5439896723501882,0.22780630961115186,0.3921496698459281,0.048596865379926135,False
curso_base + no_requiere_laboratorio,abierto_siguiente,2,1,0.2964049889948643,0.6038863976083707,1.5399385592894468,0.49082905355832723,0.3921496698459281,0.1039265376911769,False
area_desarrollo_de_software + periodo_s1,curso_base,2,1,0.061261922230374175,0.9542857142857143,1.539279797125951,0.06419662509170947,0.6199559794570799,0.02146284064380448,False
area_ciencias_basicas_y_complementarias + no_requiere_laboratorio,abierto_siguiente,2,1,0.2949376375641966,0.6017964071856287,1.5346089859569914,0.4900953778429934,0.3921496698459281,0.10274689695005138,False
curso_base + zona_alta,abierto_siguiente,2,1,0.08694057226705797,0.601522842639594,1.5339113835692546,0.144534115920763,0.3921496698459281,0.030261566427257656,False
ocupacion_media + semestre_1,curso_base,2,1,0.08547322083639032,0.9471544715447154,1.527776975994612,0.09024211298606016,0.6199559794570799,0.029527083291840922,False
abierto_siguiente + bloqueo_medio,area_ciencias_basicas_y_complementarias,2,1,0.2388114453411592,0.9503649635036496,1.52125360570226,0.2512839325018342,0.6247248716067498,0.08182812287211166,False
bloqueo_medio + periodo_v1,area_ciencias_basicas_y_complementarias,2,1,0.05612619222303742,0.9503105590062113,1.5211665201708349,0.059060895084372705,0.6247248716067498,0.019229382124472963,False
no_abierto_siguiente + semestre_3,curso_base,2,1,0.09684519442406456,0.9428571428571428,1.5208453085376163,0.10271460014673514,0.6199559794570799,0.03316666388555305,False
aprobo + curso_no_obligatorio,area_ciencias_basicas_y_complementarias,2,1,0.08033749082905356,0.9439655172413793,1.5110099823840282,0.0851063829787234,0.6247248716067498,0.027169416649755702,False
curso_obligatorio + semestre_7,ocupacion_media,2,1,0.0652971386647102,1.0,1.5094130675526025,0.0652971386647102,0.6625091709464417,0.0220371854627782,False
area_ciencias_de_la_computacion + periodo_s1,ocupacion_media,2,1,0.05722670579603815,1.0,1.5094130675526025,0.05722670579603815,0.6625091709464417,0.019313488383108986,False
bloqueo_alto + semestre_2,ocupacion_media,2,1,0.05319148936170213,1.0,1.5094130675526025,0.05319148936170213,0.6625091709464417,0.01795163984327438,False
bloqueo_medio + semestre_7,ocupacion_media,2,1,0.05099046221570066,1.0,1.5094130675526025,0.05099046221570066,0.6625091709464417,0.017208813367000954,False
abierto_siguiente + periodo_s2,area_ciencias_basicas_y_complementarias,2,1,0.13793103448275862,0.9423558897243107,1.5084334441505995,0.14636830520909758,0.6247248716067498,0.04649111380370756,False
curso_no_obligatorio + zona_media,area_ciencias_basicas_y_complementarias,2,1,0.06419662509170947,0.9408602150537635,1.5060393107672103,0.06823184152604549,0.6247248716067498,0.0215704966548586,False
curso_no_obligatorio,area_ciencias_basicas_y_complementarias,1,1,0.10931768158473955,0.9371069182389937,1.5000313911447427,0.11665443873807776,0.6247248716067498,0.03644075232173645,False
curso_no_obligatorio + no_requiere_laboratorio,area_ciencias_basicas_y_complementarias,2,1,0.10931768158473955,0.9371069182389937,1.5000313911447427,0.11665443873807776,0.6247248716067498,0.03644075232173645,False
ocupacion_baja + requiere_laboratorio,bloqueo_medio,2,1,0.05172413793103448,0.8980891719745223,1.4991984585441198,0.05759354365370506,0.599046221570066,0.01722294321845181,False
area_desarrollo_de_software + requiere_laboratorio,curso_base,2,1,0.06676449009537784,0.9285714285714285,1.4978021978021978,0.0719002201027146,0.6199559794570799,0.02218951871841978,False
curso_no_obligatorio + sin_riesgo_retraso,area_ciencias_basicas_y_complementarias,2,1,0.10418195157740279,0.9342105263157894,1.4953951231572764,0.11151870873074102,0.6247248716067498,0.03451344058384008,False
abierto_siguiente + zona_baja,area_ciencias_basicas_y_complementarias,2,1,0.07153338224504768,0.9330143540669856,1.4934804046897256,0.07666911225238444,0.6247248716067498,0.02363628093697332,False
curso_no_obligatorio + sin_recuperacion,area_ciencias_basicas_y_complementarias,2,1,0.09170946441672781,0.9328358208955225,1.493194625813972,0.0983125458547322,0.6247248716067498,0.03029117183029753,False
curso_no_obligatorio + no_abierto_siguiente,area_ciencias_basicas_y_complementarias,2,1,0.07446808510638298,0.9311926605504588,1.490564411427217,0.07997065297138664,0.6247248716067498,0.02450842919652551,False
abierto_siguiente + aprobo,area_ciencias_basicas_y_complementarias,2,1,0.25972120322817316,0.9303547963206309,1.4892232382677861,0.2791636096845194,0.6247248716067498,0.08532075301073494,False
abierto_siguiente + ocupacion_media,area_ciencias_basicas_y_complementarias,2,1,0.2776962582538518,0.9288343558282209,1.4867894621184559,0.29897285399853263,0.6247248716067498,0.09092048042571493,False
abierto_siguiente + sin_recuperacion,area_ciencias_basicas_y_complementarias,2,1,0.2938371239911959,0.9281575898030128,1.4857061596024737,0.3165810711665444,0.6247248716067498,0.09606105495354911,False
abierto_siguiente + zona_media,area_ciencias_basicas_y_complementarias,2,1,0.19809244314013205,0.9262435677530017,1.4826423756281166,0.21386647101980924,0.6247248716067498,0.06448473949129305,False
abierto_siguiente,area_ciencias_basicas_y_complementarias,1,1,0.3631694790902421,0.9260991580916745,1.4824112184133322,0.3921496698459281,0.6247248716067498,0.11818382694511534,False
abierto_siguiente + sin_riesgo_retraso,area_ciencias_basicas_y_complementarias,2,1,0.3631694790902421,0.9260991580916745,1.4824112184133322,0.3921496698459281,0.6247248716067498,0.11818382694511534,False
abierto_siguiente + curso_obligatorio,area_ciencias_basicas_y_complementarias,2,1,0.32831988261188555,0.9236326109391125,1.4784630049442282,0.35546588407923696,0.6247248716067498,0.10625150381990442,False
curso_no_base + curso_no_obligatorio,area_ciencias_basicas_y_complementarias,2,1,0.0880410858400587,0.923076923076923,1.4775735128054563,0.09537784299339692,0.6247248716067498,0.028456175121880055,False
no_abierto_siguiente + semestre_2,bloqueo_medio,2,1,0.08143800440205429,0.8844621513944223,1.4764505968776456,0.09207630227439471,0.599046221570066,0.026280043428434853,False
abierto_siguiente + no_requiere_laboratorio,curso_base,2,1,0.2964049889948643,0.9150622876557191,1.4760117136979234,0.32391782831988264,0.6199559794570799,0.09559019447520117,False
abierto_siguiente + zona_alta,area_ciencias_basicas_y_complementarias,2,1,0.09354365370506236,0.9205776173285198,1.4735728625000264,0.10161408657373441,0.6247248716067498,0.030062806516848964,False
abierto_siguiente + ocupacion_media,curso_base,2,1,0.27292736610418195,0.9128834355828221,1.472497186626493,0.29897285399853263,0.6199559794570799,0.08757735757244309,False
abierto_siguiente + curso_base,area_ciencias_basicas_y_complementarias,2,1,0.3033749082905356,0.9178690344062154,1.4692372212515226,0.330520909757887,0.6247248716067498,0.09689027537869349,False
abierto_siguiente + recuperacion,area_ciencias_basicas_y_complementarias,2,1,0.06933235509904623,0.9174757281553398,1.4686076541112485,0.07556859867938372,0.6247248716067498,0.02212277199156623,False
abierto_siguiente + ocupacion_baja,area_ciencias_basicas_y_complementarias,2,1,0.08547322083639032,0.9173228346456693,1.4683629167610655,0.09317681584739546,0.6247248716067498,0.02726334651940042,False
abierto_siguiente + periodo_s1,area_ciencias_basicas_y_complementarias,2,1,0.14526779163609685,0.9166666666666667,1.4673125856331963,0.15847395451210564,0.6247248716067498,0.04626517075050775,False
abierto_siguiente + periodo_v1,area_ciencias_basicas_y_complementarias,2,1,0.07997065297138664,0.9159663865546218,1.4661916440093359,0.08730741012472487,0.6247248716067498,0.025427542390900046,False
abierto_siguiente + perdio,area_ciencias_basicas_y_complementarias,2,1,0.10344827586206896,0.9155844155844155,1.4655802213054119,0.11298606016140866,0.6247248716067498,0.03286307393438043,False
abierto_siguiente + no_requiere_laboratorio,area_ciencias_basicas_y_complementarias,2,1,0.2949376375641966,0.9105322763306907,1.4574932385657444,0.32391782831988264,0.6247248716067498,0.09257811385592069,False
periodo_s1 + semestre_4,ocupacion_media,2,1,0.06419662509170947,0.9615384615384616,1.4513587188005792,0.06676449009537784,0.6625091709464417,0.019964538109958775,False
no_abierto_siguiente + semestre_3,periodo_s1,2,1,0.06786500366837858,0.6607142857142858,1.4478353238401471,0.10271460014673514,0.45634629493763756,0.02099157645541508,False
aprobo + periodo_v1,area_ciencias_basicas_y_complementarias,2,1,0.05099046221570066,0.9025974025974025,1.4447918493720018,0.05649303008070433,0.6247248716067498,0.01569786125185639,False
area_desarrollo_de_software + curso_obligatorio,curso_base,2,1,0.1078503301540719,0.8936170212765957,1.4414201183431954,0.1206896551724138,0.6199559794570799,0.03302805677132087,False
curso_base + periodo_v1,area_ciencias_basicas_y_complementarias,2,1,0.0652971386647102,0.8989898989898989,1.4390173016127212,0.07263389581804842,0.6247248716067498,0.01992093742548185,False
bloqueo_bajo + curso_no_obligatorio,area_ciencias_basicas_y_complementarias,2,1,0.06419662509170947,0.8974358974358976,1.436529804116416,0.07153338224504768,0.6247248716067498,0.019507942053075496,False
semestre_1 + zona_media,bloqueo_medio,2,1,0.06969919295671313,0.8597285067873303,1.4351622225978335,0.08107116654438738,0.599046221570066,0.02113381696002032,False
periodo_v1,area_ciencias_basicas_y_complementarias,1,1,0.0818048422597212,0.8955823293172691,1.4335627890304612,0.09134262655906089,0.6247248716067498,0.02474083161038859,False
periodo_v1 + sin_recuperacion,area_ciencias_basicas_y_complementarias,2,1,0.0818048422597212,0.8955823293172691,1.4335627890304612,0.09134262655906089,0.6247248716067498,0.02474083161038859,False
periodo_v1 + sin_riesgo_retraso,area_ciencias_basicas_y_complementarias,2,1,0.0818048422597212,0.8955823293172691,1.4335627890304612,0.09134262655906089,0.6247248716067498,0.02474083161038859,False
semestre_1 + sin_recuperacion,bloqueo_medio,2,1,0.10381511371973588,0.8549848942598187,1.427243614055276,0.12142333088774762,0.599046221570066,0.031076926140978775,False
abierto_siguiente + bloqueo_alto,area_ciencias_basicas_y_complementarias,2,1,0.11518708730741012,0.887005649717514,1.4198340582090097,0.12986060161408658,0.6247248716067498,0.03405993963727459,False
abierto_siguiente + curso_obligatorio,curso_base,2,1,0.31217901687454147,0.8782249742002065,1.4165924731773747,0.35546588407923696,0.6199559794570799,0.09180581654662129,False
curso_obligatorio + periodo_v1,area_ciencias_basicas_y_complementarias,2,1,0.07300073367571533,0.8844444444444444,1.415734325047302,0.08253851797505503,0.6247248716067498,0.02143686863113766,False
curso_no_obligatorio + ocupacion_baja,area_ciencias_basicas_y_complementarias,2,1,0.05612619222303742,0.8843930635838151,1.4156520794653433,0.06346294937637564,0.6247248716067498,0.01647930932209548,False
area_desarrollo_de_software + zona_media,curso_base,2,1,0.058694057226705794,0.8743169398907102,1.410288744462767,0.06713132795304476,0.6199559794570799,0.01707558905332148,False
periodo_s1 + semestre_3,curso_base,2,1,0.09684519442406456,0.8741721854304635,1.4100552529487833,0.1107850330154072,0.6199559794570799,0.028163350771812853,False
area_desarrollo_de_software + no_abierto_siguiente,curso_base,2,1,0.1012472487160675,0.8734177215189873,1.4088382892667217,0.11592076302274394,0.6199559794570799,0.029381478536890215,False
periodo_s2 + semestre_4,curso_base,2,1,0.06749816581071166,0.8720379146919431,1.4066126363610871,0.07740278796771827,0.6199559794570799,0.019511844583476205,False
area_ciencias_de_la_computacion + bloqueo_medio,ocupacion_media,2,1,0.0752017608217168,0.9318181818181819,1.4064985402194705,0.08070432868672046,0.6625091709464417,0.02173440293168849,False
no_requiere_laboratorio + periodo_v1,area_ciencias_basicas_y_complementarias,2,1,0.06823184152604549,0.8773584905660377,1.4043918058032991,0.07776962582538519,0.6247248716067498,0.01964722201737675,False
ocupacion_media + requiere_laboratorio,bloqueo_medio,2,1,0.12032281731474688,0.841025641025641,1.403941149685179,0.14306676449009537,0.599046221570066,0.03461921261470076,False
no_abierto_siguiente + semestre_4,ocupacion_media,2,1,0.08107116654438738,0.9285714285714286,1.4015978484417022,0.08730741012472487,0.6625091709464417,0.023229206645174937,False
periodo_s1 + semestre_7,ocupacion_media,2,1,0.05722670579603815,0.9285714285714285,1.4015978484417022,0.061628760088041086,0.6625091709464417,0.01639708704365289,False
bloqueo_alto + no_requiere_laboratorio,ocupacion_media,2,1,0.16067498165810712,0.9279661016949152,1.4006841601441522,0.1731474688187821,0.6625091709464417,0.04596319563950094,False
semestre_1,bloqueo_medio,1,1,0.12545854732208364,0.8382352941176471,1.3992831670328878,0.1496698459280998,0.599046221570066,0.03579939163588153,False
area_ciencias_basicas_y_complementarias + semestre_1,bloqueo_medio,2,1,0.12545854732208364,0.8382352941176471,1.3992831670328878,0.1496698459280998,0.599046221570066,0.03579939163588153,False
no_requiere_laboratorio + semestre_5,bloqueo_medio,2,1,0.06272927366104182,0.8382352941176471,1.3992831670328878,0.0748349229640499,0.599046221570066,0.017899695817940764,False
area_ciencias_basicas_y_complementarias + bloqueo_alto,ocupacion_media,2,1,0.1210564930300807,0.9269662921348315,1.3991750345290979,0.1305942773294204,0.6625091709464417,0.03453658662621671,False
abierto_siguiente + semestre_4,bloqueo_medio,2,1,0.07593543653705062,0.8380566801619433,1.3989850031362263,0.09060895084372707,0.599046221570066,0.02165648689368807,False
area_desarrollo_de_software,curso_base,1,1,0.1078503301540719,0.8672566371681416,1.3989003508404463,0.1243580337490829,0.6199559794570799,0.030753823537802608,False
abierto_siguiente + bloqueo_alto,ocupacion_media,2,1,0.12032281731474688,0.9265536723163841,1.3985522207832022,0.12986060161408658,0.6625091709464417,0.034288977800792236,False
no_requiere_laboratorio + riesgo_retraso,bloqueo_medio,2,1,0.07116654438738078,0.8362068965517242,1.3958971218616045,0.0851063829787234,0.599046221570066,0.020183887232481545,False
aprobo + semestre_1,bloqueo_medio,2,1,0.08767424798239179,0.8356643356643357,1.39499141397488,0.10491562729273661,0.599046221570066,0.02482493786902462,False
abierto_siguiente + recuperacion,curso_base,2,1,0.0652971386647102,0.8640776699029126,1.3937726202102603,0.07556859867938372,0.6199559794570799,0.018447934054233867,False
curso_obligatorio + semestre_1,bloqueo_medio,2,1,0.12142333088774762,0.8337531486146096,1.3918010306940758,0.14563462949376377,0.599046221570066,0.034181456359751936,False
periodo_v2,area_ciencias_basicas_y_complementarias,1,1,0.059060895084372705,0.8655913978494624,1.3855561659058335,0.06823184152604549,0.6247248716067498,0.016434766647521838,False
no_abierto_siguiente + periodo_v2,area_ciencias_basicas_y_complementarias,2,1,0.059060895084372705,0.8655913978494624,1.3855561659058335,0.06823184152604549,0.6247248716067498,0.016434766647521838,False
periodo_v2 + sin_recuperacion,area_ciencias_basicas_y_complementarias,2,1,0.059060895084372705,0.8655913978494624,1.3855561659058335,0.06823184152604549,0.6247248716067498,0.016434766647521838,False
abierto_siguiente + periodo_s1,curso_base,2,1,0.13609684519442405,0.8587962962962963,1.385253670830594,0.15847395451210564,0.6199559794570799,0.03784996950643488,False
area_ciencias_de_la_computacion + curso_base,ocupacion_media,2,1,0.06456346294937637,0.9166666666666666,1.383628645256552,0.07043286867204696,0.6625091709464417,0.01790104151807894,False
no_requiere_laboratorio + semestre_3,ocupacion_media,2,1,0.10271460014673514,0.9150326797385621,1.381162284035061,0.11225238444607484,0.6625091709464417,0.028346365990604847,False
abierto_siguiente + zona_alta,curso_base,2,1,0.08694057226705797,0.8555956678700362,1.3800910003631472,0.10161408657373441,0.6199559794570799,0.023944311698601936,False
semestre_1 + sin_riesgo_retraso,bloqueo_medio,2,1,0.11151870873074102,0.8216216216216216,1.371549626785389,0.13573000733675716,0.599046221570066,0.030210160681979292,False
abierto_siguiente + curso_no_base,bloqueo_medio,2,1,0.05062362435803375,0.8214285714285714,1.3712273641851105,0.061628760088041086,0.599046221570066,0.013705148487244648,False
curso_base + ocupacion_baja,bloqueo_medio,2,1,0.08400586940572267,0.8207885304659498,1.3701589308329327,0.10234776228906824,0.599046221570066,0.022694829120305057,False
aprobo + area_desarrollo_de_software,curso_base,2,1,0.0652971386647102,0.8476190476190475,1.3672245703014934,0.07703595011005136,0.6199559794570799,0.017538240760826558,False
no_requiere_laboratorio + semestre_1,bloqueo_medio,2,1,0.10895084372707263,0.8181818181818182,1.3658074931804265,0.13316214233308876,0.599046221570066,0.02918056550626047,False
abierto_siguiente + aprobo,curso_base,2,1,0.23624358033749082,0.8462549277266754,1.3650242206999512,0.2791636096845194,0.6199559794570799,0.06317443126675062,False
area_desarrollo_de_software + sin_recuperacion,curso_base,2,1,0.0748349229640499,0.8429752066115703,1.359733972321385,0.08877476155539252,0.6199559794570799,0.019798478712907804,False
abierto_siguiente,curso_base,1,1,0.330520909757887,0.842843779232928,1.3595219776266045,0.3921496698459281,0.6199559794570799,0.08740537709478413,False
abierto_siguiente + sin_riesgo_retraso,curso_base,2,1,0.330520909757887,0.842843779232928,1.3595219776266045,0.3921496698459281,0.6199559794570799,0.08740537709478413,False
semestre_4 + sin_recuperacion,curso_base,2,1,0.11665443873807776,0.8412698412698412,1.3569831877524186,0.13866471019809246,0.6199559794570799,0.03068842251108722,False
curso_obligatorio + periodo_v1,curso_base,2,1,0.06933235509904623,0.8400000000000001,1.354934911242604,0.08253851797505503,0.6199559794570799,0.018162107344885194,False
semestre_4,curso_base,1,1,0.14930300807043287,0.8391752577319587,1.3536045873238578,0.17791636096845195,0.6199559794570799,0.03900269624479685,False
abierto_siguiente + zona_media,curso_base,2,1,0.1793837123991196,0.8387650085763294,1.3529428481532983,0.21386647101980924,0.6199559794570799,0.046795914885004564,False
abierto_siguiente + sin_recuperacion,curso_base,2,1,0.2652237710931768,0.8377752027809965,1.3513462738349091,0.3165810711665444,0.6199559794570799,0.06895744304055026,False
abierto_siguiente + zona_baja,curso_base,2,1,0.06419662509170947,0.8373205741626795,1.3506129498032333,0.07666911225238444,0.6199559794570799,0.01666515051117766,False
curso_base + semestre_1,ocupacion_media,2,1,0.08547322083639032,0.8927203065134101,1.3474836963209058,0.09574468085106383,0.6625091709464417,0.022041491703220367,False
abierto_siguiente + area_ciencias_basicas_y_complementarias,curso_base,2,1,0.3033749082905356,0.8353535353535354,1.3474400812862353,0.3631694790902421,0.6199559794570799,0.07822581817222704,False
abierto_siguiente + perdio,curso_base,2,1,0.09427732942039618,0.8344155844155844,1.3459271497733036,0.11298606016140866,0.6199559794570799,0.02423094582803352,False
abierto_siguiente + periodo_s2,curso_base,2,1,0.12179016874541453,0.8320802005012531,1.342160134062968,0.14636830520909758,0.6199559794570799,0.031048262728035625,False
abierto_siguiente + periodo_v1,curso_base,2,1,0.07263389581804842,0.8319327731092437,1.3419223310626027,0.08730741012472487,0.6199559794570799,0.018507144860313643,False
area_ciencias_basicas_y_complementarias + bloqueo_alto,no_requiere_laboratorio,2,1,0.1305942773294204,1.0,1.341535433070866,0.1305942773294204,0.7454145267791636,0.03324740589384363,False
abierto_siguiente + bloqueo_alto,no_requiere_laboratorio,2,1,0.12986060161408658,1.0,1.341535433070866,0.12986060161408658,0.7454145267791636,0.03306062271466474,False
curso_no_obligatorio,no_requiere_laboratorio,1,1,0.11665443873807776,1.0,1.341535433070866,0.11665443873807776,0.7454145267791636,0.029698525489444585,False
curso_no_obligatorio + sin_riesgo_retraso,no_requiere_laboratorio,2,1,0.11151870873074102,1.0,1.341535433070866,0.11151870873074102,0.7454145267791636,0.028391043235192315,False
area_ciencias_basicas_y_complementarias + curso_no_obligatorio,no_requiere_laboratorio,2,1,0.10931768158473955,1.0,1.341535433070866,0.10931768158473955,0.7454145267791636,0.02783069369765563,False
area_metodologia_de_sistemas,no_requiere_laboratorio,1,1,0.1082171680117388,1.0,1.341535433070866,0.1082171680117388,0.7454145267791636,0.027550518928887283,False
area_metodologia_de_sistemas + curso_obligatorio,no_requiere_laboratorio,2,1,0.1045487894350697,1.0,1.341535433070866,0.1045487894350697,0.7454145267791636,0.02661660303299279,False
curso_no_obligatorio + sin_recuperacion,no_requiere_laboratorio,2,1,0.0983125458547322,1.0,1.341535433070866,0.0983125458547322,0.7454145267791636,0.025028946009972172,False
area_ciencias_basicas_y_complementarias + bloqueo_bajo,no_requiere_laboratorio,2,1,0.09574468085106383,1.0,1.341535433070866,0.09574468085106383,0.7454145267791636,0.02437520488284603,False
curso_base + semestre_1,no_requiere_laboratorio,2,1,0.09574468085106383,1.0,1.341535433070866,0.09574468085106383,0.7454145267791636,0.02437520488284603,False
curso_no_base + curso_no_obligatorio,no_requiere_laboratorio,2,1,0.09537784299339692,1.0,1.341535433070866,0.09537784299339692,0.7454145267791636,0.024281813293256585,False
area_metodologia_de_sistemas + sin_riesgo_retraso,no_requiere_laboratorio,2,1,0.09097578870139399,1.0,1.341535433070866,0.09097578870139399,0.7454145267791636,0.023161114218183204,False
ocupacion_media + semestre_1,no_requiere_laboratorio,2,1,0.09024211298606016,1.0,1.341535433070866,0.09024211298606016,0.7454145267791636,0.022974331039004314,False
area_metodologia_de_sistemas + no_abierto_siguiente,no_requiere_laboratorio,2,1,0.08767424798239179,1.0,1.341535433070866,0.08767424798239179,0.7454145267791636,0.022320589911878172,False
abierto_siguiente + semestre_1,no_requiere_laboratorio,2,1,0.0851063829787234,1.0,1.341535433070866,0.0851063829787234,0.7454145267791636,0.02166684878475203,False
aprobo + curso_no_obligatorio,no_requiere_laboratorio,2,1,0.0851063829787234,1.0,1.341535433070866,0.0851063829787234,0.7454145267791636,0.02166684878475203,False
area_metodologia_de_sistemas + sin_recuperacion,no_requiere_laboratorio,2,1,0.0851063829787234,1.0,1.341535433070866,0.0851063829787234,0.7454145267791636,0.02166684878475203,False
bloqueo_bajo + ocupacion_baja,no_requiere_laboratorio,2,1,0.0818048422597212,1.0,1.341535433070866,0.0818048422597212,0.7454145267791636,0.020826324478446998,False
curso_no_obligatorio + no_abierto_siguiente,no_requiere_laboratorio,2,1,0.07997065297138664,1.0,1.341535433070866,0.07997065297138664,0.7454145267791636,0.020359366530499752,False
aprobo + area_metodologia_de_sistemas,no_requiere_laboratorio,2,1,0.07850330154071901,1.0,1.341535433070866,0.07850330154071901,0.7454145267791636,0.01998580017214196,False
area_metodologia_de_sistemas + curso_base,no_requiere_laboratorio,2,1,0.0748349229640499,1.0,1.341535433070866,0.0748349229640499,0.7454145267791636,0.019051884276247474,False
area_metodologia_de_sistemas + ocupacion_media,no_requiere_laboratorio,2,1,0.0719002201027146,1.0,1.341535433070866,0.0719002201027146,0.7454145267791636,0.018304751559531887,False
bloqueo_bajo + curso_no_obligatorio,no_requiere_laboratorio,2,1,0.07153338224504768,1.0,1.341535433070866,0.07153338224504768,0.7454145267791636,0.018211359969942435,False
bloqueo_bajo + periodo_s1,no_requiere_laboratorio,2,1,0.06896551724137931,1.0,1.341535433070866,0.06896551724137931,0.7454145267791636,0.0175576188428163,False
curso_no_obligatorio + zona_media,no_requiere_laboratorio,2,1,0.06823184152604549,1.0,1.341535433070866,0.06823184152604549,0.7454145267791636,0.017370835663637403,False
curso_base + semestre_2,no_requiere_laboratorio,2,1,0.06493030080704329,1.0,1.341535433070866,0.06493030080704329,0.7454145267791636,0.01653031135733237,False
curso_no_obligatorio + ocupacion_baja,no_requiere_laboratorio,2,1,0.06346294937637564,1.0,1.341535433070866,0.06346294937637564,0.7454145267791636,0.016156744998974577,False
area_metodologia_de_sistemas + zona_media,no_requiere_laboratorio,2,1,0.06309611151870873,1.0,1.341535433070866,0.06309611151870873,0.7454145267791636,0.016063353409385125,False
bloqueo_medio + semestre_5,no_requiere_laboratorio,2,1,0.06272927366104182,1.0,1.341535433070866,0.06272927366104182,0.7454145267791636,0.01596996181979568,False
area_metodologia_de_sistemas + periodo_s1,no_requiere_laboratorio,2,1,0.06016140865737344,1.0,1.341535433070866,0.06016140865737344,0.7454145267791636,0.015316220692669538,False
area_metodologia_de_sistemas + bloqueo_medio,no_requiere_laboratorio,2,1,0.05429200293470286,1.0,1.341535433070866,0.05429200293470286,0.7454145267791636,0.013821955259238364,False
bloqueo_alto + semestre_2,no_requiere_laboratorio,2,1,0.05319148936170213,1.0,1.341535433070866,0.05319148936170213,0.7454145267791636,0.013541780490470022,False
curso_no_obligatorio + ocupacion_media,no_requiere_laboratorio,2,1,0.05319148936170213,1.0,1.341535433070866,0.05319148936170213,0.7454145267791636,0.013541780490470022,False
curso_no_obligatorio + periodo_s1,no_requiere_laboratorio,2,1,0.052090975788701394,1.0,1.341535433070866,0.052090975788701394,0.7454145267791636,0.013261605721701673,False
abierto_siguiente + semestre_4,area_ciencias_basicas_y_complementarias,2,1,0.07593543653705062,0.8380566801619433,1.3414812155733749,0.09060895084372707,0.6247248716067498,0.019329771354780922,False
semestre_3 + zona_media,curso_base,2,1,0.09721203228173148,0.8307210031347962,1.3399677245831094,0.11702127659574468,0.6199559794570799,0.024663992132498716,False
requiere_laboratorio + semestre_4,ocupacion_media,2,1,0.05722670579603815,0.8863636363636364,1.3378888553307158,0.06456346294937637,0.6625091709464417,0.014452819484015507,False
requiere_laboratorio + semestre_4,bloqueo_medio,2,1,0.05172413793103448,0.8011363636363636,1.3373531704058341,0.06456346294937637,0.599046221570066,0.013047639399731616,False
aprobo + semestre_4,curso_base,2,1,0.10234776228906824,0.827893175074184,1.3354063877232105,0.12362435803374908,0.6199559794570799,0.0257061023195026,False
perdio + sin_riesgo_retraso,area_ciencias_basicas_y_complementarias,2,1,0.1272927366104182,0.8341346153846154,1.3352031482903475,0.15260454878943508,0.6247248716067498,0.03195687946133238,False
no_requiere_laboratorio + periodo_v1,curso_base,2,1,0.06419662509170947,0.8254716981132075,1.3315005024003574,0.07776962582538519,0.6199559794570799,0.01598288054112218,False
area_desarrollo_de_software + sin_riesgo_retraso,curso_base,2,1,0.06749816581071166,0.8251121076233183,1.330920476556903,0.0818048422597212,0.6199559794570799,0.01678276470325428,False
curso_base + semestre_2,ocupacion_media,2,1,0.05722670579603815,0.8813559322033897,1.330330161232802,0.06493030080704329,0.6625091709464417,0.014209786039060826,False
abierto_siguiente + semestre_1,ocupacion_media,2,1,0.0748349229640499,0.8793103448275863,1.3272425249169437,0.0851063829787234,0.6625091709464417,0.0184511637345655,False
area_ciencias_de_la_computacion + no_requiere_laboratorio,ocupacion_media,2,1,0.06346294937637564,0.8781725888324874,1.325525181150255,0.0722670579603815,0.6625091709464417,0.015585360720304843,False
ocupacion_media + riesgo_retraso,bloqueo_medio,2,1,0.0719002201027146,0.7935222672064778,1.324642804901934,0.09060895084372707,0.599046221570066,0.01762127045935205,False
semestre_4 + sin_riesgo_retraso,curso_base,2,1,0.12949376375641966,0.8190255220417633,1.3211027059679568,0.15810711665443875,0.6199559794570799,0.03147431139178229,False
semestre_4 + zona_media,ocupacion_media,2,1,0.07887013939838591,0.8739837398373983,1.319202477739063,0.09024211298606016,0.6625091709464417,0.019083911939536076,False
semestre_4 + zona_media,curso_base,2,1,0.07373440939104915,0.8170731707317073,1.3179535286477126,0.09024211298606016,0.6199559794570799,0.017788271846499754,False
bloqueo_bajo + zona_media,no_requiere_laboratorio,2,1,0.07923697725605282,0.9818181818181818,1.317143879742305,0.08070432868672046,0.7454145267791636,0.019078798279011003,False
no_abierto_siguiente + semestre_7,ocupacion_media,2,1,0.0652971386647102,0.8682926829268293,1.3106123220700645,0.0752017608217168,0.6625091709464417,0.015475282449002002,False
ocupacion_media + semestre_4,curso_base,2,1,0.12325752017608217,0.8115942028985508,1.3091158562730472,0.15187087307410124,0.6199559794570799,0.029104264308425873,False
curso_obligatorio + semestre_7,bloqueo_medio,2,1,0.05099046221570066,0.7808988764044944,1.303570322767086,0.0652971386647102,0.599046221570066,0.011874458019269347,False
ocupacion_media + semestre_7,bloqueo_medio,2,1,0.05099046221570066,0.7808988764044944,1.303570322767086,0.0652971386647102,0.599046221570066,0.011874458019269347,False
abierto_siguiente + ocupacion_baja,bloqueo_medio,2,1,0.07263389581804842,0.7795275590551181,1.3012811549199337,0.09317681584739546,0.599046221570066,0.016816676346736323,False
perdio + semestre_3,curso_base,2,1,0.055025678650036686,0.8064516129032259,1.3008207673220082,0.06823184152604549,0.6199559794570799,0.0127249405065969,False
semestre_3,curso_base,1,1,0.16617754952311078,0.8060498220640568,1.3001726715660469,0.20616287600880412,0.6199559794570799,0.03836564179938409,False
curso_obligatorio + semestre_3,curso_base,2,1,0.16617754952311078,0.8060498220640568,1.3001726715660469,0.20616287600880412,0.6199559794570799,0.03836564179938409,False
aprobo + semestre_3,curso_base,2,1,0.1111518708730741,0.8058510638297872,1.2998520710059172,0.13793103448275862,0.6199559794570799,0.025640701292787213,False
bloqueo_bajo + sin_recuperacion,no_requiere_laboratorio,2,1,0.11592076302274394,0.966360856269113,1.2964073298177174,0.11995597945707998,0.7454145267791636,0.026503833361413598,False
aprobo + bloqueo_bajo,no_requiere_laboratorio,2,1,0.10381511371973588,0.9658703071672355,1.2957492408158877,0.10748349229640498,0.7454145267791636,0.023695357173039278,False
bloqueo_bajo,no_requiere_laboratorio,1,1,0.14526779163609685,0.9658536585365854,1.2957269060879586,0.1504035216434336,0.7454145267791636,0.03315482172433709,False
bloqueo_bajo + curso_no_base,no_requiere_laboratorio,2,1,0.14526779163609685,0.9658536585365854,1.2957269060879586,0.1504035216434336,0.7454145267791636,0.03315482172433709,False
bloqueo_bajo + sin_riesgo_retraso,no_requiere_laboratorio,2,1,0.14526779163609685,0.9658536585365854,1.2957269060879586,0.1504035216434336,0.7454145267791636,0.03315482172433709,False
area_ciencias_de_la_computacion + sin_recuperacion,ocupacion_media,2,1,0.0748349229640499,0.8571428571428572,1.2937826293308021,0.08730741012472487,0.6625091709464417,0.016992963064837448,False
bloqueo_bajo + no_abierto_siguiente,no_requiere_laboratorio,2,1,0.13426265590608952,0.9631578947368422,1.2921104434314132,0.13939838591342626,0.7454145267791636,0.030353074036653646,False
aprobo + semestre_4,ocupacion_media,2,1,0.10564930300807043,0.85459940652819,1.2899435117363487,0.12362435803374908,0.6625091709464417,0.02374703205834526,False
aprobo + recuperacion,zona_media,2,1,0.06676449009537784,0.6973180076628352,1.2896125433438865,0.09574468085106383,0.5407190022010272,0.014993521799534809,False
semestre_4,ocupacion_media,1,1,0.15187087307410124,0.8536082474226804,1.288447443230469,0.17791636096845195,0.6625091709464417,0.033999652271084285,False
abierto_siguiente + bloqueo_medio,curso_base,2,1,0.20066030814380045,0.7985401459854016,1.2880594307433164,0.2512839325018342,0.6199559794570799,0.04487533164779908,False
area_ciencias_basicas_y_complementarias + periodo_v1,curso_base,2,1,0.0652971386647102,0.7982062780269058,1.2875208957996127,0.0818048422597212,0.6199559794570799,0.01458173755725281,False
ocupacion_media + semestre_3,curso_base,2,1,0.10271460014673514,0.7977207977207976,1.2867378074478666,0.12876008804108585,0.6199559794570799,0.022889013650243914,False
semestre_5 + sin_recuperacion,bloqueo_medio,2,1,0.05135730007336757,0.7692307692307693,1.2840925149559566,0.06676449009537784,0.599046221570066,0.011362284546679376,False
area_ciencias_de_la_computacion + zona_media,ocupacion_media,2,1,0.052090975788701394,0.8502994011976048,1.2834530274998177,0.061261922230374175,0.6625091709464417,0.011504390481270811,False
periodo_v1,curso_base,1,1,0.07263389581804842,0.7951807228915663,1.2826406216582307,0.09134262655906089,0.6199559794570799,0.016005488303443546,False
periodo_v1 + sin_recuperacion,curso_base,2,1,0.07263389581804842,0.7951807228915663,1.2826406216582307,0.09134262655906089,0.6199559794570799,0.016005488303443546,False
periodo_v1 + sin_riesgo_retraso,curso_base,2,1,0.07263389581804842,0.7951807228915663,1.2826406216582307,0.09134262655906089,0.6199559794570799,0.016005488303443546,False
ocupacion_baja + periodo_s1,area_ciencias_basicas_y_complementarias,2,1,0.0748349229640499,0.8,1.2805637110980623,0.09354365370506236,0.6247248716067498,0.01639587591352854,False
semestre_7,ocupacion_media,1,1,0.0652971386647102,0.8476190476190475,1.279407266782682,0.07703595011005136,0.6625091709464417,0.014260115224228626,False
curso_obligatorio + semestre_2,ocupacion_media,2,1,0.11408657373440939,0.8474114441416895,1.2790939073810883,0.1346294937637564,0.6625091709464417,0.024893299436043986,False
semestre_4 + sin_riesgo_retraso,ocupacion_media,2,1,0.1338958180484226,0.8468677494199536,1.2782732474633407,0.15810711665443875,0.6625091709464417,0.02914840327295805,False
no_requiere_laboratorio + semestre_2,ocupacion_media,2,1,0.08363903154805576,0.8444444444444444,1.274615479266642,0.09904622157006603,0.6625091709464417,0.018020001410293737,False
semestre_4 + sin_recuperacion,ocupacion_media,2,1,0.11702127659574468,0.8439153439153438,1.2738168480139687,0.13866471019809246,0.6625091709464417,0.02515463440287785,False
semestre_3 + sin_recuperacion,curso_base,2,1,0.12655906089508437,0.7894736842105263,1.2734350669573342,0.1603081438004402,0.6199559794570799,0.027175068590336054,False
abierto_siguiente + periodo_s1,ocupacion_media,2,1,0.13352898019075568,0.8425925925925927,1.2718202698822856,0.15847395451210564,0.6625091709464417,0.02853853197033647,False
zona_alta,sin_recuperacion,1,1,0.2450476889214967,1.0,1.2696786213320912,0.2450476889214967,0.7876008804108584,0.05204791338427975,False
sin_riesgo_retraso + zona_alta,sin_recuperacion,2,1,0.24284666177549524,1.0,1.2696786213320912,0.24284666177549524,0.7876008804108584,0.05158041715627723,False
aprobo + zona_alta,sin_recuperacion,2,1,0.23991195891415995,1.0,1.2696786213320912,0.23991195891415995,0.7876008804108584,0.050957088852273874,False
curso_obligatorio + zona_alta,sin_recuperacion,2,1,0.21790168745414526,1.0,1.2696786213320912,0.21790168745414526,0.7876008804108584,0.046282126572248755,False
no_requiere_laboratorio + zona_alta,sin_recuperacion,2,1,0.19002201027146,1.0,1.2696786213320912,0.19002201027146,0.7876008804108584,0.04036050768421692,False
ocupacion_media + zona_alta,sin_recuperacion,2,1,0.16581071166544387,1.0,1.2696786213320912,0.16581071166544387,0.7876008804108584,0.03521804917618929,False
area_ciencias_basicas_y_complementarias + zona_alta,sin_recuperacion,2,1,0.16140865737344093,1.0,1.2696786213320912,0.16140865737344093,0.7876008804108584,0.03428305672018425,False
bloqueo_medio + zona_alta,sin_recuperacion,2,1,0.14930300807043287,1.0,1.2696786213320912,0.14930300807043287,0.7876008804108584,0.03171182746617045,False
curso_base + zona_alta,sin_recuperacion,2,1,0.144534115920763,1.0,1.2696786213320912,0.144534115920763,0.7876008804108584,0.030698918972164993,False
no_abierto_siguiente + zona_alta,sin_recuperacion,2,1,0.14343360234776228,1.0,1.2696786213320912,0.14343360234776228,0.7876008804108584,0.030465170858163748,False
periodo_s1 + zona_alta,sin_recuperacion,2,1,0.11188554658840792,1.0,1.2696786213320912,0.11188554658840792,0.7876008804108584,0.023764391590127734,False
abierto_siguiente + zona_alta,sin_recuperacion,2,1,0.10161408657373441,1.0,1.2696786213320912,0.10161408657373441,0.7876008804108584,0.021582742526116,False
curso_no_base + zona_alta,sin_recuperacion,2,1,0.10051357300073367,1.0,1.2696786213320912,0.10051357300073367,0.7876008804108584,0.02134899441211474,False
periodo_s2 + zona_alta,sin_recuperacion,2,1,0.09317681584739546,1.0,1.2696786213320912,0.09317681584739546,0.7876008804108584,0.019790673652106378,False
periodo_v1,sin_recuperacion,1,1,0.09134262655906089,1.0,1.2696786213320912,0.09134262655906089,0.7876008804108584,0.01940109346210428,False
periodo_v1 + sin_riesgo_retraso,sin_recuperacion,2,1,0.09134262655906089,1.0,1.2696786213320912,0.09134262655906089,0.7876008804108584,0.01940109346210428,False
abierto_siguiente + periodo_v1,sin_recuperacion,2,1,0.08730741012472487,1.0,1.2696786213320912,0.08730741012472487,0.7876008804108584,0.018544017044099664,False
curso_obligatorio + periodo_v1,sin_recuperacion,2,1,0.08253851797505503,1.0,1.2696786213320912,0.08253851797505503,0.7876008804108584,0.017531108550094224,False
area_ciencias_basicas_y_complementarias + periodo_v1,sin_recuperacion,2,1,0.0818048422597212,1.0,1.2696786213320912,0.0818048422597212,0.7876008804108584,0.017375276474093385,False
no_requiere_laboratorio + periodo_v1,sin_recuperacion,2,1,0.07776962582538519,1.0,1.2696786213320912,0.07776962582538519,0.7876008804108584,0.016518200056088783,False
curso_base + periodo_v1,sin_recuperacion,2,1,0.07263389581804842,1.0,1.2696786213320912,0.07263389581804842,0.7876008804108584,0.015427375524082916,False
ocupacion_baja + zona_alta,sin_recuperacion,2,1,0.07153338224504768,1.0,1.2696786213320912,0.07153338224504768,0.7876008804108584,0.015193627410081664,False
periodo_v2,sin_recuperacion,1,1,0.06823184152604549,1.0,1.2696786213320912,0.06823184152604549,0.7876008804108584,0.014492383068077895,False
no_abierto_siguiente + periodo_v2,sin_recuperacion,2,1,0.06823184152604549,1.0,1.2696786213320912,0.06823184152604549,0.7876008804108584,0.014492383068077895,False
area_ciencias_basicas_y_complementarias + periodo_v2,sin_recuperacion,2,1,0.059060895084372705,1.0,1.2696786213320912,0.059060895084372705,0.7876008804108584,0.012544482118067427,False
bloqueo_medio + periodo_v1,sin_recuperacion,2,1,0.059060895084372705,1.0,1.2696786213320912,0.059060895084372705,0.7876008804108584,0.012544482118067427,False
bloqueo_alto + zona_alta,sin_recuperacion,2,1,0.05685986793837124,1.0,1.2696786213320912,0.05685986793837124,0.7876008804108584,0.012076985890064909,False
aprobo + periodo_v1,sin_recuperacion,2,1,0.05649303008070433,1.0,1.2696786213320912,0.05649303008070433,0.7876008804108584,0.01199906985206449,False
curso_obligatorio + periodo_v2,sin_recuperacion,2,1,0.0553925165077036,1.0,1.2696786213320912,0.0553925165077036,0.7876008804108584,0.011765321738063238,False
requiere_laboratorio + zona_alta,sin_recuperacion,2,1,0.055025678650036686,1.0,1.2696786213320912,0.055025678650036686,0.7876008804108584,0.011687405700062818,False
no_requiere_laboratorio + periodo_v2,sin_recuperacion,2,1,0.05282465150403522,1.0,1.2696786213320912,0.05282465150403522,0.7876008804108584,0.011219909472060308,False
periodo_v1 + zona_media,sin_recuperacion,2,1,0.05172413793103448,1.0,1.2696786213320912,0.05172413793103448,0.7876008804108584,0.010986161358059049,False
ocupacion_media + periodo_v1,sin_recuperacion,2,1,0.050256786500366836,1.0,1.2696786213320912,0.050256786500366836,0.7876008804108584,0.01067449720605737,False
bloqueo_medio + ocupacion_baja,area_ciencias_basicas_y_complementarias,2,1,0.14526779163609685,0.792,1.2677580739870817,0.18341892883345562,0.6247248716067498,0.030681424870368706,False
semestre_2 + sin_recuperacion,ocupacion_media,2,1,0.09170946441672781,0.8389261744966443,1.2662861304971498,0.10931768158473955,0.6625091709464417,0.01928549782023492,False
bloqueo_medio + semestre_4,area_ciencias_basicas_y_complementarias,2,1,0.08877476155539252,0.7908496732026143,1.265916740546287,0.11225238444607484,0.6247248716067498,0.018647905094766895,False
area_ciencias_basicas_y_complementarias + semestre_4,bloqueo_medio,2,1,0.08877476155539252,0.7562500000000001,1.2624234537660748,0.11738811445341159,0.599046221570066,0.01845385513484185,False
aprobo + area_ciencias_de_la_computacion,ocupacion_media,2,1,0.06933235509904623,0.836283185840708,1.2622967688824862,0.08290535583272193,0.6625091709464417,0.014406796539289876,False
semestre_2 + sin_riesgo_retraso,ocupacion_media,2,1,0.09501100513573,0.8354838709677419,1.2610902725681419,0.11371973587674249,0.6625091709464417,0.019670637199781016,False
no_requiere_laboratorio + semestre_4,ocupacion_media,2,1,0.0946441672780631,0.8349514563106797,1.2602866389274157,0.11335289801907557,0.6625091709464417,0.0195468327870688,False
periodo_s2 + semestre_4,ocupacion_media,2,1,0.06456346294937637,0.8341232227488151,1.2590364923661517,0.07740278796771827,0.6625091709464417,0.013283406063940129,False
area_ciencias_de_la_computacion,ocupacion_media,1,1,0.10014673514306677,0.8323170731707318,1.2563102665910382,0.12032281731474688,0.6625091709464417,0.02043176519793366,False
area_ciencias_de_la_computacion + curso_obligatorio,ocupacion_media,2,1,0.10014673514306677,0.8323170731707318,1.2563102665910382,0.12032281731474688,0.6625091709464417,0.02043176519793366,False
area_ciencias_de_la_computacion + no_abierto_siguiente,ocupacion_media,2,1,0.10014673514306677,0.8323170731707318,1.2563102665910382,0.12032281731474688,0.6625091709464417,0.02043176519793366,False
semestre_3 + sin_riesgo_retraso,curso_base,2,1,0.13132795304475423,0.7782608695652175,1.2553485978904042,0.16874541452677916,0.6199559794570799,0.026713224302913896,False
curso_base + semestre_4,bloqueo_medio,2,1,0.11225238444607484,0.7518427518427518,1.2550663450847162,0.14930300807043287,0.599046221570066,0.022812981592436957,False
curso_obligatorio + semestre_4,bloqueo_medio,2,1,0.11225238444607484,0.7518427518427518,1.2550663450847162,0.14930300807043287,0.599046221570066,0.022812981592436957,False
bloqueo_bajo + curso_obligatorio,no_requiere_laboratorio,2,1,0.07373440939104915,0.9348837209302325,1.2541796374290421,0.07887013939838591,0.7454145267791636,0.014943461754394649,False
area_ciencias_de_la_computacion + ocupacion_media,bloqueo_medio,2,1,0.0752017608217168,0.7509157509157509,1.2535188836474813,0.10014673514306677,0.599046221570066,0.015209237531684502,False
bloqueo_medio + requiere_laboratorio,area_ciencias_basicas_y_complementarias,2,1,0.1346294937637564,0.7825159914712153,1.252576977539949,0.17204695524578137,0.6247248716067498,0.027147481737503407,False
abierto_siguiente + semestre_3,ocupacion_media,2,1,0.08584005869405723,0.8297872340425532,1.2524916943521593,0.10344827586206896,0.6625091709464417,0.01730462721683912,False
semestre_2,ocupacion_media,1,1,0.11408657373440939,0.8271276595744681,1.2484772978959024,0.13793103448275862,0.6625091709464417,0.02270599843145192,False
area_ciencias_basicas_y_complementarias + semestre_2,ocupacion_media,2,1,0.11408657373440939,0.8271276595744681,1.2484772978959024,0.13793103448275862,0.6625091709464417,0.02270599843145192,False
no_requiere_laboratorio + ocupacion_media,curso_base,2,1,0.4016874541452678,0.7733050847457626,1.2473548290041119,0.5194424064563463,0.6199559794570799,0.07965602827908103,False
abierto_siguiente + curso_base,ocupacion_media,2,1,0.27292736610418195,0.8257491675915649,1.246396584083392,0.330520909757887,0.6625091709464417,0.05395423220002055,False
curso_base + semestre_4,ocupacion_media,2,1,0.12325752017608217,0.8255528255528256,1.246100222844409,0.14930300807043287,0.6625091709464417,0.024342908079529796,False
curso_obligatorio + semestre_4,ocupacion_media,2,1,0.12325752017608217,0.8255528255528256,1.246100222844409,0.14930300807043287,0.6625091709464417,0.024342908079529796,False
aprobo + semestre_2,ocupacion_media,2,1,0.08253851797505503,0.8241758241758241,1.244021758971925,0.10014673514306677,0.6625091709464417,0.016190387502428988,False
bloqueo_bajo + periodo_s1,area_ciencias_basicas_y_complementarias,2,1,0.05355832721936904,0.7765957446808511,1.2431004110393424,0.06896551724137931,0.6247248716067498,0.010473853315455257,False
bloqueo_bajo + ocupacion_media,no_requiere_laboratorio,2,1,0.06346294937637564,0.9251336898395721,1.2410996252473787,0.0685986793837124,0.7454145267791636,0.012328497245890094,False
bloqueo_bajo + periodo_s2,no_requiere_laboratorio,2,1,0.06272927366104182,0.9243243243243243,1.240013832730368,0.06786500366837858,0.7454145267791636,0.012141714066711197,False
abierto_siguiente + recuperacion,zona_media,2,1,0.05062362435803375,0.6699029126213591,1.2389113567203696,0.07556859867938372,0.5407190022010272,0.009762247082387522,False
semestre_1 + sin_riesgo_retraso,no_requiere_laboratorio,2,1,0.12509170946441672,0.9216216216216215,1.2363880612896359,0.13573000733675716,0.7454145267791636,0.023916590275755475,False
curso_base + no_requiere_laboratorio,ocupacion_media,2,1,0.4016874541452678,0.8183856502242153,1.235281994745964,0.49082905355832723,0.6625091709464417,0.07650870479591382,False
no_requiere_laboratorio + recuperacion,zona_media,2,1,0.0983125458547322,0.6666666666666666,1.2329262777023968,0.1474688187820983,0.5407190022010272,0.018573353307111906,False
semestre_2 + zona_media,ocupacion_media,2,1,0.058694057226705794,0.8163265306122448,1.2321739326960017,0.0719002201027146,0.6625091709464417,0.01105950201558966,False
no_requiere_laboratorio + semestre_7,ocupacion_media,2,1,0.052090975788701394,0.8160919540229885,1.2318198597268364,0.06382978723404255,0.6625091709464417,0.0098031563665881,False
bloqueo_medio + semestre_1,curso_base,2,1,0.09574468085106383,0.763157894736842,1.2309872313920898,0.12545854732208364,0.6199559794570799,0.017965904264739055,False
bloqueo_medio + semestre_3,ocupacion_media,2,1,0.06089508437270726,0.8137254901960784,1.2282478883026078,0.0748349229640499,0.6625091709464417,0.011316261601953738,False
semestre_5,bloqueo_medio,1,1,0.06272927366104182,0.7339055793991416,1.2251234595481078,0.08547322083639032,0.599046221570066,0.011526863673578358,False
area_ciencias_de_la_computacion + sin_riesgo_retraso,ocupacion_media,2,1,0.0722670579603815,0.8106995884773662,1.2236805527072538,0.08914159941305942,0.6625091709464417,0.013209930836395697,False
abierto_siguiente + recuperacion,ocupacion_media,2,1,0.061261922230374175,0.8106796116504854,1.2236503994237116,0.07556859867938372,0.6625091709464417,0.011197032569711302,False
area_ciencias_basicas_y_complementarias + curso_base,ocupacion_media,2,1,0.29126925898752754,0.8093781855249745,1.2216860098234112,0.3598679383712399,0.6625091709464417,0.05285344948699219,False
area_ciencias_basicas_y_complementarias + semestre_4,curso_base,2,1,0.08877476155539252,0.7562500000000001,1.2198446745562133,0.11738811445341159,0.6199559794570799,0.015999298082807936,False
periodo_s1 + semestre_1,bloqueo_medio,2,1,0.0553925165077036,0.7294685990338164,1.217716718289151,0.07593543653705062,0.599046221570066,0.00990368016690988,False
curso_no_base + requiere_laboratorio,area_ciencias_basicas_y_complementarias,2,1,0.09537784299339692,0.760233918128655,1.2169099593768136,0.12545854732208364,0.6247248716067498,0.017000768125638874,False
recuperacion + sin_riesgo_retraso,zona_media,2,1,0.10014673514306677,0.6578313253012048,1.2165862908894736,0.15223771093176816,0.5407190022010272,0.017828911990672672,False
bloqueo_medio + recuperacion,zona_media,2,1,0.08033749082905356,0.6576576576576576,1.2162651117874996,0.12215700660308144,0.5407190022010272,0.014284876106771066,False
semestre_5 + sin_recuperacion,no_requiere_laboratorio,2,1,0.06052824651504035,0.9065934065934066,1.2162271783334775,0.06676449009537784,0.7454145267791636,0.01076102572494212,False
periodo_s1 + riesgo_retraso,bloqueo_medio,2,1,0.052090975788701394,0.7282051282051283,1.2156075808249722,0.07153338224504768,0.599046221570066,0.009239173438678333,False
ocupacion_media + recuperacion,zona_media,2,1,0.09391049156272928,0.6564102564102565,1.2139581811223603,0.14306676449009537,0.5407190022010272,0.01655157341951556,False
area_ciencias_basicas_y_complementarias + semestre_4,ocupacion_media,2,1,0.09427732942039618,0.803125,1.2122473698781837,0.11738811445341159,0.6625091709464417,0.016506627034900467,False
area_metodologia_de_sistemas + ocupacion_media,curso_base,2,1,0.05392516507703595,0.75,1.2097633136094676,0.0719002201027146,0.6199559794570799,0.009350193700077891,False
riesgo_retraso + sin_recuperacion,bloqueo_medio,2,1,0.06566397652237711,0.7246963562753037,1.2097503167216643,0.09060895084372707,0.599046221570066,0.011385026879014562,False
requiere_laboratorio + sin_riesgo_retraso,bloqueo_medio,2,1,0.1368305209097579,0.7242718446601942,1.2090416708779481,0.18892149669845928,0.599046221570066,0.02365781213918415,False
bloqueo_alto + ocupacion_media,no_requiere_laboratorio,2,1,0.16067498165810712,0.9012345679012347,1.2090381063478177,0.17828319882611884,0.7454145267791636,0.027780095372460206,False
area_ciencias_de_la_computacion + curso_base,bloqueo_medio,2,1,0.05099046221570066,0.7239583333333333,1.2085183200653193,0.07043286867204696,0.599046221570066,0.008797918363370252,False
semestre_1 + sin_recuperacion,no_requiere_laboratorio,2,1,0.10931768158473955,0.9003021148036253,1.207787187477698,0.12142333088774762,0.7454145267791636,0.018806966851099352,False
area_ciencias_basicas_y_complementarias + semestre_3,ocupacion_media,2,1,0.09391049156272928,0.8,1.207530454042082,0.11738811445341159,0.6625091709464417,0.016139789177233563,False
bloqueo_alto + no_requiere_laboratorio,area_ciencias_basicas_y_complementarias,2,1,0.1305942773294204,0.7542372881355932,1.2073111259293172,0.1731474688187821,0.6247248716067498,0.02242474710257303,False
curso_no_base + curso_obligatorio,bloqueo_medio,2,1,0.2057960381511372,0.7229381443298969,1.2068152978832203,0.2846661775495231,0.599046221570066,0.03526784008130182,False
no_requiere_laboratorio + semestre_4,curso_base,2,1,0.0847395451210565,0.7475728155339806,1.2058482219796633,0.11335289801907557,0.6199559794570799,0.014465738205342013,False
abierto_siguiente + curso_obligatorio,ocupacion_media,2,1,0.2839325018341893,0.7987616099071208,1.2056612118531622,0.35546588407923696,0.6625091709464417,0.04843309367311005,False
aprobo + semestre_1,no_requiere_laboratorio,2,1,0.09427732942039618,0.8986013986013985,1.205505616430813,0.10491562729273661,0.7454145267791636,0.016071696750241823,False
curso_obligatorio + no_requiere_laboratorio,curso_base,2,1,0.46955245781364635,0.7467911318553092,1.2045873523299249,0.6287600880410859,0.6199559794570799,0.07974888158861515,False
no_requiere_laboratorio + riesgo_retraso,zona_media,2,1,0.0553925165077036,0.6508620689655172,1.203697421981004,0.0851063829787234,0.5407190022010272,0.009373878022509795,False
periodo_s2 + recuperacion,zona_media,2,1,0.06419662509170947,0.6505576208178439,1.2031343787988074,0.09867938371239912,0.5407190022010272,0.01083880719292872,False
abierto_siguiente + curso_base,no_requiere_laboratorio,2,1,0.2964049889948643,0.8967813540510544,1.203063962176759,0.330520909757887,0.7454145267791636,0.050029901457070286,False
semestre_5 + sin_riesgo_retraso,bloqueo_medio,2,1,0.05099046221570066,0.7202072538860104,1.2022565671116132,0.07079970652971386,0.599046221570066,0.008578165530806037,False
curso_base + recuperacion,zona_media,2,1,0.08620689655172414,0.649171270718232,1.2005704775969472,0.13279530447542187,0.5407190022010272,0.014401952018792422,False
bloqueo_medio + no_requiere_laboratorio,curso_base,2,1,0.3176815847395451,0.7439862542955327,1.2000630350352794,0.42699926632428464,0.6199559794570799,0.05296083635801868,False
area_ciencias_basicas_y_complementarias + recuperacion,zona_media,2,1,0.0752017608217168,0.6487341772151899,1.199762121498377,0.11592076302274394,0.5407190022010272,0.012521201505676968,False
bloqueo_medio + semestre_4,ocupacion_media,2,1,0.08914159941305942,0.7941176470588235,1.1986515536447135,0.11225238444607484,0.6625091709464417,0.014773365256929127,False
riesgo_retraso + zona_media,bloqueo_medio,2,1,0.06603081438004402,0.7171314741035857,1.1971221055764694,0.09207630227439471,0.599046221570066,0.010872853406424583,False
semestre_1 + zona_media,no_requiere_laboratorio,2,1,0.0722670579603815,0.8914027149321266,1.1958483272170164,0.08107116654438738,0.7454145267791636,0.011835432715262224,False
semestre_5 + sin_riesgo_retraso,no_requiere_laboratorio,2,1,0.06309611151870873,0.8911917098445596,1.195565256415487,0.07079970652971386,0.7454145267791636,0.010320981779758404,False
area_ciencias_basicas_y_complementarias + curso_base,no_requiere_laboratorio,2,1,0.3206162876008804,0.8909276248725789,1.1952109770682333,0.3598679383712399,0.7454145267791636,0.05236549861688938,False
no_requiere_laboratorio + perdio,zona_media,2,1,0.13866471019809246,0.6461538461538462,1.1949900845423234,0.21460014673514308,0.5407190022010272,0.022626332983271866,False
semestre_1,no_requiere_laboratorio,1,1,0.13316214233308876,0.889705882352941,1.1935719661880497,0.1496698459280998,0.7454145267791636,0.021596064957483924,False
area_ciencias_basicas_y_complementarias + semestre_1,no_requiere_laboratorio,2,1,0.13316214233308876,0.889705882352941,1.1935719661880497,0.1496698459280998,0.7454145267791636,0.021596064957483924,False
area_ciencias_basicas_y_complementarias + ocupacion_baja,bloqueo_medio,2,1,0.14526779163609685,0.7148014440433212,1.193232539168459,0.20322817314746883,0.599046221570066,0.02352472239551849,False
curso_obligatorio + semestre_1,no_requiere_laboratorio,2,1,0.12912692589875274,0.8866498740554155,1.1894722227731607,0.14563462949376377,0.7454145267791636,0.020568757472,False
curso_no_base + ocupacion_baja,area_ciencias_basicas_y_complementarias,2,1,0.1346294937637564,0.742914979757085,1.189187454385093,0.18121790168745414,0.6247248716067498,0.02141816339921701,False
recuperacion,zona_media,1,1,0.13646368305209097,0.6424870466321243,1.188208744314227,0.2123991195891416,0.5407190022010272,0.021615443039473686,False
abierto_siguiente + periodo_s2,ocupacion_media,2,1,0.11518708730741012,0.7869674185463659,1.187858905292023,0.14636830520909758,0.6625091709464417,0.018216742770495148,False
curso_obligatorio + ocupacion_media,curso_base,2,1,0.4486426999266324,0.7363034316676701,1.1876705057550703,0.6093176815847395,0.6199559794570799,0.07089255983924808,False
curso_base + periodo_v1,no_requiere_laboratorio,2,1,0.06419662509170947,0.8838383838383839,1.1857005090272807,0.07263389581804842,0.7454145267791636,0.010054264012371826,False
curso_base + periodo_s1,ocupacion_media,2,1,0.21349963316214232,0.784366576819407,1.183933160802715,0.2721936903888481,0.6625091709464417,0.03316881700577412,False
ocupacion_baja + zona_alta,area_ciencias_basicas_y_complementarias,2,1,0.05282465150403522,0.7384615384615385,1.1820588102443652,0.07153338224504768,0.6247248716067498,0.008135968465401246,False
curso_obligatorio + recuperacion,zona_media,2,1,0.123991195891416,0.6389413988657845,1.1816514608603312,0.19405722670579603,0.5407190022010272,0.019060765897159437,False
periodo_s1 + semestre_1,no_requiere_laboratorio,2,1,0.06676449009537784,0.8792270531400966,1.179514245501921,0.07593543653705062,0.7454145267791636,0.010161112603343035,False
abierto_siguiente + semestre_4,ocupacion_media,2,1,0.07079970652971386,0.7813765182186234,1.1794199272779442,0.09060895084372707,0.6625091709464417,0.010770445625909356,False
ocupacion_baja + perdio,zona_media,2,1,0.05612619222303742,0.6375000000000001,1.1789857530529173,0.0880410858400587,0.5407190022010272,0.008520704134905896,False
bloqueo_medio + curso_no_base,area_ciencias_basicas_y_complementarias,2,1,0.16911225238444608,0.7364217252396166,1.178793671757601,0.22964049889948643,0.6247248716067498,0.025650121193754455,False
riesgo_retraso,bloqueo_medio,1,1,0.10638297872340426,0.7055961070559611,1.1778658835484077,0.15077035950110051,0.599046221570066,0.016064564539509482,False
aprobo,sin_riesgo_retraso,1,1,0.6966250917094644,1.0,1.177537796976242,0.6966250917094644,0.8492296404988995,0.10503041551452308,False
aprobo + curso_obligatorio,sin_riesgo_retraso,2,1,0.611518708730741,1.0,1.177537796976242,0.611518708730741,0.8492296404988995,0.09219889555698257,False
aprobo + sin_recuperacion,sin_riesgo_retraso,2,1,0.6008804108584006,1.0,1.177537796976242,0.6008804108584006,0.8492296404988995,0.09059495556229002,False
aprobo + no_requiere_laboratorio,sin_riesgo_retraso,2,1,0.5308143800440206,1.0,1.177537796976242,0.5308143800440206,0.8492296404988995,0.08003107490759076,False
aprobo + ocupacion_media,sin_riesgo_retraso,2,1,0.4699192956713133,1.0,1.177537796976242,0.4699192956713133,0.8492296404988995,0.07084990114486783,False
aprobo + area_ciencias_basicas_y_complementarias,sin_riesgo_retraso,2,1,0.44240645634629494,1.0,1.177537796976242,0.44240645634629494,0.8492296404988995,0.06670178046893882,False
aprobo + curso_base,sin_riesgo_retraso,2,1,0.4277329420396185,1.0,1.177537796976242,0.4277329420396185,0.8492296404988995,0.06448944944177665,False
aprobo + bloqueo_medio,sin_riesgo_retraso,2,1,0.4203961848862803,1.0,1.177537796976242,0.4203961848862803,0.8492296404988995,0.06338328392819559,False
aprobo + no_abierto_siguiente,sin_riesgo_retraso,2,1,0.417461482024945,1.0,1.177537796976242,0.417461482024945,0.8492296404988995,0.06294081772276316,False
abierto_siguiente,sin_riesgo_retraso,1,1,0.3921496698459281,1.0,1.177537796976242,0.3921496698459281,0.8492296404988995,0.05912454670090844,False
abierto_siguiente + area_ciencias_basicas_y_complementarias,sin_riesgo_retraso,2,1,0.3631694790902421,1.0,1.177537796976242,0.3631694790902421,0.8492296404988995,0.05475519292226322,False
abierto_siguiente + curso_obligatorio,sin_riesgo_retraso,2,1,0.35546588407923696,1.0,1.177537796976242,0.35546588407923696,0.8492296404988995,0.05359371913300309,False
aprobo + zona_media,sin_riesgo_retraso,2,1,0.35546588407923696,1.0,1.177537796976242,0.35546588407923696,0.8492296404988995,0.05359371913300309,False
abierto_siguiente + curso_base,sin_riesgo_retraso,2,1,0.330520909757887,1.0,1.177537796976242,0.330520909757887,0.8492296404988995,0.04983275638682744,False
aprobo + periodo_s1,sin_riesgo_retraso,2,1,0.3261188554658841,1.0,1.177537796976242,0.3261188554658841,0.8492296404988995,0.0491690570786788,False
abierto_siguiente + no_requiere_laboratorio,sin_riesgo_retraso,2,1,0.32391782831988264,1.0,1.177537796976242,0.32391782831988264,0.8492296404988995,0.048837207424604456,False
abierto_siguiente + sin_recuperacion,sin_riesgo_retraso,2,1,0.3165810711665444,1.0,1.177537796976242,0.3165810711665444,0.8492296404988995,0.0477310419110234,False
abierto_siguiente + ocupacion_media,sin_riesgo_retraso,2,1,0.29897285399853263,1.0,1.177537796976242,0.29897285399853263,0.8492296404988995,0.0450762446784288,False
abierto_siguiente + aprobo,sin_riesgo_retraso,2,1,0.2791636096845194,1.0,1.177537796976242,0.2791636096845194,0.8492296404988995,0.042089597791759886,False
aprobo + periodo_s2,sin_riesgo_retraso,2,1,0.27256052824651505,1.0,1.177537796976242,0.27256052824651505,0.8492296404988995,0.04109404882953693,False
aprobo + curso_no_base,sin_riesgo_retraso,2,1,0.2688921496698459,1.0,1.177537796976242,0.2688921496698459,0.8492296404988995,0.040540966072746404,False
abierto_siguiente + bloqueo_medio,sin_riesgo_retraso,2,1,0.2512839325018342,1.0,1.177537796976242,0.2512839325018342,0.8492296404988995,0.03788616884015181,False
aprobo + zona_alta,sin_riesgo_retraso,2,1,0.23991195891415995,1.0,1.177537796976242,0.23991195891415995,0.8492296404988995,0.03617161229410115,False
abierto_siguiente + zona_media,sin_riesgo_retraso,2,1,0.21386647101980924,1.0,1.177537796976242,0.21386647101980924,0.8492296404988995,0.032244724720888324,False
aprobo + ocupacion_baja,sin_riesgo_retraso,2,1,0.19552457813646368,1.0,1.177537796976242,0.19552457813646368,0.8492296404988995,0.02947931093693565,False
aprobo + bloqueo_alto,sin_riesgo_retraso,2,1,0.16874541452677916,1.0,1.177537796976242,0.16874541452677916,0.8492296404988995,0.025441806812364715,False
aprobo + requiere_laboratorio,sin_riesgo_retraso,2,1,0.16581071166544387,1.0,1.177537796976242,0.16581071166544387,0.8492296404988995,0.02499934060693229,False
abierto_siguiente + periodo_s1,sin_riesgo_retraso,2,1,0.15847395451210564,1.0,1.177537796976242,0.15847395451210564,0.8492296404988995,0.023893175093351204,False
bloqueo_bajo,sin_riesgo_retraso,1,1,0.1504035216434336,1.0,1.177537796976242,0.1504035216434336,0.8492296404988995,0.02267639302841204,False
bloqueo_bajo + curso_no_base,sin_riesgo_retraso,2,1,0.1504035216434336,1.0,1.177537796976242,0.1504035216434336,0.8492296404988995,0.02267639302841204,False
abierto_siguiente + periodo_s2,sin_riesgo_retraso,2,1,0.14636830520909758,1.0,1.177537796976242,0.14636830520909758,0.8492296404988995,0.022068001995942443,False
bloqueo_bajo + no_requiere_laboratorio,sin_riesgo_retraso,2,1,0.14526779163609685,1.0,1.177537796976242,0.14526779163609685,0.8492296404988995,0.021902077168905285,False
bloqueo_bajo + no_abierto_siguiente,sin_riesgo_retraso,2,1,0.13939838591342626,1.0,1.177537796976242,0.13939838591342626,0.8492296404988995,0.021017144758040424,False
aprobo + semestre_3,sin_riesgo_retraso,2,1,0.13793103448275862,1.0,1.177537796976242,0.13793103448275862,0.8492296404988995,0.020795911655324212,False
abierto_siguiente + bloqueo_alto,sin_riesgo_retraso,2,1,0.12986060161408658,1.0,1.177537796976242,0.12986060161408658,0.8492296404988995,0.019579129590385033,False
aprobo + semestre_4,sin_riesgo_retraso,2,1,0.12362435803374908,1.0,1.177537796976242,0.12362435803374908,0.8492296404988995,0.018638888903841105,False
bloqueo_bajo + sin_recuperacion,sin_riesgo_retraso,2,1,0.11995597945707998,1.0,1.177537796976242,0.11995597945707998,0.8492296404988995,0.018085806147050576,False
abierto_siguiente + perdio,sin_riesgo_retraso,2,1,0.11298606016140866,1.0,1.177537796976242,0.11298606016140866,0.8492296404988995,0.017034948909148556,False
aprobo + bloqueo_bajo,sin_riesgo_retraso,2,1,0.10748349229640498,1.0,1.177537796976242,0.10748349229640498,0.8492296404988995,0.016205324773962748,False
aprobo + semestre_1,sin_riesgo_retraso,2,1,0.10491562729273661,1.0,1.177537796976242,0.10491562729273661,0.8492296404988995,0.015818166844209378,False
abierto_siguiente + semestre_3,sin_riesgo_retraso,2,1,0.10344827586206896,1.0,1.177537796976242,0.10344827586206896,0.8492296404988995,0.015596933741493152,False
abierto_siguiente + zona_alta,sin_riesgo_retraso,2,1,0.10161408657373441,1.0,1.177537796976242,0.10161408657373441,0.8492296404988995,0.015320392363097887,False
aprobo + semestre_2,sin_riesgo_retraso,2,1,0.10014673514306677,1.0,1.177537796976242,0.10014673514306677,0.8492296404988995,0.015099159260381675,False
aprobo + zona_baja,sin_riesgo_retraso,2,1,0.09721203228173148,1.0,1.177537796976242,0.09721203228173148,0.8492296404988995,0.014656693054949238,False
aprobo + recuperacion,sin_riesgo_retraso,2,1,0.09574468085106383,1.0,1.177537796976242,0.09574468085106383,0.8492296404988995,0.014435459952233026,False
area_ciencias_basicas_y_complementarias + bloqueo_bajo,sin_riesgo_retraso,2,1,0.09574468085106383,1.0,1.177537796976242,0.09574468085106383,0.8492296404988995,0.014435459952233026,False
abierto_siguiente + ocupacion_baja,sin_riesgo_retraso,2,1,0.09317681584739546,1.0,1.177537796976242,0.09317681584739546,0.8492296404988995,0.014048302022479656,False
periodo_v1,sin_riesgo_retraso,1,1,0.09134262655906089,1.0,1.177537796976242,0.09134262655906089,0.8492296404988995,0.013771760644084377,False
periodo_v1 + sin_recuperacion,sin_riesgo_retraso,2,1,0.09134262655906089,1.0,1.177537796976242,0.09134262655906089,0.8492296404988995,0.013771760644084377,False
abierto_siguiente + semestre_4,sin_riesgo_retraso,2,1,0.09060895084372707,1.0,1.177537796976242,0.09060895084372707,0.8492296404988995,0.013661144092726271,False
abierto_siguiente + periodo_v1,sin_riesgo_retraso,2,1,0.08730741012472487,1.0,1.177537796976242,0.08730741012472487,0.8492296404988995,0.013163369611614795,False
abierto_siguiente + semestre_1,sin_riesgo_retraso,2,1,0.0851063829787234,1.0,1.177537796976242,0.0851063829787234,0.8492296404988995,0.012831519957540463,False
aprobo + curso_no_obligatorio,sin_riesgo_retraso,2,1,0.0851063829787234,1.0,1.177537796976242,0.0851063829787234,0.8492296404988995,0.012831519957540463,False
aprobo + area_ciencias_de_la_computacion,sin_riesgo_retraso,2,1,0.08290535583272193,1.0,1.177537796976242,0.08290535583272193,0.8492296404988995,0.012499670303466145,False
curso_obligatorio + periodo_v1,sin_riesgo_retraso,2,1,0.08253851797505503,1.0,1.177537796976242,0.08253851797505503,0.8492296404988995,0.012444362027787093,False
area_ciencias_basicas_y_complementarias + periodo_v1,sin_riesgo_retraso,2,1,0.0818048422597212,1.0,1.177537796976242,0.0818048422597212,0.8492296404988995,0.012333745476428987,False
bloqueo_bajo + ocupacion_baja,sin_riesgo_retraso,2,1,0.0818048422597212,1.0,1.177537796976242,0.0818048422597212,0.8492296404988995,0.012333745476428987,False
bloqueo_bajo + zona_media,sin_riesgo_retraso,2,1,0.08070432868672046,1.0,1.177537796976242,0.08070432868672046,0.8492296404988995,0.012167820649391828,False
bloqueo_bajo + curso_obligatorio,sin_riesgo_retraso,2,1,0.07887013939838591,1.0,1.177537796976242,0.07887013939838591,0.8492296404988995,0.01189127927099655,False
aprobo + area_metodologia_de_sistemas,sin_riesgo_retraso,2,1,0.07850330154071901,1.0,1.177537796976242,0.07850330154071901,0.8492296404988995,0.011835970995317496,False
no_requiere_laboratorio + periodo_v1,sin_riesgo_retraso,2,1,0.07776962582538519,1.0,1.177537796976242,0.07776962582538519,0.8492296404988995,0.01172535444395939,False
aprobo + area_desarrollo_de_software,sin_riesgo_retraso,2,1,0.07703595011005136,1.0,1.177537796976242,0.07703595011005136,0.8492296404988995,0.011614737892601285,False
abierto_siguiente + zona_baja,sin_riesgo_retraso,2,1,0.07666911225238444,1.0,1.177537796976242,0.07666911225238444,0.8492296404988995,0.011559429616922232,False
abierto_siguiente + recuperacion,sin_riesgo_retraso,2,1,0.07556859867938372,1.0,1.177537796976242,0.07556859867938372,0.8492296404988995,0.011393504789885073,False
curso_base + periodo_v1,sin_riesgo_retraso,2,1,0.07263389581804842,1.0,1.177537796976242,0.07263389581804842,0.8492296404988995,0.010951038584452642,False
bloqueo_bajo + curso_no_obligatorio,sin_riesgo_retraso,2,1,0.07153338224504768,1.0,1.177537796976242,0.07153338224504768,0.8492296404988995,0.010785113757415477,False
bloqueo_bajo + periodo_s1,sin_riesgo_retraso,2,1,0.06896551724137931,1.0,1.177537796976242,0.06896551724137931,0.8492296404988995,0.010397955827662106,False
bloqueo_bajo + ocupacion_media,sin_riesgo_retraso,2,1,0.0685986793837124,1.0,1.177537796976242,0.0685986793837124,0.8492296404988995,0.010342647551983053,False
abierto_siguiente + requiere_laboratorio,sin_riesgo_retraso,2,1,0.06823184152604549,1.0,1.177537796976242,0.06823184152604549,0.8492296404988995,0.010287339276304,False
bloqueo_bajo + periodo_s2,sin_riesgo_retraso,2,1,0.06786500366837858,1.0,1.177537796976242,0.06786500366837858,0.8492296404988995,0.010232031000624947,False
abierto_siguiente + curso_no_base,sin_riesgo_retraso,2,1,0.061628760088041086,1.0,1.177537796976242,0.061628760088041086,0.8492296404988995,0.009291790314081026,False
aprobo + semestre_5,sin_riesgo_retraso,2,1,0.06052824651504035,1.0,1.177537796976242,0.06052824651504035,0.8492296404988995,0.009125865487043867,False
bloqueo_medio + periodo_v1,sin_riesgo_retraso,2,1,0.059060895084372705,1.0,1.177537796976242,0.059060895084372705,0.8492296404988995,0.008904632384327656,False
aprobo + periodo_v1,sin_riesgo_retraso,2,1,0.05649303008070433,1.0,1.177537796976242,0.05649303008070433,0.8492296404988995,0.008517474454574278,False
curso_no_obligatorio + ocupacion_media,sin_riesgo_retraso,2,1,0.05319148936170213,1.0,1.177537796976242,0.05319148936170213,0.8492296404988995,0.008019699973462795,False
periodo_v1 + zona_media,sin_riesgo_retraso,2,1,0.05172413793103448,1.0,1.177537796976242,0.05172413793103448,0.8492296404988995,0.007798466870746576,False
aprobo + semestre_7,sin_riesgo_retraso,2,1,0.05135730007336757,1.0,1.177537796976242,0.05135730007336757,0.8492296404988995,0.007743158595067523,False
ocupacion_media + periodo_v1,sin_riesgo_retraso,2,1,0.050256786500366836,1.0,1.177537796976242,0.050256786500366836,0.8492296404988995,0.007577233768030364,False
curso_no_base + semestre_2,ocupacion_media,2,1,0.05685986793837124,0.7788944723618091,1.175673494827404,0.07300073367571533,0.6625091709464417,0.008496212392391095,False
requiere_laboratorio + sin_recuperacion,bloqueo_medio,2,1,0.13352898019075568,0.7040618955512573,1.1753047931859935,0.1896551724137931,0.599046221570066,0.01991676575505351,False
periodo_s1 + recuperacion,zona_media,2,1,0.0722670579603815,0.6354838709677418,1.1752571453582523,0.11371973587674249,0.5407190022010272,0.010776635846544952,False
semestre_5,no_requiere_laboratorio,1,1,0.0748349229640499,0.8755364806866953,1.174563211787368,0.08547322083639032,0.7454145267791636,0.011121942502001048,False
no_requiere_laboratorio + zona_alta,sin_riesgo_retraso,2,1,0.1892883345561262,0.9961389961389963,1.1729913189956387,0.19002201027146,0.8492296404988995,0.02791601108641603,False
area_ciencias_basicas_y_complementarias + zona_alta,sin_riesgo_retraso,2,1,0.16067498165810712,0.9954545454545456,1.1721853524445318,0.16140865737344093,0.8492296404988995,0.023601965583449847,False
aprobo + semestre_5,no_requiere_laboratorio,2,1,0.05282465150403522,0.8727272727272727,1.1707945597709377,0.06052824651504035,0.7454145267791636,0.007706017271253855,False
curso_base + riesgo_retraso,zona_media,2,1,0.061995597945708,0.6329588014981273,1.1705873086050849,0.0979457079970653,0.5407190022010272,0.009034492447661677,False
abierto_siguiente + requiere_laboratorio,ocupacion_media,2,1,0.05282465150403522,0.7741935483870968,1.1685778587504019,0.06823184152604549,0.6625091709464417,0.007620430742465829,False
curso_base + zona_alta,sin_riesgo_retraso,2,1,0.14343360234776228,0.9923857868020305,1.1685717731413974,0.144534115920763,0.8492296404988995,0.02069094704454645,False
curso_base + ocupacion_baja,no_requiere_laboratorio,2,1,0.08914159941305942,0.8709677419354838,1.1684340868681735,0.10234776228906824,0.7454145267791636,0.012850090619447294,False
bloqueo_alto + sin_riesgo_retraso,ocupacion_media,2,1,0.1595744680851064,0.7740213523131673,1.1683179437462314,0.20616287600880412,0.6625091709464417,0.022989672020579527,False
periodo_s2 + zona_alta,sin_riesgo_retraso,2,1,0.09244314013206163,0.9921259842519685,1.1682658458189488,0.09317681584739546,0.8492296404988995,0.013314626307145833,False
curso_no_base + recuperacion,zona_media,2,1,0.050256786500366836,0.6313364055299538,1.1675868666720854,0.07960381511371974,0.5407190022010272,0.007213491020681251,False
ocupacion_media + semestre_3,area_ciencias_basicas_y_complementarias,2,1,0.09391049156272928,0.7293447293447293,1.1674654915993727,0.12876008804108585,0.6247248716067498,0.01347086209318811,False
ocupacion_media + zona_alta,sin_riesgo_retraso,2,1,0.16434336023477622,0.9911504424778761,1.1671171085074257,0.16581071166544387,0.8492296404988995,0.023531989176264645,False
zona_alta,sin_riesgo_retraso,1,1,0.24284666177549524,0.9910179640718564,1.1669611101770543,0.2450476889214967,0.8492296404988995,0.03474490100760644,False
sin_recuperacion + zona_alta,sin_riesgo_retraso,2,1,0.24284666177549524,0.9910179640718564,1.1669611101770543,0.2450476889214967,0.8492296404988995,0.03474490100760644,False
no_requiere_laboratorio + periodo_s1,ocupacion_media,2,1,0.2681584739545121,0.7727272727272727,1.166364643108829,0.34702861335289803,0.6625091709464417,0.03824883502739035,False
ocupacion_baja + sin_recuperacion,area_ciencias_basicas_y_complementarias,2,1,0.16837857666911224,0.7285714285714285,1.1662276654643067,0.23110785033015407,0.6247248716067498,0.023999754544294788,False
bloqueo_medio + curso_base,ocupacion_media,2,1,0.28539985326485695,0.7725918570009931,1.1661602448420305,0.3694057226705796,0.6625091709464417,0.040665174195500114,False
bloqueo_medio + zona_alta,sin_riesgo_retraso,2,1,0.14783565663976522,0.9901719901719902,1.1659649439347064,0.14930300807043287,0.8492296404988995,0.02104311677070722,False
periodo_s1 + zona_alta,sin_riesgo_retraso,2,1,0.1107850330154072,0.9901639344262295,1.1659554579895903,0.11188554658840792,0.8492296404988995,0.01576851050911067,False
curso_obligatorio + zona_alta,sin_riesgo_retraso,2,1,0.2157006603081438,0.98989898989899,1.1656434757946637,0.21790168745414526,0.8492296404988995,0.030652088607356465,False
ocupacion_baja + zona_alta,sin_riesgo_retraso,2,1,0.07079970652971386,0.9897435897435898,1.165460486238024,0.07153338224504768,0.8492296404988995,0.010051438042081653,False
bloqueo_medio + semestre_1,no_requiere_laboratorio,2,1,0.10895084372707263,0.8684210526315789,1.1650176129299625,0.12545854732208364,0.7454145267791636,0.01543222004458035,False
curso_base + sin_riesgo_retraso,ocupacion_media,2,1,0.4027879677182685,0.7716092761770906,1.1646771245065055,0.5220102714600147,0.6625091709464417,0.05695137554776725,False
curso_no_base + zona_alta,sin_riesgo_retraso,2,1,0.09941305942773294,0.989051094890511,1.1646450473743124,0.10051357300073367,0.8492296404988995,0.01405395396306,False
curso_base + zona_alta,ocupacion_media,2,1,0.11151870873074102,0.7715736040609138,1.164623280548201,0.144534115920763,0.6625091709464417,0.015763531418599416,False
curso_obligatorio + ocupacion_baja,bloqueo_medio,2,1,0.1533382245047689,0.6966666666666667,1.1629597877117779,0.22010271460014674,0.599046221570066,0.021486524966236376,False
ocupacion_media + zona_media,curso_base,2,1,0.25862068965517243,0.7208588957055215,1.1627581950847643,0.3587674247982392,0.6199559794570799,0.036200679417085796,False
bloqueo_alto + zona_alta,sin_riesgo_retraso,2,1,0.05612619222303742,0.9870967741935484,1.162343760886226,0.05685986793837124,0.8492296404988995,0.007839107014919508,False
curso_base + ocupacion_media,no_requiere_laboratorio,2,1,0.4016874541452678,0.8662974683544304,1.1621687493770558,0.46368305209097577,0.7454145267791636,0.05605137129535481,False
curso_obligatorio + riesgo_retraso,bloqueo_medio,2,1,0.1012472487160675,0.6952141057934508,1.1605349984035191,0.14563462949376377,0.599046221570066,0.014005374188071809,False
abierto_siguiente + aprobo,ocupacion_media,2,1,0.21460014673514308,0.768725361366623,1.160324105805877,0.2791636096845194,0.6625091709464417,0.029651695124636085,False
no_abierto_siguiente + recuperacion,zona_media,2,1,0.08584005869405723,0.6273458445040214,1.1602067653446149,0.1368305209097579,0.5407190022010272,0.011853195957086143,False
no_requiere_laboratorio + semestre_1,curso_base,2,1,0.09574468085106383,0.71900826446281,1.1597730940388284,0.13316214233308876,0.6199559794570799,0.013190014474350698,False
aprobo + requiere_laboratorio,bloqueo_medio,2,1,0.11518708730741012,0.6946902654867256,1.1596605411615517,0.16581071166544387,0.599046221570066,0.015858806988382296,False
no_abierto_siguiente + zona_alta,sin_riesgo_retraso,2,1,0.14123257520176083,0.9846547314578006,1.1594681632630515,0.14343360234776228,0.8492296404988995,0.019424508644508565,False
ocupacion_baja + sin_riesgo_retraso,area_ciencias_basicas_y_complementarias,2,1,0.17828319882611884,0.7242921013412816,1.1593777265157568,0.24614820249449743,0.6247248716067498,0.02450829462651169,False
curso_no_base + periodo_s1,area_ciencias_basicas_y_complementarias,2,1,0.13316214233308876,0.7231075697211155,1.1574816412564655,0.18415260454878943,0.6247248716067498,0.01811743010029772,False
abierto_siguiente + zona_media,ocupacion_media,2,1,0.16397652237710933,0.7667238421955404,1.157302986614088,0.21386647101980924,0.6625091709464417,0.022288023968534326,False
area_ciencias_de_la_computacion + sin_recuperacion,bloqueo_medio,2,1,0.06052824651504035,0.6932773109243697,1.1573018674708095,0.08730741012472487,0.599046221570066,0.00822707236475579,False
bloqueo_medio + periodo_s1,ocupacion_media,2,1,0.2090975788701394,0.7661290322580646,1.156405172721752,0.27292736610418195,0.6625091709464417,0.028280695823861862,False
area_metodologia_de_sistemas + curso_obligatorio,curso_base,2,1,0.0748349229640499,0.7157894736842105,1.1545811273746498,0.1045487894350697,0.6199559794570799,0.010019275808779246,False
abierto_siguiente + area_ciencias_basicas_y_complementarias,ocupacion_media,2,1,0.2776962582538518,0.7646464646464647,1.154167365795273,0.3631694790902421,0.6625091709464417,0.03709314774872441,False
bloqueo_medio + curso_base,no_requiere_laboratorio,2,1,0.3176815847395451,0.8599801390268124,1.1536938282416784,0.3694057226705796,0.7454145267791636,0.042321192785540085,False
ocupacion_media + perdio,curso_base,2,1,0.1375641966250917,0.7142857142857143,1.1521555367709215,0.19258987527512839,0.6199559794570799,0.018166951865382627,False
aprobo + curso_base,ocupacion_media,2,1,0.3261188554658841,0.7624356775300172,1.15083037483213,0.4277329420396185,0.6625091709464417,0.04274185864873409,False
abierto_siguiente,ocupacion_media,1,1,0.29897285399853263,0.7623947614593077,1.1507686155803283,0.3921496698459281,0.6625091709464417,0.03917010134198601,False
abierto_siguiente + sin_riesgo_retraso,ocupacion_media,2,1,0.29897285399853263,0.7623947614593077,1.1507686155803283,0.3921496698459281,0.6625091709464417,0.03917010134198601,False
curso_base + perdio,zona_media,2,1,0.11958914159941306,0.6221374045801527,1.1505743316726567,0.1922230374174615,0.5407190022010272,0.015650492606992555,False
aprobo + ocupacion_baja,sin_recuperacion,2,1,0.17718268525311812,0.9061913696060038,1.1505718088243904,0.19552457813646368,0.7876008804108584,0.023187355370877655,False
aprobo + ocupacion_baja,area_ciencias_basicas_y_complementarias,2,1,0.140498899486427,0.7185741088180112,1.1502249093587191,0.19552457813646368,0.6247248716067498,0.018349832514160794,False
periodo_s1 + semestre_7,no_requiere_laboratorio,2,1,0.05282465150403522,0.8571428571428571,1.1498875140607423,0.061628760088041086,0.7454145267791636,0.006885678467021462,False
aprobo + semestre_1,sin_recuperacion,2,1,0.09501100513573,0.9055944055944056,1.1498138563811597,0.10491562729273661,0.7876008804108584,0.012379364711113172,False
bloqueo_medio + riesgo_retraso,zona_media,2,1,0.06603081438004402,0.6206896551724138,1.1478968792401627,0.10638297872340426,0.5407190022010272,0.008507516273551764,False
ocupacion_baja,area_ciencias_basicas_y_complementarias,1,1,0.20322817314746883,0.7166882276843467,1.1472061706796999,0.2835656639765224,0.6247248716067498,0.026077650127653118,False
no_requiere_laboratorio + riesgo_retraso,curso_base,2,1,0.06052824651504035,0.7112068965517242,1.1471893491124263,0.0851063829787234,0.6199559794570799,0.007766035497416529,False
abierto_siguiente + no_requiere_laboratorio,ocupacion_media,2,1,0.24614820249449743,0.7599093997734994,1.1470171781741745,0.32391782831988264,0.6625091709464417,0.03154967059952016,False
requiere_laboratorio + zona_alta,sin_riesgo_retraso,2,1,0.05355832721936904,0.9733333333333333,1.1461367890568754,0.055025678650036686,0.8492296404988995,0.006828889921190413,False
area_ciencias_basicas_y_complementarias + periodo_v1,bloqueo_medio,2,1,0.05612619222303742,0.6860986547085202,1.1453183911423306,0.0818048422597212,0.599046221570066,0.0071213105612161695,False
perdio + sin_recuperacion,zona_media,2,1,0.11555392516507704,0.618860510805501,1.1445140790066455,0.1867204695524578,0.5407190022010272,0.014590619178164774,False
abierto_siguiente + zona_alta,ocupacion_media,2,1,0.07703595011005136,0.7581227436823105,1.1443203761229115,0.10161408657373441,0.6625091709464417,0.009715685857606626,False
area_ciencias_basicas_y_complementarias + curso_obligatorio,bloqueo_medio,2,1,0.3532648569332355,0.6854092526690391,1.1441675583440296,0.5154071900220103,0.599046221570066,0.04451212718050518,False
perdio + periodo_s2,zona_media,2,1,0.06896551724137931,0.6184210526315789,1.143701349710776,0.11151870873074102,0.5407190022010272,0.008665232329746045,False
periodo_v1,no_requiere_laboratorio,1,1,0.07776962582538519,0.85140562248996,1.1421908104860388,0.09134262655906089,0.7454145267791636,0.009681505074096944,False
periodo_v1 + sin_recuperacion,no_requiere_laboratorio,2,1,0.07776962582538519,0.85140562248996,1.1421908104860388,0.09134262655906089,0.7454145267791636,0.009681505074096944,False
periodo_v1 + sin_riesgo_retraso,no_requiere_laboratorio,2,1,0.07776962582538519,0.85140562248996,1.1421908104860388,0.09134262655906089,0.7454145267791636,0.009681505074096944,False
curso_obligatorio + riesgo_retraso,zona_media,2,1,0.08987527512839324,0.6171284634760704,1.1413108490066268,0.14563462949376377,0.5407190022010272,0.011127863582609018,False
abierto_siguiente + zona_baja,ocupacion_media,2,1,0.05796038151137197,0.7559808612440191,1.1410873907813932,0.07666911225238444,0.6625091709464417,0.007166391515845076,False
ocupacion_baja + perdio,area_ciencias_basicas_y_complementarias,2,1,0.06272927366104182,0.7125,1.1405020551967118,0.0880410858400587,0.6247248716067498,0.0077278176134923104,False
semestre_4 + sin_riesgo_retraso,area_ciencias_basicas_y_complementarias,2,1,0.11261922230374175,0.7122969837587007,1.1401770861574974,0.15810711665443875,0.6247248716067498,0.013845774151684087,False
curso_no_obligatorio + zona_media,sin_riesgo_retraso,2,1,0.06603081438004402,0.967741935483871,1.139552706751202,0.06823184152604549,0.8492296404988995,0.008086312130302531,False
bloqueo_medio + perdio,zona_media,2,1,0.11005135730007337,0.6160164271047228,1.1392542607106337,0.17865003668378576,0.5407190022010272,0.013451887721239827,False
ocupacion_baja + periodo_s1,bloqueo_medio,2,1,0.06382978723404255,0.6823529411764706,1.1390655956197544,0.09354365370506236,0.599046221570066,0.007792814930166231,False
perdio + sin_riesgo_retraso,no_requiere_laboratorio,2,1,0.12949376375641966,0.8485576923076923,1.1383702112356147,0.15260454878943508,0.7454145267791636,0.015740116236195117,False
aprobo + curso_no_obligatorio,sin_recuperacion,2,1,0.07630227439471754,0.8965517241379312,1.1383325570563578,0.0851063829787234,0.7876008804108584,0.009272412232091298,False
riesgo_retraso + sin_recuperacion,zona_media,2,1,0.05575935436537051,0.6153846153846154,1.1380857948022127,0.09060895084372707,0.5407190022010272,0.006765372874668489,False
curso_no_obligatorio + ocupacion_baja,sin_recuperacion,2,1,0.05685986793837124,0.8959537572254336,1.1375733312512957,0.06346294937637564,0.7876008804108584,0.006876393136068047,False
ocupacion_media + sin_recuperacion,curso_base,2,1,0.3661041819515774,0.7048022598870056,1.13685855648046,0.5194424064563463,0.6199559794570799,0.04407275608539063,False
abierto_siguiente + zona_media,no_requiere_laboratorio,2,1,0.18121790168745414,0.8473413379073756,1.1367384287084183,0.21386647101980924,0.7454145267791636,0.021798727398293305,False
ocupacion_baja + zona_media,area_ciencias_basicas_y_complementarias,2,1,0.1078503301540719,0.7101449275362319,1.136732279779077,0.15187087307410124,0.6247248716067498,0.012972818472049008,False
no_abierto_siguiente + perdio,zona_media,2,1,0.11702127659574468,0.6146435452793835,1.1367152675926724,0.19038884812912693,0.5407190022010272,0.014074408605160266,False
curso_no_obligatorio + periodo_s1,sin_riesgo_retraso,2,1,0.050256786500366836,0.9647887323943661,1.1360751984911628,0.052090975788701394,0.8492296404988995,0.006019585858091071,False
ocupacion_media + sin_riesgo_retraso,curso_base,2,1,0.4027879677182685,0.7042976266837717,1.136044574165658,0.5719002201027146,0.6199559794570799,0.048235006612770526,False
bloqueo_medio + sin_riesgo_retraso,area_ciencias_basicas_y_complementarias,2,1,0.3495964783565664,0.7096053611317944,1.135868593332514,0.4926632428466618,0.6247248716067498,0.041817497223820554,False
curso_no_base + zona_media,area_ciencias_basicas_y_complementarias,2,1,0.13976522377109318,0.7094972067039107,1.1356954700380861,0.19699192956713132,0.6247248716067498,0.016699465864701155,False
curso_base + zona_media,ocupacion_media,2,1,0.25862068965517243,0.752401280683031,1.1356843251062805,0.3437270726338958,0.6625091709464417,0.030898351732642798,False
curso_base + sin_recuperacion,ocupacion_media,2,1,0.3661041819515774,0.7515060240963856,1.1343330131155853,0.4871606749816581,0.6625091709464417,0.04335576705177013,False
abierto_siguiente + zona_baja,bloqueo_medio,2,1,0.052090975788701394,0.6794258373205742,1.1341793218223424,0.07666911225238444,0.599046221570066,0.006162633782779238,False
abierto_siguiente + sin_recuperacion,ocupacion_media,2,1,0.23771093176815847,0.7508690614136733,1.133371573318756,0.3165810711665444,0.6625091709464417,0.027973068772274706,False
abierto_siguiente + periodo_v1,no_requiere_laboratorio,2,1,0.07373440939104915,0.8445378151260504,1.132977403559849,0.08730741012472487,0.7454145267791636,0.008654197588613008,False
periodo_s1 + semestre_4,sin_riesgo_retraso,2,1,0.06419662509170947,0.9615384615384616,1.132247881707925,0.06676449009537784,0.8492296404988995,0.007498241169919408,False
periodo_s2 + requiere_laboratorio,bloqueo_medio,2,1,0.07887013939838591,0.6782334384858044,1.1321888262782014,0.11628760088041086,0.599046221570066,0.009208491475527908,False
requiere_laboratorio,curso_obligatorio,1,1,0.2545854732208364,1.0,1.1320598006644518,0.2545854732208364,0.8833455612619222,0.0296985254894446,False
bloqueo_alto,curso_obligatorio,1,1,0.2505502567865004,1.0,1.1320598006644518,0.2505502567865004,0.8833455612619222,0.029227799581110464,False
bloqueo_alto + curso_base,curso_obligatorio,2,1,0.2505502567865004,1.0,1.1320598006644518,0.2505502567865004,0.8833455612619222,0.029227799581110464,False
semestre_3,curso_obligatorio,1,1,0.20616287600880412,1.0,1.1320598006644518,0.20616287600880412,0.8833455612619222,0.024049814589434976,False
bloqueo_alto + sin_riesgo_retraso,curso_obligatorio,2,1,0.20616287600880412,1.0,1.1320598006644518,0.20616287600880412,0.8833455612619222,0.024049814589434976,False
bloqueo_alto + sin_recuperacion,curso_obligatorio,2,1,0.19075568598679385,1.0,1.1320598006644518,0.19075568598679385,0.8833455612619222,0.022252497484886447,False
requiere_laboratorio + sin_recuperacion,curso_obligatorio,2,1,0.1896551724137931,1.0,1.1320598006644518,0.1896551724137931,0.8833455612619222,0.022124117691704415,False
requiere_laboratorio + sin_riesgo_retraso,curso_obligatorio,2,1,0.18892149669845928,1.0,1.1320598006644518,0.18892149669845928,0.8833455612619222,0.022038531162916375,False
no_abierto_siguiente + requiere_laboratorio,curso_obligatorio,2,1,0.1863536316947909,1.0,1.1320598006644518,0.1863536316947909,0.8833455612619222,0.02173897831215829,False
bloqueo_alto + ocupacion_media,curso_obligatorio,2,1,0.17828319882611884,1.0,1.1320598006644518,0.17828319882611884,0.8833455612619222,0.02079752649549002,False
bloqueo_alto + no_requiere_laboratorio,curso_obligatorio,2,1,0.1731474688187821,1.0,1.1320598006644518,0.1731474688187821,0.8833455612619222,0.020198420793973854,False
bloqueo_medio + requiere_laboratorio,curso_obligatorio,2,1,0.17204695524578137,1.0,1.1320598006644518,0.17204695524578137,0.8833455612619222,0.020070041000791822,False
aprobo + bloqueo_alto,curso_obligatorio,2,1,0.16874541452677916,1.0,1.1320598006644518,0.16874541452677916,0.8833455612619222,0.0196849016212457,False
semestre_3 + sin_riesgo_retraso,curso_obligatorio,2,1,0.16874541452677916,1.0,1.1320598006644518,0.16874541452677916,0.8833455612619222,0.0196849016212457,False
curso_base + semestre_3,curso_obligatorio,2,1,0.16617754952311078,1.0,1.1320598006644518,0.16617754952311078,0.8833455612619222,0.019385348770487615,False
aprobo + requiere_laboratorio,curso_obligatorio,2,1,0.16581071166544387,1.0,1.1320598006644518,0.16581071166544387,0.8833455612619222,0.019342555506093595,False
semestre_3 + sin_recuperacion,curso_obligatorio,2,1,0.1603081438004402,1.0,1.1320598006644518,0.1603081438004402,0.8833455612619222,0.018700656540183408,False
curso_base + semestre_4,curso_obligatorio,2,1,0.14930300807043287,1.0,1.1320598006644518,0.14930300807043287,0.8833455612619222,0.017416858608363034,False
ocupacion_media + requiere_laboratorio,curso_obligatorio,2,1,0.14306676449009537,1.0,1.1320598006644518,0.14306676449009537,0.8833455612619222,0.016689373113664835,False
aprobo + semestre_3,curso_obligatorio,2,1,0.13793103448275862,1.0,1.1320598006644518,0.13793103448275862,0.8833455612619222,0.016090267412148668,False
bloqueo_alto + zona_media,curso_obligatorio,2,1,0.1371973587674248,1.0,1.1320598006644518,0.1371973587674248,0.8833455612619222,0.016004680883360642,False
area_ciencias_basicas_y_complementarias + requiere_laboratorio,curso_obligatorio,2,1,0.1346294937637564,1.0,1.1320598006644518,0.1346294937637564,0.8833455612619222,0.015705128032602544,False
bloqueo_alto + semestre_3,curso_obligatorio,2,1,0.13132795304475423,1.0,1.1320598006644518,0.13132795304475423,0.8833455612619222,0.015319988653056435,False
area_ciencias_basicas_y_complementarias + bloqueo_alto,curso_obligatorio,2,1,0.1305942773294204,1.0,1.1320598006644518,0.1305942773294204,0.8833455612619222,0.015234402124268409,False
abierto_siguiente + bloqueo_alto,curso_obligatorio,2,1,0.12986060161408658,1.0,1.1320598006644518,0.12986060161408658,0.8833455612619222,0.015148815595480383,False
curso_base + requiere_laboratorio,curso_obligatorio,2,1,0.12912692589875274,1.0,1.1320598006644518,0.12912692589875274,0.8833455612619222,0.015063229066692357,False
requiere_laboratorio + zona_media,curso_obligatorio,2,1,0.12912692589875274,1.0,1.1320598006644518,0.12912692589875274,0.8833455612619222,0.015063229066692357,False
ocupacion_media + semestre_3,curso_obligatorio,2,1,0.12876008804108585,1.0,1.1320598006644518,0.12876008804108585,0.8833455612619222,0.015020435802298351,False
curso_no_base + requiere_laboratorio,curso_obligatorio,2,1,0.12545854732208364,1.0,1.1320598006644518,0.12545854732208364,0.8833455612619222,0.014635296422752242,False
bloqueo_alto + no_abierto_siguiente,curso_obligatorio,2,1,0.1206896551724138,1.0,1.1320598006644518,0.1206896551724138,0.8833455612619222,0.01407898398563008,False
area_ciencias_de_la_computacion,curso_obligatorio,1,1,0.12032281731474688,1.0,1.1320598006644518,0.12032281731474688,0.8833455612619222,0.014036190721236061,False
area_ciencias_de_la_computacion + no_abierto_siguiente,curso_obligatorio,2,1,0.12032281731474688,1.0,1.1320598006644518,0.12032281731474688,0.8833455612619222,0.014036190721236061,False
area_ciencias_basicas_y_complementarias + semestre_3,curso_obligatorio,2,1,0.11738811445341159,1.0,1.1320598006644518,0.11738811445341159,0.8833455612619222,0.013693844606083971,False
semestre_3 + zona_media,curso_obligatorio,2,1,0.11702127659574468,1.0,1.1320598006644518,0.11702127659574468,0.8833455612619222,0.013651051341689951,False
periodo_s2 + requiere_laboratorio,curso_obligatorio,2,1,0.11628760088041086,1.0,1.1320598006644518,0.11628760088041086,0.8833455612619222,0.013565464812901926,False
bloqueo_alto + periodo_s1,curso_obligatorio,2,1,0.1144534115920763,1.0,1.1320598006644518,0.1144534115920763,0.8833455612619222,0.013351498490931868,False
ocupacion_media + semestre_2,curso_obligatorio,2,1,0.11408657373440939,1.0,1.1320598006644518,0.11408657373440939,0.8833455612619222,0.013308705226537862,False
bloqueo_medio + semestre_4,curso_obligatorio,2,1,0.11225238444607484,1.0,1.1320598006644518,0.11225238444607484,0.8833455612619222,0.01309473890456779,False
no_requiere_laboratorio + semestre_3,curso_obligatorio,2,1,0.11225238444607484,1.0,1.1320598006644518,0.11225238444607484,0.8833455612619222,0.01309473890456779,False
periodo_s1 + semestre_3,curso_obligatorio,2,1,0.1107850330154072,1.0,1.1320598006644518,0.1107850330154072,0.8833455612619222,0.012923565846991739,False
periodo_s1 + requiere_laboratorio,curso_obligatorio,2,1,0.10931768158473955,1.0,1.1320598006644518,0.10931768158473955,0.8833455612619222,0.0127523927894157,False
area_desarrollo_de_software + curso_base,curso_obligatorio,2,1,0.1078503301540719,1.0,1.1320598006644518,0.1078503301540719,0.8833455612619222,0.012581219731839649,False
abierto_siguiente + semestre_3,curso_obligatorio,2,1,0.10344827586206896,1.0,1.1320598006644518,0.10344827586206896,0.8833455612619222,0.012067700559111494,False
no_abierto_siguiente + semestre_3,curso_obligatorio,2,1,0.10271460014673514,1.0,1.1320598006644518,0.10271460014673514,0.8833455612619222,0.011982114030323468,False
area_ciencias_de_la_computacion + ocupacion_media,curso_obligatorio,2,1,0.10014673514306677,1.0,1.1320598006644518,0.10014673514306677,0.8833455612619222,0.011682561179565384,False
bloqueo_alto + periodo_s2,curso_obligatorio,2,1,0.09684519442406456,1.0,1.1320598006644518,0.09684519442406456,0.8833455612619222,0.011297421800019275,False
curso_base + semestre_1,curso_obligatorio,2,1,0.09574468085106383,1.0,1.1320598006644518,0.09574468085106383,0.8833455612619222,0.01116904200683723,False
requiere_laboratorio + semestre_3,curso_obligatorio,2,1,0.09391049156272928,1.0,1.1320598006644518,0.09391049156272928,0.8833455612619222,0.010955075684867172,False
abierto_siguiente + semestre_4,curso_obligatorio,2,1,0.09060895084372707,1.0,1.1320598006644518,0.09060895084372707,0.8833455612619222,0.010569936305321062,False
ocupacion_media + riesgo_retraso,curso_obligatorio,2,1,0.09060895084372707,1.0,1.1320598006644518,0.09060895084372707,0.8833455612619222,0.010569936305321062,False
ocupacion_media + semestre_1,curso_obligatorio,2,1,0.09024211298606016,1.0,1.1320598006644518,0.09024211298606016,0.8833455612619222,0.010527143040927056,False
area_ciencias_de_la_computacion + sin_riesgo_retraso,curso_obligatorio,2,1,0.08914159941305942,1.0,1.1320598006644518,0.08914159941305942,0.8833455612619222,0.01039876324774501,False
perdio + requiere_laboratorio,curso_obligatorio,2,1,0.08877476155539252,1.0,1.1320598006644518,0.08877476155539252,0.8833455612619222,0.010355969983351004,False
area_ciencias_de_la_computacion + sin_recuperacion,curso_obligatorio,2,1,0.08730741012472487,1.0,1.1320598006644518,0.08730741012472487,0.8833455612619222,0.010184796925774953,False
abierto_siguiente + semestre_1,curso_obligatorio,2,1,0.0851063829787234,1.0,1.1320598006644518,0.0851063829787234,0.8833455612619222,0.009928037339410875,False
aprobo + area_ciencias_de_la_computacion,curso_obligatorio,2,1,0.08290535583272193,1.0,1.1320598006644518,0.08290535583272193,0.8833455612619222,0.009671277753046797,False
bloqueo_alto + perdio,curso_obligatorio,2,1,0.0818048422597212,1.0,1.1320598006644518,0.0818048422597212,0.8833455612619222,0.009542897959864766,False
bloqueo_medio + semestre_2,curso_obligatorio,2,1,0.08143800440205429,1.0,1.1320598006644518,0.08143800440205429,0.8833455612619222,0.009500104695470746,False
area_ciencias_de_la_computacion + bloqueo_medio,curso_obligatorio,2,1,0.08070432868672046,1.0,1.1320598006644518,0.08070432868672046,0.8833455612619222,0.00941451816668272,False
bloqueo_alto + requiere_laboratorio,curso_obligatorio,2,1,0.07740278796771827,1.0,1.1320598006644518,0.07740278796771827,0.8833455612619222,0.00902937878713661,False
area_metodologia_de_sistemas + curso_base,curso_obligatorio,2,1,0.0748349229640499,1.0,1.1320598006644518,0.0748349229640499,0.8833455612619222,0.008729825936378527,False
bloqueo_medio + semestre_3,curso_obligatorio,2,1,0.0748349229640499,1.0,1.1320598006644518,0.0748349229640499,0.8833455612619222,0.008729825936378527,False
area_ciencias_de_la_computacion + no_requiere_laboratorio,curso_obligatorio,2,1,0.0722670579603815,1.0,1.1320598006644518,0.0722670579603815,0.8833455612619222,0.008430273085620443,False
area_desarrollo_de_software + requiere_laboratorio,curso_obligatorio,2,1,0.0719002201027146,1.0,1.1320598006644518,0.0719002201027146,0.8833455612619222,0.008387479821226423,False
area_metodologia_de_sistemas + ocupacion_media,curso_obligatorio,2,1,0.0719002201027146,1.0,1.1320598006644518,0.0719002201027146,0.8833455612619222,0.008387479821226423,False
area_ciencias_de_la_computacion + curso_base,curso_obligatorio,2,1,0.07043286867204696,1.0,1.1320598006644518,0.07043286867204696,0.8833455612619222,0.008216306763650379,False
abierto_siguiente + requiere_laboratorio,curso_obligatorio,2,1,0.06823184152604549,1.0,1.1320598006644518,0.06823184152604549,0.8833455612619222,0.007959547177286308,False
perdio + semestre_3,curso_obligatorio,2,1,0.06823184152604549,1.0,1.1320598006644518,0.06823184152604549,0.8833455612619222,0.007959547177286308,False
requiere_laboratorio + zona_baja,curso_obligatorio,2,1,0.06713132795304476,1.0,1.1320598006644518,0.06713132795304476,0.8833455612619222,0.00783116738410427,False
area_desarrollo_de_software + bloqueo_alto,curso_obligatorio,2,1,0.06676449009537784,1.0,1.1320598006644518,0.06676449009537784,0.8833455612619222,0.007788374119710256,False
requiere_laboratorio + riesgo_retraso,curso_obligatorio,2,1,0.06566397652237711,1.0,1.1320598006644518,0.06566397652237711,0.8833455612619222,0.0076599943265282175,False
ocupacion_media + semestre_7,curso_obligatorio,2,1,0.0652971386647102,1.0,1.1320598006644518,0.0652971386647102,0.8833455612619222,0.0076172010621342046,False
curso_base + semestre_2,curso_obligatorio,2,1,0.06493030080704329,1.0,1.1320598006644518,0.06493030080704329,0.8833455612619222,0.007574407797740192,False
recuperacion + requiere_laboratorio,curso_obligatorio,2,1,0.06493030080704329,1.0,1.1320598006644518,0.06493030080704329,0.8833455612619222,0.007574407797740192,False
requiere_laboratorio + semestre_4,curso_obligatorio,2,1,0.06456346294937637,1.0,1.1320598006644518,0.06456346294937637,0.8833455612619222,0.007531614533346179,False
periodo_s2 + semestre_3,curso_obligatorio,2,1,0.06346294937637564,1.0,1.1320598006644518,0.06346294937637564,0.8833455612619222,0.007403234740164147,False
area_ciencias_de_la_computacion + zona_media,curso_obligatorio,2,1,0.061261922230374175,1.0,1.1320598006644518,0.061261922230374175,0.8833455612619222,0.007146475153800069,False
bloqueo_alto + recuperacion,curso_obligatorio,2,1,0.05979457079970653,1.0,1.1320598006644518,0.05979457079970653,0.8833455612619222,0.0069753020962240175,False
area_ciencias_de_la_computacion + periodo_s2,curso_obligatorio,2,1,0.058694057226705794,1.0,1.1320598006644518,0.058694057226705794,0.8833455612619222,0.006846922303041986,False
ocupacion_baja + requiere_laboratorio,curso_obligatorio,2,1,0.05759354365370506,1.0,1.1320598006644518,0.05759354365370506,0.8833455612619222,0.006718542509859947,False
area_ciencias_de_la_computacion + periodo_s1,curso_obligatorio,2,1,0.05722670579603815,1.0,1.1320598006644518,0.05722670579603815,0.8833455612619222,0.006675749245465934,False
bloqueo_alto + zona_alta,curso_obligatorio,2,1,0.05685986793837124,1.0,1.1320598006644518,0.05685986793837124,0.8833455612619222,0.006632955981071921,False
periodo_s1 + semestre_2,curso_obligatorio,2,1,0.055025678650036686,1.0,1.1320598006644518,0.055025678650036686,0.8833455612619222,0.006418989659101856,False
requiere_laboratorio + zona_alta,curso_obligatorio,2,1,0.055025678650036686,1.0,1.1320598006644518,0.055025678650036686,0.8833455612619222,0.006418989659101856,False
area_metodologia_de_sistemas + bloqueo_medio,curso_obligatorio,2,1,0.05429200293470286,1.0,1.1320598006644518,0.05429200293470286,0.8833455612619222,0.0063334031303138374,False
ocupacion_alta,curso_obligatorio,1,1,0.05392516507703595,1.0,1.1320598006644518,0.05392516507703595,0.8833455612619222,0.0062906098659198245,False
area_desarrollo_de_software + ocupacion_alta,curso_obligatorio,2,1,0.05392516507703595,1.0,1.1320598006644518,0.05392516507703595,0.8833455612619222,0.0062906098659198245,False
area_desarrollo_de_software + semestre_3,curso_obligatorio,2,1,0.05392516507703595,1.0,1.1320598006644518,0.05392516507703595,0.8833455612619222,0.0062906098659198245,False
bloqueo_alto + ocupacion_alta,curso_obligatorio,2,1,0.05392516507703595,1.0,1.1320598006644518,0.05392516507703595,0.8833455612619222,0.0062906098659198245,False
bloqueo_alto + zona_baja,curso_obligatorio,2,1,0.05392516507703595,1.0,1.1320598006644518,0.05392516507703595,0.8833455612619222,0.0062906098659198245,False
curso_base + ocupacion_alta,curso_obligatorio,2,1,0.05392516507703595,1.0,1.1320598006644518,0.05392516507703595,0.8833455612619222,0.0062906098659198245,False
no_abierto_siguiente + ocupacion_alta,curso_obligatorio,2,1,0.05392516507703595,1.0,1.1320598006644518,0.05392516507703595,0.8833455612619222,0.0062906098659198245,False
ocupacion_alta + requiere_laboratorio,curso_obligatorio,2,1,0.05392516507703595,1.0,1.1320598006644518,0.05392516507703595,0.8833455612619222,0.0062906098659198245,False
ocupacion_alta + semestre_3,curso_obligatorio,2,1,0.05392516507703595,1.0,1.1320598006644518,0.05392516507703595,0.8833455612619222,0.0062906098659198245,False
bloqueo_alto + semestre_2,curso_obligatorio,2,1,0.05319148936170213,1.0,1.1320598006644518,0.05319148936170213,0.8833455612619222,0.006205023337131799,False
area_desarrollo_de_software + ocupacion_media,curso_obligatorio,2,1,0.052090975788701394,1.0,1.1320598006644518,0.052090975788701394,0.8833455612619222,0.00607664354394976,False
bloqueo_medio + semestre_7,curso_obligatorio,2,1,0.05099046221570066,1.0,1.1320598006644518,0.05099046221570066,0.8833455612619222,0.005948263750767721,False
ocupacion_media + periodo_v1,curso_obligatorio,2,1,0.050256786500366836,1.0,1.1320598006644518,0.050256786500366836,0.8833455612619222,0.005862677221979695,False
no_abierto_siguiente + semestre_7,bloqueo_medio,2,1,0.05099046221570066,0.6780487804878049,1.131880572939226,0.0752017608217168,0.599046221570066,0.005941131540035387,False
periodo_s2 + semestre_4,bloqueo_medio,2,1,0.052457813646368305,0.6777251184834123,1.131340277394845,0.07740278796771827,0.599046221570066,0.006089965975317704,False
curso_base + curso_obligatorio,ocupacion_media,2,1,0.4486426999266324,0.7493872549019607,1.1311349152063925,0.5986793837123991,0.6625091709464417,0.052012117760604215,False
ocupacion_baja + periodo_s1,no_requiere_laboratorio,2,1,0.07887013939838591,0.8431372549019608,1.131098502393083,0.09354365370506236,0.7454145267791636,0.0091413410386329,False
ocupacion_media + riesgo_retraso,zona_media,2,1,0.0553925165077036,0.6113360323886641,1.1305983882574615,0.09060895084372707,0.5407190022010272,0.0063985350170015776,False
area_ciencias_basicas_y_complementarias + semestre_4,sin_riesgo_retraso,2,1,0.11261922230374175,0.959375,1.1297003239740822,0.11738811445341159,0.8492296404988995,0.012929756067627363,False
riesgo_retraso,zona_media,1,1,0.09207630227439471,0.6107055961070559,1.1294324660704438,0.15077035950110051,0.5407190022010272,0.010551903923469483,False
perdio,zona_media,1,1,0.18525311812179016,0.6106408706166867,1.1293127634335738,0.3033749082905356,0.5407190022010272,0.02121254041810361,False
abierto_siguiente + periodo_v1,bloqueo_medio,2,1,0.059060895084372705,0.676470588235294,1.1292460646230322,0.08730741012472487,0.599046221570066,0.006759720934088144,False
curso_no_obligatorio + sin_recuperacion,sin_riesgo_retraso,2,1,0.09427732942039618,0.9589552238805971,1.129206021727217,0.0983125458547322,0.8492296404988995,0.010787401447650377,False
perdio + sin_riesgo_retraso,zona_media,2,1,0.09317681584739546,0.610576923076923,1.1291944995303203,0.15260454878943508,0.5407190022010272,0.01066063649463414,False
curso_base,ocupacion_media,1,1,0.46368305209097577,0.7479289940828403,1.1289337972701121,0.6199559794570799,0.6625091709464417,0.052956530117576506,False
ocupacion_media,curso_base,1,1,0.46368305209097577,0.6998892580287929,1.1289337972701121,0.6625091709464417,0.6199559794570799,0.052956530117576506,False
bloqueo_medio + semestre_2,ocupacion_media,2,1,0.06089508437270726,0.7477477477477478,1.1286602216834776,0.08143800440205429,0.6625091709464417,0.006941659592769607,False
requiere_laboratorio,bloqueo_medio,1,1,0.17204695524578137,0.6757925072046109,1.1281141302141882,0.2545854732208364,0.599046221570066,0.019538489446212087,False
curso_obligatorio + requiere_laboratorio,bloqueo_medio,2,1,0.17204695524578137,0.6757925072046109,1.1281141302141882,0.2545854732208364,0.599046221570066,0.019538489446212087,False
curso_obligatorio + perdio,zona_media,2,1,0.16581071166544387,0.6099865047233468,1.1281025860758773,0.2718268525311812,0.5407190022010272,0.018828767193337786,False
curso_base + semestre_1,sin_riesgo_retraso,2,1,0.09170946441672781,0.9578544061302683,1.1279097672186227,0.09574468085106383,0.8492296404988995,0.010400243517897007,False
curso_no_base + curso_no_obligatorio,sin_riesgo_retraso,2,1,0.09134262655906089,0.9576923076923076,1.127718890181093,0.09537784299339692,0.8492296404988995,0.01034493524221794,False
abierto_siguiente + perdio,ocupacion_media,2,1,0.08437270726338958,0.7467532467532467,1.1271591088866835,0.11298606016140866,0.6625091709464417,0.009518406217349937,False
curso_no_obligatorio,sin_riesgo_retraso,1,1,0.11151870873074102,0.9559748427672957,1.1256965103169105,0.11665443873807776,0.8492296404988995,0.012452301658602338,False
curso_no_obligatorio + no_requiere_laboratorio,sin_riesgo_retraso,2,1,0.11151870873074102,0.9559748427672957,1.1256965103169105,0.11665443873807776,0.8492296404988995,0.012452301658602338,False
area_desarrollo_de_software + periodo_s1,curso_obligatorio,2,1,0.06382978723404255,0.9942857142857142,1.1255908875177978,0.06419662509170947,0.8833455612619222,0.007121983411285254,False
curso_no_base + sin_riesgo_retraso,area_ciencias_basicas_y_complementarias,2,1,0.23000733675715335,0.702914798206278,1.125158978220971,0.3272193690388848,0.6247248716067498,0.025585258447094333,False
ocupacion_media + semestre_1,sin_riesgo_retraso,2,1,0.08620689655172414,0.9552845528455285,1.124883667843158,0.09024211298606016,0.8492296404988995,0.009570619382711198,False
periodo_s2 + riesgo_retraso,curso_obligatorio,2,1,0.05355832721936904,0.9931972789115646,1.1243587135851019,0.05392516507703595,0.8833455612619222,0.005923772008252913,False
aprobo + area_ciencias_basicas_y_complementarias,sin_recuperacion,2,1,0.3914159941305943,0.884742951907131,1.1233392114107308,0.44240645634629494,0.7876008804108584,0.042976279612804424,False
area_ciencias_basicas_y_complementarias + zona_baja,bloqueo_medio,2,1,0.08584005869405723,0.6724137931034483,1.1224739742804655,0.1276595744680851,0.599046221570066,0.009366072961708369,False
area_ciencias_basicas_y_complementarias + curso_no_obligatorio,sin_riesgo_retraso,2,1,0.10418195157740279,0.9530201342281879,1.1222172293330628,0.10931768158473955,0.8492296404988995,0.011346136145021252,False
aprobo + bloqueo_alto,ocupacion_media,2,1,0.12545854732208364,0.7434782608695653,1.1222158023978044,0.16874541452677916,0.6625091709464417,0.013663162642933546,False
curso_no_base + sin_recuperacion,area_ciencias_basicas_y_complementarias,2,1,0.21056493030080703,0.7008547008547008,1.1218613708337724,0.3004402054292003,0.6247248716067498,0.02287246153854433,False
area_ciencias_basicas_y_complementarias + bloqueo_alto,sin_riesgo_retraso,2,1,0.1243580337490829,0.952247191011236,1.1213070594801855,0.1305942773294204,0.8492296404988995,0.01345350256140565,False
curso_obligatorio + periodo_v1,no_requiere_laboratorio,2,1,0.06896551724137931,0.8355555555555555,1.1209273840769902,0.08253851797505503,0.7454145267791636,0.007440106923950175,False
curso_obligatorio + zona_media,curso_base,2,1,0.32831988261188555,0.6948757763975155,1.1208469624021464,0.47248716067498164,0.6199559794570799,0.035398642134732594,False
curso_base + no_abierto_siguiente,curso_obligatorio,2,1,0.2865003668378577,0.9898605830164765,1.1205813742952304,0.28943506969919297,0.8833455612619222,0.030829182745540473,False
aprobo + curso_no_base,area_ciencias_basicas_y_complementarias,2,1,0.18818782098312545,0.6998635743519781,1.1202748700431546,0.2688921496698459,0.6247248716067498,0.020204207304567984,False
ocupacion_media + perdio,zona_media,2,1,0.11665443873807776,0.6057142857142858,1.1202015894553208,0.19258987527512839,0.5407190022010272,0.012517433545290071,False
abierto_siguiente + ocupacion_baja,no_requiere_laboratorio,2,1,0.07776962582538519,0.8346456692913387,1.119706739413479,0.09317681584739546,0.7454145267791636,0.008314273733709632,False
area_ciencias_de_la_computacion,bloqueo_medio,1,1,0.08070432868672046,0.6707317073170731,1.1196660343823277,0.12032281731474688,0.599046221570066,0.008625399605656031,False
area_ciencias_de_la_computacion + curso_obligatorio,bloqueo_medio,2,1,0.08070432868672046,0.6707317073170731,1.1196660343823277,0.12032281731474688,0.599046221570066,0.008625399605656031,False
area_ciencias_de_la_computacion + no_abierto_siguiente,bloqueo_medio,2,1,0.08070432868672046,0.6707317073170731,1.1196660343823277,0.12032281731474688,0.599046221570066,0.008625399605656031,False
aprobo + ocupacion_media,curso_base,2,1,0.3261188554658841,0.6939890710382514,1.1194166909173215,0.4699192956713133,0.6199559794570799,0.03478957825219392,False
curso_base + riesgo_retraso,curso_obligatorio,2,1,0.09684519442406456,0.9887640449438202,1.119340027623278,0.0979457079970653,0.8833455612619222,0.010325288020200565,False
curso_obligatorio + no_requiere_laboratorio,ocupacion_media,2,1,0.46625091709464417,0.7415402567094516,1.1192905535935576,0.6287600880410859,0.6625091709464417,0.04969159244233268,False
area_ciencias_basicas_y_complementarias + periodo_v1,no_requiere_laboratorio,2,1,0.06823184152604549,0.8340807174887892,1.1189488365523814,0.0818048422597212,0.7454145267791636,0.007253323744771278,False
area_ciencias_basicas_y_complementarias + semestre_3,sin_riesgo_retraso,2,1,0.11151870873074102,0.9500000000000001,1.1186609071274298,0.11738811445341159,0.8492296404988995,0.011829242494626635,False
no_abierto_siguiente + semestre_2,ocupacion_media,2,1,0.06823184152604549,0.7410358565737052,1.1185292054373868,0.09207630227439471,0.6625091709464417,0.007230446842422279,False
aprobo + bloqueo_bajo,sin_recuperacion,2,1,0.0946441672780631,0.8805460750853243,1.1180105266337188,0.10748349229640498,0.7876008804108584,0.009990074115780817,False
abierto_siguiente + aprobo,no_requiere_laboratorio,2,1,0.23257520176082172,0.83311432325887,1.1176523844506296,0.2791636096845194,0.7454145267791636,0.024482591753872518,False
abierto_siguiente + perdio,zona_media,2,1,0.06823184152604549,0.6038961038961038,1.1168390632434049,0.11298606016140866,0.5407190022010272,0.007138131812943364,False
curso_base + zona_alta,no_requiere_laboratorio,2,1,0.12032281731474688,0.8324873096446701,1.1168112234701626,0.144534115920763,0.7454145267791636,0.012584987692226532,False
periodo_s1 + sin_riesgo_retraso,ocupacion_media,2,1,0.2846661775495231,0.7397521448999047,1.1165915542619824,0.3848129126925899,0.6625091709464417,0.029724093792069972,False
curso_no_base,area_ciencias_basicas_y_complementarias,1,1,0.2648569332355099,0.696911196911197,1.1155489857779934,0.38004402054292,0.6247248716067498,0.027433981296921206,False
area_metodologia_de_sistemas,curso_base,1,1,0.0748349229640499,0.6915254237288136,1.1154427840738144,0.1082171680117388,0.6199559794570799,0.007745042575260985,False
area_metodologia_de_sistemas + no_requiere_laboratorio,curso_base,2,1,0.0748349229640499,0.6915254237288136,1.1154427840738144,0.1082171680117388,0.6199559794570799,0.007745042575260985,False
area_ciencias_basicas_y_complementarias + ocupacion_media,curso_base,2,1,0.29126925898752754,0.6910356832027851,1.1146528239117115,0.421496698459281,0.6199559794570799,0.02995986045627852,False
area_desarrollo_de_software + no_abierto_siguiente,curso_obligatorio,2,1,0.11408657373440939,0.9841772151898734,1.1141474620463434,0.11592076302274394,0.8833455612619222,0.011688482260173369,False
curso_obligatorio + periodo_s1,ocupacion_media,2,1,0.29823917828319885,0.737749546279492,1.1135688057352686,0.40425531914893614,0.6625091709464417,0.030416321943147973,False
bloqueo_alto + semestre_2,sin_riesgo_retraso,2,1,0.050256786500366836,0.9448275862068966,1.1125701943844493,0.05319148936170213,0.8492296404988995,0.0050849971121275025,False
no_requiere_laboratorio + ocupacion_baja,area_ciencias_basicas_y_complementarias,2,1,0.15700660308143802,0.6948051948051949,1.1121778984374404,0.22597212032281733,0.6247248716067498,0.015836199226060943,False
aprobo + periodo_s1,ocupacion_media,2,1,0.24027879677182684,0.7367829021372327,1.1121097404352693,0.3261188554658841,0.6625091709464417,0.02422206420712153,False
abierto_siguiente + periodo_s1,no_requiere_laboratorio,2,1,0.13132795304475423,0.8287037037037038,1.111735382035579,0.15847395451210564,0.7454145267791636,0.0131991652352903,False
semestre_1 + zona_media,curso_obligatorio,2,1,0.07960381511371974,0.9819004524886877,1.111570030516679,0.08107116654438738,0.8833455612619222,0.007989960000409094,False
semestre_7,no_requiere_laboratorio,1,1,0.06382978723404255,0.8285714285714284,1.1115579302587173,0.07703595011005136,0.7454145267791636,0.00640607093777535,False
area_ciencias_basicas_y_complementarias + curso_base,sin_riesgo_retraso,2,1,0.33969185619955977,0.9439347604485219,1.111518858307849,0.3598679383712399,0.8492296404988995,0.034081336269471574,False
abierto_siguiente + sin_recuperacion,no_requiere_laboratorio,2,1,0.2622890682318415,0.828505214368482,1.1114691015592923,0.3165810711665444,0.7454145267791636,0.026304938880991086,False
recuperacion + riesgo_retraso,curso_obligatorio,2,1,0.059060895084372705,0.9817073170731707,1.1113513896766876,0.06016140865737344,0.8833455612619222,0.005917581787617296,False
aprobo + recuperacion,ocupacion_media,2,1,0.07043286867204696,0.735632183908046,1.1103728313030639,0.09574468085106383,0.6625091709464417,0.007001139538877002,False
curso_obligatorio + perdio,curso_base,2,1,0.18708730741012472,0.6882591093117408,1.1101741609371631,0.2718268525311812,0.6199559794570799,0.018566624806421045,False
curso_obligatorio + semestre_5,no_requiere_laboratorio,2,1,0.05099046221570066,0.8273809523809523,1.1099608642669665,0.061628760088041086,0.7454145267791636,0.005051489178686905,False
curso_base + zona_baja,curso_obligatorio,2,1,0.12655906089508437,0.9801136363636364,1.1095472478103292,0.12912692589875274,0.8833455612619222,0.012495364063023984,False
curso_base + recuperacion,ocupacion_media,2,1,0.09757887013939838,0.734806629834254,1.109126729196111,0.13279530447542187,0.6625091709464417,0.009600763065806345,False
abierto_siguiente + zona_alta,no_requiere_laboratorio,2,1,0.08400586940572267,0.8267148014440433,1.1090671991813297,0.10161408657373441,0.7454145267791636,0.008261253148265466,False
bloqueo_alto + sin_recuperacion,ocupacion_media,2,1,0.1401320616287601,0.7346153846153847,1.1088380611636426,0.19075568598679385,0.6625091709464417,0.013754670252329543,False
aprobo + curso_no_base,sin_recuperacion,2,1,0.23477622890682318,0.8731241473396998,1.1085870636460278,0.2688921496698459,0.7876008804108584,0.022996535091284215,False
curso_no_base + zona_baja,area_ciencias_basicas_y_complementarias,2,1,0.05612619222303742,0.6923076923076923,1.1081801346040923,0.08107116654438738,0.6247248716067498,0.005479018112585582,False
abierto_siguiente,no_requiere_laboratorio,1,1,0.32391782831988264,0.8260056127221703,1.108115797382203,0.3921496698459281,0.7454145267791636,0.031603767745074896,False
abierto_siguiente + sin_riesgo_retraso,no_requiere_laboratorio,2,1,0.32391782831988264,0.8260056127221703,1.108115797382203,0.3921496698459281,0.7454145267791636,0.031603767745074896,False
aprobo + area_metodologia_de_sistemas,curso_base,2,1,0.05392516507703595,0.6869158878504672,1.1080075208759608,0.07850330154071901,0.6199559794570799,0.0052565738797450065,False
periodo_s2 + semestre_2,ocupacion_media,2,1,0.05062362435803375,0.7340425531914894,1.1079734219269104,0.06896551724137931,0.6625091709464417,0.004933336706555012,False
aprobo + area_ciencias_de_la_computacion,bloqueo_medio,2,1,0.055025678650036686,0.6637168141592921,1.1079559310460687,0.08290535583272193,0.599046221570066,0.005361538490522774,False
abierto_siguiente + aprobo,sin_recuperacion,2,1,0.24358033749082905,0.8725361366622866,1.107840479059801,0.2791636096845194,0.7876008804108584,0.023710832724628317,False
no_requiere_laboratorio + recuperacion,ocupacion_media,2,1,0.1082171680117388,0.7338308457711443,1.1076538679801435,0.1474688187820983,0.6625091709464417,0.010517723139959814,False
bloqueo_medio + ocupacion_media,curso_base,2,1,0.28539985326485695,0.6866725507502207,1.1076150138136698,0.4156272927366104,0.6199559794570799,0.02772922790723714,False
semestre_1 + sin_riesgo_retraso,curso_obligatorio,2,1,0.13279530447542187,0.9783783783783784,1.1075828320014367,0.13573000733675716,0.8833455612619222,0.012898804964449298,False
aprobo + semestre_2,curso_obligatorio,2,1,0.0979457079970653,0.978021978021978,1.1071793654850133,0.10014673514306677,0.8833455612619222,0.009481534033563915,False
no_requiere_laboratorio + sin_riesgo_retraso,area_ciencias_basicas_y_complementarias,2,1,0.45671313279530446,0.6916666666666667,1.1071540418868662,0.6603081438004402,0.6247248716067498,0.04420221243868311,False
curso_base + zona_alta,curso_obligatorio,2,1,0.14123257520176083,0.9771573604060915,1.106200566639122,0.144534115920763,0.8833455612619222,0.013559005452238704,False
no_requiere_laboratorio + semestre_1,sin_riesgo_retraso,2,1,0.12509170946441672,0.9393939393939394,1.1061718698867729,0.13316214233308876,0.8492296404988995,0.01200647120282447,False
no_abierto_siguiente + semestre_7,no_requiere_laboratorio,2,1,0.061995597945708,0.8243902439024391,1.1059487228730556,0.0752017608217168,0.7454145267791636,0.005939112989828119,False
curso_base + sin_riesgo_retraso,no_requiere_laboratorio,2,1,0.4303008070432869,0.8243148278285313,1.1058475495376852,0.5220102714600147,0.7454145267791636,0.041186767569057314,False
aprobo + no_requiere_laboratorio,sin_recuperacion,2,1,0.46221570066030815,0.8707671043538354,1.105594376557315,0.5308143800440206,0.7876008804108584,0.04414582760289354,False
semestre_2 + sin_recuperacion,curso_obligatorio,2,1,0.10674981658107116,0.9765100671140938,1.1054677919240115,0.10931768158473955,0.8833455612619222,0.010184527785747313,False
riesgo_retraso + zona_media,curso_obligatorio,2,1,0.08987527512839324,0.9760956175298805,1.1049986102103215,0.09207630227439471,0.8833455612619222,0.008540082216895645,False
requiere_laboratorio + zona_media,bloqueo_medio,2,1,0.08547322083639032,0.6619318181818182,1.104976201079998,0.12912692589875274,0.599046221570066,0.008120223773784588,False
semestre_2,curso_obligatorio,1,1,0.1346294937637564,0.9760638297872339,1.1049626245847175,0.13793103448275862,0.8833455612619222,0.012788726693146457,False
area_ciencias_basicas_y_complementarias + semestre_2,curso_obligatorio,2,1,0.1346294937637564,0.9760638297872339,1.1049626245847175,0.13793103448275862,0.8833455612619222,0.012788726693146457,False
semestre_7,bloqueo_medio,1,1,0.05099046221570066,0.6619047619047619,1.104931035488292,0.07703595011005136,0.599046221570066,0.004842367377214274,False
abierto_siguiente + periodo_s2,bloqueo_medio,2,1,0.09684519442406456,0.6616541353383458,1.104512659480913,0.14636830520909758,0.599046221570066,0.00916381423094044,False
abierto_siguiente + ocupacion_media,no_requiere_laboratorio,2,1,0.24614820249449743,0.8233128834355828,1.1045034056325782,0.29897285399853263,0.7454145267791636,0.023289494011365236,False
curso_no_base + perdio,area_ciencias_basicas_y_complementarias,2,1,0.07666911225238444,0.6897689768976898,1.104116401070524,0.1111518708730741,0.6247248716067498,0.0072297739923531945,False
curso_base + recuperacion,curso_obligatorio,2,1,0.12949376375641966,0.9751381215469612,1.103914667498761,0.13279530447542187,0.8833455612619222,0.012189620991630276,False
no_requiere_laboratorio + semestre_3,area_ciencias_basicas_y_complementarias,2,1,0.07740278796771827,0.6895424836601307,1.1037538522944899,0.11225238444607484,0.6247248716067498,0.007275931507092645,False
ocupacion_baja + sin_riesgo_retraso,no_requiere_laboratorio,2,1,0.202494497432135,0.8226527570789866,1.1036178227349003,0.24614820249449743,0.7454145267791636,0.019012051552157433,False
no_requiere_laboratorio + semestre_4,area_ciencias_basicas_y_complementarias,2,1,0.07813646368305209,0.6893203883495146,1.1033983433005148,0.11335289801907557,0.6247248716067498,0.0073220890218320955,False
periodo_s1 + riesgo_retraso,curso_obligatorio,2,1,0.06969919295671313,0.9743589743589745,1.1030326262884405,0.07153338224504768,0.8833455612619222,0.006510497268497867,False
curso_no_obligatorio + no_abierto_siguiente,sin_riesgo_retraso,2,1,0.0748349229640499,0.9357798165137616,1.1019161035924467,0.07997065297138664,0.8492296404988995,0.006921474090696975,False
curso_base + perdio,curso_obligatorio,2,1,0.18708730741012472,0.9732824427480915,1.1018139281276151,0.1922230374174615,0.8833455612619222,0.017287940535125723,False
ocupacion_baja + zona_media,no_requiere_laboratorio,2,1,0.12472487160674982,0.821256038647343,1.1017440754688272,0.15187087307410124,0.7454145267791636,0.011518116622680208,False
curso_base + periodo_s1,curso_obligatorio,2,1,0.2648569332355099,0.973045822102426,1.10154605940665,0.2721936903888481,0.8833455612619222,0.02441584502701899,False
semestre_1,curso_obligatorio,1,1,0.14563462949376377,0.9730392156862745,1.1015385805484985,0.1496698459280998,0.8833455612619222,0.013424435438421034,False
area_ciencias_basicas_y_complementarias + semestre_1,curso_obligatorio,2,1,0.14563462949376377,0.9730392156862745,1.1015385805484985,0.1496698459280998,0.8833455612619222,0.013424435438421034,False
bloqueo_medio + recuperacion,ocupacion_media,2,1,0.08914159941305942,0.7297297297297296,1.1014635898356826,0.12215700660308144,0.6625091709464417,0.008211462243152931,False
bloqueo_medio + zona_alta,area_ciencias_basicas_y_complementarias,2,1,0.10271460014673514,0.687960687960688,1.1012218645806433,0.14930300807043287,0.6247248716067498,0.009441297599432436,False
aprobo + semestre_1,curso_obligatorio,2,1,0.10198092443140132,0.972027972027972,1.1003937922542573,0.10491562729273661,0.8833455612619222,0.009304170755352253,False
aprobo + area_metodologia_de_sistemas,curso_obligatorio,2,1,0.07630227439471754,0.9719626168224299,1.100319806253299,0.07850330154071901,0.8833455612619222,0.006956731434317187,False
ocupacion_media + recuperacion,curso_base,2,1,0.09757887013939838,0.6820512820512821,1.100160825367926,0.14306676449009537,0.6199559794570799,0.008883774032185932,False
aprobo + semestre_4,sin_recuperacion,2,1,0.10711665443873808,0.8664688427299704,1.1001369656646014,0.12362435803374908,0.7876008804108584,0.009750001211130135,False
periodo_s1 + zona_alta,no_requiere_laboratorio,2,1,0.09170946441672781,0.819672131147541,1.099619207435136,0.11188554658840792,0.7454145267791636,0.008308352653101647,False
semestre_2 + sin_riesgo_retraso,curso_obligatorio,2,1,0.11041819515774028,0.9709677419354837,1.0991935483870967,0.11371973587674249,0.8833455612619222,0.009964371243141631,False
area_metodologia_de_sistemas + zona_media,curso_obligatorio,2,1,0.061261922230374175,0.9709302325581396,1.0991510855288573,0.06309611151870873,0.8833455612619222,0.005526252187435583,False
aprobo + bloqueo_medio,sin_recuperacion,2,1,0.36390315480557595,0.8656195462478184,1.0990586320780407,0.4203961848862803,0.7876008804108584,0.03279874946777561,False
area_desarrollo_de_software,curso_obligatorio,1,1,0.1206896551724138,0.9705014749262538,1.0986657062495715,0.1243580337490829,0.8833455612619222,0.010838538052901095,False
periodo_s1 + zona_alta,ocupacion_media,2,1,0.08143800440205429,0.7278688524590163,1.0986547573661565,0.11188554658840792,0.6625091709464417,0.00731280369087868,False
area_metodologia_de_sistemas + sin_recuperacion,curso_base,2,1,0.05796038151137197,0.6810344827586207,1.0985207100591716,0.0851063829787234,0.6199559794570799,0.0051981704937481485,False
curso_no_base + zona_alta,area_ciencias_basicas_y_complementarias,2,1,0.06896551724137931,0.6861313868613139,1.0982936938249805,0.10051357300073367,0.6247248716067498,0.006172188253760286,False
area_ciencias_basicas_y_complementarias + periodo_s1,sin_riesgo_retraso,2,1,0.2388114453411592,0.9326647564469914,1.0982480026239736,0.25605282465150403,0.8492296404988995,0.021363797113634675,False
curso_obligatorio + sin_recuperacion,curso_base,2,1,0.46918561995597946,0.6806812134113891,1.0979508803310336,0.6892883345561261,0.6199559794570799,0.041857195377896894,False
no_requiere_laboratorio + semestre_1,curso_obligatorio,2,1,0.12912692589875274,0.9696969696969697,1.0977549582200745,0.13316214233308876,0.8833455612619222,0.011498738540690473,False
abierto_siguiente + area_ciencias_basicas_y_complementarias,bloqueo_medio,2,1,0.2388114453411592,0.6575757575757576,1.0977045408153798,0.3631694790902421,0.599046221570066,0.02125614110258056,False
area_metodologia_de_sistemas + periodo_s1,curso_obligatorio,2,1,0.05832721936903888,0.9695121951219512,1.0975457823515111,0.06016140865737344,0.8833455612619222,0.005183906072283473,False
curso_obligatorio + ocupacion_media,bloqueo_medio,2,1,0.40058694057226707,0.6574352799518363,1.0974700386703646,0.6093176815847395,0.599046221570066,0.035577485683096266,False
semestre_2 + zona_media,curso_obligatorio,2,1,0.06969919295671313,0.9693877551020408,1.0974049088073767,0.0719002201027146,0.8833455612619222,0.006186452675224954,False
area_ciencias_basicas_y_complementarias + no_requiere_laboratorio,sin_riesgo_retraso,2,1,0.45671313279530446,0.9318862275449101,1.0973312554157344,0.4900953778429934,0.8492296404988995,0.040509611259526845,False
curso_obligatorio + sin_riesgo_retraso,curso_base,2,1,0.5018341892883346,0.6802585778219791,1.0972691616229084,0.7377109317681585,0.6199559794570799,0.044485886027810784,False
semestre_4 + sin_recuperacion,area_ciencias_basicas_y_complementarias,2,1,0.09501100513573,0.6851851851851851,1.096779104412692,0.13866471019809246,0.6247248716067498,0.008383711860839527,False
semestre_1 + sin_recuperacion,sin_riesgo_retraso,2,1,0.11298606016140866,0.9305135951661632,1.0957149289084065,0.12142333088774762,0.8492296404988995,0.00986976852342783,False
bloqueo_medio + semestre_1,curso_obligatorio,2,1,0.12142333088774762,0.9678362573099416,1.0956485205261217,0.12545854732208364,0.8833455612619222,0.010600079988416222,False
ocupacion_media + sin_riesgo_retraso,area_ciencias_basicas_y_complementarias,2,1,0.3914159941305943,0.6844130853110969,1.095543200562566,0.5719002201027146,0.6247248716067498,0.03413570255505399,False
curso_base + ocupacion_media,curso_obligatorio,2,1,0.4486426999266324,0.9675632911392406,1.0953395064973297,0.46368305209097577,0.8833455612619222,0.03905033402968833,False
bloqueo_medio + zona_baja,area_ciencias_basicas_y_complementarias,2,1,0.08584005869405723,0.6842105263157895,1.0952189634391323,0.12545854732208364,0.6247248716067498,0.007462983826299174,False
aprobo,sin_recuperacion,1,1,0.6008804108584006,0.8625592417061612,1.0951730288267327,0.6966250917094644,0.7876008804108584,0.0522178753117315,False
aprobo + sin_riesgo_retraso,sin_recuperacion,2,1,0.6008804108584006,0.8625592417061612,1.0951730288267327,0.6966250917094644,0.7876008804108584,0.0522178753117315,False
area_desarrollo_de_software + zona_media,curso_obligatorio,2,1,0.06493030080704329,0.9672131147540983,1.0949430858885683,0.06713132795304476,0.8833455612619222,0.0056301402381028,False
area_desarrollo_de_software + periodo_s2,curso_obligatorio,2,1,0.05355832721936904,0.966887417218543,1.0945743768013905,0.0553925165077036,0.8833455612619222,0.004627593635161312,False
semestre_1 + sin_recuperacion,curso_obligatorio,2,1,0.11738811445341159,0.9667673716012084,1.0944384779837601,0.12142333088774762,0.8833455612619222,0.010129354080082073,False
no_requiere_laboratorio + semestre_2,curso_obligatorio,2,1,0.09574468085106383,0.9666666666666667,1.0943244739756368,0.09904622157006603,0.8833455612619222,0.008252640667381156,False
aprobo + area_desarrollo_de_software,curso_obligatorio,2,1,0.07446808510638298,0.9666666666666666,1.0943244739756366,0.07703595011005136,0.8833455612619222,0.006418720519074217,False
area_ciencias_basicas_y_complementarias + periodo_s2,sin_riesgo_retraso,2,1,0.21166544387380778,0.92914653784219,1.094105167238795,0.22780630961115186,0.8492296404988995,0.018205573459348284,False
abierto_siguiente + recuperacion,no_requiere_laboratorio,2,1,0.061628760088041086,0.8155339805825242,1.094067731824784,0.07556859867938372,0.7454145267791636,0.0052988288640837405,False
area_ciencias_basicas_y_complementarias + periodo_s2,bloqueo_medio,2,1,0.14930300807043287,0.6553945249597424,1.0940633649970959,0.22780630961115186,0.599046221570066,0.01283649904805173,False
no_requiere_laboratorio + semestre_4,sin_riesgo_retraso,2,1,0.10528246515040351,0.9288025889967637,1.093700154473079,0.11335289801907557,0.8492296404988995,0.009019824316155556,False
area_metodologia_de_sistemas,curso_obligatorio,1,1,0.1045487894350697,0.9661016949152543,1.0936848921673519,0.1082171680117388,0.8833455612619222,0.008955634419564554,False
area_metodologia_de_sistemas + no_requiere_laboratorio,curso_obligatorio,2,1,0.1045487894350697,0.9661016949152543,1.0936848921673519,0.1082171680117388,0.8833455612619222,0.008955634419564554,False
curso_base + periodo_s2,curso_obligatorio,2,1,0.2193690388848129,0.9660743134087237,1.093653894664527,0.22707263389581805,0.8833455612619222,0.018785435648888515,False
area_ciencias_basicas_y_complementarias + ocupacion_media,sin_riesgo_retraso,2,1,0.3914159941305943,0.9286335944299391,1.0935011569831594,0.421496698459281,0.8492296404988995,0.03346850442654603,False
riesgo_retraso,curso_obligatorio,1,1,0.14563462949376377,0.9659367396593674,1.093498152953254,0.15077035950110051,0.8833455612619222,0.012452301658602338,False
curso_no_base + ocupacion_media,bloqueo_medio,2,1,0.1302274394717535,0.6549815498154982,1.093373977218033,0.1988261188554659,0.599046221570066,0.011121404221945796,False
periodo_s1 + zona_media,ocupacion_media,2,1,0.17828319882611884,0.7242921013412816,1.0932559624896643,0.24614820249449743,0.6625091709464417,0.015207757261532506,False
ocupacion_media + periodo_s2,curso_base,2,1,0.16434336023477622,0.6777609682299546,1.0932404730147078,0.24247982391782832,0.6199559794570799,0.014016543499218687,False
curso_base,curso_obligatorio,1,1,0.5986793837123991,0.9656804733727812,1.093208044191944,0.6199559794570799,0.8833455612619222,0.05104402108120021,False
curso_obligatorio,curso_base,1,1,0.5986793837123991,0.6777408637873754,1.093208044191944,0.8833455612619222,0.6199559794570799,0.05104402108120021,False
no_requiere_laboratorio + riesgo_retraso,ocupacion_media,2,1,0.061628760088041086,0.7241379310344828,1.0930232558139534,0.0851063829787234,0.6625091709464417,0.005245000858556691,False
aprobo + semestre_2,sin_recuperacion,2,1,0.08620689655172414,0.8608058608058609,1.0929467985825694,0.10014673514306677,0.7876008804108584,0.007331239782771698,False
sin_riesgo_retraso + zona_baja,area_ciencias_basicas_y_complementarias,2,1,0.10491562729273661,0.6825775656324582,1.0926050756982273,0.1537050623624358,0.6247248716067498,0.008892251943056428,False
curso_base + periodo_s2,ocupacion_media,2,1,0.16434336023477622,0.7237479806138933,1.0924346595534182,0.22707263389581805,0.6625091709464417,0.013905657807832927,False
curso_no_base + recuperacion,area_ciencias_basicas_y_complementarias,2,1,0.05429200293470286,0.6820276497695853,1.091724822825537,0.07960381511371974,0.6247248716067498,0.004561519758376847,False
bloqueo_medio + curso_obligatorio,ocupacion_media,2,1,0.40058694057226707,0.7231788079470199,1.0915755428923457,0.5539251650770359,0.6625091709464417,0.03360643869070912,False
no_abierto_siguiente + semestre_2,curso_obligatorio,2,1,0.08877476155539252,0.9641434262948207,1.0914680149832565,0.09207630227439471,0.8833455612619222,0.007439568643894917,False
bloqueo_medio + ocupacion_media,curso_obligatorio,2,1,0.40058694057226707,0.9638128861429832,1.0910938237648555,0.4156272927366104,0.8833455612619222,0.033444416394072696,False
bloqueo_medio + sin_recuperacion,area_ciencias_basicas_y_complementarias,2,1,0.32501834189288337,0.6815384615384615,1.0909417769546954,0.4768892149669846,0.6247248716067498,0.027093788301990163,False
area_ciencias_basicas_y_complementarias + sin_recuperacion,sin_riesgo_retraso,2,1,0.4713866471019809,0.9264599855803894,1.0909416504069727,0.5088041085840058,0.8492296404988995,0.03929511688482262,False
periodo_s1 + sin_recuperacion,ocupacion_media,2,1,0.24761555392516507,0.7226980728051392,1.090849914987159,0.34262655906089506,0.6625091709464417,0.020622316337499447,False
ocupacion_media + periodo_s1,no_requiere_laboratorio,2,1,0.2681584739545121,0.8131256952169077,1.0908369316738633,0.32978723404255317,0.7454145267791636,0.02233027895287304,False
periodo_s1,ocupacion_media,1,1,0.32978723404255317,0.722668810289389,1.0908057457634963,0.45634629493763756,0.6625091709464417,0.027453628518938566,False
periodo_s1 + recuperacion,ocupacion_media,2,1,0.08217168011738811,0.7225806451612903,1.0906726681670418,0.11371973587674249,0.6625091709464417,0.00683131218143912,False
riesgo_retraso + sin_recuperacion,curso_base,2,1,0.061261922230374175,0.6761133603238867,1.0905828522147427,0.09060895084372707,0.6199559794570799,0.005088361362472954,False
curso_base + sin_recuperacion,curso_obligatorio,2,1,0.46918561995597946,0.9631024096385542,1.090289521874875,0.4871606749816581,0.8833455612619222,0.03885440008956981,False
area_desarrollo_de_software + sin_recuperacion,curso_obligatorio,2,1,0.08547322083639032,0.9628099173553719,1.0899584031190797,0.08877476155539252,0.8833455612619222,0.007054429264348808,False
semestre_1 + sin_riesgo_retraso,curso_base,2,1,0.09170946441672781,0.6756756756756757,1.0898768591076284,0.13573000733675716,0.6199559794570799,0.007562834776551883,False
ocupacion_media + zona_baja,curso_base,2,1,0.09244314013206163,0.675603217158177,1.0897599822326571,0.1368305209097579,0.6199559794570799,0.007614240521830226,False
abierto_siguiente + area_ciencias_basicas_y_complementarias,no_requiere_laboratorio,2,1,0.2949376375641966,0.8121212121212121,1.089489382009067,0.3631694790902421,0.7454145267791636,0.0242258321675084,False
bloqueo_medio + periodo_s2,area_ciencias_basicas_y_complementarias,2,1,0.14930300807043287,0.6806020066889632,1.0894427893330085,0.2193690388848129,0.6247248716067498,0.012257713418622002,False
abierto_siguiente + periodo_s2,no_requiere_laboratorio,2,1,0.11885546588407923,0.8120300751879699,1.0893671185838611,0.14636830520909758,0.7454145267791636,0.009750404921171574,False
aprobo + curso_base,curso_obligatorio,2,1,0.4115920763022744,0.9622641509433962,1.089340562903529,0.4277329420396185,0.8833455612619222,0.033756080546074374,False
aprobo + curso_obligatorio,sin_recuperacion,2,1,0.524578136463683,0.8578284343131374,1.0891664238181706,0.611518708730741,0.7876008804108584,0.042945463079640145,False
curso_base + sin_recuperacion,no_requiere_laboratorio,2,1,0.3954512105649303,0.8117469879518073,1.088987347025899,0.4871606749816581,0.7454145267791636,0.0323145665580597,False
periodo_s1 + zona_baja,ocupacion_media,2,1,0.06933235509904623,0.7213740458015268,1.088851411326114,0.09611151870873075,0.6625091709464417,0.0056575925209216005,False
aprobo + curso_base,no_requiere_laboratorio,2,1,0.34702861335289803,0.8113207547169812,1.0884155400386273,0.4277329420396185,0.7454145267791636,0.028190264774576368,False
curso_base + sin_riesgo_retraso,curso_obligatorio,2,1,0.5018341892883346,0.9613492621222769,1.0883048540470626,0.5220102714600147,0.8833455612619222,0.040718733060999546,False
no_abierto_siguiente + ocupacion_media,bloqueo_medio,2,1,0.23697725605282466,0.6518668012108981,1.0881744642381557,0.363536316947909,0.599046221570066,0.019202198981681823,False
area_metodologia_de_sistemas + sin_recuperacion,curso_obligatorio,2,1,0.0818048422597212,0.9612068965517242,1.0881436877076414,0.0851063829787234,0.8833455612619222,0.006626496620408678,False
area_metodologia_de_sistemas + curso_base,ocupacion_media,2,1,0.05392516507703595,0.7205882352941176,1.0876652986776105,0.0748349229640499,0.6625091709464417,0.004346342306282426,False
bloqueo_alto + ocupacion_media,area_ciencias_basicas_y_complementarias,2,1,0.1210564930300807,0.6790123456790124,1.0868982115801453,0.17828319882611884,0.6247248716067498,0.009678544533792952,False
aprobo + curso_base,sin_recuperacion,2,1,0.3661041819515774,0.855917667238422,1.0867403637130593,0.4277329420396185,0.7876008804108584,0.0292213402204472,False
aprobo + no_abierto_siguiente,sin_recuperacion,2,1,0.3573000733675715,0.8558875219683655,1.0867020889081342,0.417461482024945,0.7876008804108584,0.028507042587103126,False
area_metodologia_de_sistemas + sin_riesgo_retraso,curso_obligatorio,2,1,0.08730741012472487,0.9596774193548386,1.086412228057014,0.09097578870139399,0.8833455612619222,0.006944350993045953,False
ocupacion_baja + sin_recuperacion,bloqueo_medio,2,1,0.1504035216434336,0.6507936507936508,1.0863830324944839,0.23110785033015407,0.599046221570066,0.011959237127974448,False
riesgo_retraso + zona_media,curso_base,2,1,0.061995597945708,0.6733067729083666,1.0860557768924304,0.09207630227439471,0.6199559794570799,0.0049123437843994686,False
aprobo + area_metodologia_de_sistemas,sin_recuperacion,2,1,0.06713132795304476,0.8551401869158879,1.0857532135690313,0.07850330154071901,0.7876008804108584,0.005302058544415372,False
aprobo + curso_obligatorio,curso_base,2,1,0.4115920763022744,0.6730653869226155,1.0856664170124557,0.611518708730741,0.6199559794570799,0.03247739627477908,False
sin_riesgo_retraso + zona_media,area_ciencias_basicas_y_complementarias,2,1,0.30410858400586943,0.6778413736713002,1.0850238312554106,0.4486426999266324,0.6247248716067498,0.0238303308968984,False
aprobo + semestre_5,sin_recuperacion,2,1,0.05172413793103448,0.8545454545454545,1.0849980945928779,0.06052824651504035,0.7876008804108584,0.0040520376860632284,False
ocupacion_media + zona_alta,curso_base,2,1,0.11151870873074102,0.672566371681416,1.084861496570142,0.16581071166544387,0.6199559794570799,0.008723366575715291,False
area_metodologia_de_sistemas + no_abierto_siguiente,curso_obligatorio,2,1,0.08400586940572267,0.9581589958158996,1.0846932818081987,0.08767424798239179,0.8833455612619222,0.0065592116134998435,False
abierto_siguiente + perdio,no_requiere_laboratorio,2,1,0.09134262655906089,0.8084415584415584,1.084552996216382,0.11298606016140866,0.7454145267791636,0.007121175991202336,False
no_abierto_siguiente + semestre_4,curso_base,2,1,0.058694057226705794,0.6722689075630252,1.0843816816667495,0.08730741012472487,0.6199559794570799,0.004567306268971012,False
ocupacion_media + riesgo_retraso,curso_base,2,1,0.06089508437270726,0.6720647773279352,1.0840524159739358,0.09060895084372707,0.6199559794570799,0.0047215235048060425,False
abierto_siguiente + curso_obligatorio,no_requiere_laboratorio,2,1,0.2872340425531915,0.8080495356037153,1.0840270836888424,0.35546588407923696,0.7454145267791636,0.02226460878613007,False
ocupacion_baja + sin_recuperacion,no_requiere_laboratorio,2,1,0.1867204695524578,0.8079365079365078,1.0838754530683663,0.23110785033015407,0.7454145267791636,0.014449320663656229,False
aprobo + ocupacion_baja,bloqueo_medio,2,1,0.1269258987527513,0.649155722326454,1.083648805304295,0.19552457813646368,0.599046221570066,0.009797638996021582,False
ocupacion_media + zona_alta,no_requiere_laboratorio,2,1,0.1338958180484226,0.8075221238938054,1.0833195421921817,0.16581071166544387,0.7454145267791636,0.010298104877409411,False
curso_obligatorio + periodo_v1,bloqueo_medio,2,1,0.05355832721936904,0.6488888888888888,1.0832033748384022,0.08253851797505503,0.599046221570066,0.004113939892419344,False
curso_base + no_requiere_laboratorio,curso_obligatorio,2,1,0.46955245781364635,0.9566517189835575,1.0829869542978312,0.49082905355832723,0.8833455612619222,0.03598079201450771,False
bloqueo_alto + no_requiere_laboratorio,sin_riesgo_retraso,2,1,0.15920763022743947,0.9194915254237288,1.0827360251857818,0.1731474688187821,0.8492296404988995,0.012165667529170754,False
sin_recuperacion + sin_riesgo_retraso,area_ciencias_basicas_y_complementarias,2,1,0.4713866471019809,0.6763157894736842,1.082581821553296,0.6969919295671313,0.6247248716067498,0.035958453392213985,False
ocupacion_baja + sin_riesgo_retraso,sin_recuperacion,2,1,0.20983125458547322,0.8524590163934427,1.082348988676537,0.24614820249449743,0.7876008804108584,0.0159647135892568,False
curso_no_obligatorio + ocupacion_baja,sin_riesgo_retraso,2,1,0.05832721936903888,0.9190751445086704,1.0822457209203609,0.06346294937637564,0.8492296404988995,0.004432601685139537,False
riesgo_retraso + sin_recuperacion,curso_obligatorio,2,1,0.08657373440939105,0.9554655870445344,1.0816441820113791,0.09060895084372707,0.8833455612619222,0.006534719870985042,False
curso_base + zona_media,curso_obligatorio,2,1,0.32831988261188555,0.9551760939167557,1.0813164584788522,0.3437270726338958,0.8833455612619222,0.024690098715179354,False
area_desarrollo_de_software + sin_riesgo_retraso,curso_obligatorio,2,1,0.07813646368305209,0.9551569506726457,1.0812947871817409,0.0818048422597212,0.8833455612619222,0.0058745193831956505,False
no_requiere_laboratorio + zona_media,curso_base,2,1,0.27586206896551724,0.6702317290552584,1.0810956765707898,0.4115920763022744,0.6199559794570799,0.020693100164767553,False
abierto_siguiente + semestre_3,curso_base,2,1,0.06933235509904623,0.6702127659574468,1.0810650887573965,0.10344827586206896,0.6199559794570799,0.00519897791383106,False
semestre_4 + sin_recuperacion,sin_riesgo_retraso,2,1,0.1272927366104182,0.917989417989418,1.0809672369067618,0.13866471019809246,0.8492296404988995,0.009534554619008068,False
curso_no_base + semestre_2,curso_obligatorio,2,1,0.06969919295671313,0.9547738693467337,1.0808611162122908,0.07300073367571533,0.8833455612619222,0.0052143188954062725,False
no_requiere_laboratorio + perdio,curso_base,2,1,0.1438004402054292,0.67008547008547,1.080859758256208,0.21460014673514308,0.6199559794570799,0.010757796044610496,False
curso_base + periodo_v1,curso_obligatorio,2,1,0.06933235509904623,0.9545454545454546,1.080602536997886,0.07263389581804842,0.8833455612619222,0.005171525631012253,False
curso_base + zona_baja,ocupacion_media,2,1,0.09244314013206163,0.7159090909090909,1.0806025369978858,0.12912692589875274,0.6625091709464417,0.006895367508016351,False
curso_obligatorio + zona_baja,curso_base,2,1,0.12655906089508437,0.6699029126213591,1.0805652898259321,0.18892149669845928,0.6199559794570799,0.009436049368893556,False
curso_base + no_requiere_laboratorio,bloqueo_medio,2,1,0.3176815847395451,0.6472346786248131,1.0804419681146604,0.49082905355832723,0.599046221570066,0.023652294768617577,False
recuperacion + sin_riesgo_retraso,ocupacion_media,2,1,0.10895084372707263,0.7156626506024096,1.0802305567786095,0.15223771093176816,0.6625091709464417,0.008091964070882862,False
semestre_1 + zona_media,curso_base,2,1,0.05429200293470286,0.669683257918552,1.0802109828911082,0.08107116654438738,0.6199559794570799,0.004031448473949137,False
curso_base + perdio,ocupacion_media,2,1,0.1375641966250917,0.715648854961832,1.0802097334584462,0.1922230374174615,0.6625091709464417,0.010214671468842446,False
aprobo + ocupacion_baja,no_requiere_laboratorio,2,1,0.1573734409391049,0.8048780487804877,1.0797724217399653,0.19552457813646368,0.7454145267791636,0.011626580053817226,False
ocupacion_baja,bloqueo_medio,1,1,0.18341892883345562,0.6468305304010349,1.0797673152928482,0.2835656639765224,0.599046221570066,0.0135499892613129,False
aprobo + ocupacion_media,sin_recuperacion,2,1,0.39948642699926634,0.8501170960187354,1.0793755024439091,0.4699192956713133,0.7876008804108584,0.029377576006489492,False
periodo_v1,bloqueo_medio,1,1,0.059060895084372705,0.6465863453815262,1.079359692290288,0.09134262655906089,0.599046221570066,0.0043424397758817165,False
periodo_v1 + sin_recuperacion,bloqueo_medio,2,1,0.059060895084372705,0.6465863453815262,1.079359692290288,0.09134262655906089,0.599046221570066,0.0043424397758817165,False
periodo_v1 + sin_riesgo_retraso,bloqueo_medio,2,1,0.059060895084372705,0.6465863453815262,1.079359692290288,0.09134262655906089,0.599046221570066,0.0043424397758817165,False
ocupacion_media + semestre_1,sin_recuperacion,2,1,0.07666911225238444,0.8495934959349594,1.078710698611411,0.09024211298606016,0.7876008804108584,0.005594344614427302,False
area_ciencias_basicas_y_complementarias + curso_obligatorio,ocupacion_media,2,1,0.36830520909757886,0.7145907473309608,1.0786126119735322,0.5154071900220103,0.6625091709464417,0.02684321893626168,False
bloqueo_medio + no_abierto_siguiente,curso_obligatorio,2,1,0.33125458547322084,0.9525316455696202,1.0783227848101267,0.34776228906823187,0.8833455612619222,0.024060311050512706,False
periodo_s2 + semestre_2,curso_obligatorio,2,1,0.06566397652237711,0.9521276595744681,1.0778654485049834,0.06896551724137931,0.8833455612619222,0.004743592987072137,False
semestre_4 + sin_recuperacion,bloqueo_medio,2,1,0.08950843727072634,0.6455026455026455,1.0775506501164798,0.13866471019809246,0.599046221570066,0.006441866561450849,False
curso_no_obligatorio + no_abierto_siguiente,sin_recuperacion,2,1,0.06786500366837858,0.8486238532110093,1.0774795639744812,0.07997065297138664,0.7876008804108584,0.0048800469810832275,False
bloqueo_medio + riesgo_retraso,curso_obligatorio,2,1,0.1012472487160675,0.9517241379310345,1.0774086378737542,0.10638297872340426,0.8833455612619222,0.007274316666926836,False
no_requiere_laboratorio + sin_recuperacion,area_ciencias_basicas_y_complementarias,2,1,0.40242112986060163,0.6730061349693253,1.077284042235103,0.5979457079970653,0.6247248716067498,0.028869574204327897,False
curso_base + zona_media,no_requiere_laboratorio,2,1,0.27586206896551724,0.8025613660618998,1.0766645097857965,0.3437270726338958,0.7454145267791636,0.01964291577693461,False
curso_obligatorio + recuperacion,curso_base,2,1,0.12949376375641966,0.667296786389414,1.0763615619512088,0.19405722670579603,0.6199559794570799,0.009186825703303272,False
area_ciencias_basicas_y_complementarias + sin_riesgo_retraso,no_requiere_laboratorio,2,1,0.45671313279530446,0.8016741790083709,1.0754743169177259,0.5696991929567131,0.7454145267791636,0.03205107847100469,False
abierto_siguiente + ocupacion_media,curso_obligatorio,2,1,0.2839325018341893,0.9496932515337424,1.0751095530236636,0.29897285399853263,0.8833455612619222,0.019836158316776764,False
abierto_siguiente + ocupacion_baja,sin_recuperacion,2,1,0.07887013939838591,0.8464566929133858,1.074727966875589,0.09317681584739546,0.7876008804108584,0.005483997203096835,False
bloqueo_medio + recuperacion,curso_obligatorio,2,1,0.11592076302274394,0.9489489489489489,1.074266957987888,0.12215700660308144,0.8833455612619222,0.00801391346286863,False
bloqueo_alto,ocupacion_media,1,1,0.17828319882611884,0.7115666178623717,1.0740479514356729,0.2505502567865004,0.6625091709464417,0.012291355922076391,False
bloqueo_alto + curso_base,ocupacion_media,2,1,0.17828319882611884,0.7115666178623717,1.0740479514356729,0.2505502567865004,0.6625091709464417,0.012291355922076391,False
bloqueo_alto + curso_obligatorio,ocupacion_media,2,1,0.17828319882611884,0.7115666178623717,1.0740479514356729,0.2505502567865004,0.6625091709464417,0.012291355922076391,False
ocupacion_media + sin_riesgo_retraso,no_requiere_laboratorio,2,1,0.4578136463683052,0.8005131494547787,1.0739167546327395,0.5719002201027146,0.7454145267791636,0.03151091443554066,False
aprobo + semestre_3,sin_recuperacion,2,1,0.11665443873807776,0.8457446808510638,1.0738239403819283,0.13793103448275862,0.7876008804108584,0.0080198345434766,False
area_ciencias_basicas_y_complementarias,sin_riesgo_retraso,1,1,0.5696991929567131,0.9119201409277745,1.0738204337663557,0.6247248716067498,0.8492296404988995,0.03916431483139182,False
sin_riesgo_retraso,area_ciencias_basicas_y_complementarias,1,1,0.5696991929567131,0.6708423326133909,1.0738204337663555,0.8492296404988995,0.6247248716067498,0.03916431483139182,False
curso_obligatorio + semestre_1,sin_riesgo_retraso,2,1,0.13279530447542187,0.9118387909319899,1.0737246410715355,0.14563462949376377,0.8492296404988995,0.009118060426242441,False
abierto_siguiente + sin_recuperacion,bloqueo_medio,2,1,0.20359501100513572,0.6431054461181923,1.0735489565941165,0.3165810711665444,0.599046221570066,0.01394831650221312,False
aprobo + semestre_4,area_ciencias_basicas_y_complementarias,2,1,0.08290535583272193,0.6706231454005934,1.0734695797780491,0.12362435803374908,0.6247248716067498,0.00567414463262117,False
curso_no_obligatorio + sin_riesgo_retraso,sin_recuperacion,2,1,0.09427732942039618,0.8453947368421052,1.0733796239550903,0.11151870873074102,0.7876008804108584,0.00644509624178248,False
riesgo_retraso + zona_baja,curso_obligatorio,2,1,0.05355832721936904,0.948051948051948,1.0732514993312336,0.05649303008070433,0.8833455612619222,0.003655459855342616,False
area_ciencias_basicas_y_complementarias + zona_media,no_requiere_laboratorio,2,1,0.26852531181217903,0.8,1.073228346456693,0.33565663976522375,0.7454145267791636,0.018321976521300576,False
area_metodologia_de_sistemas + sin_riesgo_retraso,curso_base,2,1,0.06052824651504035,0.6653225806451613,1.0731771330406565,0.09097578870139399,0.6199559794570799,0.004127262323787295,False
abierto_siguiente + bloqueo_medio,ocupacion_media,2,1,0.17865003668378576,0.710948905109489,1.073115567734478,0.2512839325018342,0.6625091709464417,0.01217212688983399,False
curso_base + ocupacion_baja,area_ciencias_basicas_y_complementarias,2,1,0.0685986793837124,0.6702508960573477,1.0728737185274984,0.10234776228906824,0.6247248716067498,0.004659486728436094,False
abierto_siguiente + zona_alta,bloqueo_medio,2,1,0.0652971386647102,0.6425992779783393,1.0727039998585137,0.10161408657373441,0.599046221570066,0.004425604044421015,False
ocupacion_media + zona_media,no_requiere_laboratorio,2,1,0.28686720469552457,0.7995910020449897,1.072679661207993,0.3587674247982392,0.7454145267791636,0.01943675451576593,False
curso_obligatorio + riesgo_retraso,curso_base,2,1,0.09684519442406456,0.6649874055415617,1.0726364896486966,0.14563462949376377,0.6199559794570799,0.0065581350533893,False
no_requiere_laboratorio + zona_alta,area_ciencias_basicas_y_complementarias,2,1,0.1272927366104182,0.66988416988417,1.072286698240897,0.19002201027146,0.6247248716067498,0.008581260641123856,False
semestre_1 + sin_recuperacion,curso_base,2,1,0.08070432868672046,0.6646525679758307,1.0720963907113106,0.12142333088774762,0.6199559794570799,0.005427208657265786,False
periodo_s1 + semestre_1,curso_obligatorio,2,1,0.0719002201027146,0.9468599033816426,1.0719020334793845,0.07593543653705062,0.8833455612619222,0.004822989295224553,False
area_ciencias_basicas_y_complementarias + perdio,bloqueo_medio,2,1,0.11702127659574468,0.641851106639839,1.0714550622781391,0.1823184152604549,0.599046221570066,0.007804118811326907,False
aprobo + bloqueo_medio,area_ciencias_basicas_y_complementarias,2,1,0.28136463683052093,0.6692844677137871,1.071326752194823,0.4203961848862803,0.6247248716067498,0.018732684203472016,False
ocupacion_baja + perdio,bloqueo_medio,2,1,0.05649303008070433,0.6416666666666667,1.0711471728924271,0.0880410858400587,0.599046221570066,0.003752350265291325,False
curso_base + semestre_2,sin_riesgo_retraso,2,1,0.059060895084372705,0.9096045197740112,1.0710937023343217,0.06493030080704329,0.8492296404988995,0.003920159072521932,False
no_requiere_laboratorio + periodo_s2,sin_riesgo_retraso,2,1,0.24358033749082905,0.9095890410958903,1.071075475605787,0.2677916360968452,0.8492296404988995,0.016163742639693085,False
aprobo + bloqueo_alto,sin_recuperacion,2,1,0.14233308877476156,0.8434782608695652,1.0709463153844596,0.16874541452677916,0.7876008804108584,0.009429051728175042,False
abierto_siguiente + aprobo,bloqueo_medio,2,1,0.17901687454145268,0.6412614980289094,1.0704708166728762,0.2791636096845194,0.599046221570066,0.011784968960080633,False
curso_base + semestre_1,sin_recuperacion,2,1,0.08070432868672046,0.8429118773946359,1.0702271903948661,0.09574468085106383,0.7876008804108584,0.0052957337537659355,False
curso_obligatorio + semestre_7,no_requiere_laboratorio,2,1,0.052090975788701394,0.7977528089887641,1.0702136600902417,0.0652971386647102,0.7454145267791636,0.003417540070913015,False
ocupacion_media + semestre_7,no_requiere_laboratorio,2,1,0.052090975788701394,0.7977528089887641,1.0702136600902417,0.0652971386647102,0.7454145267791636,0.003417540070913015,False
ocupacion_media + semestre_3,no_requiere_laboratorio,2,1,0.10271460014673514,0.7977207977207976,1.070170715840007,0.12876008804108585,0.7454145267791636,0.0067349600515456826,False
curso_no_obligatorio,sin_recuperacion,1,1,0.0983125458547322,0.8427672955974843,1.0700436179779889,0.11665443873807776,0.7876008804108584,0.006435407200787613,False
curso_no_obligatorio + no_requiere_laboratorio,sin_recuperacion,2,1,0.0983125458547322,0.8427672955974843,1.0700436179779889,0.11665443873807776,0.7876008804108584,0.006435407200787613,False
no_requiere_laboratorio + sin_recuperacion,sin_riesgo_retraso,2,1,0.5432868672046955,0.9085889570552148,1.069897838847739,0.5979457079970653,0.8492296404988995,0.03549364856448789,False
curso_obligatorio + ocupacion_baja,area_ciencias_basicas_y_complementarias,2,1,0.1471019809244314,0.6683333333333333,1.0698042669798395,0.22010271460014674,0.6247248716067498,0.009598340805557631,False
curso_obligatorio + zona_alta,ocupacion_media,2,1,0.15443873807776962,0.7087542087542087,1.0698028643765076,0.21790168745414526,0.6625091709464417,0.010076871774693186,False
aprobo + periodo_s1,sin_recuperacion,2,1,0.2747615553925165,0.84251968503937,1.069729232145935,0.3261188554658841,0.7876008804108584,0.017910057709004723,False
abierto_siguiente,bloqueo_medio,1,1,0.2512839325018342,0.6407857811038353,1.0696766927673331,0.3921496698459281,0.599046221570066,0.016368154490682102,False
abierto_siguiente + sin_riesgo_retraso,bloqueo_medio,2,1,0.2512839325018342,0.6407857811038353,1.0696766927673331,0.3921496698459281,0.599046221570066,0.016368154490682102,False
curso_no_base + curso_no_obligatorio,sin_recuperacion,2,1,0.08033749082905356,0.8423076923076923,1.069460069506646,0.09537784299339692,0.7876008804108584,0.005217817715765516,False
abierto_siguiente + curso_base,curso_obligatorio,2,1,0.31217901687454147,0.9445061043285239,1.0692373921925067,0.330520909757887,0.8833455612619222,0.020214838335659624,False
perdio + requiere_laboratorio,bloqueo_medio,2,1,0.05685986793837124,0.640495867768595,1.0691927345604348,0.08877476155539252,0.599046221570066,0.0036796824578297985,False
ocupacion_baja + sin_recuperacion,sin_riesgo_retraso,2,1,0.20983125458547322,0.9079365079365079,1.0691295553498577,0.23110785033015407,0.8492296404988995,0.013567617933123,False
ocupacion_baja,no_requiere_laboratorio,1,1,0.22597212032281733,0.7968952134540751,1.069063165293213,0.2835656639765224,0.7454145267791636,0.014598155098938553,False
area_ciencias_basicas_y_complementarias + periodo_s1,ocupacion_media,2,1,0.18121790168745414,0.7077363896848138,1.0682665549727588,0.25605282465150403,0.6625091709464417,0.011580557109091588,False
semestre_1,sin_riesgo_retraso,1,1,0.13573000733675716,0.9068627450980392,1.0678651590225723,0.1496698459280998,0.8492296404988995,0.00862593788571131,False
area_ciencias_basicas_y_complementarias + semestre_1,sin_riesgo_retraso,2,1,0.13573000733675716,0.9068627450980392,1.0678651590225723,0.1496698459280998,0.8492296404988995,0.00862593788571131,False
abierto_siguiente + perdio,bloqueo_medio,2,1,0.0722670579603815,0.6396103896103895,1.0677145879227936,0.11298606016140866,0.599046221570066,0.004583185530601483,False
no_requiere_laboratorio + zona_baja,curso_base,2,1,0.0946441672780631,0.6615384615384616,1.067073281747838,0.14306676449009537,0.6199559794570799,0.005949071170850653,False
area_ciencias_basicas_y_complementarias + zona_media,sin_riesgo_retraso,2,1,0.30410858400586943,0.9060109289617487,1.066862113326016,0.33565663976522375,0.8492296404988995,0.01905901648697983,False
bloqueo_medio + curso_base,curso_obligatorio,2,1,0.34812912692589876,0.9424031777557101,1.0668567535556752,0.3694057226705796,0.8833455612619222,0.02181622150008966,False
ocupacion_media + semestre_3,sin_riesgo_retraso,2,1,0.11665443873807776,0.9059829059829059,1.0668291152092446,0.12876008804108585,0.8492296404988995,0.0073075554603397735,False
no_requiere_laboratorio + sin_recuperacion,curso_base,2,1,0.3954512105649303,0.6613496932515338,1.0667687951501073,0.5979457079970653,0.6199559794570799,0.024751193501452606,False
area_ciencias_basicas_y_complementarias + sin_recuperacion,bloqueo_medio,2,1,0.32501834189288337,0.6387887527036771,1.0663430127802962,0.5088041085840058,0.599046221570066,0.02022116312630906,False
aprobo + ocupacion_media,no_requiere_laboratorio,2,1,0.3734409391049156,0.7946916471506634,1.0661070030180653,0.4699192956713133,0.7454145267791636,0.023156269697685694,False
area_ciencias_basicas_y_complementarias + curso_no_base,bloqueo_medio,2,1,0.16911225238444608,0.6385041551246537,1.0658679282729981,0.2648569332355099,0.599046221570066,0.010450707273078619,False
curso_no_base + no_requiere_laboratorio,area_ciencias_basicas_y_complementarias,2,1,0.169479090242113,0.6657060518731989,1.0655987653589782,0.2545854732208364,0.6247248716067498,0.010433213171282318,False
periodo_s2 + sin_recuperacion,sin_riesgo_retraso,2,1,0.2582538517975055,0.9048843187660667,1.0655354872381415,0.28539985326485695,0.8492296404988995,0.015883837010952362,False
bloqueo_alto + zona_media,ocupacion_media,2,1,0.09684519442406456,0.7058823529411764,1.0654680476841898,0.1371973587674248,0.6625091709464417,0.005950686011016421,False
area_ciencias_basicas_y_complementarias + curso_no_obligatorio,sin_recuperacion,2,1,0.09170946441672781,0.8389261744966443,1.0651666286343047,0.10931768158473955,0.7876008804108584,0.005610762156113058,False
ocupacion_media + zona_baja,bloqueo_medio,2,1,0.08730741012472487,0.6380697050938338,1.0651426920304903,0.1368305209097579,0.599046221570066,0.005339603578270485,False
area_ciencias_basicas_y_complementarias + curso_base,curso_obligatorio,2,1,0.33859134262655904,0.9408766564729867,1.0651286401766453,0.3598679383712399,0.8833455612619222,0.020703596625845255,False
sin_riesgo_retraso + zona_media,no_requiere_laboratorio,2,1,0.3561995597945708,0.7939493049877351,1.0651111247030343,0.4486426999266324,0.7454145267791636,0.02177477393583377,False
semestre_2 + sin_riesgo_retraso,sin_recuperacion,2,1,0.09537784299339692,0.8387096774193549,1.0648917469236896,0.11371973587674249,0.7876008804108584,0.005812078896784256,False
area_metodologia_de_sistemas + sin_riesgo_retraso,sin_recuperacion,2,1,0.07630227439471754,0.8387096774193549,1.0648917469236896,0.09097578870139399,0.7876008804108584,0.004649663117427413,False
aprobo + area_ciencias_basicas_y_complementarias,no_requiere_laboratorio,2,1,0.35106382978723405,0.7935323383084577,1.0645517491283738,0.44240645634629494,0.7454145267791636,0.02128763048581389,False
bloqueo_medio,area_ciencias_basicas_y_complementarias,1,1,0.3983859134262656,0.6650336803429272,1.0645224971314267,0.599046221570066,0.6247248716067498,0.024146839569397505,False
area_ciencias_basicas_y_complementarias,bloqueo_medio,1,1,0.3983859134262656,0.6376981796829125,1.0645224971314264,0.6247248716067498,0.599046221570066,0.024146839569397505,False
curso_no_base + no_requiere_laboratorio,sin_riesgo_retraso,2,1,0.23000733675715335,0.9034582132564841,1.0638561940981321,0.2545854732208364,0.8492296404988995,0.013805806857580233,False
periodo_s1 + semestre_1,sin_riesgo_retraso,2,1,0.0685986793837124,0.9033816425120774,1.0637660291524507,0.07593543653705062,0.8492296404988995,0.004112055912225909,False
no_requiere_laboratorio + riesgo_retraso,curso_obligatorio,2,1,0.07997065297138664,0.939655172413793,1.0637458471760797,0.0851063829787234,0.8833455612619222,0.004792307332074114,False
area_ciencias_basicas_y_complementarias + semestre_3,curso_base,2,1,0.07740278796771827,0.659375,1.0635835798816569,0.11738811445341159,0.6199559794570799,0.004627324495133686,False
no_requiere_laboratorio + zona_alta,ocupacion_media,2,1,0.1338958180484226,0.7046332046332047,1.063582566904826,0.19002201027146,0.6625091709464417,0.008004493561901388,False
area_ciencias_basicas_y_complementarias + curso_obligatorio,sin_riesgo_retraso,2,1,0.46551724137931033,0.9032028469750889,1.063555490649716,0.5154071900220103,0.8492296404988995,0.027818178686370543,False
area_ciencias_basicas_y_complementarias + curso_base,bloqueo_medio,2,1,0.2292736610418195,0.63710499490316,1.0635322817550608,0.3598679383712399,0.599046221570066,0.013696132296318858,False
curso_base + ocupacion_baja,curso_obligatorio,2,1,0.09611151870873075,0.9390681003584229,1.0630812465021018,0.10234776228906824,0.8833455612619222,0.005703077185591973,False
aprobo + periodo_s2,sin_recuperacion,2,1,0.22817314746881878,0.8371467025572005,1.0629072711555325,0.27256052824651505,0.7876008804108584,0.013504235456614888,False
bloqueo_medio + zona_baja,curso_obligatorio,2,1,0.1177549523110785,0.9385964912280702,1.0625473567640031,0.12545854732208364,0.8833455612619222,0.006931701411747107,False
curso_no_base + sin_recuperacion,sin_riesgo_retraso,2,1,0.2710931768158474,0.9023199023199022,1.0625157899455955,0.3004402054292003,0.8492296404988995,0.01595044916779209,False
area_ciencias_basicas_y_complementarias + zona_alta,bloqueo_medio,2,1,0.10271460014673514,0.6363636363636364,1.0622947169181094,0.16140865737344093,0.599046221570066,0.006023353818477975,False
bloqueo_bajo + zona_media,area_ciencias_basicas_y_complementarias,2,1,0.05355832721936904,0.6636363636363637,1.0622858057972562,0.08070432868672046,0.6247248716067498,0.003140325842448659,False
curso_base,no_requiere_laboratorio,1,1,0.49082905355832723,0.791715976331361,1.062115035176816,0.6199559794570799,0.7454145267791636,0.02870486050741511,False
no_requiere_laboratorio,curso_base,1,1,0.49082905355832723,0.6584645669291338,1.0621150351768158,0.7454145267791636,0.6199559794570799,0.02870486050741511,False
bloqueo_medio + periodo_s1,curso_obligatorio,2,1,0.25605282465150403,0.9381720430107527,1.0620668559997144,0.27292736610418195,0.8833455612619222,0.014963647256467316,False
ocupacion_media + sin_recuperacion,no_requiere_laboratorio,2,1,0.4112252384446075,0.7916666666666666,1.0620488845144356,0.5194424064563463,0.7454145267791636,0.02402532284692016,False
aprobo + no_requiere_laboratorio,ocupacion_media,2,1,0.3734409391049156,0.7035245335176226,1.0619091242353482,0.5308143800440206,0.6625091709464417,0.021771544255502095,False
aprobo + requiere_laboratorio,sin_recuperacion,2,1,0.13866471019809246,0.836283185840708,1.0618108824414392,0.16581071166544387,0.7876008804108584,0.008072047708837876,False
aprobo + area_ciencias_basicas_y_complementarias,bloqueo_medio,2,1,0.28136463683052093,0.6359867330016584,1.0616655444963385,0.44240645634629494,0.599046221570066,0.016342720758070584,False
curso_base + semestre_2,sin_recuperacion,2,1,0.05429200293470286,0.8361581920903954,1.0616521805488672,0.06493030080704329,0.7876008804108584,0.003152840853733699,False
abierto_siguiente + zona_baja,curso_obligatorio,2,1,0.0719002201027146,0.937799043062201,1.061644597752309,0.07666911225238444,0.8833455612619222,0.004174900108678742,False
periodo_s1 + sin_riesgo_retraso,no_requiere_laboratorio,2,1,0.3044754218635363,0.7912297426120114,1.0614627354135546,0.3848129126925899,0.7454145267791636,0.017630286650277827,False
curso_obligatorio + sin_riesgo_retraso,ocupacion_media,2,1,0.5187087307410124,0.7031327697662854,1.0613177909096865,0.7377109317681585,0.6625091709464417,0.029968472937162705,False
no_abierto_siguiente + semestre_1,curso_obligatorio,2,1,0.06052824651504035,0.9375,1.0613060631229236,0.06456346294937637,0.8833455612619222,0.003496398099010159,False
area_ciencias_basicas_y_complementarias + sin_recuperacion,no_requiere_laboratorio,2,1,0.40242112986060163,0.7909156452775776,1.0610413627099786,0.5088041085840058,0.7454145267791636,0.023151156037160725,False
curso_obligatorio + sin_recuperacion,bloqueo_medio,2,1,0.43800440205429203,0.6354443853113358,1.0607601925037977,0.6892883345561261,0.599046221570066,0.025088829666121082,False
curso_obligatorio + semestre_1,curso_base,2,1,0.09574468085106383,0.6574307304785894,1.0604474386299614,0.14563462949376377,0.6199559794570799,0.005457621480388572,False
area_ciencias_basicas_y_complementarias + ocupacion_media,no_requiere_laboratorio,2,1,0.3330887747615554,0.7902523933855526,1.0601515867957758,0.421496698459281,0.7454145267791636,0.018899012740550614,False
bloqueo_medio + zona_media,ocupacion_media,2,1,0.22670579603815114,0.7022727272727273,1.0600196315312593,0.32281731474688186,0.6625091709464417,0.012836364478037904,False
bloqueo_medio + sin_riesgo_retraso,sin_recuperacion,2,1,0.4112252384446075,0.8346984363365599,1.0597987598758558,0.4926632428466618,0.7876008804108584,0.02320323463250812,False
aprobo + zona_alta,area_ciencias_basicas_y_complementarias,2,1,0.15884079236977255,0.6620795107033639,1.059793744085361,0.23991195891415995,0.6247248716067498,0.00896182464020015,False
area_ciencias_basicas_y_complementarias + curso_obligatorio,curso_base,2,1,0.33859134262655904,0.6569395017793593,1.0596550780180674,0.5154071900220103,0.6199559794570799,0.019061573317242342,False
bloqueo_alto + periodo_s1,ocupacion_media,2,1,0.08033749082905356,0.701923076923077,1.059491864724423,0.1144534115920763,0.6625091709464417,0.004511056003195235,False
aprobo + curso_obligatorio,ocupacion_media,2,1,0.42920029347028615,0.7018596280743852,1.0593960942030864,0.611518708730741,0.6625091709464417,0.02406354073084438,False
ocupacion_media + zona_baja,curso_obligatorio,2,1,0.12802641232575201,0.935656836461126,1.059219491774514,0.1368305209097579,0.8833455612619222,0.007157779034960746,False
sin_riesgo_retraso + zona_alta,area_ciencias_basicas_y_complementarias,2,1,0.16067498165810712,0.661631419939577,1.0590764831211315,0.24284666177549524,0.6247248716067498,0.008962632060283054,False
ocupacion_media + perdio,bloqueo_medio,2,1,0.12215700660308144,0.6342857142857143,1.0588259994751117,0.19258987527512839,0.599046221570066,0.006786769506865506,False
ocupacion_media + perdio,curso_obligatorio,2,1,0.1801173881144534,0.9352380952380952,1.0587454516690398,0.19258987527512839,0.8833455612619222,0.00999397664618154,False
aprobo + no_requiere_laboratorio,area_ciencias_basicas_y_complementarias,2,1,0.35106382978723405,0.6613683483068417,1.0586553831382561,0.5308143800440206,0.6247248716067498,0.01945088436721676,False
ocupacion_media + periodo_s1,bloqueo_medio,2,1,0.2090975788701394,0.6340378197997776,1.0584121841850542,0.32978723404255317,0.599046221570066,0.011539782394904885,False
abierto_siguiente + curso_no_base,sin_recuperacion,2,1,0.05135730007336757,0.8333333333333333,1.0580655177767426,0.061628760088041086,0.7876008804108584,0.002818434369396841,False
area_ciencias_basicas_y_complementarias + zona_alta,no_requiere_laboratorio,2,1,0.1272927366104182,0.7886363636363638,1.0579836256263424,0.16140865737344093,0.7454145267791636,0.006976378656334575,False
semestre_3 + sin_riesgo_retraso,area_ciencias_basicas_y_complementarias,2,1,0.11151870873074102,0.6608695652173914,1.057856978733182,0.16874541452677916,0.6247248716067498,0.006099251306271133,False
aprobo + curso_obligatorio,bloqueo_medio,2,1,0.3873807776962582,0.6334733053389322,1.0574698287531716,0.611518708730741,0.599046221570066,0.021052805811702102,False
no_requiere_laboratorio + semestre_2,curso_base,2,1,0.06493030080704329,0.6555555555555557,1.0574227481919791,0.09904622157006603,0.6199559794570799,0.003526003502050047,False
curso_obligatorio + periodo_s1,bloqueo_medio,2,1,0.25605282465150403,0.6333938294010889,1.0573371579591968,0.40425531914893614,0.599046221570066,0.013885203165732662,False
semestre_1 + sin_riesgo_retraso,sin_recuperacion,2,1,0.11298606016140866,0.8324324324324324,1.05692166316293,0.13573000733675716,0.7876008804108584,0.006084986884806451,False
curso_obligatorio + periodo_s1,curso_base,2,1,0.2648569332355099,0.6551724137931035,1.0568047337278108,0.40425531914893614,0.6199559794570799,0.01423643090179677,False
no_abierto_siguiente + sin_riesgo_retraso,sin_recuperacion,2,1,0.3804108584005869,0.8322632423756019,1.0567068461648303,0.4570799706529714,0.7876008804108584,0.020414271096137304,False
curso_obligatorio + zona_alta,bloqueo_medio,2,1,0.13793103448275862,0.632996632996633,1.0566741099502888,0.21790168745414526,0.599046221570066,0.007397851939611427,False
area_ciencias_basicas_y_complementarias + recuperacion,bloqueo_medio,2,1,0.07336757153338225,0.6329113924050633,1.0565318161030022,0.11592076302274394,0.599046221570066,0.003925676443088458,False
ocupacion_baja + zona_media,bloqueo_medio,2,1,0.09611151870873075,0.6328502415458938,1.0564297357342967,0.15187087307410124,0.599046221570066,0.005133846027143313,False
semestre_4,area_ciencias_basicas_y_complementarias,1,1,0.11738811445341159,0.6597938144329897,1.0561350194623194,0.17791636096845195,0.6247248716067498,0.00623933869065528,False
area_metodologia_de_sistemas + sin_recuperacion,sin_riesgo_retraso,2,1,0.07630227439471754,0.8965517241379312,1.0557235421166309,0.0851063829787234,0.8492296404988995,0.004027411373534601,False
area_ciencias_basicas_y_complementarias + recuperacion,ocupacion_media,2,1,0.08107116654438738,0.699367088607595,1.0556338225605226,0.11592076302274394,0.6625091709464417,0.004272597938710362,False
bloqueo_medio + requiere_laboratorio,ocupacion_media,2,1,0.12032281731474688,0.6993603411513859,1.055623637861948,0.17204695524578137,0.6625091709464417,0.006340131631004706,False
bloqueo_medio + perdio,curso_obligatorio,2,1,0.1665443873807777,0.9322381930184805,1.0553493829602898,0.17865003668378576,0.8833455612619222,0.008734670456875981,False
area_ciencias_basicas_y_complementarias + no_requiere_laboratorio,curso_base,2,1,0.3206162876008804,0.6541916167664671,1.0552226907132483,0.4900953778429934,0.6199559794570799,0.01677872760283977,False
no_requiere_laboratorio + ocupacion_baja,sin_riesgo_retraso,2,1,0.202494497432135,0.8961038961038961,1.055196207680009,0.22597212032281733,0.8492296404988995,0.010592274927614775,False
ocupacion_baja + semestre_1,curso_obligatorio,2,1,0.0553925165077036,0.9320987654320988,1.0551915425946434,0.05942773294203962,0.8833455612619222,0.002897292397493985,False
bloqueo_bajo + no_requiere_laboratorio,area_ciencias_basicas_y_complementarias,2,1,0.09574468085106383,0.6590909090909091,1.0550098756205626,0.14526779163609685,0.6247248716067498,0.004992278372607142,False
ocupacion_media + zona_media,bloqueo_medio,2,1,0.22670579603815114,0.6319018404907976,1.0548465506294638,0.3587674247982392,0.599046221570066,0.011787525790343145,False
no_requiere_laboratorio + zona_baja,area_ciencias_basicas_y_complementarias,2,1,0.09427732942039618,0.658974358974359,1.0548233133083398,0.14306676449009537,0.6247248716067498,0.004899963343128241,False
bloqueo_bajo + curso_no_obligatorio,sin_recuperacion,2,1,0.05942773294203962,0.8307692307692308,1.054809931568199,0.07153338224504768,0.7876008804108584,0.003087978107073598,False
aprobo + no_requiere_laboratorio,curso_base,2,1,0.34702861335289803,0.653766413268832,1.0545368299235718,0.5308143800440206,0.6199559794570799,0.017947064462804585,False
bloqueo_medio + periodo_s2,curso_obligatorio,2,1,0.20432868672046955,0.931438127090301,1.0544436604851166,0.2193690388848129,0.8833455612619222,0.010550019943276062,False
ocupacion_media + zona_alta,curso_obligatorio,2,1,0.15443873807776962,0.9314159292035398,1.0544185311498544,0.16581071166544387,0.8833455612619222,0.007970581918419345,False
zona_alta,area_ciencias_basicas_y_complementarias,1,1,0.16140865737344093,0.6586826347305389,1.0543563489579852,0.2450476889214967,0.6247248716067498,0.008321271374428119,False
sin_recuperacion + zona_alta,area_ciencias_basicas_y_complementarias,2,1,0.16140865737344093,0.6586826347305389,1.0543563489579852,0.2450476889214967,0.6247248716067498,0.008321271374428119,False
curso_base + periodo_s1,no_requiere_laboratorio,2,1,0.21386647101980924,0.7857142857142858,1.0540635545556807,0.2721936903888481,0.7454145267791636,0.010969340106331854,False
bloqueo_alto + ocupacion_media,sin_riesgo_retraso,2,1,0.1595744680851064,0.8950617283950618,1.0539690158120685,0.17828319882611884,0.8492296404988995,0.008171091239007666,False
aprobo + bloqueo_medio,ocupacion_media,2,1,0.293470286133529,0.6980802792321117,1.053691495673719,0.4203961848862803,0.6625091709464417,0.014953958215472407,False
semestre_4 + sin_riesgo_retraso,bloqueo_medio,2,1,0.09977989728539985,0.6310904872389791,1.0534921422005248,0.15810711665443875,0.599046221570066,0.005066426450220651,False
semestre_4,bloqueo_medio,1,1,0.11225238444607484,0.6309278350515464,1.0532206236071742,0.17791636096845195,0.599046221570066,0.005672260652427721,False
bloqueo_medio + sin_riesgo_retraso,ocupacion_media,2,1,0.3437270726338958,0.6976917349218168,1.0531050218144367,0.4926632428466618,0.6625091709464417,0.01733315605976843,False
ocupacion_baja + zona_alta,no_requiere_laboratorio,2,1,0.05612619222303742,0.7846153846153847,1.0525893397940642,0.07153338224504768,0.7454145267791636,0.0028041699479321724,False
area_ciencias_basicas_y_complementarias + periodo_s2,ocupacion_media,2,1,0.15884079236977255,0.6972624798711755,1.0524570986316857,0.22780630961115186,0.6625091709464417,0.007917023052919914,False
area_ciencias_basicas_y_complementarias,no_requiere_laboratorio,1,1,0.4900953778429934,0.7844979448032883,1.0524317901248836,0.6247248716067498,0.7454145267791636,0.024416383307074185,False
no_requiere_laboratorio,area_ciencias_basicas_y_complementarias,1,1,0.4900953778429934,0.6574803149606299,1.0524317901248836,0.7454145267791636,0.6247248716067498,0.024416383307074185,False
area_ciencias_basicas_y_complementarias + curso_base,sin_recuperacion,2,1,0.29823917828319885,0.8287461773700306,1.0522413039174212,0.3598679383712399,0.7876008804108584,0.014806873190369774,False
curso_base + curso_obligatorio,no_requiere_laboratorio,2,1,0.46955245781364635,0.784313725490196,1.0521846533889143,0.5986793837123991,0.7454145267791636,0.023288148311226997,False
no_requiere_laboratorio + zona_media,ocupacion_media,2,1,0.28686720469552457,0.6969696969696969,1.052015168294238,0.4115920763022744,0.6625091709464417,0.014183679456380216,False
area_ciencias_basicas_y_complementarias + ocupacion_baja,sin_recuperacion,2,1,0.16837857666911224,0.8285198555956678,1.0519539479989708,0.20322817314746883,0.7876008804108584,0.008315888573875413,False
curso_no_base + sin_riesgo_retraso,sin_recuperacion,2,1,0.2710931768158474,0.8284753363228698,1.051897422830062,0.3272193690388848,0.7876008804108584,0.013374913673336097,False
ocupacion_media,no_requiere_laboratorio,1,1,0.5194424064563463,0.7840531561461794,1.0518350903811442,0.6625091709464417,0.7454145267791636,0.025598446308448486,False
no_requiere_laboratorio,ocupacion_media,1,1,0.5194424064563463,0.6968503937007874,1.0518350903811442,0.7454145267791636,0.6625091709464417,0.025598446308448486,False
area_ciencias_basicas_y_complementarias + periodo_s1,no_requiere_laboratorio,2,1,0.20066030814380045,0.7836676217765044,1.0513178823635585,0.25605282465150403,0.7454145267791636,0.009794813025731403,False
periodo_s1 + semestre_7,curso_obligatorio,2,1,0.05722670579603815,0.9285714285714285,1.0511983863312766,0.061628760088041086,0.8833455612619222,0.002787214126191144,False
no_requiere_laboratorio + sin_riesgo_retraso,curso_base,2,1,0.4303008070432869,0.6516666666666666,1.0511499013806707,0.6603081438004402,0.6199559794570799,0.020938825009998607,False
bloqueo_medio + semestre_1,sin_recuperacion,2,1,0.10381511371973588,0.827485380116959,1.050640496599362,0.12545854732208364,0.7876008804108584,0.005003851393795458,False
area_ciencias_basicas_y_complementarias + sin_riesgo_retraso,sin_recuperacion,2,1,0.4713866471019809,0.8274307791371539,1.0505711709025998,0.5696991929567131,0.7876008804108584,0.022691061159918147,False
no_requiere_laboratorio + semestre_3,sin_riesgo_retraso,2,1,0.10014673514306677,0.892156862745098,1.050548426714098,0.11225238444607484,0.8492296404988995,0.004818683054782377,False
bloqueo_medio + zona_baja,ocupacion_media,2,1,0.08730741012472487,0.695906432748538,1.0504102633845596,0.12545854732208364,0.6625091709464417,0.004189971950226315,False
abierto_siguiente + zona_alta,curso_obligatorio,2,1,0.09427732942039618,0.927797833935018,1.0503226309413867,0.10161408657373441,0.8833455612619222,0.004516977083803206,False
